state,council,mayor,given,surname,term_start,term_end,popularly_elected,source_url,verified
VIC,City of Ballarat,Judy Verlin,Judy,Verlin,2008,2009,no,https://en.wikipedia.org/wiki/List_of_mayors_of_Ballarat,yes
VIC,City of Ballarat,Craig Fletcher,Craig,Fletcher,2010,2011,no,https://en.wikipedia.org/wiki/List_of_mayors_of_Ballarat,yes
VIC,City of Ballarat,Mark Harris,Mark,Harris,2011,2012,no,https://en.wikipedia.org/wiki/List_of_mayors_of_Ballarat,yes
VIC,City of Ballarat,John Burt,John,Burt,2012,2013,no,https://en.wikipedia.org/wiki/List_of_mayors_of_Ballarat,yes
VIC,City of Ballarat,Josh Morris,Josh,Morris,2013,2014,no,https://en.wikipedia.org/wiki/List_of_mayors_of_Ballarat,yes
VIC,City of Ballarat,John Philips,John,Philips,2014,2015,no,https://en.wikipedia.org/wiki/List_of_mayors_of_Ballarat,yes
VIC,City of Ballarat,Des Hudson,Des,Hudson,2015,2016,no,https://en.wikipedia.org/wiki/List_of_mayors_of_Ballarat,yes
VIC,City of Ballarat,Samantha McIntosh,Samantha,McIntosh,2016,2019,no,https://en.wikipedia.org/wiki/List_of_mayors_of_Ballarat,yes
VIC,City of Ballarat,Ben Taylor,Ben,Taylor,2019,2020,no,https://en.wikipedia.org/wiki/List_of_mayors_of_Ballarat,yes
VIC,City of Ballarat,Daniel Moloney,Daniel,Moloney,2020,2022,no,https://en.wikipedia.org/wiki/List_of_mayors_of_Ballarat,yes
VIC,City of Ballarat,Des Hudson,Des,Hudson,2022,2024,no,https://en.wikipedia.org/wiki/List_of_mayors_of_Ballarat,yes
VIC,City of Ballarat,Tracey Hargreaves,Tracey,Hargreaves,2024,,no,https://en.wikipedia.org/wiki/List_of_mayors_of_Ballarat,yes
VIC,City of Banyule,Peter Castaldo,Peter,Castaldo,2022,2023,no,https://www.lgnewsroundup.com/victorian-mayors/,no
VIC,City of Banyule,Tom Melican,Tom,Melican,2023,2024,no,https://www.lgnewsroundup.com/victorian-mayors/,no
VIC,City of Banyule,Elizabeth Nealy,Elizabeth,Nealy,2024,2025,no,https://www.lgnewsroundup.com/victorian-mayors/,no
VIC,City of Banyule,Alison Champion,Alison,Champion,2025,,no,https://www.lgnewsroundup.com/victorian-mayors/,no
VIC,City of Boroondara,Jack Wegman,Jack,Wegman,2008,2010,no,https://en.wikipedia.org/wiki/City_of_Boroondara,yes
VIC,City of Boroondara,Nicholas Tragas,Nicholas,Tragas,2010,2011,no,https://en.wikipedia.org/wiki/City_of_Boroondara,yes
VIC,City of Boroondara,Heinz Kreutz,Heinz,Kreutz,2011,2012,no,https://en.wikipedia.org/wiki/City_of_Boroondara,yes
VIC,City of Boroondara,Jack Wegman,Jack,Wegman,2012,2013,no,https://en.wikipedia.org/wiki/City_of_Boroondara,yes
VIC,City of Boroondara,Coral Ross,Coral,Ross,2013,2015,no,https://en.wikipedia.org/wiki/City_of_Boroondara,yes
VIC,City of Boroondara,Jim Parke,Jim,Parke,2015,2016,no,https://en.wikipedia.org/wiki/City_of_Boroondara,yes
VIC,City of Boroondara,Phillip Healey,Phillip,Healey,2016,2017,no,https://en.wikipedia.org/wiki/City_of_Boroondara,yes
VIC,City of Boroondara,Jim Parke,Jim,Parke,2017,2018,no,https://en.wikipedia.org/wiki/City_of_Boroondara,yes
VIC,City of Boroondara,Jane Addis,Jane,Addis,2018,2019,no,https://en.wikipedia.org/wiki/City_of_Boroondara,yes
VIC,City of Boroondara,Cynthia Watson,Cynthia,Watson,2019,2020,no,https://en.wikipedia.org/wiki/City_of_Boroondara,yes
VIC,City of Boroondara,Garry Thompson,Garry,Thompson,2020,2021,no,https://en.wikipedia.org/wiki/City_of_Boroondara,yes
VIC,City of Boroondara,Jane Addis,Jane,Addis,2021,2022,no,https://en.wikipedia.org/wiki/City_of_Boroondara,yes
VIC,City of Boroondara,Felicity Sinfield,Felicity,Sinfield,2022,2023,no,https://en.wikipedia.org/wiki/City_of_Boroondara,yes
VIC,City of Boroondara,Lisa Hollingsworth,Lisa,Hollingsworth,2023,2024,no,https://en.wikipedia.org/wiki/City_of_Boroondara,yes
VIC,City of Boroondara,Sophie Torney,Sophie,Torney,2024,2025,no,https://en.wikipedia.org/wiki/City_of_Boroondara,yes
VIC,City of Boroondara,Wes Gault,Wes,Gault,2025,,no,https://en.wikipedia.org/wiki/City_of_Boroondara,yes
VIC,City of Bayside,James Long,James,Long,2008,2009,no,https://en.wikipedia.org/wiki/List_of_mayors_of_Bayside,yes
VIC,City of Bayside,Clifford Hayes,Clifford,Hayes,2009,2010,no,https://en.wikipedia.org/wiki/List_of_mayors_of_Bayside,yes
VIC,City of Bayside,Alex del Porto,Alex,del Porto,2010,2011,no,https://en.wikipedia.org/wiki/List_of_mayors_of_Bayside,yes
VIC,City of Bayside,Stephen Hartney,Stephen,Hartney,2012,2013,no,https://en.wikipedia.org/wiki/List_of_mayors_of_Bayside,yes
VIC,City of Bayside,Laurence Evans,Laurence,Evans,2013,2014,no,https://en.wikipedia.org/wiki/List_of_mayors_of_Bayside,yes
VIC,City of Bayside,Felicity Frederico,Felicity,Frederico,2014,2015,no,https://en.wikipedia.org/wiki/List_of_mayors_of_Bayside,yes
VIC,City of Bayside,James Long,James,Long,2015,2016,no,https://en.wikipedia.org/wiki/List_of_mayors_of_Bayside,yes
VIC,City of Bayside,Alex del Porto,Alex,del Porto,2016,2017,no,https://en.wikipedia.org/wiki/List_of_mayors_of_Bayside,yes
VIC,City of Bayside,Laurence Evans,Laurence,Evans,2017,2018,no,https://en.wikipedia.org/wiki/List_of_mayors_of_Bayside,yes
VIC,City of Bayside,Michael Heffernan,Michael,Heffernan,2018,2019,no,https://en.wikipedia.org/wiki/List_of_mayors_of_Bayside,yes
VIC,City of Bayside,Clarke Martin,Clarke,Martin,2019,2020,no,https://en.wikipedia.org/wiki/List_of_mayors_of_Bayside,yes
VIC,City of Bayside,Laurence Evans,Laurence,Evans,2020,2021,no,https://en.wikipedia.org/wiki/List_of_mayors_of_Bayside,yes
VIC,City of Bayside,Alex del Porto,Alex,del Porto,2021,2022,no,https://en.wikipedia.org/wiki/List_of_mayors_of_Bayside,yes
VIC,City of Bayside,Hanna El Mouallem,Hanna El,Mouallem,2022,2023,no,https://en.wikipedia.org/wiki/List_of_mayors_of_Bayside,yes
VIC,City of Bayside,Fiona Stitfold,Fiona,Stitfold,2023,2024,no,https://en.wikipedia.org/wiki/List_of_mayors_of_Bayside,yes
VIC,City of Casey,Stefan Koomen,Stefan,Koomen,,2026-08-18,no,https://www.casey.vic.gov.au/news/city-of-casey-elects-mayor-deputy-mayor,no
VIC,City of Casey,Michelle Crowther,Michelle,Crowther,2026-08,,no,https://www.casey.vic.gov.au/news/city-of-casey-elects-mayor-deputy-mayor,no
VIC,City of Darebin,Diana Asmar,Diana,Asmar,2008-11,2009-11,no,https://en.wikipedia.org/wiki/List_of_mayors_of_Darebin,yes
VIC,City of Darebin,Vince Fontana,Vince,Fontana,2009-11,2010-11,no,https://en.wikipedia.org/wiki/List_of_mayors_of_Darebin,yes
VIC,City of Darebin,Diana Asmar,Diana,Asmar,2010-11,2011-11,no,https://en.wikipedia.org/wiki/List_of_mayors_of_Darebin,yes
VIC,City of Darebin,Steven Tsitas,Steven,Tsitas,2011-11,2012-11,no,https://en.wikipedia.org/wiki/List_of_mayors_of_Darebin,yes
VIC,City of Darebin,Tim Laurence,Tim,Laurence,2012-11,2013-11,no,https://en.wikipedia.org/wiki/List_of_mayors_of_Darebin,yes
VIC,City of Darebin,Gaetano Greco,Gaetano,Greco,2013-11,2014-06,no,https://en.wikipedia.org/wiki/List_of_mayors_of_Darebin,yes
VIC,City of Darebin,Steve Tsitas,Steve,Tsitas,2014-11,2015-11,no,https://en.wikipedia.org/wiki/List_of_mayors_of_Darebin,yes
VIC,City of Darebin,Vince Fontana,Vince,Fontana,2015-11,2016-11,no,https://en.wikipedia.org/wiki/List_of_mayors_of_Darebin,yes
VIC,City of Darebin,Kim Le Cerf,Kim Le,Cerf,2016-11,2018-11-26,no,https://en.wikipedia.org/wiki/List_of_mayors_of_Darebin,yes
VIC,City of Darebin,Susan Rennie,Susan,Rennie,2018-11-26,2020-11,no,https://en.wikipedia.org/wiki/List_of_mayors_of_Darebin,yes
VIC,City of Darebin,Lina Messina,Lina,Messina,2020-11,2022-11-30,no,https://en.wikipedia.org/wiki/List_of_mayors_of_Darebin,yes
VIC,City of Darebin,Julie Williams,Julie,Williams,2022-11-30,2023-11-30,no,https://en.wikipedia.org/wiki/List_of_mayors_of_Darebin,yes
VIC,City of Darebin,Susanne Newton,Susanne,Newton,2023-11-30,2024-11-25,no,https://en.wikipedia.org/wiki/List_of_mayors_of_Darebin,yes
VIC,City of Darebin,Kristine Olaris,Kristine,Olaris,2024-11-25,2025-11-20,no,https://en.wikipedia.org/wiki/List_of_mayors_of_Darebin,yes
VIC,City of Darebin,Emily Dimitriadis,Emily,Dimitriadis,2025-11-20,,no,https://en.wikipedia.org/wiki/List_of_mayors_of_Darebin,yes
VIC,City of Frankston,Alistair Wardle,Alistair,Wardle,2008-03,2008-11,no,https://en.wikipedia.org/wiki/City_of_Frankston,yes
VIC,City of Frankston,Colin Hampton,Colin,Hampton,2008,2009,no,https://en.wikipedia.org/wiki/City_of_Frankston,yes
VIC,City of Frankston,Christine Richards,Christine,Richards,2009,2010,no,https://en.wikipedia.org/wiki/City_of_Frankston,yes
VIC,City of Frankston,Kris Bolam,Kris,Bolam,2010,2011,no,https://en.wikipedia.org/wiki/City_of_Frankston,yes
VIC,City of Frankston,Brian Cunial,Brian,Cunial,2011,2012,no,https://en.wikipedia.org/wiki/City_of_Frankston,yes
VIC,City of Frankston,Sandra Mayer,Sandra,Mayer,2012,2013,no,https://en.wikipedia.org/wiki/City_of_Frankston,yes
VIC,City of Frankston,Darrel Taylor,Darrel,Taylor,2013,2014,no,https://en.wikipedia.org/wiki/City_of_Frankston,yes
VIC,City of Frankston,Sandra Mayer,Sandra,Mayer,2014,2015,no,https://en.wikipedia.org/wiki/City_of_Frankston,yes
VIC,City of Frankston,James Dooley,James,Dooley,2015,2016,no,https://en.wikipedia.org/wiki/City_of_Frankston,yes
VIC,City of Frankston,Brian Cunial,Brian,Cunial,2016,2017,no,https://en.wikipedia.org/wiki/City_of_Frankston,yes
VIC,City of Frankston,Colin Hampton,Colin,Hampton,2017,2018,no,https://en.wikipedia.org/wiki/City_of_Frankston,yes
VIC,City of Frankston,Michael O'Reilly,Michael,O'Reilly,2018,2019,no,https://en.wikipedia.org/wiki/City_of_Frankston,yes
VIC,City of Frankston,Sandra Mayer,Sandra,Mayer,2019,2020,no,https://en.wikipedia.org/wiki/City_of_Frankston,yes
VIC,City of Frankston,Kris Bolam,Kris,Bolam,2020,2021,no,https://en.wikipedia.org/wiki/City_of_Frankston,yes
VIC,City of Frankston,Nathan Conroy,Nathan,Conroy,2021,2024,no,https://en.wikipedia.org/wiki/City_of_Frankston,yes
VIC,City of Frankston,Kris Bolam,Kris,Bolam,2024,2025,no,https://en.wikipedia.org/wiki/City_of_Frankston,yes
VIC,City of Glen Eira,Helen Whiteside,Helen,Whiteside,2008,2009,no,https://en.wikipedia.org/wiki/List_of_mayors_of_Glen_Eira,yes
VIC,City of Glen Eira,Steven Tang,Steven,Tang,2009,2010,no,https://en.wikipedia.org/wiki/List_of_mayors_of_Glen_Eira,yes
VIC,City of Glen Eira,Margaret Esakoff,Margaret,Esakoff,2010,2011,no,https://en.wikipedia.org/wiki/List_of_mayors_of_Glen_Eira,yes
VIC,City of Glen Eira,Jamie Hyams,Jamie,Hyams,2010,2011,no,https://en.wikipedia.org/wiki/List_of_mayors_of_Glen_Eira,yes
VIC,City of Glen Eira,Jamie Hyams,Jamie,Hyams,2011,2013,no,https://en.wikipedia.org/wiki/List_of_mayors_of_Glen_Eira,yes
VIC,City of Glen Eira,Neil Pilling,Neil,Pilling,2013,2014,no,https://en.wikipedia.org/wiki/List_of_mayors_of_Glen_Eira,yes
VIC,City of Glen Eira,Jim Magee,Jim,Magee,2014,2015,no,https://en.wikipedia.org/wiki/List_of_mayors_of_Glen_Eira,yes
VIC,City of Glen Eira,Neil Pilling,Neil,Pilling,2015,2016,no,https://en.wikipedia.org/wiki/List_of_mayors_of_Glen_Eira,yes
VIC,City of Glen Eira,Mary Delahunty,Mary,Delahunty,2016,2017,no,https://en.wikipedia.org/wiki/List_of_mayors_of_Glen_Eira,yes
VIC,City of Glen Eira,Tony Athanasopoulos,Tony,Athanasopoulos,2017,2018,no,https://en.wikipedia.org/wiki/List_of_mayors_of_Glen_Eira,yes
VIC,City of Glen Eira,Jamie Hyams,Jamie,Hyams,2018,2019,no,https://en.wikipedia.org/wiki/List_of_mayors_of_Glen_Eira,yes
VIC,City of Glen Eira,Margaret Esakoff,Margaret,Esakoff,2019,2021,no,https://en.wikipedia.org/wiki/List_of_mayors_of_Glen_Eira,yes
VIC,City of Glen Eira,Jim Magee,Jim,Magee,2021,2023,no,https://en.wikipedia.org/wiki/List_of_mayors_of_Glen_Eira,yes
VIC,City of Glen Eira,Anne-Marie Cade,Anne-Marie,Cade,2023,2024,no,https://en.wikipedia.org/wiki/List_of_mayors_of_Glen_Eira,yes
VIC,City of Glen Eira,Simone Zmood,Simone,Zmood,2024,2026,no,https://en.wikipedia.org/wiki/List_of_mayors_of_Glen_Eira,yes
VIC,City of Greater Bendigo,Kevin Gibbins,Kevin,Gibbins,2008,2009,no,https://en.wikipedia.org/wiki/List_of_mayors_of_Bendigo,yes
VIC,City of Greater Bendigo,Rod Campbell,Rod,Campbell,2009,2010,no,https://en.wikipedia.org/wiki/List_of_mayors_of_Bendigo,yes
VIC,City of Greater Bendigo,Rod Fyffe,Rod,Fyffe,2010,2011,no,https://en.wikipedia.org/wiki/List_of_mayors_of_Bendigo,yes
VIC,City of Greater Bendigo,Alec Sandner,Alec,Sandner,2011,2012,no,https://en.wikipedia.org/wiki/List_of_mayors_of_Bendigo,yes
VIC,City of Greater Bendigo,Lisa Ruffell,Lisa,Ruffell,2012,2013,no,https://en.wikipedia.org/wiki/List_of_mayors_of_Bendigo,yes
VIC,City of Greater Bendigo,Barry Lyons,Barry,Lyons,2013,2014,no,https://en.wikipedia.org/wiki/List_of_mayors_of_Bendigo,yes
VIC,City of Greater Bendigo,Peter Cox,Peter,Cox,2014,2015,no,https://en.wikipedia.org/wiki/List_of_mayors_of_Bendigo,yes
VIC,City of Greater Bendigo,Rod Fyffe,Rod,Fyffe,2015,2016,no,https://en.wikipedia.org/wiki/List_of_mayors_of_Bendigo,yes
VIC,City of Greater Bendigo,Margaret O'Rourke,Margaret,O'Rourke,2016,2020,no,https://en.wikipedia.org/wiki/List_of_mayors_of_Bendigo,yes
VIC,City of Greater Bendigo,Jennifer Alden,Jennifer,Alden,2020,2021,no,https://en.wikipedia.org/wiki/List_of_mayors_of_Bendigo,yes
VIC,City of Greater Bendigo,Andrea Metcalf,Andrea,Metcalf,2021,2025,no,https://en.wikipedia.org/wiki/List_of_mayors_of_Bendigo,yes
VIC,City of Greater Bendigo,Thomas Prince,Thomas,Prince,2025,,no,https://en.wikipedia.org/wiki/List_of_mayors_of_Bendigo,yes
VIC,City of Greater Dandenong,Pinar Yesil,Pinar,Yesil,2008,2009,no,https://en.wikipedia.org/wiki/List_of_mayors_of_Dandenong,yes
VIC,City of Greater Dandenong,Jim Memeti,Jim,Memeti,2009,2010,no,https://en.wikipedia.org/wiki/List_of_mayors_of_Dandenong,yes
VIC,City of Greater Dandenong,Roz Blades,Roz,Blades,2010,2011,no,https://en.wikipedia.org/wiki/List_of_mayors_of_Dandenong,yes
VIC,City of Greater Dandenong,Youhorn Chea,Youhorn,Chea,2011,2012,no,https://en.wikipedia.org/wiki/List_of_mayors_of_Dandenong,yes
VIC,City of Greater Dandenong,Angela Long,Angela,Long,2012,2013,no,https://en.wikipedia.org/wiki/List_of_mayors_of_Dandenong,yes
VIC,City of Greater Dandenong,Jim Memeti,Jim,Memeti,2013,2014,no,https://en.wikipedia.org/wiki/List_of_mayors_of_Dandenong,yes
VIC,City of Greater Dandenong,Sean O'Reilly,Sean,O'Reilly,2014,2015,no,https://en.wikipedia.org/wiki/List_of_mayors_of_Dandenong,yes
VIC,City of Greater Dandenong,Meng Heang Tak,Meng Heang,Tak,2015,2016,no,https://en.wikipedia.org/wiki/List_of_mayors_of_Dandenong,yes
VIC,City of Greater Dandenong,Jim Memeti,Jim,Memeti,2016,2017,no,https://en.wikipedia.org/wiki/List_of_mayors_of_Dandenong,yes
VIC,City of Greater Dandenong,Youhorn Chea,Youhorn,Chea,2017,2018,no,https://en.wikipedia.org/wiki/List_of_mayors_of_Dandenong,yes
VIC,City of Greater Dandenong,Roz Blades,Roz,Blades,2018,2019,no,https://en.wikipedia.org/wiki/List_of_mayors_of_Dandenong,yes
VIC,City of Greater Dandenong,Jim Memeti,Jim,Memeti,2019,2020,no,https://en.wikipedia.org/wiki/List_of_mayors_of_Dandenong,yes
VIC,City of Greater Dandenong,Angela Long,Angela,Long,2020,2021,no,https://en.wikipedia.org/wiki/List_of_mayors_of_Dandenong,yes
VIC,City of Greater Dandenong,Jim Memeti,Jim,Memeti,2021,2022,no,https://en.wikipedia.org/wiki/List_of_mayors_of_Dandenong,yes
VIC,City of Greater Dandenong,Eden Foster,Eden,Foster,2022,2023,no,https://en.wikipedia.org/wiki/List_of_mayors_of_Dandenong,yes
VIC,City of Greater Dandenong,Lana Formoso,Lana,Formoso,2023-11-16,,no,https://en.wikipedia.org/wiki/List_of_mayors_of_Dandenong,yes
VIC,City of Greater Geelong,John Mitchell,John,Mitchell,2008,2012,no,https://en.wikipedia.org/wiki/City_of_Greater_Geelong,yes
VIC,City of Greater Geelong,Keith Fagg,Keith,Fagg,2012,2013,no,https://en.wikipedia.org/wiki/City_of_Greater_Geelong,yes
VIC,City of Greater Geelong,Bruce Harwood,Bruce,Harwood,2013,2013,no,https://en.wikipedia.org/wiki/City_of_Greater_Geelong,yes
VIC,City of Greater Geelong,Darryn Lyons,Darryn,Lyons,2013,2016,no,https://en.wikipedia.org/wiki/City_of_Greater_Geelong,yes
VIC,City of Greater Geelong,Bruce Harwood,Bruce,Harwood,2017,2019,no,https://en.wikipedia.org/wiki/City_of_Greater_Geelong,yes
VIC,City of Greater Geelong,Stephanie Asher,Stephanie,Asher,2019,2022,no,https://en.wikipedia.org/wiki/City_of_Greater_Geelong,yes
VIC,City of Greater Geelong,Peter Murrihy,Peter,Murrihy,2022,2022,no,https://en.wikipedia.org/wiki/City_of_Greater_Geelong,yes
VIC,City of Greater Geelong,Trent Sullivan,Trent,Sullivan,2022,2024,no,https://en.wikipedia.org/wiki/City_of_Greater_Geelong,yes
VIC,City of Greater Geelong,Stretch Kontelj,Stretch,Kontelj,2024,,no,https://en.wikipedia.org/wiki/City_of_Greater_Geelong,yes
VIC,City of Greater Shepparton,Shane Sali,Shane,Sali,,,no,https://greatershepparton.com.au/council/mayor-councillors,no
VIC,Bass Coast Shire,Clare Le Serve,Clare Le,Serve,2012,2013,no,https://www.basscoast.vic.gov.au/about-council/news-listing/bass-coast-shire-council-elects-new-mayor-and-deputy-mayor,no
VIC,Bass Coast Shire,Brett Tessari,Brett,Tessari,,,no,https://www.basscoast.vic.gov.au/about-council/news-listing/bass-coast-shire-council-elects-new-mayor-and-deputy-mayor,no
VIC,Baw Baw Shire,Murray Cook,Murray,Cook,2012,2014,no,https://en.wikipedia.org/wiki/Shire_of_Baw_Baw,yes
VIC,Baw Baw Shire,Deborah Brown,Deborah,Brown,2014,2015,no,https://en.wikipedia.org/wiki/Shire_of_Baw_Baw,yes
VIC,Baw Baw Shire,Joe Gauci,Joe,Gauci,2015,2018,no,https://en.wikipedia.org/wiki/Shire_of_Baw_Baw,yes
VIC,Baw Baw Shire,Mikaela Power,Mikaela,Power,2018,2019,no,https://en.wikipedia.org/wiki/Shire_of_Baw_Baw,yes
VIC,Baw Baw Shire,Danny Goss,Danny,Goss,2019,2021,no,https://en.wikipedia.org/wiki/Shire_of_Baw_Baw,yes
VIC,Baw Baw Shire,Diane Blackwood,Diane,Blackwood,2011,2012,no,https://www.bawbawshire.vic.gov.au/Latest-News/Mayor-and-Deputy-Mayor-elected-to-lead-Baw-Baw-Shire-Council,no
VIC,Baw Baw Shire,Annemarie McCabe,Annemarie,McCabe,2022,2024,no,https://www.bawbawshire.vic.gov.au/Latest-News/Mayor-and-Deputy-Mayor-elected-to-lead-Baw-Baw-Shire-Council,no
VIC,Baw Baw Shire,Danny Goss,Danny,Goss,2024,2025,no,https://www.bawbawshire.vic.gov.au/Latest-News/Mayor-and-Deputy-Mayor-elected-to-lead-Baw-Baw-Shire-Council,no
VIC,Baw Baw Shire,Kate Wilson,Kate,Wilson,2025,,no,https://www.bawbawshire.vic.gov.au/Latest-News/Mayor-and-Deputy-Mayor-elected-to-lead-Baw-Baw-Shire-Council,no
VIC,Shire of Benalla (Rural City of Benalla),Justin King,Justin,King,2014-11,2016-11,no,https://www.sheppadviser.com.au/benalla-mayor-and-deputy-sworn-in/,no
VIC,Shire of Benalla (Rural City of Benalla),Danny Claridge,Danny,Claridge,2019-11,2021-11,no,https://www.sheppadviser.com.au/benalla-mayor-and-deputy-sworn-in/,no
VIC,Shire of Benalla (Rural City of Benalla),Bernie Hearn,Bernie,Hearn,2021-11,2023-11,no,https://www.sheppadviser.com.au/benalla-mayor-and-deputy-sworn-in/,no
VIC,Shire of Buloke,Reid Mather,Reid,Mather,2008,2009,no,https://www.buloke.vic.gov.au/past-councillors,yes
VIC,Shire of Buloke,Leo Tellefson,Leo,Tellefson,2009,2011,no,https://www.buloke.vic.gov.au/past-councillors,yes
VIC,Shire of Buloke,David Pollard,David,Pollard,2011,2012,no,https://www.buloke.vic.gov.au/past-councillors,yes
VIC,Shire of Buloke,Reid Mather,Reid,Mather,2012,2016,no,https://www.buloke.vic.gov.au/past-councillors,yes
VIC,Shire of Buloke,David Pollard,David,Pollard,2016,2018,no,https://www.buloke.vic.gov.au/past-councillors,yes
VIC,Shire of Buloke,Carolyn Stewart,Carolyn,Stewart,2018,2019,no,https://www.buloke.vic.gov.au/past-councillors,yes
VIC,Shire of Buloke,Daryl Warren,Daryl,Warren,2021,2021,no,https://www.buloke.vic.gov.au/cr-alan-getley-elected-mayor-of-buloke,no
VIC,Shire of Buloke,Alan Getley,Alan,Getley,,,no,https://www.buloke.vic.gov.au/cr-alan-getley-elected-mayor-of-buloke,no
VIC,Shire of Campaspe,Adrian Weston,Adrian,Weston,2019-11,,no,https://www.sheppnews.com.au/news/new-mayor-elected-for-campaspe-shire-4/,no
VIC,Shire of Campaspe,Chrissy Weller,Chrissy,Weller,,,no,https://www.sheppnews.com.au/news/new-mayor-elected-for-campaspe-shire-4/,no
VIC,Shire of Campaspe,Rob Amos,Rob,Amos,,,no,https://www.sheppnews.com.au/news/new-mayor-elected-for-campaspe-shire-4/,no
VIC,Shire of Campaspe,Daniel Mackrell,Daniel,Mackrell,2024-11,,no,https://www.sheppnews.com.au/news/new-mayor-elected-for-campaspe-shire-4/,no
VIC,Colac Otway Shire,Chris Potter,Chris,Potter,2016,2017,no,https://www.colacotway.vic.gov.au/News-media/Colac-Otway-Shire-Council-Mayor-and-Deputy-Mayor-Elected,no
VIC,Colac Otway Shire,Jason Schram,Jason,Schram,2016,2020,no,https://www.colacotway.vic.gov.au/News-media/Colac-Otway-Shire-Council-Mayor-and-Deputy-Mayor-Elected,no
VIC,Colac Otway Shire,Kate Hanson,Kate,Hanson,,,no,https://www.colacotway.vic.gov.au/News-media/Colac-Otway-Shire-Council-Mayor-and-Deputy-Mayor-Elected,no
VIC,Colac Otway Shire,Marg White,Marg,White,,,no,https://www.colacotway.vic.gov.au/News-media/Colac-Otway-Shire-Council-Mayor-and-Deputy-Mayor-Elected,no
VIC,Corangamite Shire,Kate Makin,Kate,Makin,,,no,https://en.wikipedia.org/wiki/Shire_of_Corangamite,no
VIC,Central Goldfields Shire,Ben Green,Ben,Green,,,no,https://en.wikipedia.org/wiki/Shire_of_Central_Goldfields,no
VIC,East Gippsland Shire,Mendy Urie,Mendy,Urie,2008,2009,no,https://www.eastgippsland.vic.gov.au/council/mayor-and-deputy-mayor-honour-roll,yes
VIC,East Gippsland Shire,Michael Freshwater,Michael,Freshwater,2009,2010,no,https://www.eastgippsland.vic.gov.au/council/mayor-and-deputy-mayor-honour-roll,yes
VIC,East Gippsland Shire,Richard Ellis,Richard,Ellis,2010,2013,no,https://www.eastgippsland.vic.gov.au/council/mayor-and-deputy-mayor-honour-roll,yes
VIC,East Gippsland Shire,Mark Reeves,Mark,Reeves,2013,2014,no,https://www.eastgippsland.vic.gov.au/council/mayor-and-deputy-mayor-honour-roll,yes
VIC,East Gippsland Shire,Peter Neal,Peter,Neal,2014,2015,no,https://www.eastgippsland.vic.gov.au/council/mayor-and-deputy-mayor-honour-roll,yes
VIC,East Gippsland Shire,Marianne Pelz,Marianne,Pelz,2015,2016,no,https://www.eastgippsland.vic.gov.au/council/mayor-and-deputy-mayor-honour-roll,yes
VIC,East Gippsland Shire,Joe Rettino,Joe,Rettino,2016,2018,no,https://www.eastgippsland.vic.gov.au/council/mayor-and-deputy-mayor-honour-roll,yes
VIC,East Gippsland Shire,Natalie O'Connell,Natalie,O'Connell,2018,2019,no,https://www.eastgippsland.vic.gov.au/council/mayor-and-deputy-mayor-honour-roll,yes
VIC,East Gippsland Shire,John White,John,White,2019,2020,no,https://www.eastgippsland.vic.gov.au/council/mayor-and-deputy-mayor-honour-roll,yes
VIC,East Gippsland Shire,Mendy Urie,Mendy,Urie,2020,2021,no,https://www.eastgippsland.vic.gov.au/council/mayor-and-deputy-mayor-honour-roll,yes
VIC,East Gippsland Shire,Mark Reeves,Mark,Reeves,2021,2023,no,https://www.eastgippsland.vic.gov.au/council/mayor-and-deputy-mayor-honour-roll,yes
VIC,East Gippsland Shire,Tom Crook,Tom,Crook,2023,2024,no,https://www.eastgippsland.vic.gov.au/council/mayor-and-deputy-mayor-honour-roll,yes
VIC,East Gippsland Shire,John White,John,White,2024,2025,no,https://www.eastgippsland.vic.gov.au/council/mayor-and-deputy-mayor-honour-roll,yes
VIC,East Gippsland Shire,Jodie Ashworth,Jodie,Ashworth,2025,,no,https://www.eastgippsland.vic.gov.au/council/mayor-and-deputy-mayor-honour-roll,yes
VIC,Gannawarra Shire,K. den Houting,K.,den Houting,2006,2010,no,https://www.gannawarra.vic.gov.au/Your-Council/History/Gannawarra-Shire-Council,yes
VIC,Gannawarra Shire,M.G. Fehring,M.G.,Fehring,2010,2012,no,https://www.gannawarra.vic.gov.au/Your-Council/History/Gannawarra-Shire-Council,yes
VIC,Gannawarra Shire,N.C. Goulding,N.C.,Goulding,2012,2015,no,https://www.gannawarra.vic.gov.au/Your-Council/History/Gannawarra-Shire-Council,yes
VIC,Gannawarra Shire,L.M. Learmonth,L.M.,Learmonth,2015,2016,no,https://www.gannawarra.vic.gov.au/Your-Council/History/Gannawarra-Shire-Council,yes
VIC,Gannawarra Shire,B.J. Gibson,B.J.,Gibson,2016,2018,no,https://www.gannawarra.vic.gov.au/Your-Council/History/Gannawarra-Shire-Council,yes
VIC,Gannawarra Shire,L.M. Learmonth,L.M.,Learmonth,2018,2020,no,https://www.gannawarra.vic.gov.au/Your-Council/History/Gannawarra-Shire-Council,yes
VIC,Gannawarra Shire,C. Gillingham,C.,Gillingham,2020,2023,no,https://www.gannawarra.vic.gov.au/Your-Council/History/Gannawarra-Shire-Council,yes
VIC,Gannawarra Shire,R.J. Stanton,R.J.,Stanton,2023,2024,no,https://www.gannawarra.vic.gov.au/Your-Council/History/Gannawarra-Shire-Council,yes
VIC,Gannawarra Shire,G.J. Smith,G.J.,Smith,2024,,no,https://www.gannawarra.vic.gov.au/Your-Council/History/Gannawarra-Shire-Council,yes
VIC,Glenelg Shire,Geoff White,Geoff,White,2008,2009,no,https://www.glenelg.vic.gov.au/Our-Council/Meet-your-Mayor-and-Councillors/Past-Mayors-and-Councillors,yes
VIC,Glenelg Shire,Gilbert Wilson,Gilbert,Wilson,2009,2010,no,https://www.glenelg.vic.gov.au/Our-Council/Meet-your-Mayor-and-Councillors/Past-Mayors-and-Councillors,yes
VIC,Glenelg Shire,Bruce Cross,Bruce,Cross,2010,2011,no,https://www.glenelg.vic.gov.au/Our-Council/Meet-your-Mayor-and-Councillors/Past-Mayors-and-Councillors,yes
VIC,Glenelg Shire,Gilbert Wilson,Gilbert,Wilson,2011,2012,no,https://www.glenelg.vic.gov.au/Our-Council/Meet-your-Mayor-and-Councillors/Past-Mayors-and-Councillors,yes
VIC,Glenelg Shire,Karen Stephens,Karen,Stephens,2012,2013,no,https://www.glenelg.vic.gov.au/Our-Council/Meet-your-Mayor-and-Councillors/Past-Mayors-and-Councillors,yes
VIC,Glenelg Shire,John Northcott,John,Northcott,2013,2014,no,https://www.glenelg.vic.gov.au/Our-Council/Meet-your-Mayor-and-Councillors/Past-Mayors-and-Councillors,yes
VIC,Glenelg Shire,Robert Halliday,Robert,Halliday,2014,2015,no,https://www.glenelg.vic.gov.au/Our-Council/Meet-your-Mayor-and-Councillors/Past-Mayors-and-Councillors,yes
VIC,Glenelg Shire,Max Oberlander,Max,Oberlander,2015,2016,no,https://www.glenelg.vic.gov.au/Our-Council/Meet-your-Mayor-and-Councillors/Past-Mayors-and-Councillors,yes
VIC,Glenelg Shire,Anita Rank,Anita,Rank,2016,2020,no,https://www.glenelg.vic.gov.au/Our-Council/Meet-your-Mayor-and-Councillors/Past-Mayors-and-Councillors,yes
VIC,Glenelg Shire,Scott Martin,Scott,Martin,2022,2023,no,https://www.glenelg.vic.gov.au/Our-Council/Meet-your-Mayor-and-Councillors/Past-Mayors-and-Councillors,yes
VIC,Glenelg Shire,Karen Stephens,Karen,Stephens,2023,2024,no,https://www.glenelg.vic.gov.au/Our-Council/Meet-your-Mayor-and-Councillors/Past-Mayors-and-Councillors,yes
VIC,Golden Plains Shire,Helena Kirby,Helena,Kirby,2017,2018,no,https://www.goldenplains.vic.gov.au/news/golden-plains-shire-council-elects-new-mayor,no
VIC,Golden Plains Shire,Owen Sharkey,Owen,Sharkey,2018,2020,no,https://www.goldenplains.vic.gov.au/news/golden-plains-shire-council-elects-new-mayor,no
VIC,Golden Plains Shire,Helena Kirby,Helena,Kirby,2020,2021,no,https://www.goldenplains.vic.gov.au/news/golden-plains-shire-council-elects-new-mayor,no
VIC,Golden Plains Shire,Gavin Gamble,Gavin,Gamble,2021,2022,no,https://www.goldenplains.vic.gov.au/news/golden-plains-shire-council-elects-new-mayor,no
VIC,Golden Plains Shire,Brett Cunningham,Brett,Cunningham,2023,2024,no,https://www.goldenplains.vic.gov.au/news/golden-plains-shire-council-elects-new-mayor,no
VIC,Golden Plains Shire,Sarah Hayden,Sarah,Hayden,2024,2025,no,https://www.goldenplains.vic.gov.au/news/golden-plains-shire-council-elects-new-mayor,no
VIC,Golden Plains Shire,Owen Sharkey,Owen,Sharkey,2025,,no,https://www.goldenplains.vic.gov.au/news/golden-plains-shire-council-elects-new-mayor,no
VIC,Hepburn Shire,Tony Clark,Tony,Clark,,,no,https://www.hepburn.vic.gov.au/Council/About-Council/Mayor-and-Councillors,no
VIC,City of Melbourne,Robert Doyle,Robert,Doyle,2008-12-01,2018-02-04,yes,https://en.wikipedia.org/wiki/List_of_mayors_and_lord_mayors_of_Melbourne,yes
VIC,City of Melbourne,Sally Capp,Sally,Capp,2018-05-26,2024-07-02,yes,https://en.wikipedia.org/wiki/List_of_mayors_and_lord_mayors_of_Melbourne,yes
VIC,City of Melbourne,Nicholas Reece,Nicholas,Reece,2024-07-02,,yes,https://en.wikipedia.org/wiki/List_of_mayors_and_lord_mayors_of_Melbourne,yes
VIC,Hobsons Bay City Council,Peter Hemphill,Peter,Hemphill,2008,2009,no,https://www.hobsonsbay.vic.gov.au/Council/Mayor-and-councillors/Past-Mayors-Deputy-Mayors-and-Councillors,yes
VIC,Hobsons Bay City Council,Bill Tehan,Bill,Tehan,2009,2010,no,https://www.hobsonsbay.vic.gov.au/Council/Mayor-and-councillors/Past-Mayors-Deputy-Mayors-and-Councillors,yes
VIC,Hobsons Bay City Council,Michael Raffoul,Michael,Raffoul,2010,2011,no,https://www.hobsonsbay.vic.gov.au/Council/Mayor-and-councillors/Past-Mayors-Deputy-Mayors-and-Councillors,yes
VIC,Hobsons Bay City Council,Tony Briffa,Tony,Briffa,2011,2012,no,https://www.hobsonsbay.vic.gov.au/Council/Mayor-and-councillors/Past-Mayors-Deputy-Mayors-and-Councillors,yes
VIC,Hobsons Bay City Council,Angela Altair,Angela,Altair,2012,2013,no,https://www.hobsonsbay.vic.gov.au/Council/Mayor-and-councillors/Past-Mayors-Deputy-Mayors-and-Councillors,yes
VIC,Hobsons Bay City Council,Sandra Wilson,Sandra,Wilson,2013,2014,no,https://www.hobsonsbay.vic.gov.au/Council/Mayor-and-councillors/Past-Mayors-Deputy-Mayors-and-Councillors,yes
VIC,Hobsons Bay City Council,Colleen Gates,Colleen,Gates,2014,2015,no,https://www.hobsonsbay.vic.gov.au/Council/Mayor-and-councillors/Past-Mayors-Deputy-Mayors-and-Councillors,yes
VIC,Hobsons Bay City Council,Peter Hemphill,Peter,Hemphill,2015,2016,no,https://www.hobsonsbay.vic.gov.au/Council/Mayor-and-councillors/Past-Mayors-Deputy-Mayors-and-Councillors,yes
VIC,Hobsons Bay City Council,Sandra Wilson,Sandra,Wilson,2016,2017,no,https://www.hobsonsbay.vic.gov.au/Council/Mayor-and-councillors/Past-Mayors-Deputy-Mayors-and-Councillors,yes
VIC,Hobsons Bay City Council,Angela Altair,Angela,Altair,2017,2018,no,https://www.hobsonsbay.vic.gov.au/Council/Mayor-and-councillors/Past-Mayors-Deputy-Mayors-and-Councillors,yes
VIC,Hobsons Bay City Council,Jonathon Marsden,Jonathon,Marsden,2018,2019,no,https://www.hobsonsbay.vic.gov.au/Council/Mayor-and-councillors/Past-Mayors-Deputy-Mayors-and-Councillors,yes
VIC,Hobsons Bay City Council,Colleen Gates,Colleen,Gates,2019,2020,no,https://www.hobsonsbay.vic.gov.au/Council/Mayor-and-councillors/Past-Mayors-Deputy-Mayors-and-Councillors,yes
VIC,Hobsons Bay City Council,Jonathon Marsden,Jonathon,Marsden,2020,2021,no,https://www.hobsonsbay.vic.gov.au/Council/Mayor-and-councillors/Past-Mayors-Deputy-Mayors-and-Councillors,yes
VIC,Hobsons Bay City Council,Peter Hemphill,Peter,Hemphill,2021,2022,no,https://www.hobsonsbay.vic.gov.au/Council/Mayor-and-councillors/Past-Mayors-Deputy-Mayors-and-Councillors,yes
VIC,Hobsons Bay City Council,Tony Briffa,Tony,Briffa,2022,2023,no,https://www.hobsonsbay.vic.gov.au/Council/Mayor-and-councillors/Past-Mayors-Deputy-Mayors-and-Councillors,yes
VIC,Hobsons Bay City Council,Matt Tyler,Matt,Tyler,2023,2024,no,https://www.hobsonsbay.vic.gov.au/Council/Mayor-and-councillors/Past-Mayors-Deputy-Mayors-and-Councillors,yes
VIC,Hobsons Bay City Council,Daria Kellander,Daria,Kellander,2024,2025,no,https://www.hobsonsbay.vic.gov.au/Council/Mayor-and-councillors/Past-Mayors-Deputy-Mayors-and-Councillors,yes
VIC,Hobsons Bay City Council,Diana Grima,Diana,Grima,2025,,no,https://www.hobsonsbay.vic.gov.au/Council/Mayor-and-councillors/Past-Mayors-Deputy-Mayors-and-Councillors,yes
VIC,Hume City Council,Ros Spence,Ros,Spence,2008,2009,no,https://en.wikipedia.org/wiki/City_of_Hume,yes
VIC,Hume City Council,Geoff Porter,Geoff,Porter,2009,2010,no,https://en.wikipedia.org/wiki/City_of_Hume,yes
VIC,Hume City Council,Helen Patsikatheodorou,Helen,Patsikatheodorou,2010,2011,no,https://en.wikipedia.org/wiki/City_of_Hume,yes
VIC,Hume City Council,Ros Spence,Ros,Spence,2011,2012,no,https://en.wikipedia.org/wiki/City_of_Hume,yes
VIC,Hume City Council,Casey Nunn,Casey,Nunn,2012,2013,no,https://en.wikipedia.org/wiki/City_of_Hume,yes
VIC,Hume City Council,Casey Nunn,Casey,Nunn,2013,2014,no,https://en.wikipedia.org/wiki/City_of_Hume,yes
VIC,Hume City Council,Alan Bolton,Alan,Bolton,2014,2015,no,https://en.wikipedia.org/wiki/City_of_Hume,yes
VIC,Hume City Council,Chandra Bamunusinghe,Chandra,Bamunusinghe,2015,2016,no,https://en.wikipedia.org/wiki/City_of_Hume,yes
VIC,Hume City Council,Carly Moore,Carly,Moore,2017,2018,no,https://en.wikipedia.org/wiki/City_of_Hume,yes
VIC,Hume City Council,Naim Kurt,Naim,Kurt,2018,2019,no,https://en.wikipedia.org/wiki/City_of_Hume,yes
VIC,Hume City Council,Karen Sherry,Karen,Sherry,2019,2020,no,https://en.wikipedia.org/wiki/City_of_Hume,yes
VIC,Hume City Council,Jack Medcraft,Jack,Medcraft,2020,2021,no,https://en.wikipedia.org/wiki/City_of_Hume,yes
VIC,Hume City Council,Sam Misho,Sam,Misho,2021,2022,no,https://en.wikipedia.org/wiki/City_of_Hume,yes
VIC,Hume City Council,Ally Watson,Ally,Watson,2025,,no,https://en.wikipedia.org/wiki/City_of_Hume,yes
VIC,City of Kingston,Steve Staikos,Steve,Staikos,2009,2010,no,https://en.wikipedia.org/wiki/City_of_Kingston,yes
VIC,City of Kingston,John Ronke,John,Ronke,2011,2012,no,https://en.wikipedia.org/wiki/City_of_Kingston,yes
VIC,City of Kingston,Paul Peulich,Paul,Peulich,2013,2014,no,https://en.wikipedia.org/wiki/City_of_Kingston,yes
VIC,City of Kingston,Geoff Gledhill,Geoff,Gledhill,2014,2015,no,https://en.wikipedia.org/wiki/City_of_Kingston,yes
VIC,City of Kingston,Tamsin Bearsley,Tamsin,Bearsley,2015,2016,no,https://en.wikipedia.org/wiki/City_of_Kingston,yes
VIC,City of Kingston,David Eden,David,Eden,2016,2017,no,https://en.wikipedia.org/wiki/City_of_Kingston,yes
VIC,City of Kingston,Steve Staikos,Steve,Staikos,2017,2018,no,https://en.wikipedia.org/wiki/City_of_Kingston,yes
VIC,City of Kingston,Georgina Oxley,Georgina,Oxley,2018,2019,no,https://en.wikipedia.org/wiki/City_of_Kingston,yes
VIC,City of Kingston,Georgina Oxley,Georgina,Oxley,2019,2020,no,https://en.wikipedia.org/wiki/City_of_Kingston,yes
VIC,City of Kingston,Steve Staikos,Steve,Staikos,2020,2021,no,https://en.wikipedia.org/wiki/City_of_Kingston,yes
VIC,City of Kingston,Steve Staikos,Steve,Staikos,2021,2022,no,https://en.wikipedia.org/wiki/City_of_Kingston,yes
VIC,City of Kingston,Hadi Saab,Hadi,Saab,2022,2023,no,https://en.wikipedia.org/wiki/City_of_Kingston,yes
VIC,City of Kingston,Jenna Davey Burns,Jenna Davey,Burns,2023,2024,no,https://en.wikipedia.org/wiki/City_of_Kingston,yes
VIC,City of Kingston,Georgina Oxley,Georgina,Oxley,2024,2025,no,https://en.wikipedia.org/wiki/City_of_Kingston,yes
VIC,City of Kingston,Georgina Oxley,Georgina,Oxley,2025,,no,https://en.wikipedia.org/wiki/City_of_Kingston,yes
VIC,Knox City Council,D. Cooper,D.,Cooper,2008,2009,no,https://www.knox.vic.gov.au/our-council/councillors-and-meetings/honour-boards,yes
VIC,Knox City Council,G. Cossari,G.,Cossari,2009,2010,no,https://www.knox.vic.gov.au/our-council/councillors-and-meetings/honour-boards,yes
VIC,Knox City Council,S. McMillan,S.,McMillan,2010,2011,no,https://www.knox.vic.gov.au/our-council/councillors-and-meetings/honour-boards,yes
VIC,Knox City Council,A. R. Gill,A. R.,Gill,2011,2012,no,https://www.knox.vic.gov.au/our-council/councillors-and-meetings/honour-boards,yes
VIC,Knox City Council,K. S. Orpen,K. S.,Orpen,2012,2013,no,https://www.knox.vic.gov.au/our-council/councillors-and-meetings/honour-boards,yes
VIC,Knox City Council,D. Pearce,D.,Pearce,2013,2014,no,https://www.knox.vic.gov.au/our-council/councillors-and-meetings/honour-boards,yes
VIC,Knox City Council,P. J. Lockwood,P. J.,Lockwood,2014,2015,no,https://www.knox.vic.gov.au/our-council/councillors-and-meetings/honour-boards,yes
VIC,Knox City Council,T. Holland,T.,Holland,2015,2016,no,https://www.knox.vic.gov.au/our-council/councillors-and-meetings/honour-boards,yes
VIC,Knox City Council,D. Pearce,D.,Pearce,2016,2017,no,https://www.knox.vic.gov.au/our-council/councillors-and-meetings/honour-boards,yes
VIC,Knox City Council,J. Mortimore,J.,Mortimore,2017,2018,no,https://www.knox.vic.gov.au/our-council/councillors-and-meetings/honour-boards,yes
VIC,Knox City Council,J. P. Keogh,J. P.,Keogh,2018,2019,no,https://www.knox.vic.gov.au/our-council/councillors-and-meetings/honour-boards,yes
VIC,Knox City Council,N. E. Seymour,N. E.,Seymour,2019,2020,no,https://www.knox.vic.gov.au/our-council/councillors-and-meetings/honour-boards,yes
VIC,Knox City Council,L. Cooper,L.,Cooper,2020,2021,no,https://www.knox.vic.gov.au/our-council/councillors-and-meetings/honour-boards,yes
VIC,Knox City Council,S. Laukens,S.,Laukens,2021,2022,no,https://www.knox.vic.gov.au/our-council/councillors-and-meetings/honour-boards,yes
VIC,Knox City Council,M. Timmers-Leitch,M.,Timmers-Leitch,2022,2023,no,https://www.knox.vic.gov.au/our-council/councillors-and-meetings/honour-boards,yes
VIC,Knox City Council,J. Dwight,J.,Dwight,2023,2024,no,https://www.knox.vic.gov.au/our-council/councillors-and-meetings/honour-boards,yes
VIC,Knox City Council,L. Cooper,L.,Cooper,2024,2025,no,https://www.knox.vic.gov.au/our-council/councillors-and-meetings/honour-boards,yes
VIC,Knox City Council,P. Kennett,P.,Kennett,2025,,no,https://www.knox.vic.gov.au/our-council/councillors-and-meetings/honour-boards,yes
VIC,Latrobe City Council,Bruce Lougheed,Bruce,Lougheed,2007-12,2008-11,no,https://www.latrobe.vic.gov.au/City/The_Region/Latrobe_City_History,no
VIC,Latrobe City Council,Lisa Price,Lisa,Price,2008-12,2009-12,no,https://www.latrobe.vic.gov.au/City/The_Region/Latrobe_City_History,no
VIC,Latrobe City Council,Kellie O'Callaghan,Kellie,O'Callaghan,2009-12,2010-12,no,https://www.latrobe.vic.gov.au/City/The_Region/Latrobe_City_History,no
VIC,Latrobe City Council,Darrell White,Darrell,White,2010-12,2011-12,no,https://www.latrobe.vic.gov.au/City/The_Region/Latrobe_City_History,no
VIC,Latrobe City Council,Ed Vermeulen,Ed,Vermeulen,2011-12,2012-10,no,https://www.latrobe.vic.gov.au/City/The_Region/Latrobe_City_History,no
VIC,Latrobe City Council,Sandy Kam,Sandy,Kam,2012-11,2013-11,no,https://www.latrobe.vic.gov.au/City/The_Region/Latrobe_City_History,no
VIC,Latrobe City Council,Sharon Gibson,Sharon,Gibson,2013-11,2014-11,no,https://www.latrobe.vic.gov.au/City/The_Region/Latrobe_City_History,no
VIC,Latrobe City Council,Dale Harriman,Dale,Harriman,2014-11,2015-11,no,https://www.latrobe.vic.gov.au/City/The_Region/Latrobe_City_History,no
VIC,Latrobe City Council,Michael Rossiter,Michael,Rossiter,2015-11,2016-10,no,https://www.latrobe.vic.gov.au/City/The_Region/Latrobe_City_History,no
VIC,Latrobe City Council,Kellie O'Callaghan,Kellie,O'Callaghan,2016-10,2017-11,no,https://www.latrobe.vic.gov.au/City/The_Region/Latrobe_City_History,no
VIC,Latrobe City Council,Darrell White,Darrell,White,2017-11,2018-11,no,https://www.latrobe.vic.gov.au/City/The_Region/Latrobe_City_History,no
VIC,Latrobe City Council,Graeme Middlemiss,Graeme,Middlemiss,2018-11,2019-10,no,https://www.latrobe.vic.gov.au/City/The_Region/Latrobe_City_History,no
VIC,Latrobe City Council,Dan Clancey,Dan,Clancey,2019-10,2020-11,no,https://www.latrobe.vic.gov.au/City/The_Region/Latrobe_City_History,no
VIC,Latrobe City Council,Sharon Gibson,Sharon,Gibson,2020,2021,no,https://en.wikipedia.org/wiki/City_of_Latrobe,no
VIC,Latrobe City Council,Kellie O'Callaghan,Kellie,O'Callaghan,2021,,no,https://en.wikipedia.org/wiki/City_of_Latrobe,no
VIC,Macedon Ranges Shire Council,Noel Harvey,Noel,Harvey,2008,,no,https://www.mrra.asn.au/archive1/arc1-council/Council%20&%20Councillor%20Performances/Mayor%20&%20Deputy%20Mayor/Archive%20Mayor%20&%20Deputy%20Mayor.htm,yes
VIC,Macedon Ranges Shire Council,John Letchford,John,Letchford,2009,,no,https://www.mrra.asn.au/archive1/arc1-council/Council%20&%20Councillor%20Performances/Mayor%20&%20Deputy%20Mayor/Archive%20Mayor%20&%20Deputy%20Mayor.htm,yes
VIC,Macedon Ranges Shire Council,Rob Guthrie,Rob,Guthrie,2010,,no,https://www.mrra.asn.au/archive1/arc1-council/Council%20&%20Councillor%20Performances/Mayor%20&%20Deputy%20Mayor/Archive%20Mayor%20&%20Deputy%20Mayor.htm,yes
VIC,Macedon Ranges Shire Council,Henry McLaughlin,Henry,McLaughlin,2011,,no,https://www.mrra.asn.au/archive1/arc1-council/Council%20&%20Councillor%20Performances/Mayor%20&%20Deputy%20Mayor/Archive%20Mayor%20&%20Deputy%20Mayor.htm,yes
VIC,Macedon Ranges Shire Council,Henry McLaughlin,Henry,McLaughlin,2012,,no,https://www.mrra.asn.au/archive1/arc1-council/Council%20&%20Councillor%20Performances/Mayor%20&%20Deputy%20Mayor/Archive%20Mayor%20&%20Deputy%20Mayor.htm,yes
VIC,Macedon Ranges Shire Council,Roger Jukes,Roger,Jukes,2013,,no,https://www.mrra.asn.au/archive1/arc1-council/Council%20&%20Councillor%20Performances/Mayor%20&%20Deputy%20Mayor/Archive%20Mayor%20&%20Deputy%20Mayor.htm,yes
VIC,Macedon Ranges Shire Council,Jennifer Anderson,Jennifer,Anderson,2014,,no,https://www.mrra.asn.au/archive1/arc1-council/Council%20&%20Councillor%20Performances/Mayor%20&%20Deputy%20Mayor/Archive%20Mayor%20&%20Deputy%20Mayor.htm,yes
VIC,Macedon Ranges Shire Council,Graham Hackett,Graham,Hackett,2016,,no,https://www.mrra.asn.au/archive1/arc1-council/Council%20&%20Councillor%20Performances/Mayor%20&%20Deputy%20Mayor/Archive%20Mayor%20&%20Deputy%20Mayor.htm,yes
VIC,Macedon Ranges Shire Council,Jennifer Anderson,Jennifer,Anderson,2015,,no,https://ncreview.com.au/2025/12/02/macedon-ranges-elects-new-mayor/,no
VIC,Macedon Ranges Shire Council,Jennifer Anderson,Jennifer,Anderson,2017,,no,https://ncreview.com.au/2025/12/02/macedon-ranges-elects-new-mayor/,no
VIC,Macedon Ranges Shire Council,Jennifer Anderson,Jennifer,Anderson,2018,,no,https://ncreview.com.au/2025/12/02/macedon-ranges-elects-new-mayor/,no
VIC,Macedon Ranges Shire Council,Janet Pearce,Janet,Pearce,2019,,no,https://ncreview.com.au/2025/12/02/macedon-ranges-elects-new-mayor/,no
VIC,Macedon Ranges Shire Council,Janet Pearce,Janet,Pearce,2020,,no,https://ncreview.com.au/2025/12/02/macedon-ranges-elects-new-mayor/,no
VIC,Macedon Ranges Shire Council,Jennifer Anderson,Jennifer,Anderson,2021,,no,https://ncreview.com.au/2025/12/02/macedon-ranges-elects-new-mayor/,no
VIC,Macedon Ranges Shire Council,Jennifer Anderson,Jennifer,Anderson,2022,,no,https://ncreview.com.au/2025/12/02/macedon-ranges-elects-new-mayor/,no
VIC,Macedon Ranges Shire Council,Annette Death,Annette,Death,2023,,no,https://ncreview.com.au/2025/12/02/macedon-ranges-elects-new-mayor/,no
VIC,Macedon Ranges Shire Council,Annette Death,Annette,Death,2024,,no,https://ncreview.com.au/2025/12/02/macedon-ranges-elects-new-mayor/,no
VIC,Macedon Ranges Shire Council,Dominic Bonanno,Dominic,Bonanno,2025,,no,https://ncreview.com.au/2025/12/02/macedon-ranges-elects-new-mayor/,no
VIC,City of Manningham,Andrew Conlon,Andrew,Conlon,2020,2021,no,https://en.wikipedia.org/wiki/City_of_Manningham,yes
VIC,City of Manningham,Michelle Kleinert,Michelle,Kleinert,2021,2022,no,https://en.wikipedia.org/wiki/City_of_Manningham,yes
VIC,City of Manningham,Deirdre Diamante,Deirdre,Diamante,2022,2023,no,https://en.wikipedia.org/wiki/City_of_Manningham,yes
VIC,City of Manningham,Carli Lange,Carli,Lange,2023,2024,no,https://en.wikipedia.org/wiki/City_of_Manningham,yes
VIC,City of Manningham,Deirdre Diamante,Deirdre,Diamante,2024-10,,no,https://en.wikipedia.org/wiki/City_of_Manningham,yes
VIC,Maroondah City Council,Tony Dib,Tony,Dib,2007-12,2008-11,no,https://www.maroondah.vic.gov.au/About-Council/Councillors-and-wards/Mayors-of-Maroondah-City-Council,yes
VIC,Maroondah City Council,Peter Gurr,Peter,Gurr,2008-12,2009-12,no,https://www.maroondah.vic.gov.au/About-Council/Councillors-and-wards/Mayors-of-Maroondah-City-Council,yes
VIC,Maroondah City Council,Alex Makin,Alex,Makin,2009-12,2010-12,no,https://www.maroondah.vic.gov.au/About-Council/Councillors-and-wards/Mayors-of-Maroondah-City-Council,yes
VIC,Maroondah City Council,Tony Dib,Tony,Dib,2010-12,2011-12,no,https://www.maroondah.vic.gov.au/About-Council/Councillors-and-wards/Mayors-of-Maroondah-City-Council,yes
VIC,Maroondah City Council,Rob Steane,Rob,Steane,2011-12,2012-10,no,https://www.maroondah.vic.gov.au/About-Council/Councillors-and-wards/Mayors-of-Maroondah-City-Council,yes
VIC,Maroondah City Council,Nora Lamont,Nora,Lamont,2012-11,2013-11,no,https://www.maroondah.vic.gov.au/About-Council/Councillors-and-wards/Mayors-of-Maroondah-City-Council,no
VIC,Maroondah City Council,Les Willmott,Les,Willmott,2013-11,2014-11,no,https://www.maroondah.vic.gov.au/About-Council/Councillors-and-wards/Mayors-of-Maroondah-City-Council,no
VIC,Maroondah City Council,Tony Dib,Tony,Dib,2014-11,2015-11,no,https://www.maroondah.vic.gov.au/About-Council/Councillors-and-wards/Mayors-of-Maroondah-City-Council,yes
VIC,Maroondah City Council,Natalie Thomas,Natalie,Thomas,2015-11,2016-10,no,https://www.maroondah.vic.gov.au/About-Council/Councillors-and-wards/Mayors-of-Maroondah-City-Council,yes
VIC,Maroondah City Council,Tony Dib,Tony,Dib,2016-11,2017-11,no,https://www.maroondah.vic.gov.au/About-Council/Councillors-and-wards/Mayors-of-Maroondah-City-Council,yes
VIC,Maroondah City Council,Nora Lamont,Nora,Lamont,2017-11,2018-11,no,https://www.maroondah.vic.gov.au/About-Council/Councillors-and-wards/Mayors-of-Maroondah-City-Council,yes
VIC,Maroondah City Council,Rob Steane,Rob,Steane,2018-11,2019-11,no,https://www.maroondah.vic.gov.au/About-Council/Councillors-and-wards/Mayors-of-Maroondah-City-Council,yes
VIC,Maroondah City Council,Mike Symon,Mike,Symon,2019-11,2020-10,no,https://www.maroondah.vic.gov.au/About-Council/Councillors-and-wards/Mayors-of-Maroondah-City-Council,yes
VIC,Maroondah City Council,Kylie Spears,Kylie,Spears,2020-11,2021-11,no,https://www.maroondah.vic.gov.au/About-Council/Councillors-and-wards/Mayors-of-Maroondah-City-Council,yes
VIC,Maroondah City Council,Mike Symon,Mike,Symon,2021-11,2022-11,no,https://www.maroondah.vic.gov.au/About-Council/Councillors-and-wards/Mayors-of-Maroondah-City-Council,yes
VIC,Maroondah City Council,Rob Steane,Rob,Steane,2022-11,2023-11,no,https://www.maroondah.vic.gov.au/About-Council/Councillors-and-wards/Mayors-of-Maroondah-City-Council,yes
VIC,Maroondah City Council,Kylie Spears,Kylie,Spears,2023-11,2024-10,no,https://www.maroondah.vic.gov.au/About-Council/Councillors-and-wards/Mayors-of-Maroondah-City-Council,yes
VIC,Maroondah City Council,Kylie Spears,Kylie,Spears,2024-11,2025-11,no,https://www.maroondah.vic.gov.au/About-Council/Councillors-and-wards/Mayors-of-Maroondah-City-Council,yes
VIC,Maroondah City Council,Linda Hancock,Linda,Hancock,2025-11,,no,https://www.maroondah.vic.gov.au/About-Council/Councillors-and-wards/Mayors-of-Maroondah-City-Council,yes
VIC,City of Merri-bek,Lambros Tapinos,Lambros,Tapinos,2008-11,2009-11,no,https://en.wikipedia.org/wiki/List_of_mayors_of_Merri-bek,yes
VIC,City of Merri-bek,Stella Kariofyllidis,Stella,Kariofyllidis,2009-11,2010-11,no,https://en.wikipedia.org/wiki/List_of_mayors_of_Merri-bek,yes
VIC,City of Merri-bek,Oscar Yildiz,Oscar,Yildiz,2010-11,2011-11,no,https://en.wikipedia.org/wiki/List_of_mayors_of_Merri-bek,yes
VIC,City of Merri-bek,John Kavanagh,John,Kavanagh,2011-11,2012-11,no,https://en.wikipedia.org/wiki/List_of_mayors_of_Merri-bek,yes
VIC,City of Merri-bek,Oscar Yildiz,Oscar,Yildiz,2012-11,2013-11,no,https://en.wikipedia.org/wiki/List_of_mayors_of_Merri-bek,yes
VIC,City of Merri-bek,Lambros Tapinos,Lambros,Tapinos,2013-11,2014-11,no,https://en.wikipedia.org/wiki/List_of_mayors_of_Merri-bek,yes
VIC,City of Merri-bek,Meghan Hopper,Meghan,Hopper,2014-11,2015-11,no,https://en.wikipedia.org/wiki/List_of_mayors_of_Merri-bek,yes
VIC,City of Merri-bek,Samantha Ratnam,Samantha,Ratnam,2015-11,2016-11,no,https://en.wikipedia.org/wiki/List_of_mayors_of_Merri-bek,yes
VIC,City of Merri-bek,Helen Davidson,Helen,Davidson,2016-11,2017-11,no,https://en.wikipedia.org/wiki/List_of_mayors_of_Merri-bek,yes
VIC,City of Merri-bek,John Kavanagh,John,Kavanagh,2017-11,2018-11,no,https://en.wikipedia.org/wiki/List_of_mayors_of_Merri-bek,yes
VIC,City of Merri-bek,Natalie Abboud,Natalie,Abboud,2018-11,2019-11,no,https://en.wikipedia.org/wiki/List_of_mayors_of_Merri-bek,yes
VIC,City of Merri-bek,Lambros Tapinos,Lambros,Tapinos,2019-11,2020-11,no,https://en.wikipedia.org/wiki/List_of_mayors_of_Merri-bek,yes
VIC,City of Merri-bek,Annalivia Carli Hannan,Annalivia Carli,Hannan,2020-11,2021-11-29,no,https://en.wikipedia.org/wiki/List_of_mayors_of_Merri-bek,yes
VIC,City of Merri-bek,Mark Riley,Mark,Riley,2021-11-29,2022-11-29,no,https://en.wikipedia.org/wiki/List_of_mayors_of_Merri-bek,yes
VIC,City of Merri-bek,Angelica Panopoulos,Angelica,Panopoulos,2022-11-29,2023-11-15,no,https://en.wikipedia.org/wiki/List_of_mayors_of_Merri-bek,yes
VIC,City of Merri-bek,Adam Pulford,Adam,Pulford,2023-11-15,2024-11-20,no,https://en.wikipedia.org/wiki/List_of_mayors_of_Merri-bek,yes
VIC,City of Merri-bek,Helen Davidson,Helen,Davidson,2024-11-20,2025-11-19,no,https://en.wikipedia.org/wiki/List_of_mayors_of_Merri-bek,yes
VIC,City of Merri-bek,Nat Abboud,Nat,Abboud,2025-11-19,,no,https://en.wikipedia.org/wiki/List_of_mayors_of_Merri-bek,yes
VIC,Monash City Council,Paul Klisaris,Paul,Klisaris,2007,2008,no,https://en.wikipedia.org/wiki/City_of_Monash,yes
VIC,Monash City Council,Charlotte Baines,Charlotte,Baines,2009,2010,no,https://en.wikipedia.org/wiki/City_of_Monash,yes
VIC,Monash City Council,Greg Male,Greg,Male,2010,2011,no,https://en.wikipedia.org/wiki/City_of_Monash,yes
VIC,Monash City Council,Stefanie Perri,Stefanie,Perri,2011,2012,no,https://en.wikipedia.org/wiki/City_of_Monash,yes
VIC,Monash City Council,Micaela Drieberg,Micaela,Drieberg,2012,2013,no,https://en.wikipedia.org/wiki/City_of_Monash,yes
VIC,Monash City Council,Geoff Lake,Geoff,Lake,2013,2014,no,https://en.wikipedia.org/wiki/City_of_Monash,yes
VIC,Monash City Council,Paul Klisaris,Paul,Klisaris,2014,2015,no,https://en.wikipedia.org/wiki/City_of_Monash,yes
VIC,Monash City Council,Stefanie Perri,Stefanie,Perri,2015,2016,no,https://en.wikipedia.org/wiki/City_of_Monash,yes
VIC,Monash City Council,Geoff Lake,Geoff,Lake,2016,2016,no,https://en.wikipedia.org/wiki/City_of_Monash,yes
VIC,Monash City Council,Rebecca Paterson,Rebecca,Paterson,2016,2017,no,https://en.wikipedia.org/wiki/City_of_Monash,yes
VIC,Monash City Council,Paul Klisaris,Paul,Klisaris,2017,2018,no,https://en.wikipedia.org/wiki/City_of_Monash,yes
VIC,Monash City Council,Shane McCluskey,Shane,McCluskey,2018,2019,no,https://en.wikipedia.org/wiki/City_of_Monash,yes
VIC,Monash City Council,Stuart James,Stuart,James,2019,2020,no,https://en.wikipedia.org/wiki/City_of_Monash,yes
VIC,Monash City Council,Brian Little,Brian,Little,2020,2021,no,https://en.wikipedia.org/wiki/City_of_Monash,yes
VIC,Monash City Council,Stuart James,Stuart,James,2021,2022,no,https://en.wikipedia.org/wiki/City_of_Monash,yes
VIC,Monash City Council,Tina Samardzija,Tina,Samardzija,2022,2023,no,https://en.wikipedia.org/wiki/City_of_Monash,yes
VIC,Monash City Council,Nicky Luo,Nicky,Luo,2023,2024,no,https://en.wikipedia.org/wiki/City_of_Monash,yes
VIC,Monash City Council,Paul Klisaris,Paul,Klisaris,2024,2025,no,https://en.wikipedia.org/wiki/City_of_Monash,yes
VIC,Monash City Council,Stuart James,Stuart,James,2025,,no,https://en.wikipedia.org/wiki/City_of_Monash,yes
VIC,Melton City Council,Lara Carli,Lara,Carli,2022,2023,no,https://www.lgnewsroundup.com/victorian-mayors/,yes
VIC,Melton City Council,Kathy Majdlik,Kathy,Majdlik,2023,2024,no,https://www.lgnewsroundup.com/victorian-mayors/,yes
VIC,Melton City Council,Steve Abboushi,Steve,Abboushi,2024,2025,no,https://www.lgnewsroundup.com/victorian-mayors/,yes
VIC,Melton City Council,Lara Carli,Lara,Carli,2025-11-06,,no,https://www.lgnewsroundup.com/victorian-mayors/,yes
VIC,Moorabool Shire Council,Rod Ward,Rod,Ward,2022,2023,no,https://www.lgnewsroundup.com/victorian-mayors/,yes
VIC,Moorabool Shire Council,Ally Munari,Ally,Munari,2023,2024,no,https://www.lgnewsroundup.com/victorian-mayors/,yes
VIC,Moorabool Shire Council,Paul Tatchell,Paul,Tatchell,2024,2025,no,https://www.lgnewsroundup.com/victorian-mayors/,yes
VIC,Moorabool Shire Council,Steve Venditti-Taylor,Steve,Venditti-Taylor,2025-11-12,,no,https://www.lgnewsroundup.com/victorian-mayors/,yes
VIC,Mitchell Shire Council,Fiona Stevens,Fiona,Stevens,2022-11-17,2023,no,https://www.lgnewsroundup.com/victorian-mayors/,yes
VIC,Mitchell Shire Council,Louise Bannister,Louise,Bannister,2023,2024,no,https://www.lgnewsroundup.com/victorian-mayors/,yes
VIC,Mitchell Shire Council,John Dougall,John,Dougall,2024,2025-11-17,no,https://www.lgnewsroundup.com/victorian-mayors/,yes
VIC,Mitchell Shire Council,John Dougall,John,Dougall,2025-11-17,,no,https://www.lgnewsroundup.com/victorian-mayors/,yes
VIC,Moyne Shire Council,Karen Foster,Karen,Foster,2022,2023,no,https://www.lgnewsroundup.com/victorian-mayors/,yes
VIC,Moyne Shire Council,Ian Smith,Ian,Smith,2023,2024,no,https://www.lgnewsroundup.com/victorian-mayors/,yes
VIC,Moyne Shire Council,Karen Foster,Karen,Foster,2024,2025,no,https://www.lgnewsroundup.com/victorian-mayors/,yes
VIC,Moyne Shire Council,Jordan Lockett,Jordan,Lockett,2025-11-25,,no,https://www.lgnewsroundup.com/victorian-mayors/,yes
VIC,Mildura Rural City Council,Liam Wood,Liam,Wood,2022,2023,no,https://www.lgnewsroundup.com/victorian-mayors/,yes
VIC,Mildura Rural City Council,Liam Wood,Liam,Wood,2023,2024,no,https://www.lgnewsroundup.com/victorian-mayors/,yes
VIC,Mildura Rural City Council,Helen Healy,Helen,Healy,2024,2025,no,https://www.lgnewsroundup.com/victorian-mayors/,yes
VIC,Mildura Rural City Council,Ali Cupper,Ali,Cupper,2025-11-06,,no,https://www.lgnewsroundup.com/victorian-mayors/,yes
VIC,Moira Shire Council,Peter Lawless,Peter,Lawless,2022,2023,no,https://www.lgnewsroundup.com/victorian-mayors/,yes
VIC,Melton City Council,Kathy Majdlik,Kathy,Majdlik,2012,2013,no,https://meltonmoorabool.starweekly.com.au/news/majdlik-is-new-melton-mayor/,no
VIC,Melton City Council,Kathy Majdlik,Kathy,Majdlik,2015,2016,no,https://meltonmoorabool.starweekly.com.au/news/majdlik-is-new-melton-mayor/,no
VIC,Melton City Council,Kathy Majdlik,Kathy,Majdlik,2020,2021,no,https://meltonmoorabool.starweekly.com.au/news/majdlik-is-new-melton-mayor/,no
VIC,Mitchell Shire Council,Bill Chisholm,Bill,Chisholm,2016,2018,no,https://ncreview.com.au/2022/03/15/former-mitchell-shire-council-mayor-rejoins-council/,no
VIC,Mitchell Shire Council,Bill Chisholm,Bill,Chisholm,2021,2022,no,https://ncreview.com.au/2022/03/15/former-mitchell-shire-council-mayor-rejoins-council/,no
VIC,Moorabool Shire Council,Allan Comrie,Allan,Comrie,2015,2016,no,https://meltonmoorabool.starweekly.com.au/news/new-mayor-for-moorabool/,no
VIC,Moyne Shire Council,Jim Doukas,Jim,Doukas,2010-12,2013-11,no,https://www.moyne.vic.gov.au/News-and-media/Cr-Ian-Smith-elected-Mayor-of-Moyne-Shire,no
VIC,Hindmarsh Shire Council,Debra Nelson,Debra,Nelson,2016-11,,no,https://www.mailtimes.com.au/story/4283925/debra-nelson-reelected-hindmarsh-mayor/,no
VIC,Hindmarsh Shire Council,Brett Ireland,Brett,Ireland,2023,2024,no,https://www.hindmarsh.vic.gov.au/Council/Councillors,no
VIC,Hindmarsh Shire Council,Ron Ismay,Ron,Ismay,2024,,no,https://www.lgnewsroundup.com/victorian-mayors/,no
VIC,Indigo Shire Council,Bernard Gaffney,Bernard,Gaffney,2018,2019,no,https://www.indigoshire.vic.gov.au/About-Council/Our-news/Latest-news/Council-elects-new-Mayor-and-Deputy-Mayor,no
VIC,Loddon Shire Council,Dan Straub,Dan,Straub,2024-11-19,,no,https://www.loddon.vic.gov.au/News-and-public-notices/News-articles/Loddon-Shire-Council-welcomes-new-Mayor-and-Councillors,no
VIC,Mansfield Shire Council,Steve Rabie,Steve,Rabie,2024,,no,https://www.mansfield.vic.gov.au/news/mayor-and-deputy-mayor-elected-new-council,no
VIC,Mornington Peninsula Shire,Anthony Marsh,Anthony,Marsh,2021-11,,no,https://www.mpnews.com.au/2021/11/17/marsh-elected-mayor/,no
VIC,Mornington Peninsula Shire,Simon Brooks,Simon,Brooks,2023-11,,no,https://www.mpnews.com.au/2023/11/27/new-mayor-for-positive-change/,no
VIC,Mount Alexander Shire,Matthew Driscoll,Matthew,Driscoll,2023,2024,no,https://www.mountalexander.vic.gov.au/Council/News-and-updates/Councillor-Toby-Heydon-elected-Mount-Alexander-Shire-Mayor,no
VIC,Mount Alexander Shire,Toby Heydon,Toby,Heydon,2025,,no,https://www.mountalexander.vic.gov.au/Council/News-and-updates/Councillor-Toby-Heydon-elected-Mount-Alexander-Shire-Mayor,no
VIC,Moonee Valley City Council,Cam Nation,Cam,Nation,2020-10,2021-10,no,https://mvcc.vic.gov.au/cr-cam-nation-elected-as-mayor/,no
VIC,Moonee Valley City Council,Rose Iser,Rose,Iser,2025-10,2026-10-02,no,https://mvcc.vic.gov.au/cr-rose-iser-elected-mayor-of-moonee-valley/,no
VIC,City of Maribyrnong,Mohamed Semra,Mohamed,Semra,2025,,no,https://en.wikipedia.org/wiki/City_of_Maribyrnong,yes
VIC,Horsham Rural City Council,Pam Clarke,Pam,Clarke,2007-12-06,2008-11-29,no,https://www.hrcc.vic.gov.au/files/assets/public/v/1/document-resources/our-council/about-us/pastcrs-mayors-hrcc.pdf,yes
VIC,Horsham Rural City Council,Bernard Gross,Bernard,Gross,2008-12-04,2009-12-03,no,https://www.hrcc.vic.gov.au/files/assets/public/v/1/document-resources/our-council/about-us/pastcrs-mayors-hrcc.pdf,yes
VIC,Horsham Rural City Council,Michael Ryan,Michael,Ryan,2009-12-03,2011-12-01,no,https://www.hrcc.vic.gov.au/files/assets/public/v/1/document-resources/our-council/about-us/pastcrs-mayors-hrcc.pdf,yes
VIC,Horsham Rural City Council,Mandi Stewart,Mandi,Stewart,2011-12-02,2012-11,no,https://www.hrcc.vic.gov.au/files/assets/public/v/1/document-resources/our-council/about-us/pastcrs-mayors-hrcc.pdf,yes
VIC,Horsham Rural City Council,David Grimble,David,Grimble,2012-11-01,2014-11-13,no,https://www.hrcc.vic.gov.au/files/assets/public/v/1/document-resources/our-council/about-us/pastcrs-mayors-hrcc.pdf,yes
VIC,Horsham Rural City Council,Mark Radford,Mark,Radford,2014-11-13,2015-11-13,no,https://www.hrcc.vic.gov.au/files/assets/public/v/1/document-resources/our-council/about-us/pastcrs-mayors-hrcc.pdf,yes
VIC,Horsham Rural City Council,Heather Phillips,Heather,Phillips,2015-11-13,2016-10-22,no,https://www.hrcc.vic.gov.au/files/assets/public/v/1/document-resources/our-council/about-us/pastcrs-mayors-hrcc.pdf,yes
VIC,Horsham Rural City Council,Pam Clarke,Pam,Clarke,2016-10-22,2018-11-08,no,https://www.hrcc.vic.gov.au/files/assets/public/v/1/document-resources/our-council/about-us/pastcrs-mayors-hrcc.pdf,yes
VIC,Horsham Rural City Council,Mark Radford,Mark,Radford,2018-11-08,2020-10,no,https://www.hrcc.vic.gov.au/files/assets/public/v/1/document-resources/our-council/about-us/pastcrs-mayors-hrcc.pdf,yes
VIC,Horsham Rural City Council,Robyn Gulline,Robyn,Gulline,2020-11-09,2024-10-26,no,https://www.hrcc.vic.gov.au/files/assets/public/v/1/document-resources/our-council/about-us/pastcrs-mayors-hrcc.pdf,yes
VIC,Horsham Rural City Council,Ian Ross,Ian,Ross,2024-11-21,,no,https://www.hrcc.vic.gov.au/files/assets/public/v/1/document-resources/our-council/about-us/pastcrs-mayors-hrcc.pdf,yes
VIC,City of Port Phillip,Frank O'Connor,Frank,O'Connor,2008-12-08,2010-12-06,no,https://en.wikipedia.org/wiki/List_of_mayors_of_Port_Phillip,yes
VIC,City of Port Phillip,Rachel Powning,Rachel,Powning,2010-12-06,2012-11-07,no,https://en.wikipedia.org/wiki/List_of_mayors_of_Port_Phillip,yes
VIC,City of Port Phillip,Amanda Stevens,Amanda,Stevens,2012-11-07,2015-02-26,no,https://en.wikipedia.org/wiki/List_of_mayors_of_Port_Phillip,yes
VIC,City of Port Phillip,Bernadene Voss,Bernadene,Voss,2015-11-10,2017-11-08,no,https://en.wikipedia.org/wiki/List_of_mayors_of_Port_Phillip,yes
VIC,City of Port Phillip,Dick Gross,Dick,Gross,2018-11-28,2019-11-13,no,https://en.wikipedia.org/wiki/List_of_mayors_of_Port_Phillip,yes
VIC,City of Port Phillip,Bernadene Voss,Bernadene,Voss,2019-11-13,2020-11-11,no,https://en.wikipedia.org/wiki/List_of_mayors_of_Port_Phillip,yes
VIC,City of Port Phillip,Louise Crawford,Louise,Crawford,2020-11-11,2021-11-17,no,https://en.wikipedia.org/wiki/List_of_mayors_of_Port_Phillip,yes
VIC,City of Port Phillip,Marcus Pearl,Marcus,Pearl,2021-11-17,2022-11-09,no,https://en.wikipedia.org/wiki/List_of_mayors_of_Port_Phillip,yes
VIC,City of Port Phillip,Heather Cunsolo,Heather,Cunsolo,2022-11-09,2024-10-26,no,https://en.wikipedia.org/wiki/List_of_mayors_of_Port_Phillip,yes
VIC,City of Port Phillip,Louise Crawford,Louise,Crawford,2025-11-14,,no,https://en.wikipedia.org/wiki/List_of_mayors_of_Port_Phillip,yes
VIC,City of Port Phillip,Alex Makin,Alex,Makin,2025-11-14,,no,https://en.wikipedia.org/wiki/List_of_mayors_of_Port_Phillip,yes
VIC,City of Stonnington,Claude Ullin,Claude,Ullin,2007,2009,no,https://en.wikipedia.org/wiki/List_of_mayors_of_Stonnington,yes
VIC,City of Stonnington,Tim Smith,Tim,Smith,2009,2010,no,https://en.wikipedia.org/wiki/List_of_mayors_of_Stonnington,yes
VIC,City of Stonnington,Melina Sehr,Melina,Sehr,2010,2011,no,https://en.wikipedia.org/wiki/List_of_mayors_of_Stonnington,yes
VIC,City of Stonnington,John Chandler,John,Chandler,2011,2012,no,https://en.wikipedia.org/wiki/List_of_mayors_of_Stonnington,yes
VIC,City of Stonnington,Matthew Koce,Matthew,Koce,2012,2013,no,https://en.wikipedia.org/wiki/List_of_mayors_of_Stonnington,yes
VIC,City of Stonnington,Adrian Stubbs,Adrian,Stubbs,2013,2014,no,https://en.wikipedia.org/wiki/List_of_mayors_of_Stonnington,yes
VIC,City of Stonnington,Melina Sehr,Melina,Sehr,2014,2015,no,https://en.wikipedia.org/wiki/List_of_mayors_of_Stonnington,yes
VIC,City of Stonnington,Claude Ullin,Claude,Ullin,2015,2016,no,https://en.wikipedia.org/wiki/List_of_mayors_of_Stonnington,yes
VIC,City of Stonnington,Jami Klisaris,Jami,Klisaris,2016,2017,no,https://en.wikipedia.org/wiki/List_of_mayors_of_Stonnington,yes
VIC,City of Stonnington,Steven Stefanopoulos,Steven,Stefanopoulos,2017,2020,no,https://en.wikipedia.org/wiki/List_of_mayors_of_Stonnington,yes
VIC,City of Stonnington,Kate Hely,Kate,Hely,2020,2021,no,https://en.wikipedia.org/wiki/List_of_mayors_of_Stonnington,yes
VIC,City of Stonnington,Jami Klisaris,Jami,Klisaris,2021,2023,no,https://en.wikipedia.org/wiki/List_of_mayors_of_Stonnington,yes
VIC,City of Stonnington,Joe Gianfriddo,Joe,Gianfriddo,2023,2024,no,https://en.wikipedia.org/wiki/List_of_mayors_of_Stonnington,yes
VIC,City of Stonnington,Melina Sehr,Melina,Sehr,2024,2026,no,https://en.wikipedia.org/wiki/List_of_mayors_of_Stonnington,yes
VIC,City of Whittlesea,Mary Lalios,Mary,Lalios,2008,2010,no,https://en.wikipedia.org/wiki/List_of_mayors_of_Whittlesea,yes
VIC,City of Whittlesea,Rex Griffin,Rex,Griffin,2010,2011,no,https://en.wikipedia.org/wiki/List_of_mayors_of_Whittlesea,yes
VIC,City of Whittlesea,Stevan Kozmevski,Stevan,Kozmevski,2011,2012,no,https://en.wikipedia.org/wiki/List_of_mayors_of_Whittlesea,yes
VIC,City of Whittlesea,Rex Griffin,Rex,Griffin,2012,2013,no,https://en.wikipedia.org/wiki/List_of_mayors_of_Whittlesea,yes
VIC,City of Whittlesea,Mary Lalios,Mary,Lalios,2013,2014,no,https://en.wikipedia.org/wiki/List_of_mayors_of_Whittlesea,yes
VIC,City of Whittlesea,Ricky Kirkham,Ricky,Kirkham,2014,2015,no,https://en.wikipedia.org/wiki/List_of_mayors_of_Whittlesea,yes
VIC,City of Whittlesea,Stevan Kozmevski,Stevan,Kozmevski,2015,2016,no,https://en.wikipedia.org/wiki/List_of_mayors_of_Whittlesea,yes
VIC,City of Whittlesea,Ricky Kirkham,Ricky,Kirkham,2016,2017,no,https://en.wikipedia.org/wiki/List_of_mayors_of_Whittlesea,yes
VIC,City of Whittlesea,Kris Pavlidis,Kris,Pavlidis,2017,2018,no,https://en.wikipedia.org/wiki/List_of_mayors_of_Whittlesea,yes
VIC,City of Whittlesea,Lawrie Cox,Lawrie,Cox,2018,2019,no,https://en.wikipedia.org/wiki/List_of_mayors_of_Whittlesea,yes
VIC,City of Whittlesea,Emilia Lisa Sterjova,Emilia Lisa,Sterjova,2019,2020-03,no,https://en.wikipedia.org/wiki/List_of_mayors_of_Whittlesea,yes
VIC,City of Whittlesea,Aidan McLindon,Aidan,McLindon,2024,2025,no,https://en.wikipedia.org/wiki/List_of_mayors_of_Whittlesea,yes
VIC,City of Whittlesea,Martin Taylor,Martin,Taylor,2025,2025,no,https://en.wikipedia.org/wiki/List_of_mayors_of_Whittlesea,yes
VIC,City of Whittlesea,Lawrie Cox,Lawrie,Cox,2025,,no,https://en.wikipedia.org/wiki/List_of_mayors_of_Whittlesea,yes
VIC,City of Wyndham,Heather Marcus,Heather,Marcus,2012,2013,no,https://en.wikipedia.org/wiki/City_of_Wyndham,yes
VIC,City of Wyndham,Bob Fairclough,Bob,Fairclough,2013,2014,no,https://en.wikipedia.org/wiki/City_of_Wyndham,yes
VIC,City of Wyndham,Peter Maynard,Peter,Maynard,2014,2015,no,https://en.wikipedia.org/wiki/City_of_Wyndham,yes
VIC,City of Wyndham,Adele Hegedich,Adele,Hegedich,2015,2016,no,https://en.wikipedia.org/wiki/City_of_Wyndham,yes
VIC,City of Wyndham,Henry Barlow,Henry,Barlow,2016,2017,no,https://en.wikipedia.org/wiki/City_of_Wyndham,yes
VIC,City of Wyndham,Peter Maynard,Peter,Maynard,2017,2018,no,https://en.wikipedia.org/wiki/City_of_Wyndham,yes
VIC,City of Wyndham,Mia Shaw,Mia,Shaw,2018,2019,no,https://en.wikipedia.org/wiki/City_of_Wyndham,yes
VIC,City of Wyndham,Josh Gilligan,Josh,Gilligan,2019,2020,no,https://en.wikipedia.org/wiki/City_of_Wyndham,yes
VIC,City of Wyndham,Adele Hegedich,Adele,Hegedich,2020,2021,no,https://en.wikipedia.org/wiki/City_of_Wyndham,yes
VIC,City of Wyndham,Peter Maynard,Peter,Maynard,2021,2022,no,https://en.wikipedia.org/wiki/City_of_Wyndham,yes
VIC,City of Wyndham,Susan McIntyre,Susan,McIntyre,2022,2023,no,https://en.wikipedia.org/wiki/City_of_Wyndham,yes
VIC,City of Wyndham,Jennie Barrera,Jennie,Barrera,2023,2024,no,https://en.wikipedia.org/wiki/City_of_Wyndham,yes
VIC,City of Wyndham,Mia Shaw,Mia,Shaw,2024,2025,no,https://en.wikipedia.org/wiki/City_of_Wyndham,yes
VIC,City of Wyndham,Josh Gilligan,Josh,Gilligan,2025,2026,no,https://en.wikipedia.org/wiki/City_of_Wyndham,yes
VIC,City of Wyndham,Preet Singh,Preet,Singh,2026,,no,https://en.wikipedia.org/wiki/City_of_Wyndham,yes
VIC,City of Yarra,Amanda Stone,Amanda,Stone,2008-11,2009-11,no,https://en.wikipedia.org/wiki/List_of_mayors_of_Yarra,yes
VIC,City of Yarra,Jane Garrett,Jane,Garrett,2009-11,2010-11,no,https://en.wikipedia.org/wiki/List_of_mayors_of_Yarra,yes
VIC,City of Yarra,Alison Clarke,Alison,Clarke,2010-11,2011-11,no,https://en.wikipedia.org/wiki/List_of_mayors_of_Yarra,yes
VIC,City of Yarra,Geoff Barbour,Geoff,Barbour,2011-11,2012-11,no,https://en.wikipedia.org/wiki/List_of_mayors_of_Yarra,yes
VIC,City of Yarra,Jackie Fristacky,Jackie,Fristacky,2012-11,2014-11,no,https://en.wikipedia.org/wiki/List_of_mayors_of_Yarra,yes
VIC,City of Yarra,Phillip Vlahogiannis,Phillip,Vlahogiannis,2014-11,2015-11,no,https://en.wikipedia.org/wiki/List_of_mayors_of_Yarra,yes
VIC,City of Yarra,Roberto Colanzi,Roberto,Colanzi,2015-11,2016-11-09,no,https://en.wikipedia.org/wiki/List_of_mayors_of_Yarra,yes
VIC,City of Yarra,Amanda Stone,Amanda,Stone,2016-11-09,2017-11-28,no,https://en.wikipedia.org/wiki/List_of_mayors_of_Yarra,yes
VIC,City of Yarra,Daniel Nguyen,Daniel,Nguyen,2017-11-28,2018-11-27,no,https://en.wikipedia.org/wiki/List_of_mayors_of_Yarra,yes
VIC,City of Yarra,Danae Bosler,Danae,Bosler,2018-11-27,2019-11-28,no,https://en.wikipedia.org/wiki/List_of_mayors_of_Yarra,yes
VIC,City of Yarra,Misha Coleman,Misha,Coleman,2019-11-28,2020-11-17,no,https://en.wikipedia.org/wiki/List_of_mayors_of_Yarra,yes
VIC,City of Yarra,Gabrielle de Vietri,Gabrielle de,Vietri,2020-11-17,2021-11-26,no,https://en.wikipedia.org/wiki/List_of_mayors_of_Yarra,yes
VIC,City of Yarra,Sophie Wade,Sophie,Wade,2021-11-26,2022-11-28,no,https://en.wikipedia.org/wiki/List_of_mayors_of_Yarra,yes
VIC,City of Yarra,Claudia Nguyen,Claudia,Nguyen,2022-11-28,2023-11-15,no,https://en.wikipedia.org/wiki/List_of_mayors_of_Yarra,yes
VIC,City of Yarra,Edward Crossland,Edward,Crossland,2023-11-15,2024-11-19,no,https://en.wikipedia.org/wiki/List_of_mayors_of_Yarra,yes
VIC,City of Yarra,Stephen Jolly,Stephen,Jolly,2024-11-19,,no,https://en.wikipedia.org/wiki/List_of_mayors_of_Yarra,yes
VIC,City of Brimbank,Troy Atanasovski,Troy,Atanasovski,2008,2009,no,https://en.wikipedia.org/wiki/City_of_Brimbank,yes
VIC,City of Brimbank,John Hedditch,John,Hedditch,2016,2017,no,https://en.wikipedia.org/wiki/City_of_Brimbank,yes
VIC,City of Brimbank,Margaret Giudice,Margaret,Giudice,2017,2018,no,https://en.wikipedia.org/wiki/City_of_Brimbank,yes
VIC,City of Brimbank,Lucinda Congreve,Lucinda,Congreve,2018,2019,no,https://en.wikipedia.org/wiki/City_of_Brimbank,yes
VIC,City of Brimbank,Georgina Papafotiou,Georgina,Papafotiou,2019,2020,no,https://en.wikipedia.org/wiki/City_of_Brimbank,yes
VIC,City of Brimbank,Ranka Rasic,Ranka,Rasic,2020,2021,no,https://en.wikipedia.org/wiki/City_of_Brimbank,yes
VIC,City of Brimbank,Jasmine Nguyen,Jasmine,Nguyen,2021,2022,no,https://en.wikipedia.org/wiki/City_of_Brimbank,yes
VIC,City of Brimbank,Bruce Lancashire,Bruce,Lancashire,2022,2023,no,https://en.wikipedia.org/wiki/City_of_Brimbank,yes
VIC,City of Brimbank,Ranka Rasic,Ranka,Rasic,2023,2024,no,https://en.wikipedia.org/wiki/City_of_Brimbank,yes
VIC,City of Brimbank,Thuy Dang,Thuy,Dang,2024,2025,no,https://en.wikipedia.org/wiki/City_of_Brimbank,yes
VIC,Cardinia Shire,Bill Ronald,Bill,Ronald,2008,2008,no,https://en.wikipedia.org/wiki/Shire_of_Cardinia,yes
VIC,Cardinia Shire,Bill Pearson,Bill,Pearson,2009,2009,no,https://en.wikipedia.org/wiki/Shire_of_Cardinia,yes
VIC,Cardinia Shire,Graeme Legge,Graeme,Legge,2010,2010,no,https://en.wikipedia.org/wiki/Shire_of_Cardinia,yes
VIC,Cardinia Shire,George Blenkhorn,George,Blenkhorn,2011,2011,no,https://en.wikipedia.org/wiki/Shire_of_Cardinia,yes
VIC,Cardinia Shire,Ed Chatwin,Ed,Chatwin,2012,2012,no,https://en.wikipedia.org/wiki/Shire_of_Cardinia,yes
VIC,Cardinia Shire,Brett Owen,Brett,Owen,2013,2013,no,https://en.wikipedia.org/wiki/Shire_of_Cardinia,yes
VIC,Cardinia Shire,Graeme Moore,Graeme,Moore,2014,2014,no,https://en.wikipedia.org/wiki/Shire_of_Cardinia,yes
VIC,Cardinia Shire,Leticia Wilmot,Leticia,Wilmot,2015,2015,no,https://en.wikipedia.org/wiki/Shire_of_Cardinia,yes
VIC,Cardinia Shire,Jodie Owen,Jodie,Owen,2016,2016,no,https://en.wikipedia.org/wiki/Shire_of_Cardinia,yes
VIC,Cardinia Shire,Brett Owen,Brett,Owen,2017,2017,no,https://en.wikipedia.org/wiki/Shire_of_Cardinia,yes
VIC,Cardinia Shire,Collin Ross,Collin,Ross,2018,2018,no,https://en.wikipedia.org/wiki/Shire_of_Cardinia,yes
VIC,Cardinia Shire,Graeme Moore,Graeme,Moore,2019,2019,no,https://en.wikipedia.org/wiki/Shire_of_Cardinia,yes
VIC,Cardinia Shire,Jeff Springfield,Jeff,Springfield,2020,2020,no,https://en.wikipedia.org/wiki/Shire_of_Cardinia,yes
VIC,Cardinia Shire,Brett Owen,Brett,Owen,2021,2021,no,https://en.wikipedia.org/wiki/Shire_of_Cardinia,yes
VIC,Cardinia Shire,Jeff Springfield,Jeff,Springfield,2022,2022,no,https://en.wikipedia.org/wiki/Shire_of_Cardinia,yes
VIC,Cardinia Shire,Tammy Radford,Tammy,Radford,2023,2023,no,https://en.wikipedia.org/wiki/Shire_of_Cardinia,yes
VIC,Cardinia Shire,Jack Kowarzik,Jack,Kowarzik,2024,2024,no,https://en.wikipedia.org/wiki/Shire_of_Cardinia,yes
VIC,Borough of Queenscliffe,Bob Merriman,Bob,Merriman,2008,2012,no,https://en.wikipedia.org/wiki/Borough_of_Queenscliffe,yes
VIC,Borough of Queenscliffe,Hélène Cameron,Hélène,Cameron,2012,2016,no,https://en.wikipedia.org/wiki/Borough_of_Queenscliffe,yes
VIC,Borough of Queenscliffe,Tony Francis,Tony,Francis,2016,2017,no,https://en.wikipedia.org/wiki/Borough_of_Queenscliffe,yes
VIC,Borough of Queenscliffe,Susan Salter,Susan,Salter,2017,2018,no,https://en.wikipedia.org/wiki/Borough_of_Queenscliffe,yes
VIC,Borough of Queenscliffe,Bob Merriman,Bob,Merriman,2018,2019,no,https://en.wikipedia.org/wiki/Borough_of_Queenscliffe,yes
VIC,Borough of Queenscliffe,Ross Ebbels,Ross,Ebbels,2019,2022,no,https://en.wikipedia.org/wiki/Borough_of_Queenscliffe,yes
VIC,Borough of Queenscliffe,Isabelle Tolhurst,Isabelle,Tolhurst,2022,2024,no,https://en.wikipedia.org/wiki/Borough_of_Queenscliffe,yes
VIC,Borough of Queenscliffe,Ross Ebbels,Ross,Ebbels,2024,2024,no,https://en.wikipedia.org/wiki/Borough_of_Queenscliffe,yes
VIC,Borough of Queenscliffe,Di Rule,Di,Rule,2024,,no,https://en.wikipedia.org/wiki/Borough_of_Queenscliffe,yes
VIC,Surf Coast Shire,Libby Mears,Libby,Mears,2008,2009,no,https://en.wikipedia.org/wiki/Shire_of_Surf_Coast,yes
VIC,Surf Coast Shire,Libby Coker,Libby,Coker,2009,2010,no,https://en.wikipedia.org/wiki/Shire_of_Surf_Coast,yes
VIC,Surf Coast Shire,Dean Webster,Dean,Webster,2010,2011,no,https://en.wikipedia.org/wiki/Shire_of_Surf_Coast,yes
VIC,Surf Coast Shire,Brian McKiterick,Brian,McKiterick,2011,2012,no,https://en.wikipedia.org/wiki/Shire_of_Surf_Coast,yes
VIC,Surf Coast Shire,Libby Coker,Libby,Coker,2012,2013,no,https://en.wikipedia.org/wiki/Shire_of_Surf_Coast,yes
VIC,Surf Coast Shire,Rose Hodge,Rose,Hodge,2013,2014,no,https://en.wikipedia.org/wiki/Shire_of_Surf_Coast,yes
VIC,Surf Coast Shire,Margot Smith,Margot,Smith,2014,2015,no,https://en.wikipedia.org/wiki/Shire_of_Surf_Coast,yes
VIC,Surf Coast Shire,Rose Hodge,Rose,Hodge,2015,2016,no,https://en.wikipedia.org/wiki/Shire_of_Surf_Coast,yes
VIC,Surf Coast Shire,Brian McKiterick,Brian,McKiterick,2016,2017,no,https://en.wikipedia.org/wiki/Shire_of_Surf_Coast,yes
VIC,Surf Coast Shire,David Bell,David,Bell,2017,2018,no,https://en.wikipedia.org/wiki/Shire_of_Surf_Coast,yes
VIC,Surf Coast Shire,Rose Hodge,Rose,Hodge,2018,2020,no,https://en.wikipedia.org/wiki/Shire_of_Surf_Coast,yes
VIC,Surf Coast Shire,Libby Stapleton,Libby,Stapleton,2020,2022,no,https://en.wikipedia.org/wiki/Shire_of_Surf_Coast,yes
VIC,Surf Coast Shire,Liz Pattison,Liz,Pattison,2022,2024,no,https://en.wikipedia.org/wiki/Shire_of_Surf_Coast,yes
VIC,Surf Coast Shire,Mike Bodsworth,Mike,Bodsworth,2024,,no,https://en.wikipedia.org/wiki/Shire_of_Surf_Coast,yes
VIC,Shire of Wellington,Darren McCubbin,Darren,McCubbin,2008,2008,no,https://www.wellington.vic.gov.au/council/mayoral-honour-roll,yes
VIC,Shire of Wellington,Darren McCubbin,Darren,McCubbin,2009,2009,no,https://www.wellington.vic.gov.au/council/mayoral-honour-roll,yes
VIC,Shire of Wellington,Scott Rossetti,Scott,Rossetti,2010,2010,no,https://www.wellington.vic.gov.au/council/mayoral-honour-roll,yes
VIC,Shire of Wellington,Jeff Amos,Jeff,Amos,2011,2011,no,https://www.wellington.vic.gov.au/council/mayoral-honour-roll,yes
VIC,Shire of Wellington,Peter Cleary,Peter,Cleary,2012,2012,no,https://www.wellington.vic.gov.au/council/mayoral-honour-roll,yes
VIC,Shire of Wellington,Scott Rossetti,Scott,Rossetti,2013,2013,no,https://www.wellington.vic.gov.au/council/mayoral-honour-roll,yes
VIC,Shire of Wellington,Scott Rossetti,Scott,Rossetti,2014,2014,no,https://www.wellington.vic.gov.au/council/mayoral-honour-roll,yes
VIC,Shire of Wellington,Carolyn Crossley,Carolyn,Crossley,2015,2015,no,https://www.wellington.vic.gov.au/council/mayoral-honour-roll,yes
VIC,Shire of Wellington,Darren McCubbin,Darren,McCubbin,2016,2016,no,https://www.wellington.vic.gov.au/council/mayoral-honour-roll,yes
VIC,Shire of Wellington,Carolyn Crossley,Carolyn,Crossley,2017,2017,no,https://www.wellington.vic.gov.au/council/mayoral-honour-roll,yes
VIC,Shire of Wellington,Carolyn Crossley,Carolyn,Crossley,2018,2018,no,https://www.wellington.vic.gov.au/council/mayoral-honour-roll,yes
VIC,Shire of Wellington,Alan Hall,Alan,Hall,2019,2019,no,https://www.wellington.vic.gov.au/council/mayoral-honour-roll,yes
VIC,Shire of Wellington,Alan Hall,Alan,Hall,2020,2020,no,https://www.wellington.vic.gov.au/council/mayoral-honour-roll,yes
VIC,Shire of Wellington,Garry Stephens,Garry,Stephens,2021,2021,no,https://www.wellington.vic.gov.au/council/mayoral-honour-roll,yes
VIC,Shire of Wellington,Ian Bye,Ian,Bye,2022,2022,no,https://www.wellington.vic.gov.au/council/mayoral-honour-roll,yes
VIC,Shire of Wellington,Ian Bye,Ian,Bye,2023,2023,no,https://www.wellington.vic.gov.au/council/mayoral-honour-roll,yes
VIC,Shire of Wellington,Ian Bye,Ian,Bye,2024,2024,no,https://www.wellington.vic.gov.au/council/mayoral-honour-roll,yes
VIC,Shire of Wellington,Scott Rossetti,Scott,Rossetti,2025,2025,no,https://www.wellington.vic.gov.au/council/mayoral-honour-roll,yes
VIC,Shire of Wellington,Cindy Madeley,Cindy,Madeley,2026,,no,https://www.wellington.vic.gov.au/council/mayoral-honour-roll,yes
VIC,Rural City of Swan Hill,Ann Young,Ann,Young,2016,2019,no,https://en.wikipedia.org/wiki/Rural_City_of_Swan_Hill,yes
VIC,Rural City of Swan Hill,Bill Moar,Bill,Moar,2019,2022,no,https://en.wikipedia.org/wiki/Rural_City_of_Swan_Hill,yes
VIC,Rural City of Swan Hill,Les McPhee,Les,McPhee,2022,,no,https://en.wikipedia.org/wiki/Rural_City_of_Swan_Hill,yes
VIC,Alpine Shire,John Forsyth,John,Forsyth,2022,2024,no,https://www.alpineshire.vic.gov.au/community/news/cr-forsyth-re-elected-mayor,no
VIC,Alpine Shire,Sarah Nicholas,Sarah,Nicholas,2024,2025,no,https://www.alpineshire.vic.gov.au/community/news/cr-forsyth-re-elected-mayor,no
VIC,Shire of Nillumbik,Karen Egan,Karen,Egan,2018,2019,no,https://www.nationaltribune.com.au/cr-ben-ramcharan-re-elected-mayor-of-nillumbik-shire-council/,no
VIC,Shire of Nillumbik,Ben Ramcharan,Ben,Ramcharan,2022,2024,no,https://www.nationaltribune.com.au/cr-ben-ramcharan-re-elected-mayor-of-nillumbik-shire-council/,no
VIC,Shire of Nillumbik,John Dumaresq,John,Dumaresq,2024,2025,no,https://www.nationaltribune.com.au/cr-ben-ramcharan-re-elected-mayor-of-nillumbik-shire-council/,no
VIC,Shire of Nillumbik,Naomi Joiner,Naomi,Joiner,2024,,no,https://www.nationaltribune.com.au/cr-ben-ramcharan-re-elected-mayor-of-nillumbik-shire-council/,no
VIC,Yarra Ranges Council,Sophie Todorov,Sophie,Todorov,2023,2024,no,https://rangestrader.mailcommunity.com.au/opinion/2024-11-30/new-mayor-of-yarra-ranges-council/,no
VIC,Yarra Ranges Council,Jim Child,Jim,Child,2024,2025,no,https://rangestrader.mailcommunity.com.au/opinion/2024-11-30/new-mayor-of-yarra-ranges-council/,no
VIC,Warrnambool City Council,Ben Blain,Ben,Blain,2024-11-25,2025-11-17,no,https://www.warrnambool.vic.gov.au/cr-ben-blain-re-elected-mayor-cr-matt-walsh-elected-deputy-mayor,no
VIC,Warrnambool City Council,Ben Blain,Ben,Blain,2025-11-17,,no,https://www.warrnambool.vic.gov.au/cr-ben-blain-re-elected-mayor-cr-matt-walsh-elected-deputy-mayor,no
VIC,Rural City of Wodonga,Mark Byatt,Mark,Byatt,2008-11,2009,no,https://en.wikipedia.org/wiki/Rural_City_of_Wodonga,no
VIC,Rural City of Wodonga,Kevin Poulton,Kevin,Poulton,2020-11-23,2021,no,https://en.wikipedia.org/wiki/Rural_City_of_Wodonga,no
VIC,Rural City of Wodonga,Ron Mildren,Ron,Mildren,2022-12,2024,no,https://en.wikipedia.org/wiki/Rural_City_of_Wodonga,no
VIC,Rural City of Wangaratta,Dean Rees,Dean,Rees,2018-11,,no,https://www.wangaratta.vic.gov.au/Your-Council/Council/Councillors/Mayor-Irene-Grant,no
VIC,Rural City of Wangaratta,Irene Grant,Irene,Grant,2025,,no,https://www.wangaratta.vic.gov.au/Your-Council/Council/Councillors/Mayor-Irene-Grant,no
NSW,Northern Beaches Council,Michael Regan,Michael,Regan,2017-09-26,2023-05-16,no,https://en.wikipedia.org/wiki/Northern_Beaches_Council,yes
NSW,Northern Beaches Council,Sue Heins,Sue,Heins,2023-05-16,,no,https://en.wikipedia.org/wiki/Northern_Beaches_Council,yes
NSW,Inner West Council,Darcy Byrne,Darcy,Byrne,2017-09-21,2021-09-07,no,https://en.wikipedia.org/wiki/Inner_West_Council,yes
NSW,Inner West Council,Rochelle Porteous,Rochelle,Porteous,2021-09-07,2021-12-29,no,https://en.wikipedia.org/wiki/Inner_West_Council,yes
NSW,Inner West Council,Darcy Byrne,Darcy,Byrne,2021-12-29,,no,https://en.wikipedia.org/wiki/Inner_West_Council,yes
NSW,Canterbury-Bankstown Council,Khal Asfour,Khal,Asfour,2017-09-26,2023-05-11,no,https://en.wikipedia.org/wiki/City_of_Canterbury-Bankstown,yes
NSW,Canterbury-Bankstown Council,Bilal El-Hayek,Bilal,El-Hayek,2023-05-11,,no,https://en.wikipedia.org/wiki/City_of_Canterbury-Bankstown,yes
NSW,Parramatta City Council,Martin Zaiter,Martin,Zaiter,2024-10-14,,no,https://en.wikipedia.org/wiki/City_of_Parramatta,yes
NSW,Blacktown City Council,Leo Kelly,Leo,Kelly,2004-04-14,2008-09,no,https://en.wikipedia.org/wiki/City_of_Blacktown,yes
NSW,Blacktown City Council,Charlie Lowles,Charlie,Lowles,2008-09,2010-09,no,https://en.wikipedia.org/wiki/City_of_Blacktown,yes
NSW,Blacktown City Council,Alan Pendleton,Alan,Pendleton,2010-09,2012-09-26,no,https://en.wikipedia.org/wiki/City_of_Blacktown,yes
NSW,Blacktown City Council,Len Robinson,Len,Robinson,2012-09-26,2014-09-17,no,https://en.wikipedia.org/wiki/City_of_Blacktown,yes
NSW,Blacktown City Council,Stephen Bali,Stephen,Bali,2014-09-17,2019-10-09,no,https://en.wikipedia.org/wiki/City_of_Blacktown,yes
NSW,Blacktown City Council,Tony Bleasdale,Tony,Bleasdale,2019-10-09,2024-05-03,no,https://en.wikipedia.org/wiki/City_of_Blacktown,yes
NSW,Blacktown City Council,Brad Bunting,Brad,Bunting,2024-05-15,,no,https://en.wikipedia.org/wiki/City_of_Blacktown,yes
NSW,Penrith City Council,Jim Aitken,Jim,Aitken,2008-09,2009-09,no,https://en.wikipedia.org/wiki/City_of_Penrith,yes
NSW,Penrith City Council,Kevin Crameri,Kevin,Crameri,2009-09,2011-09,no,https://en.wikipedia.org/wiki/City_of_Penrith,yes
NSW,Penrith City Council,Greg Davies,Greg,Davies,2011-09,2012-09,no,https://en.wikipedia.org/wiki/City_of_Penrith,yes
NSW,Penrith City Council,Mark Davies,Mark,Davies,2012-09,2013-09,no,https://en.wikipedia.org/wiki/City_of_Penrith,yes
NSW,Penrith City Council,Ross Fowler,Ross,Fowler,2013-09,2015-09,no,https://en.wikipedia.org/wiki/City_of_Penrith,yes
NSW,Penrith City Council,Karen McKeown,Karen,McKeown,2015-09,2016-09,no,https://en.wikipedia.org/wiki/City_of_Penrith,yes
NSW,Penrith City Council,John Thain,John,Thain,2016-09,2018-09,no,https://en.wikipedia.org/wiki/City_of_Penrith,yes
NSW,Penrith City Council,Ross Fowler,Ross,Fowler,2018-09,2020-09,no,https://en.wikipedia.org/wiki/City_of_Penrith,yes
NSW,Penrith City Council,Karen McKeown,Karen,McKeown,2020-09,2022-01,no,https://en.wikipedia.org/wiki/City_of_Penrith,yes
NSW,Penrith City Council,Tricia Hitchen,Tricia,Hitchen,2022-01,2023-10,no,https://en.wikipedia.org/wiki/City_of_Penrith,yes
NSW,Penrith City Council,Todd Carney,Todd,Carney,2023-10,,no,https://en.wikipedia.org/wiki/City_of_Penrith,yes
NSW,Campbelltown City Council,Russell Matheson,Russell,Matheson,2008,2009,no,https://en.wikipedia.org/wiki/List_of_mayors_of_Campbelltown,yes
NSW,Campbelltown City Council,Aaron Rule,Aaron,Rule,2009,2010,no,https://en.wikipedia.org/wiki/List_of_mayors_of_Campbelltown,yes
NSW,Campbelltown City Council,Paul Lake,Paul,Lake,2010,2011,no,https://en.wikipedia.org/wiki/List_of_mayors_of_Campbelltown,yes
NSW,Campbelltown City Council,Anoulack Chanthivong,Anoulack,Chanthivong,2011,2012,no,https://en.wikipedia.org/wiki/List_of_mayors_of_Campbelltown,yes
NSW,Campbelltown City Council,Sue Dobson,Sue,Dobson,2012,2013,no,https://en.wikipedia.org/wiki/List_of_mayors_of_Campbelltown,yes
NSW,Campbelltown City Council,Clinton Mead,Clinton,Mead,2013,2014,no,https://en.wikipedia.org/wiki/List_of_mayors_of_Campbelltown,yes
NSW,Campbelltown City Council,Paul Lake,Paul,Lake,2014-09-15,2015-09-18,no,https://en.wikipedia.org/wiki/List_of_mayors_of_Campbelltown,yes
NSW,Campbelltown City Council,Paul Hawker,Paul,Hawker,2015-09-18,2016-09-10,no,https://en.wikipedia.org/wiki/List_of_mayors_of_Campbelltown,yes
NSW,Campbelltown City Council,George Brticevic,George,Brticevic,2016-09-27,2021-12-03,no,https://en.wikipedia.org/wiki/List_of_mayors_of_Campbelltown,yes
NSW,Campbelltown City Council,George Greiss,George,Greiss,2022-01-11,2024-10-15,no,https://en.wikipedia.org/wiki/List_of_mayors_of_Campbelltown,yes
NSW,Campbelltown City Council,Darcy Lound,Darcy,Lound,2024-10-15,,no,https://en.wikipedia.org/wiki/List_of_mayors_of_Campbelltown,yes
NSW,Sutherland Shire Council,Lorraine Kelly,Lorraine,Kelly,2008,2010,no,https://en.wikipedia.org/wiki/Sutherland_Shire,yes
NSW,Sutherland Shire Council,Phil Blight,Phil,Blight,2010,2011,no,https://en.wikipedia.org/wiki/Sutherland_Shire,yes
NSW,Sutherland Shire Council,Carol Provan,Carol,Provan,2011,2012,no,https://en.wikipedia.org/wiki/Sutherland_Shire,yes
NSW,Sutherland Shire Council,Kent Johns,Kent,Johns,2012,2013,no,https://en.wikipedia.org/wiki/Sutherland_Shire,yes
NSW,Sutherland Shire Council,Steve Simpson,Steve,Simpson,2013,2014,no,https://en.wikipedia.org/wiki/Sutherland_Shire,yes
NSW,Sutherland Shire Council,Kent Johns,Kent,Johns,2014,2015,no,https://en.wikipedia.org/wiki/Sutherland_Shire,yes
NSW,Sutherland Shire Council,Carmelo Pesce,Carmelo,Pesce,2015,2020,no,https://en.wikipedia.org/wiki/Sutherland_Shire,yes
NSW,Sutherland Shire Council,Steve Simpson,Steve,Simpson,2020,2022,no,https://en.wikipedia.org/wiki/Sutherland_Shire,yes
NSW,Sutherland Shire Council,Carmelo Pesce,Carmelo,Pesce,2022,2024,no,https://en.wikipedia.org/wiki/Sutherland_Shire,yes
NSW,Sutherland Shire Council,Jack Boyd,Jack,Boyd,2024,,no,https://en.wikipedia.org/wiki/Sutherland_Shire,yes
NSW,Georges River Council,Kevin Greene,Kevin,Greene,2017-09-25,2021-12-30,no,https://en.wikipedia.org/wiki/Georges_River_Council,yes
NSW,Georges River Council,Nick Katris,Nick,Katris,2021-12-30,2023-09-25,no,https://en.wikipedia.org/wiki/Georges_River_Council,yes
NSW,Georges River Council,Sam Elmir,Sam,Elmir,2023-09-25,2024-10-14,no,https://en.wikipedia.org/wiki/Georges_River_Council,yes
NSW,Georges River Council,Elise Borg,Elise,Borg,2024-10-14,,no,https://en.wikipedia.org/wiki/Georges_River_Council,yes
NSW,Randwick City Council,Noel D'Souza,Noel,D'Souza,2015,2017,no,https://en.wikipedia.org/wiki/Randwick_City_Council,no
NSW,Randwick City Council,Danny Said,Danny,Said,2019,2021,no,https://en.wikipedia.org/wiki/Randwick_City_Council,no
NSW,Randwick City Council,Dylan Parker,Dylan,Parker,2021,2023,no,https://en.wikipedia.org/wiki/Randwick_City_Council,no
NSW,Randwick City Council,Philipa Veitch,Philipa,Veitch,2023,2024,no,https://en.wikipedia.org/wiki/Randwick_City_Council,no
NSW,Randwick City Council,Dylan Parker,Dylan,Parker,2024,2026-09,no,https://en.wikipedia.org/wiki/Randwick_City_Council,no
NSW,Randwick City Council,Clare Willington,Clare,Willington,2026-09-29,,no,https://en.wikipedia.org/wiki/Randwick_City_Council,no
NSW,Woollahra Municipal Council,Andrew Petrie,Andrew,Petrie,2008-10-01,2010-09-21,no,https://en.wikipedia.org/wiki/List_of_mayors_of_Woollahra,yes
NSW,Woollahra Municipal Council,Isabelle Shapiro,Isabelle,Shapiro,2010-09-21,2011-09-13,no,https://en.wikipedia.org/wiki/List_of_mayors_of_Woollahra,yes
NSW,Woollahra Municipal Council,Susan Wynne,Susan,Wynne,2011-09-13,2012-09-27,no,https://en.wikipedia.org/wiki/List_of_mayors_of_Woollahra,yes
NSW,Woollahra Municipal Council,Andrew Petrie,Andrew,Petrie,2012-09-27,2013-09-19,no,https://en.wikipedia.org/wiki/List_of_mayors_of_Woollahra,yes
NSW,Woollahra Municipal Council,Toni Zeltzer,Toni,Zeltzer,2013-09-19,2017-09-25,no,https://en.wikipedia.org/wiki/List_of_mayors_of_Woollahra,yes
NSW,Woollahra Municipal Council,Peter Cavanagh,Peter,Cavanagh,2017-09-25,2019-09-23,no,https://en.wikipedia.org/wiki/List_of_mayors_of_Woollahra,yes
NSW,Woollahra Municipal Council,Susan Wynne,Susan,Wynne,2019-09-23,2023-09-26,no,https://en.wikipedia.org/wiki/List_of_mayors_of_Woollahra,yes
NSW,Woollahra Municipal Council,Richard Shields,Richard,Shields,2023-09-26,2024-10-09,no,https://en.wikipedia.org/wiki/List_of_mayors_of_Woollahra,yes
NSW,Woollahra Municipal Council,Sarah Swan,Sarah,Swan,2024-10-09,,no,https://en.wikipedia.org/wiki/List_of_mayors_of_Woollahra,yes
NSW,Waverley Council,Sally Betts,Sally,Betts,2008-09-30,2011-09-22,no,https://en.wikipedia.org/wiki/Waverley_Council,yes
NSW,Waverley Council,John Wakefield,John,Wakefield,2011-09-22,2012-09-27,no,https://en.wikipedia.org/wiki/Waverley_Council,yes
NSW,Waverley Council,Sally Betts,Sally,Betts,2012-09-27,2017-09-26,no,https://en.wikipedia.org/wiki/Waverley_Council,yes
NSW,Waverley Council,John Wakefield,John,Wakefield,2017-09-26,2019-09-27,no,https://en.wikipedia.org/wiki/Waverley_Council,yes
NSW,Waverley Council,Paula Masselos,Paula,Masselos,2019-09-27,2024-10-09,no,https://en.wikipedia.org/wiki/Waverley_Council,yes
NSW,Waverley Council,William Nemesh,William,Nemesh,2024-10-10,,no,https://en.wikipedia.org/wiki/Waverley_Council,yes
NSW,North Sydney Council,Zoe Baker,Zoe,Baker,2022-01-10,,no,https://en.wikipedia.org/wiki/North_Sydney_Council,yes
NSW,Lane Cove Council,Win Gaffney,Win,Gaffney,2009-09-21,2012-09,no,https://en.wikipedia.org/wiki/List_of_mayors_of_Lane_Cove,yes
NSW,Lane Cove Council,Scott Bennison,Scott,Bennison,2012-09,2013-09-17,no,https://en.wikipedia.org/wiki/List_of_mayors_of_Lane_Cove,yes
NSW,Lane Cove Council,David Brooks-Horn,David,Brooks-Horn,2013-09-17,2015-09-21,no,https://en.wikipedia.org/wiki/List_of_mayors_of_Lane_Cove,yes
NSW,Lane Cove Council,Deborah Hutchens,Deborah,Hutchens,2015-09-21,2017-09-25,no,https://en.wikipedia.org/wiki/List_of_mayors_of_Lane_Cove,yes
NSW,Lane Cove Council,Pam Palmer,Pam,Palmer,2017-09-25,2022-01-10,no,https://en.wikipedia.org/wiki/List_of_mayors_of_Lane_Cove,yes
NSW,Lane Cove Council,Andrew Zbik,Andrew,Zbik,2022-01-10,2023-09-21,no,https://en.wikipedia.org/wiki/List_of_mayors_of_Lane_Cove,yes
NSW,Lane Cove Council,Scott Bennison,Scott,Bennison,2023-09-21,2024-10,no,https://en.wikipedia.org/wiki/List_of_mayors_of_Lane_Cove,yes
NSW,Lane Cove Council,Merri Southwood,Merri,Southwood,2024-10,,no,https://en.wikipedia.org/wiki/List_of_mayors_of_Lane_Cove,yes
NSW,Ku-ring-gai Council,Elaine Malicki,Elaine,Malicki,2008-09,2010-09,no,https://en.wikipedia.org/wiki/List_of_mayors_of_Ku-ring-gai,yes
NSW,Ku-ring-gai Council,Ian Cross,Ian,Cross,2010-09,2011-09-06,no,https://en.wikipedia.org/wiki/List_of_mayors_of_Ku-ring-gai,yes
NSW,Ku-ring-gai Council,Jennifer Anderson,Jennifer,Anderson,2011-09-06,2016-09-20,no,https://en.wikipedia.org/wiki/List_of_mayors_of_Ku-ring-gai,yes
NSW,Ku-ring-gai Council,Jennifer Anderson,Jennifer,Anderson,2016-09-20,2021-09-21,no,https://en.wikipedia.org/wiki/List_of_mayors_of_Ku-ring-gai,yes
NSW,Ku-ring-gai Council,Cedric Spencer,Cedric,Spencer,2021-09-21,2022-01-11,no,https://en.wikipedia.org/wiki/List_of_mayors_of_Ku-ring-gai,yes
NSW,Ku-ring-gai Council,Jeff Pettett,Jeff,Pettett,2022-01-11,2023-09-19,no,https://en.wikipedia.org/wiki/List_of_mayors_of_Ku-ring-gai,yes
NSW,Ku-ring-gai Council,Sam Ngai,Sam,Ngai,2023-09-19,2024-11,no,https://en.wikipedia.org/wiki/List_of_mayors_of_Ku-ring-gai,yes
NSW,Ku-ring-gai Council,Christine Kay,Christine,Kay,2024-11,2026-09-15,no,https://en.wikipedia.org/wiki/List_of_mayors_of_Ku-ring-gai,yes
NSW,Ku-ring-gai Council,Kim Wheatley,Kim,Wheatley,2026-09-15,,no,https://en.wikipedia.org/wiki/List_of_mayors_of_Ku-ring-gai,yes
NSW,Cumberland City Council,Greg Cummings,Greg,Cummings,2017-09-27,2019-09-25,no,https://en.wikipedia.org/wiki/Cumberland_City_Council,yes
NSW,Cumberland City Council,Steve Christou,Steve,Christou,2019-09-25,2022-01-12,no,https://en.wikipedia.org/wiki/Cumberland_City_Council,yes
NSW,Cumberland City Council,Lisa Lake,Lisa,Lake,2022-01-12,2024-09-14,no,https://en.wikipedia.org/wiki/Cumberland_City_Council,yes
NSW,Cumberland City Council,Ola Hamed,Ola,Hamed,2024-10-16,2026-09-30,no,https://en.wikipedia.org/wiki/Cumberland_City_Council,yes
NSW,Cumberland City Council,Joseph Rahme,Joseph,Rahme,2026-09-30,,no,https://en.wikipedia.org/wiki/Cumberland_City_Council,yes
NSW,Bayside Council,Bill Saravinovski,Bill,Saravinovski,2017-09-27,2019-09-25,no,https://en.wikipedia.org/wiki/Bayside_Council,yes
NSW,Bayside Council,Joe Awada,Joe,Awada,2019-09-25,2021-09-29,no,https://en.wikipedia.org/wiki/Bayside_Council,yes
NSW,Bayside Council,Bill Saravinovski,Bill,Saravinovski,2021-09-29,2021-12-04,no,https://en.wikipedia.org/wiki/Bayside_Council,yes
NSW,Bayside Council,Christina Curry,Christina,Curry,2022-01-05,2023-09-20,no,https://en.wikipedia.org/wiki/Bayside_Council,yes
NSW,Bayside Council,Bill Saravinovski,Bill,Saravinovski,2023-09-20,2024-09-14,no,https://en.wikipedia.org/wiki/Bayside_Council,yes
NSW,Bayside Council,Ed McDougall,Ed,McDougall,2024-10-09,2026-09,no,https://en.wikipedia.org/wiki/Bayside_Council,no
NSW,Bayside Council,Christina Curry,Christina,Curry,2026-10-01,,no,https://en.wikipedia.org/wiki/Bayside_Council,no
NSW,Strathfield Municipal Council,Keith Kwon,Keith,Kwon,2008-09,2009-09,no,https://en.wikipedia.org/wiki/List_of_mayors_of_Strathfield,yes
NSW,Strathfield Municipal Council,Tony Maroun,Tony,Maroun,2009-09,2011-09,no,https://en.wikipedia.org/wiki/List_of_mayors_of_Strathfield,yes
NSW,Strathfield Municipal Council,Paul Barron,Paul,Barron,2011-09,2012-09,no,https://en.wikipedia.org/wiki/List_of_mayors_of_Strathfield,yes
NSW,Strathfield Municipal Council,Guilian Vaccari,Guilian,Vaccari,2012-09-17,2013-09-03,no,https://en.wikipedia.org/wiki/List_of_mayors_of_Strathfield,yes
NSW,Strathfield Municipal Council,Daniel Bott,Daniel,Bott,2013-09-03,2014-09-30,no,https://en.wikipedia.org/wiki/List_of_mayors_of_Strathfield,yes
NSW,Strathfield Municipal Council,Guilian Vaccari,Guilian,Vaccari,2014-09-30,2015-09-29,no,https://en.wikipedia.org/wiki/List_of_mayors_of_Strathfield,yes
NSW,Strathfield Municipal Council,Sang Ok,Sang,Ok,2015-09-29,2016-09-27,no,https://en.wikipedia.org/wiki/List_of_mayors_of_Strathfield,yes
NSW,Strathfield Municipal Council,Andrew Soulos,Andrew,Soulos,2016-09-27,2017-09,no,https://en.wikipedia.org/wiki/List_of_mayors_of_Strathfield,yes
NSW,Strathfield Municipal Council,Guilian Vaccari,Guilian,Vaccari,2017-09-26,2019-09-03,no,https://en.wikipedia.org/wiki/List_of_mayors_of_Strathfield,yes
NSW,Strathfield Municipal Council,Antoine Doueihi,Antoine,Doueihi,2019-09-03,2021-09-14,no,https://en.wikipedia.org/wiki/List_of_mayors_of_Strathfield,yes
NSW,Strathfield Municipal Council,Stephanie Kokkolis,Stephanie,Kokkolis,2021-09-14,2021-12-03,no,https://en.wikipedia.org/wiki/List_of_mayors_of_Strathfield,yes
NSW,Strathfield Municipal Council,Matthew Blackmore,Matthew,Blackmore,2022-01-12,2023-03-02,no,https://en.wikipedia.org/wiki/List_of_mayors_of_Strathfield,yes
NSW,Strathfield Municipal Council,Karen Pensabene,Karen,Pensabene,2023-03-02,2024-08,no,https://en.wikipedia.org/wiki/List_of_mayors_of_Strathfield,yes
NSW,Strathfield Municipal Council,John-Paul Baladi,John-Paul,Baladi,2024-10-08,2025-09-30,no,https://en.wikipedia.org/wiki/List_of_mayors_of_Strathfield,yes
NSW,Strathfield Municipal Council,Ben Cai,Ben,Cai,2025-09-30,,no,https://en.wikipedia.org/wiki/List_of_mayors_of_Strathfield,yes
NSW,Camden Council,Chris Patterson,Chris,Patterson,2006-09,2011-06-14,no,https://en.wikipedia.org/wiki/Camden_Council_(New_South_Wales),yes
NSW,Camden Council,Greg Warren,Greg,Warren,2011-06-14,2012-10-09,no,https://en.wikipedia.org/wiki/Camden_Council_(New_South_Wales),yes
NSW,Camden Council,Lara Symkowiak,Lara,Symkowiak,2012-10-09,2018-09-11,no,https://en.wikipedia.org/wiki/Camden_Council_(New_South_Wales),yes
NSW,Camden Council,Peter Sidgreaves,Peter,Sidgreaves,2018-09-11,2019-04-23,no,https://en.wikipedia.org/wiki/Camden_Council_(New_South_Wales),yes
NSW,Camden Council,Therese Fedeli,Therese,Fedeli,2019-04-23,2023-05-09,no,https://en.wikipedia.org/wiki/Camden_Council_(New_South_Wales),yes
NSW,Camden Council,Ashleigh Cagney,Ashleigh,Cagney,2023-05-09,2025-10-15,no,https://en.wikipedia.org/wiki/Camden_Council_(New_South_Wales),yes
NSW,Camden Council,Therese Fedeli,Therese,Fedeli,2025-10-15,,no,https://en.wikipedia.org/wiki/Camden_Council_(New_South_Wales),yes
NSW,Ryde City Council,Michael Butterworth,Michael,Butterworth,2008,2009,no,https://en.wikipedia.org/wiki/City_of_Ryde,no
NSW,Ryde City Council,Roy Maggio,Roy,Maggio,2009,2014,no,https://en.wikipedia.org/wiki/City_of_Ryde,no
NSW,Ryde City Council,Bill Pickering,Bill,Pickering,2014,2021,no,https://en.wikipedia.org/wiki/City_of_Ryde,no
NSW,Ryde City Council,Jerome Laxale,Jerome,Laxale,2021,2022,no,https://en.wikipedia.org/wiki/City_of_Ryde,no
NSW,Ryde City Council,Jordan Lane,Jordan,Lane,2022,2024,no,https://en.wikipedia.org/wiki/City_of_Ryde,no
NSW,Wollondilly Shire Council,Michael Banasik,Michael,Banasik,2008-09-13,2009-09-21,no,https://en.wikipedia.org/wiki/List_of_mayors_of_Wollondilly,yes
NSW,Wollondilly Shire Council,Colin Mitchell,Colin,Mitchell,2009-09-21,2010-09-20,no,https://en.wikipedia.org/wiki/List_of_mayors_of_Wollondilly,yes
NSW,Wollondilly Shire Council,Michael Banasik,Michael,Banasik,2010-09-20,2011-09-19,no,https://en.wikipedia.org/wiki/List_of_mayors_of_Wollondilly,yes
NSW,Wollondilly Shire Council,Colin Mitchell,Colin,Mitchell,2011-09-19,2013-09-16,no,https://en.wikipedia.org/wiki/List_of_mayors_of_Wollondilly,yes
NSW,Wollondilly Shire Council,Benn Banasik,Benn,Banasik,2013-09-17,2014-09-15,no,https://en.wikipedia.org/wiki/List_of_mayors_of_Wollondilly,yes
NSW,Wollondilly Shire Council,Colin Mitchell,Colin,Mitchell,2014-09-15,2015-09-21,no,https://en.wikipedia.org/wiki/List_of_mayors_of_Wollondilly,yes
NSW,Wollondilly Shire Council,Simon Landow,Simon,Landow,2015-09-21,2016-09-26,no,https://en.wikipedia.org/wiki/List_of_mayors_of_Wollondilly,yes
NSW,Wollondilly Shire Council,Judy Hannan,Judy,Hannan,2016-09-26,2018-12-17,no,https://en.wikipedia.org/wiki/List_of_mayors_of_Wollondilly,yes
NSW,Wollondilly Shire Council,Matthew Deeth,Matthew,Deeth,2018-12-17,2020-09-15,no,https://en.wikipedia.org/wiki/List_of_mayors_of_Wollondilly,yes
NSW,Wollondilly Shire Council,Robert Khan,Robert,Khan,2020-09-15,2021-12-21,no,https://en.wikipedia.org/wiki/List_of_mayors_of_Wollondilly,yes
NSW,Wollondilly Shire Council,Matt Gould,Matt,Gould,2021-12-21,2024-09,no,https://en.wikipedia.org/wiki/List_of_mayors_of_Wollondilly,yes
NSW,Central Coast Council,Jane Smith,Jane,Smith,2017-09-26,2019-09-23,no,https://en.wikipedia.org/wiki/Central_Coast_Council_(New_South_Wales),yes
NSW,Central Coast Council,Lisa Matthews,Lisa,Matthews,2019-09-23,2020-10-30,no,https://en.wikipedia.org/wiki/Central_Coast_Council_(New_South_Wales),yes
NSW,Central Coast Council,Lawrie McKinna,Lawrie,McKinna,2024-10-08,,no,https://en.wikipedia.org/wiki/Central_Coast_Council_(New_South_Wales),yes
NSW,Blue Mountains City Council,Adam Searle,Adam,Searle,2008-09-30,2010-09-21,no,https://en.wikipedia.org/wiki/City_of_Blue_Mountains,yes
NSW,Blue Mountains City Council,Daniel Myles,Daniel,Myles,2010-09-21,2013-09-17,no,https://en.wikipedia.org/wiki/City_of_Blue_Mountains,yes
NSW,Blue Mountains City Council,Mark Greenhill,Mark,Greenhill,2013-09-17,,no,https://en.wikipedia.org/wiki/City_of_Blue_Mountains,no
NSW,Hawkesbury City Council,Kim Ford,Kim,Ford,2011-09-20,2016-09-10,no,https://en.wikipedia.org/wiki/City_of_Hawkesbury,yes
NSW,Hawkesbury City Council,Mary Lyons-Buckett,Mary,Lyons-Buckett,2016-09-27,2018-09-18,no,https://en.wikipedia.org/wiki/City_of_Hawkesbury,yes
NSW,Hawkesbury City Council,Barry Calvert,Barry,Calvert,2018-09-18,2020-09-22,no,https://en.wikipedia.org/wiki/City_of_Hawkesbury,yes
NSW,Hawkesbury City Council,Patrick Conolly,Patrick,Conolly,2020-09-22,2022-08-23,no,https://en.wikipedia.org/wiki/City_of_Hawkesbury,yes
NSW,Hawkesbury City Council,Sarah McMahon,Sarah,McMahon,2022-08-23,2024-10-15,no,https://en.wikipedia.org/wiki/City_of_Hawkesbury,yes
NSW,Hawkesbury City Council,Les Sheather,Les,Sheather,2024-10-15,2026-09-08,no,https://en.wikipedia.org/wiki/City_of_Hawkesbury,yes
NSW,Hawkesbury City Council,Mary Lyons-Buckett,Mary,Lyons-Buckett,2026-09-08,,no,https://en.wikipedia.org/wiki/City_of_Hawkesbury,yes
NSW,Kiama Municipal Council,Sandra McCarthy,Sandra,McCarthy,2000,2012,no,https://en.wikipedia.org/wiki/Municipality_of_Kiama,no
NSW,Kiama Municipal Council,Cameron McDonald,Cameron,McDonald,2024,,no,https://en.wikipedia.org/wiki/Municipality_of_Kiama,no
NSW,Bathurst Regional Council,Robert Taylor,Robert,Taylor,2022,2023,no,https://en.wikipedia.org/wiki/Bathurst_Region,no
NSW,Bathurst Regional Council,Robert Taylor,Robert,Taylor,2024,2026,no,https://en.wikipedia.org/wiki/Bathurst_Region,no
NSW,Bathurst Regional Council,Ben Fry,Ben,Fry,2026,,no,https://en.wikipedia.org/wiki/Bathurst_Region,no
NSW,Albury City Council,Kylie King,Kylie,King,2024,,no,https://en.wikipedia.org/wiki/City_of_Albury,yes
NSW,Dubbo Regional Council,Josh Black,Josh,Black,2024,,no,https://en.wikipedia.org/wiki/Dubbo_Regional_Council,no
NSW,Wagga Wagga City Council,Dallas Tout,Dallas,Tout,2022-01,,no,https://en.wikipedia.org/wiki/City_of_Wagga_Wagga,yes
NSW,Tamworth Regional Council,Russell Webb,Russell,Webb,2024,,no,https://en.wikipedia.org/wiki/Tamworth_Regional_Council,no
WA,City of Stirling,Tony Vallelonga,Tony,Vallelonga,2005,2007,no,https://en.wikipedia.org/wiki/List_of_mayors_of_Stirling,yes
WA,City of Stirling,David Boothman,David,Boothman,2007,2013-10-22,no,https://en.wikipedia.org/wiki/List_of_mayors_of_Stirling,yes
WA,City of Stirling,Giovanni Italiano,Giovanni,Italiano,2013-10-22,2017-10-24,no,https://en.wikipedia.org/wiki/List_of_mayors_of_Stirling,yes
WA,City of Stirling,Mark Irwin,Mark,Irwin,2017-10-24,,no,https://en.wikipedia.org/wiki/List_of_mayors_of_Stirling,yes
WA,City of Wanneroo,Jon Kelly,Jon,Kelly,2005,2011,no,https://en.wikipedia.org/wiki/List_of_mayors_of_Wanneroo,yes
WA,City of Wanneroo,Tracey Roberts,Tracey,Roberts,2011,2022,no,https://en.wikipedia.org/wiki/List_of_mayors_of_Wanneroo,yes
WA,City of Wanneroo,Linda Aitken,Linda,Aitken,2022,,no,https://en.wikipedia.org/wiki/List_of_mayors_of_Wanneroo,yes
WA,City of Joondalup,Troy Pickard,Troy,Pickard,2006,2017,no,https://en.wikipedia.org/wiki/City_of_Joondalup,yes
WA,City of Joondalup,Albert Jacob,Albert,Jacob,2017,2025,no,https://en.wikipedia.org/wiki/City_of_Joondalup,yes
WA,City of Joondalup,Daniel Kingston,Daniel,Kingston,2025,,no,https://en.wikipedia.org/wiki/City_of_Joondalup,yes
WA,City of Cockburn,Stephen Lee,Stephen,Lee,2005,2009,no,https://en.wikipedia.org/wiki/List_of_mayors_of_Cockburn,yes
WA,City of Cockburn,Grace Moore,Grace,Moore,2009,,no,https://en.wikipedia.org/wiki/List_of_mayors_of_Cockburn,yes
WA,City of Swan,Charlie Zannino,Charlie,Zannino,2008,2023,no,https://museum.wa.gov.au/welcomewalls/names/zannino-charlie,no
WA,City of Swan,Tanya Richardson,Tanya,Richardson,2023,,yes,https://en.wikipedia.org/wiki/City_of_Swan,yes
WA,City of Rockingham,Barry Sammels,Barry,Sammels,2005,2021-08,no,https://en.wikipedia.org/wiki/City_of_Rockingham,yes
WA,City of Rockingham,Deb Hamblin,Deb,Hamblin,2021-10-19,2025,yes,https://en.wikipedia.org/wiki/City_of_Rockingham,yes
WA,City of Rockingham,Lorna Buchan,Lorna,Buchan,2025,,yes,https://en.wikipedia.org/wiki/City_of_Rockingham,yes
WA,City of Gosnells,Patricia Morris,Patricia,Morris,2005,2007,no,https://en.wikipedia.org/wiki/List_of_mayors_of_Gosnells,yes
WA,City of Gosnells,Olwen Searle,Olwen,Searle,2007,2011,no,https://en.wikipedia.org/wiki/List_of_mayors_of_Gosnells,yes
WA,City of Gosnells,Dave Griffiths,Dave,Griffiths,2011,2015,no,https://en.wikipedia.org/wiki/List_of_mayors_of_Gosnells,yes
WA,City of Gosnells,Olwen Searle,Olwen,Searle,2015,2017,no,https://en.wikipedia.org/wiki/List_of_mayors_of_Gosnells,yes
WA,City of Gosnells,Glenn Dewhurst,Glenn,Dewhurst,2017,2019,no,https://en.wikipedia.org/wiki/List_of_mayors_of_Gosnells,yes
WA,City of Gosnells,David Goode,David,Goode,2019,2021,no,https://en.wikipedia.org/wiki/List_of_mayors_of_Gosnells,yes
WA,City of Gosnells,Terresa Lynes,Terresa,Lynes,2021,,no,https://en.wikipedia.org/wiki/List_of_mayors_of_Gosnells,yes
WA,City of Armadale,Linton Reynolds,Linton,Reynolds,2005,2011,no,https://en.wikipedia.org/wiki/List_of_mayors_of_Armadale,yes
WA,City of Armadale,Henry Zelones,Henry,Zelones,2011,2019,no,https://en.wikipedia.org/wiki/List_of_mayors_of_Armadale,yes
WA,City of Armadale,Ruth Butterfield,Ruth,Butterfield,2019,,no,https://en.wikipedia.org/wiki/List_of_mayors_of_Armadale,yes
WA,City of Melville,Katherine Jackson,Katherine,Jackson,2005,2007,no,https://en.wikipedia.org/wiki/List_of_mayors_of_Melville,yes
WA,City of Melville,Russell Aubrey,Russell,Aubrey,2007,2019,no,https://en.wikipedia.org/wiki/List_of_mayors_of_Melville,yes
WA,City of Melville,George Gear,George,Gear,2019,2023,no,https://en.wikipedia.org/wiki/List_of_mayors_of_Melville,yes
WA,City of Melville,Katy Mair,Katy,Mair,2023,,no,https://en.wikipedia.org/wiki/List_of_mayors_of_Melville,yes
WA,City of Bayswater,Lou Magro,Lou,Magro,2005,2007,no,https://en.wikipedia.org/wiki/List_of_mayors_of_Bayswater,yes
WA,City of Bayswater,Terry Kenyon,Terry,Kenyon,2007,2013,no,https://en.wikipedia.org/wiki/List_of_mayors_of_Bayswater,yes
WA,City of Bayswater,Sylvan Albert,Sylvan,Albert,2013,2015,no,https://en.wikipedia.org/wiki/List_of_mayors_of_Bayswater,yes
WA,City of Bayswater,Barry McKenna,Barry,McKenna,2015,2017,no,https://en.wikipedia.org/wiki/List_of_mayors_of_Bayswater,yes
WA,City of Bayswater,Dan Bull,Dan,Bull,2017,2021,no,https://en.wikipedia.org/wiki/List_of_mayors_of_Bayswater,yes
WA,City of Bayswater,Filomena Piffaretti,Filomena,Piffaretti,2021,,no,https://en.wikipedia.org/wiki/List_of_mayors_of_Bayswater,yes
WA,City of Belmont,Glenys Godfrey,Glenys,Godfrey,2005,2011,no,https://en.wikipedia.org/wiki/List_of_mayors_of_Belmont,yes
WA,City of Belmont,Phil Marks,Phil,Marks,2011,2023,no,https://en.wikipedia.org/wiki/List_of_mayors_of_Belmont,yes
WA,City of Belmont,Robert Rossi,Robert,Rossi,2023,,yes,https://en.wikipedia.org/wiki/List_of_mayors_of_Belmont,yes
WA,City of Vincent,Nick Catania,Nick,Catania,2005,2011,no,https://en.wikipedia.org/wiki/List_of_mayors_of_Vincent,yes
WA,City of Vincent,Alannah MacTiernan,Alannah,MacTiernan,2011,2013,no,https://en.wikipedia.org/wiki/List_of_mayors_of_Vincent,yes
WA,City of Vincent,John Carey,John,Carey,2013,2017-02-24,no,https://en.wikipedia.org/wiki/List_of_mayors_of_Vincent,yes
WA,City of Vincent,Emma Cole,Emma,Cole,2017-02-24,2023-10-21,no,https://en.wikipedia.org/wiki/List_of_mayors_of_Vincent,yes
WA,City of Vincent,Alison Xamon,Alison,Xamon,2023-10-21,,yes,https://en.wikipedia.org/wiki/List_of_mayors_of_Vincent,yes
WA,City of Fremantle,Peter Tagliaferri,Peter,Tagliaferri,2005,2009,no,https://en.wikipedia.org/wiki/List_of_mayors_of_Fremantle,yes
WA,City of Fremantle,Brad Pettitt,Brad,Pettitt,2009,2021,no,https://en.wikipedia.org/wiki/List_of_mayors_of_Fremantle,yes
WA,City of Fremantle,Hannah Fitzhardinge,Hannah,Fitzhardinge,2021,2025,no,https://en.wikipedia.org/wiki/List_of_mayors_of_Fremantle,yes
WA,City of Fremantle,Ben Lawver,Ben,Lawver,2025,,no,https://en.wikipedia.org/wiki/List_of_mayors_of_Fremantle,yes
WA,City of Subiaco,Heather Henderson,Heather,Henderson,2005,2017,no,https://en.wikipedia.org/wiki/List_of_mayors_of_Subiaco,yes
WA,City of Subiaco,Penny Taylor,Penny,Taylor,2017,2021,no,https://en.wikipedia.org/wiki/List_of_mayors_of_Subiaco,yes
WA,City of Subiaco,David McMullen,David,McMullen,2021,,no,https://en.wikipedia.org/wiki/List_of_mayors_of_Subiaco,yes
WA,City of South Perth,John Collins,John,Collins,2005,2007,no,https://en.wikipedia.org/wiki/List_of_mayors_of_South_Perth,yes
WA,City of South Perth,James Best,James,Best,2007,2011,no,https://en.wikipedia.org/wiki/List_of_mayors_of_South_Perth,yes
WA,City of South Perth,Sue Doherty,Sue,Doherty,2011,2019,no,https://en.wikipedia.org/wiki/List_of_mayors_of_South_Perth,yes
WA,City of South Perth,Greg Milner,Greg,Milner,2019,,no,https://en.wikipedia.org/wiki/List_of_mayors_of_South_Perth,yes
WA,Town of Kwinana,Ken Jackman,Ken,Jackman,2005,2006,no,https://en.wikipedia.org/wiki/List_of_mayors_of_Kwinana,yes
WA,Town of Kwinana,Carol Adams,Carol,Adams,2006,2012-09-17,no,https://en.wikipedia.org/wiki/List_of_mayors_of_Kwinana,yes
WA,City of Kwinana,Carol Adams,Carol,Adams,2012-09-17,2023,no,https://en.wikipedia.org/wiki/List_of_mayors_of_Kwinana,yes
WA,City of Kwinana,Peter Feasey,Peter,Feasey,2023,,no,https://en.wikipedia.org/wiki/List_of_mayors_of_Kwinana,yes
WA,City of Nedlands,S. A. Froese,S.,Froese,2007,2011,no,https://en.wikipedia.org/wiki/List_of_mayors_of_Nedlands,yes
WA,City of Nedlands,R. M. C. Hipkins,R.,Hipkins,2011,2019,no,https://en.wikipedia.org/wiki/List_of_mayors_of_Nedlands,yes
WA,City of Nedlands,Cilla de Lacy,Cilla,Lacy,2019,2021,no,https://en.wikipedia.org/wiki/List_of_mayors_of_Nedlands,yes
WA,City of Nedlands,Fiona Argyle,Fiona,Argyle,2021,2025,no,https://en.wikipedia.org/wiki/List_of_mayors_of_Nedlands,yes
WA,City of Bunbury,David Smith,David,Smith,2005,2013,no,https://en.wikipedia.org/wiki/List_of_mayors_of_Bunbury,yes
WA,City of Bunbury,Gary Brennan,Gary,Brennan,2013,2021,no,https://en.wikipedia.org/wiki/List_of_mayors_of_Bunbury,yes
WA,City of Bunbury,Jaysen De San Miguel,Jaysen,Miguel,2021,,no,https://en.wikipedia.org/wiki/List_of_mayors_of_Bunbury,yes
WA,City of Albany,Alison Goode,Alison,Goode,2005,2007,no,"https://en.wikipedia.org/wiki/List_of_mayors_of_Albany,_Western_Australia",yes
WA,City of Albany,Milton Evans,Milton,Evans,2007,2011,no,"https://en.wikipedia.org/wiki/List_of_mayors_of_Albany,_Western_Australia",yes
WA,City of Albany,Dennis Wellington,Dennis,Wellington,2011,2023,no,"https://en.wikipedia.org/wiki/List_of_mayors_of_Albany,_Western_Australia",yes
WA,City of Albany,Greg Stocks,Greg,Stocks,2023,,no,"https://en.wikipedia.org/wiki/List_of_mayors_of_Albany,_Western_Australia",yes
WA,City of Geraldton,Vickie Petersen,Vickie,Petersen,2005,2007,no,https://en.wikipedia.org/wiki/List_of_mayors_of_Geraldton,yes
WA,City of Greater Geraldton,Ian Carpenter,Ian,Carpenter,2007,2015,no,https://en.wikipedia.org/wiki/List_of_mayors_of_Geraldton,yes
WA,City of Greater Geraldton,Shane Van Styn,Shane,Styn,2015,2023,no,https://en.wikipedia.org/wiki/List_of_mayors_of_Geraldton,yes
WA,City of Greater Geraldton,Jerry Clune,Jerry,Clune,2023,,no,https://en.wikipedia.org/wiki/List_of_mayors_of_Geraldton,yes
WA,City of Perth,Peter Nattrass,Peter,Nattrass,2005,2007,yes,https://en.wikipedia.org/wiki/List_of_mayors_of_Perth,yes
WA,City of Perth,Lisa Scaffidi,Lisa,Scaffidi,2007-10-20,2018-03-02,yes,https://en.wikipedia.org/wiki/List_of_mayors_of_Perth,yes
WA,City of Perth,Basil Zempilas,Basil,Zempilas,2020-10-19,2025-03,yes,https://en.wikipedia.org/wiki/List_of_mayors_of_Perth,yes
WA,City of Perth,Bruce Reynolds,Bruce,Reynolds,2025-10,,yes,https://en.wikipedia.org/wiki/List_of_mayors_of_Perth,yes
WA,Town of Cottesloe,Kevin Morgan,Kevin,Morgan,2005,2013,no,https://en.wikipedia.org/wiki/List_of_mayors_of_Cottesloe,yes
WA,Town of Cottesloe,Jo Dawkins,Jo,Dawkins,2013,2017,no,https://en.wikipedia.org/wiki/List_of_mayors_of_Cottesloe,yes
WA,Town of Cottesloe,Philip Angers,Philip,Angers,2017,2021,no,https://en.wikipedia.org/wiki/List_of_mayors_of_Cottesloe,yes
WA,Town of Cottesloe,Lorraine Young,Lorraine,Young,2021,2025,no,https://en.wikipedia.org/wiki/List_of_mayors_of_Cottesloe,yes
WA,Town of Cottesloe,Melissa Harkins,Melissa,Harkins,2025,,no,https://en.wikipedia.org/wiki/List_of_mayors_of_Cottesloe,yes
WA,Town of Bassendean,Tina Klein,Tina,Klein,2005,2009,no,https://en.wikipedia.org/wiki/List_of_mayors_of_Bassendean,yes
WA,Town of Bassendean,John Gangell,John,Gangell,2009,2017,no,https://en.wikipedia.org/wiki/List_of_mayors_of_Bassendean,yes
WA,Town of Bassendean,Renee McLennan,Renee,McLennan,2017,2021,no,https://en.wikipedia.org/wiki/List_of_mayors_of_Bassendean,yes
WA,Town of Bassendean,Kath Hamilton,Kath,Hamilton,2021,,no,https://en.wikipedia.org/wiki/List_of_mayors_of_Bassendean,yes
WA,Shire of Mundaring,John Beaton,John,Beaton,2005,2007,no,https://en.wikipedia.org/wiki/List_of_shire_presidents_of_Mundaring,yes
WA,Shire of Mundaring,Helen Dullard,Helen,Dullard,2007,2015,no,https://en.wikipedia.org/wiki/List_of_shire_presidents_of_Mundaring,yes
WA,Shire of Mundaring,David Lavell,David,Lavell,2015,2017,no,https://en.wikipedia.org/wiki/List_of_shire_presidents_of_Mundaring,yes
WA,Shire of Mundaring,John Daw,John,Daw,2017,2021,no,https://en.wikipedia.org/wiki/List_of_shire_presidents_of_Mundaring,yes
WA,Shire of Mundaring,James Martin,James,Martin,2021,,no,https://en.wikipedia.org/wiki/List_of_shire_presidents_of_Mundaring,yes
WA,Shire of Busselton,K. Douglas,K.,Douglas,2005,2007,no,https://en.wikipedia.org/wiki/List_of_mayors_of_Busselton,yes
WA,Shire of Busselton,B. J. Clarke,B.,Clarke,2007,2007,no,https://en.wikipedia.org/wiki/List_of_mayors_of_Busselton,yes
WA,Shire of Busselton,W. H. Hartley,W.,Hartley,2007,2009,no,https://en.wikipedia.org/wiki/List_of_mayors_of_Busselton,yes
WA,Shire of Busselton,Ian Stubbs,Ian,Stubbs,2009,2012,no,https://en.wikipedia.org/wiki/List_of_mayors_of_Busselton,yes
WA,City of Busselton,Ian Stubbs,Ian,Stubbs,2012,2015,no,https://en.wikipedia.org/wiki/List_of_mayors_of_Busselton,yes
WA,City of Busselton,Grant Henley,Grant,Henley,2015,2023,no,https://en.wikipedia.org/wiki/List_of_mayors_of_Busselton,yes
WA,City of Busselton,Phill Cronin,Phill,Cronin,2023-10-25,,no,https://en.wikipedia.org/wiki/List_of_mayors_of_Busselton,yes
WA,Town of East Fremantle,James O'Neill,James,O'Neill,2005,2007,no,https://en.wikipedia.org/wiki/List_of_mayors_of_East_Fremantle,yes
WA,Town of East Fremantle,Alan Ferris,Alan,Ferris,2007,2013,no,https://en.wikipedia.org/wiki/List_of_mayors_of_East_Fremantle,yes
WA,Town of East Fremantle,James O'Neill,James,O'Neill,2013,,no,https://en.wikipedia.org/wiki/List_of_mayors_of_East_Fremantle,yes
WA,Town of Victoria Park,Mick Lee,Mick,Lee,2005,2007,no,https://www.victoriaparklibrary.wa.gov.au/documents/372/local-history-collection-timeline-third-edition-january-2016,no
WA,Town of Victoria Park,Trevor Vaughan,Trevor,Vaughan,2007-10,2019,no,https://au.linkedin.com/in/trevor-vaughan-963b9078,no
WA,Town of Victoria Park,Karen Vernon,Karen,Vernon,2019,,no,https://www.victoriapark.wa.gov.au/profiles/mayor-and-councillors/karen-vernon,no
WA,City of Mandurah,Marina Vergone,Marina,Vergone,2013,2017,yes,https://www.mandurahmail.com.au/story/5012318/marina-vergone-speaks-out-on-election-defeat/,no
WA,City of Mandurah,Rhys Williams,Rhys,Williams,2017,2025-01,yes,https://en.wikipedia.org/wiki/Rhys_Williams_(Australian_politician),no
WA,City of Mandurah,Amber Kearns,Amber,Kearns,2025,,yes,https://en.wikipedia.org/wiki/City_of_Mandurah,no
WA,City of Kalgoorlie-Boulder,Ron Yuryevich,Ron,Yuryevich,2005,2015-10,yes,https://www.abc.net.au/news/2023-06-03/gloria-moyle-to-run-for-kalgoorlie-boulder-mayor-at-election/102421806,no
WA,City of Kalgoorlie-Boulder,John Bowler,John,Bowler,2015-10,,yes,https://www.abc.net.au/news/2015-10-19/new-kalgoorlie-boulder-mayor-john-bowler-set-to-take-on-policies/6866146,yes
WA,City of Kalgoorlie-Boulder,Glenn Wilson,Glenn,Wilson,,,yes,https://en.wikipedia.org/wiki/City_of_Kalgoorlie%E2%80%93Boulder,no
WA,City of Canning,Patrick Hall,Patrick,Hall,2019,,no,https://www.businessnews.com.au/article/Patrick-Hall-Mayor-of-Canning-2019,no
WA,City of Kalamunda,Margaret Thomas,Margaret,Thomas,,,no,https://en.wikipedia.org/wiki/Shire_of_Kalamunda,no
WA,Town of Claremont,Peter Telford,Peter,Telford,,,no,https://en.wikipedia.org/wiki/Town_of_Claremont,no
WA,Town of Mosman Park,Paul Shaw,Paul,Shaw,,,no,https://en.wikipedia.org/wiki/Town_of_Mosman_Park,no
WA,Shire of Peppermint Grove,Karen Farley,Karen,Farley,,,no,https://en.wikipedia.org/wiki/Shire_of_Peppermint_Grove,no
WA,Shire of Serpentine-Jarrahdale,Rob Coales,Rob,Coales,2023,,no,https://en.wikipedia.org/wiki/Shire_of_Serpentine-Jarrahdale,no
