year,council,ward,contest,vacancies,candidate,surname,given,first_pref_votes,first_pref_pct,ward_formal_votes,ward_enrolment,elected,contested,source_file
2012,Fairfield City Council,Cabravale Ward,councillor,4,LE Dai,LE,Dai,7735,26.39,29306,,TRUE,TRUE,https://pastvtr.elections.nsw.gov.au/LGE2012/data/fairfield-city-council/Cabravale-Ward-Count.pdf
2012,Fairfield City Council,Cabravale Ward,councillor,4,NGUYEN Davy,NGUYEN,Davy,26,0.09,29306,,FALSE,TRUE,https://pastvtr.elections.nsw.gov.au/LGE2012/data/fairfield-city-council/Cabravale-Ward-Count.pdf
2012,Fairfield City Council,Cabravale Ward,councillor,4,MORRIS Alan,MORRIS,Alan,41,0.14,29306,,FALSE,TRUE,https://pastvtr.elections.nsw.gov.au/LGE2012/data/fairfield-city-council/Cabravale-Ward-Count.pdf
2012,Fairfield City Council,Cabravale Ward,councillor,4,CAUCHI Sandra,CAUCHI,Sandra,7,0.02,29306,,FALSE,TRUE,https://pastvtr.elections.nsw.gov.au/LGE2012/data/fairfield-city-council/Cabravale-Ward-Count.pdf
2012,Fairfield City Council,Cabravale Ward,councillor,4,GRIFFITHS Daniel,GRIFFITHS,Daniel,2245,7.66,29306,,FALSE,TRUE,https://pastvtr.elections.nsw.gov.au/LGE2012/data/fairfield-city-council/Cabravale-Ward-Count.pdf
2012,Fairfield City Council,Cabravale Ward,councillor,4,RATCHAWONG Jawin,RATCHAWONG,Jawin,26,0.09,29306,,FALSE,TRUE,https://pastvtr.elections.nsw.gov.au/LGE2012/data/fairfield-city-council/Cabravale-Ward-Count.pdf
2012,Fairfield City Council,Cabravale Ward,councillor,4,CASHMAN Anthony,CASHMAN,Anthony,51,0.17,29306,,FALSE,TRUE,https://pastvtr.elections.nsw.gov.au/LGE2012/data/fairfield-city-council/Cabravale-Ward-Count.pdf
2012,Fairfield City Council,Cabravale Ward,councillor,4,HENDERSON Ronald,HENDERSON,Ronald,20,0.07,29306,,FALSE,TRUE,https://pastvtr.elections.nsw.gov.au/LGE2012/data/fairfield-city-council/Cabravale-Ward-Count.pdf
2012,Fairfield City Council,Cabravale Ward,councillor,4,LY Kien,LY,Kien,12849,43.84,29306,,TRUE,TRUE,https://pastvtr.elections.nsw.gov.au/LGE2012/data/fairfield-city-council/Cabravale-Ward-Count.pdf
2012,Fairfield City Council,Cabravale Ward,councillor,4,BENNETT Del,BENNETT,Del,185,0.63,29306,,TRUE,TRUE,https://pastvtr.elections.nsw.gov.au/LGE2012/data/fairfield-city-council/Cabravale-Ward-Count.pdf
2012,Fairfield City Council,Cabravale Ward,councillor,4,TRAN Huy,TRAN,Huy,178,0.61,29306,,FALSE,TRUE,https://pastvtr.elections.nsw.gov.au/LGE2012/data/fairfield-city-council/Cabravale-Ward-Count.pdf
2012,Fairfield City Council,Cabravale Ward,councillor,4,JEKKI Mark,JEKKI,Mark,94,0.32,29306,,FALSE,TRUE,https://pastvtr.elections.nsw.gov.au/LGE2012/data/fairfield-city-council/Cabravale-Ward-Count.pdf
2012,Fairfield City Council,Cabravale Ward,councillor,4,SU Shan,SU,Shan,1690,5.77,29306,,FALSE,TRUE,https://pastvtr.elections.nsw.gov.au/LGE2012/data/fairfield-city-council/Cabravale-Ward-Count.pdf
2012,Fairfield City Council,Cabravale Ward,councillor,4,TRUONG Nguyen,TRUONG,Nguyen,19,0.06,29306,,FALSE,TRUE,https://pastvtr.elections.nsw.gov.au/LGE2012/data/fairfield-city-council/Cabravale-Ward-Count.pdf
2012,Fairfield City Council,Cabravale Ward,councillor,4,TENG Yao,TENG,Yao,7,0.02,29306,,FALSE,TRUE,https://pastvtr.elections.nsw.gov.au/LGE2012/data/fairfield-city-council/Cabravale-Ward-Count.pdf
2012,Fairfield City Council,Cabravale Ward,councillor,4,WONG Danny,WONG,Danny,13,0.04,29306,,FALSE,TRUE,https://pastvtr.elections.nsw.gov.au/LGE2012/data/fairfield-city-council/Cabravale-Ward-Count.pdf
2012,Fairfield City Council,Cabravale Ward,councillor,4,CVETANOVSKI Mario,CVETANOVSKI,Mario,709,2.42,29306,,FALSE,TRUE,https://pastvtr.elections.nsw.gov.au/LGE2012/data/fairfield-city-council/Cabravale-Ward-Count.pdf
2012,Fairfield City Council,Cabravale Ward,councillor,4,KAENA Salah,KAENA,Salah,11,0.04,29306,,FALSE,TRUE,https://pastvtr.elections.nsw.gov.au/LGE2012/data/fairfield-city-council/Cabravale-Ward-Count.pdf
2012,Fairfield City Council,Cabravale Ward,councillor,4,BENYAMIN Maher,BENYAMIN,Maher,14,0.05,29306,,FALSE,TRUE,https://pastvtr.elections.nsw.gov.au/LGE2012/data/fairfield-city-council/Cabravale-Ward-Count.pdf
2012,Fairfield City Council,Cabravale Ward,councillor,4,KARANFILOVSKI Stephen,KARANFILOVSKI,Stephen,29,0.10,29306,,FALSE,TRUE,https://pastvtr.elections.nsw.gov.au/LGE2012/data/fairfield-city-council/Cabravale-Ward-Count.pdf
2012,Fairfield City Council,Cabravale Ward,councillor,4,TRAN Nhan,TRAN,Nhan,3334,11.38,29306,,TRUE,TRUE,https://pastvtr.elections.nsw.gov.au/LGE2012/data/fairfield-city-council/Cabravale-Ward-Count.pdf
2012,Fairfield City Council,Cabravale Ward,councillor,4,NGUYEN Son,NGUYEN,Son,8,0.03,29306,,FALSE,TRUE,https://pastvtr.elections.nsw.gov.au/LGE2012/data/fairfield-city-council/Cabravale-Ward-Count.pdf
2012,Fairfield City Council,Cabravale Ward,councillor,4,LAM Thanh,LAM,Thanh,10,0.03,29306,,FALSE,TRUE,https://pastvtr.elections.nsw.gov.au/LGE2012/data/fairfield-city-council/Cabravale-Ward-Count.pdf
2012,Fairfield City Council,Cabravale Ward,councillor,4,NGUYEN Tam,NGUYEN,Tam,5,0.02,29306,,FALSE,TRUE,https://pastvtr.elections.nsw.gov.au/LGE2012/data/fairfield-city-council/Cabravale-Ward-Count.pdf
2012,Fairfield City Council,Fairfield Ward,councillor,4,BADAL Romel,BADAL,Romel,1634,5.54,29485,,FALSE,TRUE,https://pastvtr.elections.nsw.gov.au/LGE2012/data/fairfield-city-council/Fairfield-Ward-Count.pdf
2012,Fairfield City Council,Fairfield Ward,councillor,4,MOURAD Albert,MOURAD,Albert,15,0.05,29485,,FALSE,TRUE,https://pastvtr.elections.nsw.gov.au/LGE2012/data/fairfield-city-council/Fairfield-Ward-Count.pdf
2012,Fairfield City Council,Fairfield Ward,councillor,4,HENDERSON Elizabeth,HENDERSON,Elizabeth,64,0.22,29485,,FALSE,TRUE,https://pastvtr.elections.nsw.gov.au/LGE2012/data/fairfield-city-council/Fairfield-Ward-Count.pdf
2012,Fairfield City Council,Fairfield Ward,councillor,4,MOSES Julianne,MOSES,Julianne,30,0.10,29485,,FALSE,TRUE,https://pastvtr.elections.nsw.gov.au/LGE2012/data/fairfield-city-council/Fairfield-Ward-Count.pdf
2012,Fairfield City Council,Fairfield Ward,councillor,4,GRIPPAUDO Peter,GRIPPAUDO,Peter,2476,8.40,29485,,FALSE,TRUE,https://pastvtr.elections.nsw.gov.au/LGE2012/data/fairfield-city-council/Fairfield-Ward-Count.pdf
2012,Fairfield City Council,Fairfield Ward,councillor,4,ARITI Anthony,ARITI,Anthony,11,0.04,29485,,FALSE,TRUE,https://pastvtr.elections.nsw.gov.au/LGE2012/data/fairfield-city-council/Fairfield-Ward-Count.pdf
2012,Fairfield City Council,Fairfield Ward,councillor,4,PHRANSO Bashar,PHRANSO,Bashar,9,0.03,29485,,FALSE,TRUE,https://pastvtr.elections.nsw.gov.au/LGE2012/data/fairfield-city-council/Fairfield-Ward-Count.pdf
2012,Fairfield City Council,Fairfield Ward,councillor,4,NGUYEN Mai,NGUYEN,Mai,88,0.30,29485,,FALSE,TRUE,https://pastvtr.elections.nsw.gov.au/LGE2012/data/fairfield-city-council/Fairfield-Ward-Count.pdf
2012,Fairfield City Council,Fairfield Ward,councillor,4,YEUNG Ken,YEUNG,Ken,2870,9.73,29485,,TRUE,TRUE,https://pastvtr.elections.nsw.gov.au/LGE2012/data/fairfield-city-council/Fairfield-Ward-Count.pdf
2012,Fairfield City Council,Fairfield Ward,councillor,4,NGUYEN Huyen,NGUYEN,Huyen,63,0.21,29485,,FALSE,TRUE,https://pastvtr.elections.nsw.gov.au/LGE2012/data/fairfield-city-council/Fairfield-Ward-Count.pdf
2012,Fairfield City Council,Fairfield Ward,councillor,4,MOJSILOVIC Ned,MOJSILOVIC,Ned,20,0.07,29485,,FALSE,TRUE,https://pastvtr.elections.nsw.gov.au/LGE2012/data/fairfield-city-council/Fairfield-Ward-Count.pdf
2012,Fairfield City Council,Fairfield Ward,councillor,4,MACH Khanh,MACH,Khanh,8,0.03,29485,,FALSE,TRUE,https://pastvtr.elections.nsw.gov.au/LGE2012/data/fairfield-city-council/Fairfield-Ward-Count.pdf
2012,Fairfield City Council,Fairfield Ward,councillor,4,WHITE Lawrence,WHITE,Lawrence,14319,48.56,29485,,TRUE,TRUE,https://pastvtr.elections.nsw.gov.au/LGE2012/data/fairfield-city-council/Fairfield-Ward-Count.pdf
2012,Fairfield City Council,Fairfield Ward,councillor,4,BARCHA George,BARCHA,George,78,0.26,29485,,TRUE,TRUE,https://pastvtr.elections.nsw.gov.au/LGE2012/data/fairfield-city-council/Fairfield-Ward-Count.pdf
2012,Fairfield City Council,Fairfield Ward,councillor,4,TADIC-KAZI Anita,TADIC-KAZI,Anita,71,0.24,29485,,FALSE,TRUE,https://pastvtr.elections.nsw.gov.au/LGE2012/data/fairfield-city-council/Fairfield-Ward-Count.pdf
2012,Fairfield City Council,Fairfield Ward,councillor,4,NGUYEN Andrew,NGUYEN,Andrew,146,0.50,29485,,FALSE,TRUE,https://pastvtr.elections.nsw.gov.au/LGE2012/data/fairfield-city-council/Fairfield-Ward-Count.pdf
2012,Fairfield City Council,Fairfield Ward,councillor,4,POLAK Trish,POLAK,Trish,2016,6.84,29485,,FALSE,TRUE,https://pastvtr.elections.nsw.gov.au/LGE2012/data/fairfield-city-council/Fairfield-Ward-Count.pdf
2012,Fairfield City Council,Fairfield Ward,councillor,4,SATORRE Marie,SATORRE,Marie,23,0.08,29485,,FALSE,TRUE,https://pastvtr.elections.nsw.gov.au/LGE2012/data/fairfield-city-council/Fairfield-Ward-Count.pdf
2012,Fairfield City Council,Fairfield Ward,councillor,4,BERROSPI Luiggi,BERROSPI,Luiggi,15,0.05,29485,,FALSE,TRUE,https://pastvtr.elections.nsw.gov.au/LGE2012/data/fairfield-city-council/Fairfield-Ward-Count.pdf
2012,Fairfield City Council,Fairfield Ward,councillor,4,PALLARES Pedro,PALLARES,Pedro,14,0.05,29485,,FALSE,TRUE,https://pastvtr.elections.nsw.gov.au/LGE2012/data/fairfield-city-council/Fairfield-Ward-Count.pdf
2012,Fairfield City Council,Fairfield Ward,councillor,4,SALIBA Charbel,SALIBA,Charbel,3115,10.56,29485,,TRUE,TRUE,https://pastvtr.elections.nsw.gov.au/LGE2012/data/fairfield-city-council/Fairfield-Ward-Count.pdf
2012,Fairfield City Council,Fairfield Ward,councillor,4,DAHDAH James,DAHDAH,James,7,0.02,29485,,FALSE,TRUE,https://pastvtr.elections.nsw.gov.au/LGE2012/data/fairfield-city-council/Fairfield-Ward-Count.pdf
2012,Fairfield City Council,Fairfield Ward,councillor,4,HUYNH Serena,HUYNH,Serena,17,0.06,29485,,FALSE,TRUE,https://pastvtr.elections.nsw.gov.au/LGE2012/data/fairfield-city-council/Fairfield-Ward-Count.pdf
2012,Fairfield City Council,Fairfield Ward,councillor,4,RILEY Gwen,RILEY,Gwen,18,0.06,29485,,FALSE,TRUE,https://pastvtr.elections.nsw.gov.au/LGE2012/data/fairfield-city-council/Fairfield-Ward-Count.pdf
2012,Fairfield City Council,Fairfield Ward,councillor,4,YOUSIF Sam,YOUSIF,Sam,982,3.33,29485,,FALSE,TRUE,https://pastvtr.elections.nsw.gov.au/LGE2012/data/fairfield-city-council/Fairfield-Ward-Count.pdf
2012,Fairfield City Council,Fairfield Ward,councillor,4,ROIG Anthony,ROIG,Anthony,38,0.13,29485,,FALSE,TRUE,https://pastvtr.elections.nsw.gov.au/LGE2012/data/fairfield-city-council/Fairfield-Ward-Count.pdf
2012,Fairfield City Council,Fairfield Ward,councillor,4,THOMAS Robert,THOMAS,Robert,34,0.12,29485,,FALSE,TRUE,https://pastvtr.elections.nsw.gov.au/LGE2012/data/fairfield-city-council/Fairfield-Ward-Count.pdf
2012,Fairfield City Council,Fairfield Ward,councillor,4,DAWOOD Zaia,DAWOOD,Zaia,1229,4.17,29485,,FALSE,TRUE,https://pastvtr.elections.nsw.gov.au/LGE2012/data/fairfield-city-council/Fairfield-Ward-Count.pdf
2012,Fairfield City Council,Fairfield Ward,councillor,4,YOKHANA Admon,YOKHANA,Admon,54,0.18,29485,,FALSE,TRUE,https://pastvtr.elections.nsw.gov.au/LGE2012/data/fairfield-city-council/Fairfield-Ward-Count.pdf
2012,Fairfield City Council,Fairfield Ward,councillor,4,DAWOOD Richard,DAWOOD,Richard,8,0.03,29485,,FALSE,TRUE,https://pastvtr.elections.nsw.gov.au/LGE2012/data/fairfield-city-council/Fairfield-Ward-Count.pdf
2012,Fairfield City Council,Fairfield Ward,councillor,4,JAJJO Lora,JAJJO,Lora,13,0.04,29485,,FALSE,TRUE,https://pastvtr.elections.nsw.gov.au/LGE2012/data/fairfield-city-council/Fairfield-Ward-Count.pdf
2012,Fairfield City Council,Parks Ward,councillor,4,CASHMAN Bill,CASHMAN,Bill,3186,10.27,31026,,FALSE,TRUE,https://pastvtr.elections.nsw.gov.au/LGE2012/data/fairfield-city-council/Parkes-Ward-Count.pdf
2012,Fairfield City Council,Parks Ward,councillor,4,WESTERBERG Alisha,WESTERBERG,Alisha,18,0.06,31026,,FALSE,TRUE,https://pastvtr.elections.nsw.gov.au/LGE2012/data/fairfield-city-council/Parkes-Ward-Count.pdf
2012,Fairfield City Council,Parks Ward,councillor,4,MARKOTANY Steaphan,MARKOTANY,Steaphan,10,0.03,31026,,FALSE,TRUE,https://pastvtr.elections.nsw.gov.au/LGE2012/data/fairfield-city-council/Parkes-Ward-Count.pdf
2012,Fairfield City Council,Parks Ward,councillor,4,GRIFFITHS Vivian,GRIFFITHS,Vivian,22,0.07,31026,,FALSE,TRUE,https://pastvtr.elections.nsw.gov.au/LGE2012/data/fairfield-city-council/Parkes-Ward-Count.pdf
2012,Fairfield City Council,Parks Ward,councillor,4,TOMA Zaya,TOMA,Zaya,3333,10.74,31026,,TRUE,TRUE,https://pastvtr.elections.nsw.gov.au/LGE2012/data/fairfield-city-council/Parkes-Ward-Count.pdf
2012,Fairfield City Council,Parks Ward,councillor,4,TOMA Eva,TOMA,Eva,8,0.03,31026,,FALSE,TRUE,https://pastvtr.elections.nsw.gov.au/LGE2012/data/fairfield-city-council/Parkes-Ward-Count.pdf
2012,Fairfield City Council,Parks Ward,councillor,4,SARTORETTO Livio,SARTORETTO,Livio,19,0.06,31026,,FALSE,TRUE,https://pastvtr.elections.nsw.gov.au/LGE2012/data/fairfield-city-council/Parkes-Ward-Count.pdf
2012,Fairfield City Council,Parks Ward,councillor,4,LIM Sue,LIM,Sue,9,0.03,31026,,FALSE,TRUE,https://pastvtr.elections.nsw.gov.au/LGE2012/data/fairfield-city-council/Parkes-Ward-Count.pdf
2012,Fairfield City Council,Parks Ward,councillor,4,ARTHUR Lily,ARTHUR,Lily,2,0.01,31026,,FALSE,TRUE,https://pastvtr.elections.nsw.gov.au/LGE2012/data/fairfield-city-council/Parkes-Ward-Count.pdf
2012,Fairfield City Council,Parks Ward,councillor,4,MOLLUSO Joe,MOLLUSO,Joe,4943,15.93,31026,,TRUE,TRUE,https://pastvtr.elections.nsw.gov.au/LGE2012/data/fairfield-city-council/Parkes-Ward-Count.pdf
2012,Fairfield City Council,Parks Ward,councillor,4,DE VECCHIS Antonella,DE VECCHIS,Antonella,13,0.04,31026,,FALSE,TRUE,https://pastvtr.elections.nsw.gov.au/LGE2012/data/fairfield-city-council/Parkes-Ward-Count.pdf
2012,Fairfield City Council,Parks Ward,councillor,4,PAVLOVIC Marko,PAVLOVIC,Marko,52,0.17,31026,,FALSE,TRUE,https://pastvtr.elections.nsw.gov.au/LGE2012/data/fairfield-city-council/Parkes-Ward-Count.pdf
2012,Fairfield City Council,Parks Ward,councillor,4,TRAN Chuc,TRAN,Chuc,99,0.32,31026,,FALSE,TRUE,https://pastvtr.elections.nsw.gov.au/LGE2012/data/fairfield-city-council/Parkes-Ward-Count.pdf
2012,Fairfield City Council,Parks Ward,councillor,4,KHOSHABA Ninos,KHOSHABA,Ninos,12299,39.64,31026,,TRUE,TRUE,https://pastvtr.elections.nsw.gov.au/LGE2012/data/fairfield-city-council/Parkes-Ward-Count.pdf
2012,Fairfield City Council,Parks Ward,councillor,4,KARAJCIC Milovan,KARAJCIC,Milovan,116,0.37,31026,,TRUE,TRUE,https://pastvtr.elections.nsw.gov.au/LGE2012/data/fairfield-city-council/Parkes-Ward-Count.pdf
2012,Fairfield City Council,Parks Ward,councillor,4,MOOSHI Albert,MOOSHI,Albert,57,0.18,31026,,FALSE,TRUE,https://pastvtr.elections.nsw.gov.au/LGE2012/data/fairfield-city-council/Parkes-Ward-Count.pdf
2012,Fairfield City Council,Parks Ward,councillor,4,RABIE Kristal,RABIE,Kristal,47,0.15,31026,,FALSE,TRUE,https://pastvtr.elections.nsw.gov.au/LGE2012/data/fairfield-city-council/Parkes-Ward-Count.pdf
2012,Fairfield City Council,Parks Ward,councillor,4,MILLS Ines,MILLS,Ines,364,1.17,31026,,FALSE,TRUE,https://pastvtr.elections.nsw.gov.au/LGE2012/data/fairfield-city-council/Parkes-Ward-Count.pdf
2012,Fairfield City Council,Parks Ward,councillor,4,ASKHARIA Saadi,ASKHARIA,Saadi,69,0.22,31026,,FALSE,TRUE,https://pastvtr.elections.nsw.gov.au/LGE2012/data/fairfield-city-council/Parkes-Ward-Count.pdf
2012,Fairfield City Council,Parks Ward,councillor,4,GIGLIO Joe,GIGLIO,Joe,2495,8.04,31026,,FALSE,TRUE,https://pastvtr.elections.nsw.gov.au/LGE2012/data/fairfield-city-council/Parkes-Ward-Count.pdf
2012,Fairfield City Council,Parks Ward,councillor,4,PAVASOVIC John,PAVASOVIC,John,84,0.27,31026,,FALSE,TRUE,https://pastvtr.elections.nsw.gov.au/LGE2012/data/fairfield-city-council/Parkes-Ward-Count.pdf
2012,Fairfield City Council,Parks Ward,councillor,4,ROMEO Joe,ROMEO,Joe,55,0.18,31026,,FALSE,TRUE,https://pastvtr.elections.nsw.gov.au/LGE2012/data/fairfield-city-council/Parkes-Ward-Count.pdf
2012,Fairfield City Council,Parks Ward,councillor,4,ZAPPIA Antonio,ZAPPIA,Antonio,22,0.07,31026,,FALSE,TRUE,https://pastvtr.elections.nsw.gov.au/LGE2012/data/fairfield-city-council/Parkes-Ward-Count.pdf
2012,Fairfield City Council,Parks Ward,councillor,4,VUONG Richard,VUONG,Richard,1200,3.87,31026,,FALSE,TRUE,https://pastvtr.elections.nsw.gov.au/LGE2012/data/fairfield-city-council/Parkes-Ward-Count.pdf
2012,Fairfield City Council,Parks Ward,councillor,4,VUONG Lydia,VUONG,Lydia,14,0.05,31026,,FALSE,TRUE,https://pastvtr.elections.nsw.gov.au/LGE2012/data/fairfield-city-council/Parkes-Ward-Count.pdf
2012,Fairfield City Council,Parks Ward,councillor,4,YEUNG Chun,YEUNG,Chun,14,0.05,31026,,FALSE,TRUE,https://pastvtr.elections.nsw.gov.au/LGE2012/data/fairfield-city-council/Parkes-Ward-Count.pdf
2012,Fairfield City Council,Parks Ward,councillor,4,SAM Hong,SAM,Hong,18,0.06,31026,,FALSE,TRUE,https://pastvtr.elections.nsw.gov.au/LGE2012/data/fairfield-city-council/Parkes-Ward-Count.pdf
2012,Fairfield City Council,Parks Ward,councillor,4,NASR Juliat,NASR,Juliat,2436,7.85,31026,,FALSE,TRUE,https://pastvtr.elections.nsw.gov.au/LGE2012/data/fairfield-city-council/Parkes-Ward-Count.pdf
2012,Fairfield City Council,Parks Ward,councillor,4,BABANA Alfraid,BABANA,Alfraid,6,0.02,31026,,FALSE,TRUE,https://pastvtr.elections.nsw.gov.au/LGE2012/data/fairfield-city-council/Parkes-Ward-Count.pdf
2012,Fairfield City Council,Parks Ward,councillor,4,NASR Julius,NASR,Julius,9,0.03,31026,,FALSE,TRUE,https://pastvtr.elections.nsw.gov.au/LGE2012/data/fairfield-city-council/Parkes-Ward-Count.pdf
2012,Fairfield City Council,Parks Ward,councillor,4,IBRAHIM Ibrahim,IBRAHIM,Ibrahim,7,0.02,31026,,FALSE,TRUE,https://pastvtr.elections.nsw.gov.au/LGE2012/data/fairfield-city-council/Parkes-Ward-Count.pdf
2012,Fairfield City Council,,mayor,1,CARBONE Frank,CARBONE,Frank,44655,45.36,98450,,TRUE,TRUE,https://pastvtr.elections.nsw.gov.au/LGE2012/data/fairfield-city-council/Mayor-Count.pdf
2012,Fairfield City Council,,mayor,1,TRAN Nhan,TRAN,Nhan,15812,16.06,98450,,FALSE,TRUE,https://pastvtr.elections.nsw.gov.au/LGE2012/data/fairfield-city-council/Mayor-Count.pdf
2012,Fairfield City Council,,mayor,1,TOMA Zaya,TOMA,Zaya,8777,8.92,98450,,FALSE,TRUE,https://pastvtr.elections.nsw.gov.au/LGE2012/data/fairfield-city-council/Mayor-Count.pdf
2012,Fairfield City Council,,mayor,1,CASHMAN Bill,CASHMAN,Bill,8380,8.51,98450,,FALSE,TRUE,https://pastvtr.elections.nsw.gov.au/LGE2012/data/fairfield-city-council/Mayor-Count.pdf
2012,Fairfield City Council,,mayor,1,YOUSIF Sam,YOUSIF,Sam,7941,8.07,98450,,FALSE,TRUE,https://pastvtr.elections.nsw.gov.au/LGE2012/data/fairfield-city-council/Mayor-Count.pdf
2012,Fairfield City Council,,mayor,1,NASR Juliat,NASR,Juliat,7239,7.35,98450,,FALSE,TRUE,https://pastvtr.elections.nsw.gov.au/LGE2012/data/fairfield-city-council/Mayor-Count.pdf
2012,Fairfield City Council,,mayor,1,YEUNG Ken,YEUNG,Ken,5646,5.73,98450,,FALSE,TRUE,https://pastvtr.elections.nsw.gov.au/LGE2012/data/fairfield-city-council/Mayor-Count.pdf
2016,Fairfield,Cabravale Ward,councillor,4,LE Dai,LE,Dai,8200,26.27,31210,,TRUE,TRUE,https://pastvtr.elections.nsw.gov.au/LGE2016/fairfield-city-council/Fairfield%20City%20Council%20-%20Cabravale%20Ward%20Councillors.pdf
2016,Fairfield,Cabravale Ward,councillor,4,LEONARDI Sam,LEONARDI,Sam,37,0.12,31210,,FALSE,TRUE,https://pastvtr.elections.nsw.gov.au/LGE2016/fairfield-city-council/Fairfield%20City%20Council%20-%20Cabravale%20Ward%20Councillors.pdf
2016,Fairfield,Cabravale Ward,councillor,4,LIM Sue Lee,LIM,Sue Lee,21,0.07,31210,,FALSE,TRUE,https://pastvtr.elections.nsw.gov.au/LGE2016/fairfield-city-council/Fairfield%20City%20Council%20-%20Cabravale%20Ward%20Councillors.pdf
2016,Fairfield,Cabravale Ward,councillor,4,LOR Courtney,LOR,Courtney,13,0.04,31210,,FALSE,TRUE,https://pastvtr.elections.nsw.gov.au/LGE2016/fairfield-city-council/Fairfield%20City%20Council%20-%20Cabravale%20Ward%20Councillors.pdf
2016,Fairfield,Cabravale Ward,councillor,4,MAKSIMOVIC Milan,MAKSIMOVIC,Milan,2089,6.69,31210,,FALSE,TRUE,https://pastvtr.elections.nsw.gov.au/LGE2016/fairfield-city-council/Fairfield%20City%20Council%20-%20Cabravale%20Ward%20Councillors.pdf
2016,Fairfield,Cabravale Ward,councillor,4,YOUKHANNA Hilda,YOUKHANNA,Hilda,21,0.07,31210,,FALSE,TRUE,https://pastvtr.elections.nsw.gov.au/LGE2016/fairfield-city-council/Fairfield%20City%20Council%20-%20Cabravale%20Ward%20Councillors.pdf
2016,Fairfield,Cabravale Ward,councillor,4,FAWKES Stephen,FAWKES,Stephen,7,0.02,31210,,FALSE,TRUE,https://pastvtr.elections.nsw.gov.au/LGE2016/fairfield-city-council/Fairfield%20City%20Council%20-%20Cabravale%20Ward%20Councillors.pdf
2016,Fairfield,Cabravale Ward,councillor,4,FAWKES David,FAWKES,David,13,0.04,31210,,FALSE,TRUE,https://pastvtr.elections.nsw.gov.au/LGE2016/fairfield-city-council/Fairfield%20City%20Council%20-%20Cabravale%20Ward%20Councillors.pdf
2016,Fairfield,Cabravale Ward,councillor,4,LAM Kevin,LAM,Kevin,2306,7.39,31210,,FALSE,TRUE,https://pastvtr.elections.nsw.gov.au/LGE2016/fairfield-city-council/Fairfield%20City%20Council%20-%20Cabravale%20Ward%20Councillors.pdf
2016,Fairfield,Cabravale Ward,councillor,4,NGUYEN Bao Han,NGUYEN,Bao Han,11,0.04,31210,,FALSE,TRUE,https://pastvtr.elections.nsw.gov.au/LGE2016/fairfield-city-council/Fairfield%20City%20Council%20-%20Cabravale%20Ward%20Councillors.pdf
2016,Fairfield,Cabravale Ward,councillor,4,MIRANDA GARCIA Jose,MIRANDA GARCIA,Jose,12,0.04,31210,,FALSE,TRUE,https://pastvtr.elections.nsw.gov.au/LGE2016/fairfield-city-council/Fairfield%20City%20Council%20-%20Cabravale%20Ward%20Councillors.pdf
2016,Fairfield,Cabravale Ward,councillor,4,NGOC TANG My,NGOC TANG,My,6,0.02,31210,,FALSE,TRUE,https://pastvtr.elections.nsw.gov.au/LGE2016/fairfield-city-council/Fairfield%20City%20Council%20-%20Cabravale%20Ward%20Councillors.pdf
2016,Fairfield,Cabravale Ward,councillor,4,CASHMAN Anthony,CASHMAN,Anthony,1313,4.21,31210,,FALSE,TRUE,https://pastvtr.elections.nsw.gov.au/LGE2016/fairfield-city-council/Fairfield%20City%20Council%20-%20Cabravale%20Ward%20Councillors.pdf
2016,Fairfield,Cabravale Ward,councillor,4,THAY Henry,THAY,Henry,20,0.06,31210,,FALSE,TRUE,https://pastvtr.elections.nsw.gov.au/LGE2016/fairfield-city-council/Fairfield%20City%20Council%20-%20Cabravale%20Ward%20Councillors.pdf
2016,Fairfield,Cabravale Ward,councillor,4,ALCHIN John,ALCHIN,John,5,0.02,31210,,FALSE,TRUE,https://pastvtr.elections.nsw.gov.au/LGE2016/fairfield-city-council/Fairfield%20City%20Council%20-%20Cabravale%20Ward%20Councillors.pdf
2016,Fairfield,Cabravale Ward,councillor,4,SAGGERS Greg,SAGGERS,Greg,5,0.02,31210,,FALSE,TRUE,https://pastvtr.elections.nsw.gov.au/LGE2016/fairfield-city-council/Fairfield%20City%20Council%20-%20Cabravale%20Ward%20Councillors.pdf
2016,Fairfield,Cabravale Ward,councillor,4,TRAN Nhan,TRAN,Nhan,2358,7.56,31210,,FALSE,TRUE,https://pastvtr.elections.nsw.gov.au/LGE2016/fairfield-city-council/Fairfield%20City%20Council%20-%20Cabravale%20Ward%20Councillors.pdf
2016,Fairfield,Cabravale Ward,councillor,4,DUONG Tin,DUONG,Tin,6,0.02,31210,,FALSE,TRUE,https://pastvtr.elections.nsw.gov.au/LGE2016/fairfield-city-council/Fairfield%20City%20Council%20-%20Cabravale%20Ward%20Councillors.pdf
2016,Fairfield,Cabravale Ward,councillor,4,NGO Khang,NGO,Khang,7,0.02,31210,,FALSE,TRUE,https://pastvtr.elections.nsw.gov.au/LGE2016/fairfield-city-council/Fairfield%20City%20Council%20-%20Cabravale%20Ward%20Councillors.pdf
2016,Fairfield,Cabravale Ward,councillor,4,LE Trang,LE,Trang,7,0.02,31210,,FALSE,TRUE,https://pastvtr.elections.nsw.gov.au/LGE2016/fairfield-city-council/Fairfield%20City%20Council%20-%20Cabravale%20Ward%20Councillors.pdf
2016,Fairfield,Cabravale Ward,councillor,4,GRIPPAUDO Peter,GRIPPAUDO,Peter,2889,9.26,31210,,TRUE,TRUE,https://pastvtr.elections.nsw.gov.au/LGE2016/fairfield-city-council/Fairfield%20City%20Council%20-%20Cabravale%20Ward%20Councillors.pdf
2016,Fairfield,Cabravale Ward,councillor,4,PAVLOVIC Marko,PAVLOVIC,Marko,46,0.15,31210,,FALSE,TRUE,https://pastvtr.elections.nsw.gov.au/LGE2016/fairfield-city-council/Fairfield%20City%20Council%20-%20Cabravale%20Ward%20Councillors.pdf
2016,Fairfield,Cabravale Ward,councillor,4,MOSHI Alice,MOSHI,Alice,16,0.05,31210,,FALSE,TRUE,https://pastvtr.elections.nsw.gov.au/LGE2016/fairfield-city-council/Fairfield%20City%20Council%20-%20Cabravale%20Ward%20Councillors.pdf
2016,Fairfield,Cabravale Ward,councillor,4,DE VECCHIS Antonella,DE VECCHIS,Antonella,12,0.04,31210,,FALSE,TRUE,https://pastvtr.elections.nsw.gov.au/LGE2016/fairfield-city-council/Fairfield%20City%20Council%20-%20Cabravale%20Ward%20Councillors.pdf
2016,Fairfield,Cabravale Ward,councillor,4,LY Kien,LY,Kien,11322,36.28,31210,,TRUE,TRUE,https://pastvtr.elections.nsw.gov.au/LGE2016/fairfield-city-council/Fairfield%20City%20Council%20-%20Cabravale%20Ward%20Councillors.pdf
2016,Fairfield,Cabravale Ward,councillor,4,WONG Adrian,WONG,Adrian,162,0.52,31210,,TRUE,TRUE,https://pastvtr.elections.nsw.gov.au/LGE2016/fairfield-city-council/Fairfield%20City%20Council%20-%20Cabravale%20Ward%20Councillors.pdf
2016,Fairfield,Cabravale Ward,councillor,4,HUYNH Tania,HUYNH,Tania,209,0.67,31210,,FALSE,TRUE,https://pastvtr.elections.nsw.gov.au/LGE2016/fairfield-city-council/Fairfield%20City%20Council%20-%20Cabravale%20Ward%20Councillors.pdf
2016,Fairfield,Cabravale Ward,councillor,4,HANSEN Peter,HANSEN,Peter,97,0.31,31210,,FALSE,TRUE,https://pastvtr.elections.nsw.gov.au/LGE2016/fairfield-city-council/Fairfield%20City%20Council%20-%20Cabravale%20Ward%20Councillors.pdf
2016,Fairfield,Fairfield Ward,councillor,4,NICHOLSON Andrew,NICHOLSON,Andrew,2110,6.70,31508,,FALSE,TRUE,https://pastvtr.elections.nsw.gov.au/LGE2016/fairfield-city-council/Fairfield%20City%20Council%20-%20Fairfield%20Ward%20Councillors.pdf
2016,Fairfield,Fairfield Ward,councillor,4,VUONG Roxie,VUONG,Roxie,24,0.08,31508,,FALSE,TRUE,https://pastvtr.elections.nsw.gov.au/LGE2016/fairfield-city-council/Fairfield%20City%20Council%20-%20Fairfield%20Ward%20Councillors.pdf
2016,Fairfield,Fairfield Ward,councillor,4,CASHMAN Kerry,CASHMAN,Kerry,20,0.06,31508,,FALSE,TRUE,https://pastvtr.elections.nsw.gov.au/LGE2016/fairfield-city-council/Fairfield%20City%20Council%20-%20Fairfield%20Ward%20Councillors.pdf
2016,Fairfield,Fairfield Ward,councillor,4,LUONG Hieu Van,LUONG,Hieu Van,28,0.09,31508,,FALSE,TRUE,https://pastvtr.elections.nsw.gov.au/LGE2016/fairfield-city-council/Fairfield%20City%20Council%20-%20Fairfield%20Ward%20Councillors.pdf
2016,Fairfield,Fairfield Ward,councillor,4,BENNETT Del,BENNETT,Del,13614,43.21,31508,,TRUE,TRUE,https://pastvtr.elections.nsw.gov.au/LGE2016/fairfield-city-council/Fairfield%20City%20Council%20-%20Fairfield%20Ward%20Councillors.pdf
2016,Fairfield,Fairfield Ward,councillor,4,TADIC-KAZI Anita,TADIC-KAZI,Anita,64,0.20,31508,,TRUE,TRUE,https://pastvtr.elections.nsw.gov.au/LGE2016/fairfield-city-council/Fairfield%20City%20Council%20-%20Fairfield%20Ward%20Councillors.pdf
2016,Fairfield,Fairfield Ward,councillor,4,TRAN Huy,TRAN,Huy,176,0.56,31508,,FALSE,TRUE,https://pastvtr.elections.nsw.gov.au/LGE2016/fairfield-city-council/Fairfield%20City%20Council%20-%20Fairfield%20Ward%20Councillors.pdf
2016,Fairfield,Fairfield Ward,councillor,4,BARCHA George,BARCHA,George,73,0.23,31508,,FALSE,TRUE,https://pastvtr.elections.nsw.gov.au/LGE2016/fairfield-city-council/Fairfield%20City%20Council%20-%20Fairfield%20Ward%20Councillors.pdf
2016,Fairfield,Fairfield Ward,councillor,4,YEUNG Ken,YEUNG,Ken,1827,5.80,31508,,FALSE,TRUE,https://pastvtr.elections.nsw.gov.au/LGE2016/fairfield-city-council/Fairfield%20City%20Council%20-%20Fairfield%20Ward%20Councillors.pdf
2016,Fairfield,Fairfield Ward,councillor,4,CHEA Ngorty,CHEA,Ngorty,9,0.03,31508,,FALSE,TRUE,https://pastvtr.elections.nsw.gov.au/LGE2016/fairfield-city-council/Fairfield%20City%20Council%20-%20Fairfield%20Ward%20Councillors.pdf
2016,Fairfield,Fairfield Ward,councillor,4,VUONG My Yen,VUONG,My Yen,15,0.05,31508,,FALSE,TRUE,https://pastvtr.elections.nsw.gov.au/LGE2016/fairfield-city-council/Fairfield%20City%20Council%20-%20Fairfield%20Ward%20Councillors.pdf
2016,Fairfield,Fairfield Ward,councillor,4,MOJSILOVIC Nedeljko,MOJSILOVIC,Nedeljko,36,0.11,31508,,FALSE,TRUE,https://pastvtr.elections.nsw.gov.au/LGE2016/fairfield-city-council/Fairfield%20City%20Council%20-%20Fairfield%20Ward%20Councillors.pdf
2016,Fairfield,Fairfield Ward,councillor,4,GEORGIS Sam,GEORGIS,Sam,3052,9.69,31508,,FALSE,TRUE,https://pastvtr.elections.nsw.gov.au/LGE2016/fairfield-city-council/Fairfield%20City%20Council%20-%20Fairfield%20Ward%20Councillors.pdf
2016,Fairfield,Fairfield Ward,councillor,4,KHOSHABA Liza,KHOSHABA,Liza,36,0.11,31508,,FALSE,TRUE,https://pastvtr.elections.nsw.gov.au/LGE2016/fairfield-city-council/Fairfield%20City%20Council%20-%20Fairfield%20Ward%20Councillors.pdf
2016,Fairfield,Fairfield Ward,councillor,4,STEPHEN John,STEPHEN,John,24,0.08,31508,,FALSE,TRUE,https://pastvtr.elections.nsw.gov.au/LGE2016/fairfield-city-council/Fairfield%20City%20Council%20-%20Fairfield%20Ward%20Councillors.pdf
2016,Fairfield,Fairfield Ward,councillor,4,EBRAHIM Vergeen,EBRAHIM,Vergeen,20,0.06,31508,,FALSE,TRUE,https://pastvtr.elections.nsw.gov.au/LGE2016/fairfield-city-council/Fairfield%20City%20Council%20-%20Fairfield%20Ward%20Councillors.pdf
2016,Fairfield,Fairfield Ward,councillor,4,AZZO Paul,AZZO,Paul,5507,17.48,31508,,TRUE,TRUE,https://pastvtr.elections.nsw.gov.au/LGE2016/fairfield-city-council/Fairfield%20City%20Council%20-%20Fairfield%20Ward%20Councillors.pdf
2016,Fairfield,Fairfield Ward,councillor,4,LAZAR Daniel,LAZAR,Daniel,36,0.11,31508,,FALSE,TRUE,https://pastvtr.elections.nsw.gov.au/LGE2016/fairfield-city-council/Fairfield%20City%20Council%20-%20Fairfield%20Ward%20Councillors.pdf
2016,Fairfield,Fairfield Ward,councillor,4,WAUGH Anthony,WAUGH,Anthony,36,0.11,31508,,FALSE,TRUE,https://pastvtr.elections.nsw.gov.au/LGE2016/fairfield-city-council/Fairfield%20City%20Council%20-%20Fairfield%20Ward%20Councillors.pdf
2016,Fairfield,Fairfield Ward,councillor,4,NGUYEN Ngoc,NGUYEN,Ngoc,51,0.16,31508,,FALSE,TRUE,https://pastvtr.elections.nsw.gov.au/LGE2016/fairfield-city-council/Fairfield%20City%20Council%20-%20Fairfield%20Ward%20Councillors.pdf
2016,Fairfield,Fairfield Ward,councillor,4,SALIBA Charbel,SALIBA,Charbel,4515,14.33,31508,,TRUE,TRUE,https://pastvtr.elections.nsw.gov.au/LGE2016/fairfield-city-council/Fairfield%20City%20Council%20-%20Fairfield%20Ward%20Councillors.pdf
2016,Fairfield,Fairfield Ward,councillor,4,BARKHO Reni,BARKHO,Reni,41,0.13,31508,,FALSE,TRUE,https://pastvtr.elections.nsw.gov.au/LGE2016/fairfield-city-council/Fairfield%20City%20Council%20-%20Fairfield%20Ward%20Councillors.pdf
2016,Fairfield,Fairfield Ward,councillor,4,NGUYEN Nina,NGUYEN,Nina,18,0.06,31508,,FALSE,TRUE,https://pastvtr.elections.nsw.gov.au/LGE2016/fairfield-city-council/Fairfield%20City%20Council%20-%20Fairfield%20Ward%20Councillors.pdf
2016,Fairfield,Fairfield Ward,councillor,4,RILEY Gwendoline,RILEY,Gwendoline,9,0.03,31508,,FALSE,TRUE,https://pastvtr.elections.nsw.gov.au/LGE2016/fairfield-city-council/Fairfield%20City%20Council%20-%20Fairfield%20Ward%20Councillors.pdf
2016,Fairfield,Fairfield Ward,councillor,4,BILYK Gabriel,BILYK,Gabriel,167,0.53,31508,,FALSE,TRUE,https://pastvtr.elections.nsw.gov.au/LGE2016/fairfield-city-council/Fairfield%20City%20Council%20-%20Fairfield%20Ward%20Councillors.pdf
2016,Fairfield,Parks Ward,councillor,4,ROHAN Andrew,ROHAN,Andrew,9506,28.96,32827,,TRUE,TRUE,https://pastvtr.elections.nsw.gov.au/LGE2016/fairfield-city-council/Fairfield%20City%20Council%20-%20Parks%20Ward%20Councillors.pdf
2016,Fairfield,Parks Ward,councillor,4,KARAJCIC Milovan,KARAJCIC,Milovan,181,0.55,32827,,FALSE,TRUE,https://pastvtr.elections.nsw.gov.au/LGE2016/fairfield-city-council/Fairfield%20City%20Council%20-%20Parks%20Ward%20Councillors.pdf
2016,Fairfield,Parks Ward,councillor,4,BROWN Nguyen,BROWN,Nguyen,159,0.48,32827,,FALSE,TRUE,https://pastvtr.elections.nsw.gov.au/LGE2016/fairfield-city-council/Fairfield%20City%20Council%20-%20Parks%20Ward%20Councillors.pdf
2016,Fairfield,Parks Ward,councillor,4,KHOSHABA Ninos,KHOSHABA,Ninos,11240,34.24,32827,,TRUE,TRUE,https://pastvtr.elections.nsw.gov.au/LGE2016/fairfield-city-council/Fairfield%20City%20Council%20-%20Parks%20Ward%20Councillors.pdf
2016,Fairfield,Parks Ward,councillor,4,YILMAZ Sera,YILMAZ,Sera,115,0.35,32827,,TRUE,TRUE,https://pastvtr.elections.nsw.gov.au/LGE2016/fairfield-city-council/Fairfield%20City%20Council%20-%20Parks%20Ward%20Councillors.pdf
2016,Fairfield,Parks Ward,councillor,4,PHETRASY Donson,PHETRASY,Donson,51,0.16,32827,,FALSE,TRUE,https://pastvtr.elections.nsw.gov.au/LGE2016/fairfield-city-council/Fairfield%20City%20Council%20-%20Parks%20Ward%20Councillors.pdf
2016,Fairfield,Parks Ward,councillor,4,LAY David,LAY,David,130,0.40,32827,,FALSE,TRUE,https://pastvtr.elections.nsw.gov.au/LGE2016/fairfield-city-council/Fairfield%20City%20Council%20-%20Parks%20Ward%20Councillors.pdf
2016,Fairfield,Parks Ward,councillor,4,SALAMA Mariam,SALAMA,Mariam,2830,8.62,32827,,FALSE,TRUE,https://pastvtr.elections.nsw.gov.au/LGE2016/fairfield-city-council/Fairfield%20City%20Council%20-%20Parks%20Ward%20Councillors.pdf
2016,Fairfield,Parks Ward,councillor,4,TADROS Peter,TADROS,Peter,38,0.12,32827,,FALSE,TRUE,https://pastvtr.elections.nsw.gov.au/LGE2016/fairfield-city-council/Fairfield%20City%20Council%20-%20Parks%20Ward%20Councillors.pdf
2016,Fairfield,Parks Ward,councillor,4,TADROS Milad,TADROS,Milad,15,0.05,32827,,FALSE,TRUE,https://pastvtr.elections.nsw.gov.au/LGE2016/fairfield-city-council/Fairfield%20City%20Council%20-%20Parks%20Ward%20Councillors.pdf
2016,Fairfield,Parks Ward,councillor,4,TADROS Margo,TADROS,Margo,16,0.05,32827,,FALSE,TRUE,https://pastvtr.elections.nsw.gov.au/LGE2016/fairfield-city-council/Fairfield%20City%20Council%20-%20Parks%20Ward%20Councillors.pdf
2016,Fairfield,Parks Ward,councillor,4,MOLLUSO Joe,MOLLUSO,Joe,6687,20.37,32827,,TRUE,TRUE,https://pastvtr.elections.nsw.gov.au/LGE2016/fairfield-city-council/Fairfield%20City%20Council%20-%20Parks%20Ward%20Councillors.pdf
2016,Fairfield,Parks Ward,councillor,4,NGUYEN Andrew,NGUYEN,Andrew,99,0.30,32827,,FALSE,TRUE,https://pastvtr.elections.nsw.gov.au/LGE2016/fairfield-city-council/Fairfield%20City%20Council%20-%20Parks%20Ward%20Councillors.pdf
2016,Fairfield,Parks Ward,councillor,4,SHAHEN Nirari,SHAHEN,Nirari,13,0.04,32827,,FALSE,TRUE,https://pastvtr.elections.nsw.gov.au/LGE2016/fairfield-city-council/Fairfield%20City%20Council%20-%20Parks%20Ward%20Councillors.pdf
2016,Fairfield,Parks Ward,councillor,4,SIMAT Steve,SIMAT,Steve,7,0.02,32827,,FALSE,TRUE,https://pastvtr.elections.nsw.gov.au/LGE2016/fairfield-city-council/Fairfield%20City%20Council%20-%20Parks%20Ward%20Councillors.pdf
2016,Fairfield,Parks Ward,councillor,4,CASHMAN Bill,CASHMAN,Bill,1462,4.45,32827,,FALSE,TRUE,https://pastvtr.elections.nsw.gov.au/LGE2016/fairfield-city-council/Fairfield%20City%20Council%20-%20Parks%20Ward%20Councillors.pdf
2016,Fairfield,Parks Ward,councillor,4,WESTERBERG Alisha,WESTERBERG,Alisha,13,0.04,32827,,FALSE,TRUE,https://pastvtr.elections.nsw.gov.au/LGE2016/fairfield-city-council/Fairfield%20City%20Council%20-%20Parks%20Ward%20Councillors.pdf
2016,Fairfield,Parks Ward,councillor,4,HOLLIS Rudge,HOLLIS,Rudge,5,0.02,32827,,FALSE,TRUE,https://pastvtr.elections.nsw.gov.au/LGE2016/fairfield-city-council/Fairfield%20City%20Council%20-%20Parks%20Ward%20Councillors.pdf
2016,Fairfield,Parks Ward,councillor,4,ZAPPIA Vic,ZAPPIA,Vic,17,0.05,32827,,FALSE,TRUE,https://pastvtr.elections.nsw.gov.au/LGE2016/fairfield-city-council/Fairfield%20City%20Council%20-%20Parks%20Ward%20Councillors.pdf
2016,Fairfield,Parks Ward,councillor,4,SARTORETTO Livio,SARTORETTO,Livio,214,0.65,32827,,FALSE,TRUE,https://pastvtr.elections.nsw.gov.au/LGE2016/fairfield-city-council/Fairfield%20City%20Council%20-%20Parks%20Ward%20Councillors.pdf
2016,Fairfield,Parks Ward,councillor,4,LIPARI Daniel,LIPARI,Daniel,29,0.09,32827,,FALSE,TRUE,https://pastvtr.elections.nsw.gov.au/LGE2016/fairfield-city-council/Fairfield%20City%20Council%20-%20Parks%20Ward%20Councillors.pdf
2016,Fairfield,,mayor,1,LE Dai,LE,Dai,17319,16.95,102202,,FALSE,TRUE,https://pastvtr.elections.nsw.gov.au/LGE2016/fairfield-city-council/Fairfield%20City%20Council%20-%20Mayor.pdf
2016,Fairfield,,mayor,1,CASHMAN Bill,CASHMAN,Bill,3234,3.16,102202,,FALSE,TRUE,https://pastvtr.elections.nsw.gov.au/LGE2016/fairfield-city-council/Fairfield%20City%20Council%20-%20Mayor.pdf
2016,Fairfield,,mayor,1,BENNETT Del,BENNETT,Del,32004,31.31,102202,,FALSE,TRUE,https://pastvtr.elections.nsw.gov.au/LGE2016/fairfield-city-council/Fairfield%20City%20Council%20-%20Mayor.pdf
2016,Fairfield,,mayor,1,MOLLUSO Joe,MOLLUSO,Joe,13018,12.74,102202,,FALSE,TRUE,https://pastvtr.elections.nsw.gov.au/LGE2016/fairfield-city-council/Fairfield%20City%20Council%20-%20Mayor.pdf
2016,Fairfield,,mayor,1,CARBONE Frank,CARBONE,Frank,29683,29.04,102202,,TRUE,TRUE,https://pastvtr.elections.nsw.gov.au/LGE2016/fairfield-city-council/Fairfield%20City%20Council%20-%20Mayor.pdf
2016,Fairfield,,mayor,1,MAKSIMOVIC Milan,MAKSIMOVIC,Milan,6944,6.79,102202,,FALSE,TRUE,https://pastvtr.elections.nsw.gov.au/LGE2016/fairfield-city-council/Fairfield%20City%20Council%20-%20Mayor.pdf
2021,Fairfield City Council,,mayor,1,BARCHA George,BARCHA,George,23974,26.51,90429,129704,FALSE,TRUE,https://www.abc.net.au/news/elections/nswlg/2021/fairfield
2021,Fairfield City Council,,mayor,1,CARBONE Frank,CARBONE,Frank,66455,73.49,90429,129704,TRUE,TRUE,https://www.abc.net.au/news/elections/nswlg/2021/fairfield
2021,Fairfield City Council,Fairfield/Cabravale Ward,councillor,6,SALIBA Charbel,SALIBA,Charbel,14304,30.14,47464,67268,TRUE,TRUE,https://www.abc.net.au/news/elections/nswlg/2021/fairfield
2021,Fairfield City Council,Fairfield/Cabravale Ward,councillor,6,KARAJCIC Milovan,KARAJCIC,Milovan,112,0.24,47464,67268,TRUE,TRUE,https://www.abc.net.au/news/elections/nswlg/2021/fairfield
2021,Fairfield City Council,Fairfield/Cabravale Ward,councillor,6,BRIKHA Emmanuel,BRIKHA,Emmanuel,43,0.09,47464,67268,FALSE,TRUE,https://www.abc.net.au/news/elections/nswlg/2021/fairfield
2021,Fairfield City Council,Fairfield/Cabravale Ward,councillor,6,CARBONE Antonio,CARBONE,Antonio,426,0.90,47464,67268,FALSE,TRUE,https://www.abc.net.au/news/elections/nswlg/2021/fairfield
2021,Fairfield City Council,Fairfield/Cabravale Ward,councillor,6,TRAN Annie,TRAN,Annie,68,0.14,47464,67268,FALSE,TRUE,https://www.abc.net.au/news/elections/nswlg/2021/fairfield
2021,Fairfield City Council,Fairfield/Cabravale Ward,councillor,6,MATTI Rita Paul,MATTI,Rita Paul,22,0.05,47464,67268,FALSE,TRUE,https://www.abc.net.au/news/elections/nswlg/2021/fairfield
2021,Fairfield City Council,Fairfield/Cabravale Ward,councillor,6,LAZAR Carmen,LAZAR,Carmen,12357,26.03,47464,67268,TRUE,TRUE,https://www.abc.net.au/news/elections/nswlg/2021/fairfield
2021,Fairfield City Council,Fairfield/Cabravale Ward,councillor,6,LY Kien,LY,Kien,239,0.50,47464,67268,TRUE,TRUE,https://www.abc.net.au/news/elections/nswlg/2021/fairfield
2021,Fairfield City Council,Fairfield/Cabravale Ward,councillor,6,WHITE Lawrence,WHITE,Lawrence,116,0.24,47464,67268,FALSE,TRUE,https://www.abc.net.au/news/elections/nswlg/2021/fairfield
2021,Fairfield City Council,Fairfield/Cabravale Ward,councillor,6,BORGES Luis,BORGES,Luis,64,0.13,47464,67268,FALSE,TRUE,https://www.abc.net.au/news/elections/nswlg/2021/fairfield
2021,Fairfield City Council,Fairfield/Cabravale Ward,councillor,6,WANNOUS Abraham,WANNOUS,Abraham,23,0.05,47464,67268,FALSE,TRUE,https://www.abc.net.au/news/elections/nswlg/2021/fairfield
2021,Fairfield City Council,Fairfield/Cabravale Ward,councillor,6,LU Shawn Anfernee,LU,Shawn Anfernee,39,0.08,47464,67268,FALSE,TRUE,https://www.abc.net.au/news/elections/nswlg/2021/fairfield
2021,Fairfield City Council,Fairfield/Cabravale Ward,councillor,6,SHAMAON Basim,SHAMAON,Basim,3365,7.09,47464,67268,FALSE,TRUE,https://www.abc.net.au/news/elections/nswlg/2021/fairfield
2021,Fairfield City Council,Fairfield/Cabravale Ward,councillor,6,NGUYEN Anthony,NGUYEN,Anthony,54,0.11,47464,67268,FALSE,TRUE,https://www.abc.net.au/news/elections/nswlg/2021/fairfield
2021,Fairfield City Council,Fairfield/Cabravale Ward,councillor,6,OZEGBE Navazu Buthendwa,OZEGBE,Navazu Buthendwa,6,0.01,47464,67268,FALSE,TRUE,https://www.abc.net.au/news/elections/nswlg/2021/fairfield
2021,Fairfield City Council,Fairfield/Cabravale Ward,councillor,6,LAZAR Dunya,LAZAR,Dunya,14,0.03,47464,67268,FALSE,TRUE,https://www.abc.net.au/news/elections/nswlg/2021/fairfield
2021,Fairfield City Council,Fairfield/Cabravale Ward,councillor,6,ABDAL Abdal,ABDAL,Abdal,19,0.04,47464,67268,FALSE,TRUE,https://www.abc.net.au/news/elections/nswlg/2021/fairfield
2021,Fairfield City Council,Fairfield/Cabravale Ward,councillor,6,NESSAN Eliaa Hikmet,NESSAN,Eliaa Hikmet,10,0.02,47464,67268,FALSE,TRUE,https://www.abc.net.au/news/elections/nswlg/2021/fairfield
2021,Fairfield City Council,Fairfield/Cabravale Ward,councillor,6,NGUYEN Andrew Nghiep,NGUYEN,Andrew Nghiep,2893,6.10,47464,67268,FALSE,TRUE,https://www.abc.net.au/news/elections/nswlg/2021/fairfield
2021,Fairfield City Council,Fairfield/Cabravale Ward,councillor,6,YOUKHANA Jolet,YOUKHANA,Jolet,10,0.02,47464,67268,FALSE,TRUE,https://www.abc.net.au/news/elections/nswlg/2021/fairfield
2021,Fairfield City Council,Fairfield/Cabravale Ward,councillor,6,LY Thanh Nha,LY,Thanh Nha,15,0.03,47464,67268,FALSE,TRUE,https://www.abc.net.au/news/elections/nswlg/2021/fairfield
2021,Fairfield City Council,Fairfield/Cabravale Ward,councillor,6,MEAS Kim Hong,MEAS,Kim Hong,28,0.06,47464,67268,FALSE,TRUE,https://www.abc.net.au/news/elections/nswlg/2021/fairfield
2021,Fairfield City Council,Fairfield/Cabravale Ward,councillor,6,LUU Tiffany,LUU,Tiffany,29,0.06,47464,67268,FALSE,TRUE,https://www.abc.net.au/news/elections/nswlg/2021/fairfield
2021,Fairfield City Council,Fairfield/Cabravale Ward,councillor,6,LAM Jenny,LAM,Jenny,13,0.03,47464,67268,FALSE,TRUE,https://www.abc.net.au/news/elections/nswlg/2021/fairfield
2021,Fairfield City Council,Fairfield/Cabravale Ward,councillor,6,LE Dai,LE,Dai,12952,27.29,47464,67268,TRUE,TRUE,https://www.abc.net.au/news/elections/nswlg/2021/fairfield
2021,Fairfield City Council,Fairfield/Cabravale Ward,councillor,6,LAM Kevin,LAM,Kevin,66,0.14,47464,67268,TRUE,TRUE,https://www.abc.net.au/news/elections/nswlg/2021/fairfield
2021,Fairfield City Council,Fairfield/Cabravale Ward,councillor,6,KORKIS Joline,KORKIS,Joline,8,0.02,47464,67268,FALSE,TRUE,https://www.abc.net.au/news/elections/nswlg/2021/fairfield
2021,Fairfield City Council,Fairfield/Cabravale Ward,councillor,6,MIRANDA GARCIA Jose,MIRANDA GARCIA,Jose,8,0.02,47464,67268,FALSE,TRUE,https://www.abc.net.au/news/elections/nswlg/2021/fairfield
2021,Fairfield City Council,Fairfield/Cabravale Ward,councillor,6,LIM Sue Lee,LIM,Sue Lee,3,0.01,47464,67268,FALSE,TRUE,https://www.abc.net.au/news/elections/nswlg/2021/fairfield
2021,Fairfield City Council,Fairfield/Cabravale Ward,councillor,6,TANG Ngoc My,TANG,Ngoc My,10,0.02,47464,67268,FALSE,TRUE,https://www.abc.net.au/news/elections/nswlg/2021/fairfield
2021,Fairfield City Council,Fairfield/Cabravale Ward,councillor,6,HYDE Lachlan,HYDE,Lachlan,129,0.27,47464,67268,FALSE,TRUE,https://www.abc.net.au/news/elections/nswlg/2021/fairfield
2021,Fairfield City Council,Fairfield/Cabravale Ward,councillor,6,LUONG Huu Tam,LUONG,Huu Tam,19,0.04,47464,67268,FALSE,TRUE,https://www.abc.net.au/news/elections/nswlg/2021/fairfield
2021,Fairfield City Council,Parks Ward,councillor,6,BARCHA George,BARCHA,George,9775,21.53,45398,61423,TRUE,TRUE,https://www.abc.net.au/news/elections/nswlg/2021/fairfield
2021,Fairfield City Council,Parks Ward,councillor,6,KHOSHABA Ninos,KHOSHABA,Ninos,187,0.41,45398,61423,FALSE,TRUE,https://www.abc.net.au/news/elections/nswlg/2021/fairfield
2021,Fairfield City Council,Parks Ward,councillor,6,YILMAZ Sera,YILMAZ,Sera,80,0.18,45398,61423,FALSE,TRUE,https://www.abc.net.au/news/elections/nswlg/2021/fairfield
2021,Fairfield City Council,Parks Ward,councillor,6,VO Tri,VO,Tri,104,0.23,45398,61423,FALSE,TRUE,https://www.abc.net.au/news/elections/nswlg/2021/fairfield
2021,Fairfield City Council,Parks Ward,councillor,6,PELLEGRINO Joan,PELLEGRINO,Joan,57,0.13,45398,61423,FALSE,TRUE,https://www.abc.net.au/news/elections/nswlg/2021/fairfield
2021,Fairfield City Council,Parks Ward,councillor,6,NGO Mickey,NGO,Mickey,40,0.09,45398,61423,FALSE,TRUE,https://www.abc.net.au/news/elections/nswlg/2021/fairfield
2021,Fairfield City Council,Parks Ward,councillor,6,GRIPPAUDO Peter Fowler,GRIPPAUDO,Peter Fowler,1920,4.23,45398,61423,FALSE,TRUE,https://www.abc.net.au/news/elections/nswlg/2021/fairfield
2021,Fairfield City Council,Parks Ward,councillor,6,PAVLOVIC Marko,PAVLOVIC,Marko,69,0.15,45398,61423,FALSE,TRUE,https://www.abc.net.au/news/elections/nswlg/2021/fairfield
2021,Fairfield City Council,Parks Ward,councillor,6,HARMES Rabi,HARMES,Rabi,10,0.02,45398,61423,FALSE,TRUE,https://www.abc.net.au/news/elections/nswlg/2021/fairfield
2021,Fairfield City Council,Parks Ward,councillor,6,LE Tan Dat,LE,Tan Dat,60,0.13,45398,61423,FALSE,TRUE,https://www.abc.net.au/news/elections/nswlg/2021/fairfield
2021,Fairfield City Council,Parks Ward,councillor,6,MONA Danny,MONA,Danny,13,0.03,45398,61423,FALSE,TRUE,https://www.abc.net.au/news/elections/nswlg/2021/fairfield
2021,Fairfield City Council,Parks Ward,councillor,6,MASUNG Mark,MASUNG,Mark,6,0.01,45398,61423,FALSE,TRUE,https://www.abc.net.au/news/elections/nswlg/2021/fairfield
2021,Fairfield City Council,Parks Ward,councillor,6,BARKHO Reni,BARKHO,Reni,23669,52.14,45398,61423,TRUE,TRUE,https://www.abc.net.au/news/elections/nswlg/2021/fairfield
2021,Fairfield City Council,Parks Ward,councillor,6,MORVILLO Hugo,MORVILLO,Hugo,199,0.44,45398,61423,TRUE,TRUE,https://www.abc.net.au/news/elections/nswlg/2021/fairfield
2021,Fairfield City Council,Parks Ward,councillor,6,MIJATOVIC Michael,MIJATOVIC,Michael,221,0.49,45398,61423,TRUE,TRUE,https://www.abc.net.au/news/elections/nswlg/2021/fairfield
2021,Fairfield City Council,Parks Ward,councillor,6,SALIBA Marie,SALIBA,Marie,232,0.51,45398,61423,TRUE,TRUE,https://www.abc.net.au/news/elections/nswlg/2021/fairfield
2021,Fairfield City Council,Parks Ward,councillor,6,HANNA Martina,HANNA,Martina,149,0.33,45398,61423,FALSE,TRUE,https://www.abc.net.au/news/elections/nswlg/2021/fairfield
2021,Fairfield City Council,Parks Ward,councillor,6,ROHAN Andrew,ROHAN,Andrew,5509,12.13,45398,61423,TRUE,TRUE,https://www.abc.net.au/news/elections/nswlg/2021/fairfield
2021,Fairfield City Council,Parks Ward,councillor,6,TRAN Wendy Chuyen,TRAN,Wendy Chuyen,85,0.19,45398,61423,FALSE,TRUE,https://www.abc.net.au/news/elections/nswlg/2021/fairfield
2021,Fairfield City Council,Parks Ward,councillor,6,NGUYEN Ly Huynh,NGUYEN,Ly Huynh,87,0.19,45398,61423,FALSE,TRUE,https://www.abc.net.au/news/elections/nswlg/2021/fairfield
2021,Fairfield City Council,Parks Ward,councillor,6,THACH Thi Lyfa,THACH,Thi Lyfa,20,0.04,45398,61423,FALSE,TRUE,https://www.abc.net.au/news/elections/nswlg/2021/fairfield
2021,Fairfield City Council,Parks Ward,councillor,6,DI NOIA Rebecca,DI NOIA,Rebecca,17,0.04,45398,61423,FALSE,TRUE,https://www.abc.net.au/news/elections/nswlg/2021/fairfield
2021,Fairfield City Council,Parks Ward,councillor,6,SALIBA Benjamin,SALIBA,Benjamin,9,0.02,45398,61423,FALSE,TRUE,https://www.abc.net.au/news/elections/nswlg/2021/fairfield
2021,Fairfield City Council,Parks Ward,councillor,6,YOUSIF Samir,YOUSIF,Samir,2776,6.11,45398,61423,FALSE,TRUE,https://www.abc.net.au/news/elections/nswlg/2021/fairfield
2021,Fairfield City Council,Parks Ward,councillor,6,MARIC Vedran,MARIC,Vedran,42,0.09,45398,61423,FALSE,TRUE,https://www.abc.net.au/news/elections/nswlg/2021/fairfield
2021,Fairfield City Council,Parks Ward,councillor,6,SOTO Saul,SOTO,Saul,13,0.03,45398,61423,FALSE,TRUE,https://www.abc.net.au/news/elections/nswlg/2021/fairfield
2021,Fairfield City Council,Parks Ward,councillor,6,KORKIS George,KORKIS,George,16,0.04,45398,61423,FALSE,TRUE,https://www.abc.net.au/news/elections/nswlg/2021/fairfield
2021,Fairfield City Council,Parks Ward,councillor,6,TOMA Marlin,TOMA,Marlin,6,0.01,45398,61423,FALSE,TRUE,https://www.abc.net.au/news/elections/nswlg/2021/fairfield
2021,Fairfield City Council,Parks Ward,councillor,6,NGUYEN David,NGUYEN,David,27,0.06,45398,61423,FALSE,TRUE,https://www.abc.net.au/news/elections/nswlg/2021/fairfield
2024,Fairfield City Council,Fairfield/Cabravale Ward,councillor,6,HOANG Kate,HOANG,Kate,5905,12.05,49001,,TRUE,TRUE,https://www.fairfieldcity.nsw.gov.au/files/assets/public/v/1/documents/your-council/council/2024-declaration-of-fairfield-cabravale-ward.pdf
2024,Fairfield City Council,Fairfield/Cabravale Ward,councillor,6,NGUYEN Tien,NGUYEN,Tien,31,0.06,49001,,FALSE,TRUE,https://www.fairfieldcity.nsw.gov.au/files/assets/public/v/1/documents/your-council/council/2024-declaration-of-fairfield-cabravale-ward.pdf
2024,Fairfield City Council,Fairfield/Cabravale Ward,councillor,6,HOANG Minh,HOANG,Minh,28,0.06,49001,,FALSE,TRUE,https://www.fairfieldcity.nsw.gov.au/files/assets/public/v/1/documents/your-council/council/2024-declaration-of-fairfield-cabravale-ward.pdf
2024,Fairfield City Council,Fairfield/Cabravale Ward,councillor,6,CAO David,CAO,David,20,0.04,49001,,FALSE,TRUE,https://www.fairfieldcity.nsw.gov.au/files/assets/public/v/1/documents/your-council/council/2024-declaration-of-fairfield-cabravale-ward.pdf
2024,Fairfield City Council,Fairfield/Cabravale Ward,councillor,6,LE Van,LE,Van,15,0.03,49001,,FALSE,TRUE,https://www.fairfieldcity.nsw.gov.au/files/assets/public/v/1/documents/your-council/council/2024-declaration-of-fairfield-cabravale-ward.pdf
2024,Fairfield City Council,Fairfield/Cabravale Ward,councillor,6,NGUYEN Tony,NGUYEN,Tony,20,0.04,49001,,FALSE,TRUE,https://www.fairfieldcity.nsw.gov.au/files/assets/public/v/1/documents/your-council/council/2024-declaration-of-fairfield-cabravale-ward.pdf
2024,Fairfield City Council,Fairfield/Cabravale Ward,councillor,6,SALIBA Charbel,SALIBA,Charbel,13478,27.51,49001,,TRUE,TRUE,https://www.fairfieldcity.nsw.gov.au/files/assets/public/v/1/documents/your-council/council/2024-declaration-of-fairfield-cabravale-ward.pdf
2024,Fairfield City Council,Fairfield/Cabravale Ward,councillor,6,YOUSIF Sam,YOUSIF,Sam,75,0.15,49001,,TRUE,TRUE,https://www.fairfieldcity.nsw.gov.au/files/assets/public/v/1/documents/your-council/council/2024-declaration-of-fairfield-cabravale-ward.pdf
2024,Fairfield City Council,Fairfield/Cabravale Ward,councillor,6,SHAHIN Jennifer,SHAHIN,Jennifer,44,0.09,49001,,FALSE,TRUE,https://www.fairfieldcity.nsw.gov.au/files/assets/public/v/1/documents/your-council/council/2024-declaration-of-fairfield-cabravale-ward.pdf
2024,Fairfield City Council,Fairfield/Cabravale Ward,councillor,6,NGUYEN Helen,NGUYEN,Helen,21,0.04,49001,,FALSE,TRUE,https://www.fairfieldcity.nsw.gov.au/files/assets/public/v/1/documents/your-council/council/2024-declaration-of-fairfield-cabravale-ward.pdf
2024,Fairfield City Council,Fairfield/Cabravale Ward,councillor,6,CARBONE Gina,CARBONE,Gina,111,0.23,49001,,FALSE,TRUE,https://www.fairfieldcity.nsw.gov.au/files/assets/public/v/1/documents/your-council/council/2024-declaration-of-fairfield-cabravale-ward.pdf
2024,Fairfield City Council,Fairfield/Cabravale Ward,councillor,6,CARBONE Antonia,CARBONE,Antonia,103,0.21,49001,,FALSE,TRUE,https://www.fairfieldcity.nsw.gov.au/files/assets/public/v/1/documents/your-council/council/2024-declaration-of-fairfield-cabravale-ward.pdf
2024,Fairfield City Council,Fairfield/Cabravale Ward,councillor,6,PHAN Nguyen Khang,PHAN,Nguyen Khang,4092,8.35,49001,,FALSE,TRUE,https://www.fairfieldcity.nsw.gov.au/files/assets/public/v/1/documents/your-council/council/2024-declaration-of-fairfield-cabravale-ward.pdf
2024,Fairfield City Council,Fairfield/Cabravale Ward,councillor,6,PHAM Van Dong,PHAM,Van Dong,21,0.04,49001,,FALSE,TRUE,https://www.fairfieldcity.nsw.gov.au/files/assets/public/v/1/documents/your-council/council/2024-declaration-of-fairfield-cabravale-ward.pdf
2024,Fairfield City Council,Fairfield/Cabravale Ward,councillor,6,HUYNH Thanh Dan,HUYNH,Thanh Dan,12,0.02,49001,,FALSE,TRUE,https://www.fairfieldcity.nsw.gov.au/files/assets/public/v/1/documents/your-council/council/2024-declaration-of-fairfield-cabravale-ward.pdf
2024,Fairfield City Council,Fairfield/Cabravale Ward,councillor,6,TRAN Duc Thang,TRAN,Duc Thang,4,0.01,49001,,FALSE,TRUE,https://www.fairfieldcity.nsw.gov.au/files/assets/public/v/1/documents/your-council/council/2024-declaration-of-fairfield-cabravale-ward.pdf
2024,Fairfield City Council,Fairfield/Cabravale Ward,councillor,6,TRUONG Van Sai,TRUONG,Van Sai,2,0.00,49001,,FALSE,TRUE,https://www.fairfieldcity.nsw.gov.au/files/assets/public/v/1/documents/your-council/council/2024-declaration-of-fairfield-cabravale-ward.pdf
2024,Fairfield City Council,Fairfield/Cabravale Ward,councillor,6,VO Kim Khanh,VO,Kim Khanh,5,0.01,49001,,FALSE,TRUE,https://www.fairfieldcity.nsw.gov.au/files/assets/public/v/1/documents/your-council/council/2024-declaration-of-fairfield-cabravale-ward.pdf
2024,Fairfield City Council,Fairfield/Cabravale Ward,councillor,6,LE Dai,LE,Dai,16922,34.53,49001,,TRUE,TRUE,https://www.fairfieldcity.nsw.gov.au/files/assets/public/v/1/documents/your-council/council/2024-declaration-of-fairfield-cabravale-ward.pdf
2024,Fairfield City Council,Fairfield/Cabravale Ward,councillor,6,SALIBA Marie Rose,SALIBA,Marie Rose,15,0.03,49001,,TRUE,TRUE,https://www.fairfieldcity.nsw.gov.au/files/assets/public/v/1/documents/your-council/council/2024-declaration-of-fairfield-cabravale-ward.pdf
2024,Fairfield City Council,Fairfield/Cabravale Ward,councillor,6,SURO Dennis,SURO,Dennis,16,0.03,49001,,FALSE,TRUE,https://www.fairfieldcity.nsw.gov.au/files/assets/public/v/1/documents/your-council/council/2024-declaration-of-fairfield-cabravale-ward.pdf
2024,Fairfield City Council,Fairfield/Cabravale Ward,councillor,6,LE Leonie,LE,Leonie,10,0.02,49001,,FALSE,TRUE,https://www.fairfieldcity.nsw.gov.au/files/assets/public/v/1/documents/your-council/council/2024-declaration-of-fairfield-cabravale-ward.pdf
2024,Fairfield City Council,Fairfield/Cabravale Ward,councillor,6,TRAN Emma,TRAN,Emma,10,0.02,49001,,FALSE,TRUE,https://www.fairfieldcity.nsw.gov.au/files/assets/public/v/1/documents/your-council/council/2024-declaration-of-fairfield-cabravale-ward.pdf
2024,Fairfield City Council,Fairfield/Cabravale Ward,councillor,6,TANG Ngoc My,TANG,Ngoc My,6,0.01,49001,,FALSE,TRUE,https://www.fairfieldcity.nsw.gov.au/files/assets/public/v/1/documents/your-council/council/2024-declaration-of-fairfield-cabravale-ward.pdf
2024,Fairfield City Council,Fairfield/Cabravale Ward,councillor,6,LY Kien,LY,Kien,7793,15.90,49001,,TRUE,TRUE,https://www.fairfieldcity.nsw.gov.au/files/assets/public/v/1/documents/your-council/council/2024-declaration-of-fairfield-cabravale-ward.pdf
2024,Fairfield City Council,Fairfield/Cabravale Ward,councillor,6,KINA Stella,KINA,Stella,107,0.22,49001,,FALSE,TRUE,https://www.fairfieldcity.nsw.gov.au/files/assets/public/v/1/documents/your-council/council/2024-declaration-of-fairfield-cabravale-ward.pdf
2024,Fairfield City Council,Fairfield/Cabravale Ward,councillor,6,NGO Mickey,NGO,Mickey,45,0.09,49001,,FALSE,TRUE,https://www.fairfieldcity.nsw.gov.au/files/assets/public/v/1/documents/your-council/council/2024-declaration-of-fairfield-cabravale-ward.pdf
2024,Fairfield City Council,Fairfield/Cabravale Ward,councillor,6,WALCZAK Michal,WALCZAK,Michal,40,0.08,49001,,FALSE,TRUE,https://www.fairfieldcity.nsw.gov.au/files/assets/public/v/1/documents/your-council/council/2024-declaration-of-fairfield-cabravale-ward.pdf
2024,Fairfield City Council,Fairfield/Cabravale Ward,councillor,6,HUAN Joseph,HUAN,Joseph,16,0.03,49001,,FALSE,TRUE,https://www.fairfieldcity.nsw.gov.au/files/assets/public/v/1/documents/your-council/council/2024-declaration-of-fairfield-cabravale-ward.pdf
2024,Fairfield City Council,Fairfield/Cabravale Ward,councillor,6,TRINH Ngoc,TRINH,Ngoc,34,0.07,49001,,FALSE,TRUE,https://www.fairfieldcity.nsw.gov.au/files/assets/public/v/1/documents/your-council/council/2024-declaration-of-fairfield-cabravale-ward.pdf
2024,Fairfield City Council,Parks Ward,councillor,6,BARKHO Reni,BARKHO,Reni,29709,56.30,52765,,TRUE,TRUE,https://www.fairfieldcity.nsw.gov.au/files/assets/public/v/1/documents/your-council/council/2024-declaration-of-parks-ward.pdf
2024,Fairfield City Council,Parks Ward,councillor,6,MORVILLO Hugo,MORVILLO,Hugo,411,0.78,52765,,TRUE,TRUE,https://www.fairfieldcity.nsw.gov.au/files/assets/public/v/1/documents/your-council/council/2024-declaration-of-parks-ward.pdf
2024,Fairfield City Council,Parks Ward,councillor,6,KARAJCIC Milovan,KARAJCIC,Milovan,306,0.58,52765,,TRUE,TRUE,https://www.fairfieldcity.nsw.gov.au/files/assets/public/v/1/documents/your-council/council/2024-declaration-of-parks-ward.pdf
2024,Fairfield City Council,Parks Ward,councillor,6,MIJATOVIC Michael,MIJATOVIC,Michael,268,0.51,52765,,TRUE,TRUE,https://www.fairfieldcity.nsw.gov.au/files/assets/public/v/1/documents/your-council/council/2024-declaration-of-parks-ward.pdf
2024,Fairfield City Council,Parks Ward,councillor,6,HANNA Martina,HANNA,Martina,338,0.64,52765,,FALSE,TRUE,https://www.fairfieldcity.nsw.gov.au/files/assets/public/v/1/documents/your-council/council/2024-declaration-of-parks-ward.pdf
2024,Fairfield City Council,Parks Ward,councillor,6,LAM Kevin,LAM,Kevin,12732,24.13,52765,,TRUE,TRUE,https://www.fairfieldcity.nsw.gov.au/files/assets/public/v/1/documents/your-council/council/2024-declaration-of-parks-ward.pdf
2024,Fairfield City Council,Parks Ward,councillor,6,ROHAN Andrew,ROHAN,Andrew,122,0.23,52765,,FALSE,TRUE,https://www.fairfieldcity.nsw.gov.au/files/assets/public/v/1/documents/your-council/council/2024-declaration-of-parks-ward.pdf
2024,Fairfield City Council,Parks Ward,councillor,6,KOZLOVA-GAO Marsha,KOZLOVA-GAO,Marsha,40,0.08,52765,,FALSE,TRUE,https://www.fairfieldcity.nsw.gov.au/files/assets/public/v/1/documents/your-council/council/2024-declaration-of-parks-ward.pdf
2024,Fairfield City Council,Parks Ward,councillor,6,FALCO Monica,FALCO,Monica,84,0.16,52765,,FALSE,TRUE,https://www.fairfieldcity.nsw.gov.au/files/assets/public/v/1/documents/your-council/council/2024-declaration-of-parks-ward.pdf
2024,Fairfield City Council,Parks Ward,councillor,6,PRKIC Valentina,PRKIC,Valentina,44,0.08,52765,,FALSE,TRUE,https://www.fairfieldcity.nsw.gov.au/files/assets/public/v/1/documents/your-council/council/2024-declaration-of-parks-ward.pdf
2024,Fairfield City Council,Parks Ward,councillor,6,KHOSHABA Ninos,KHOSHABA,Ninos,7844,14.87,52765,,TRUE,TRUE,https://www.fairfieldcity.nsw.gov.au/files/assets/public/v/1/documents/your-council/council/2024-declaration-of-parks-ward.pdf
2024,Fairfield City Council,Parks Ward,councillor,6,SHAMAON Basim,SHAMAON,Basim,386,0.73,52765,,FALSE,TRUE,https://www.fairfieldcity.nsw.gov.au/files/assets/public/v/1/documents/your-council/council/2024-declaration-of-parks-ward.pdf
2024,Fairfield City Council,Parks Ward,councillor,6,PAVISIC Peter,PAVISIC,Peter,37,0.07,52765,,FALSE,TRUE,https://www.fairfieldcity.nsw.gov.au/files/assets/public/v/1/documents/your-council/council/2024-declaration-of-parks-ward.pdf
2024,Fairfield City Council,Parks Ward,councillor,6,WANNOUS Abrahem,WANNOUS,Abrahem,9,0.02,52765,,FALSE,TRUE,https://www.fairfieldcity.nsw.gov.au/files/assets/public/v/1/documents/your-council/council/2024-declaration-of-parks-ward.pdf
2024,Fairfield City Council,Parks Ward,councillor,6,HAWKINS Jarrod,HAWKINS,Jarrod,20,0.04,52765,,FALSE,TRUE,https://www.fairfieldcity.nsw.gov.au/files/assets/public/v/1/documents/your-council/council/2024-declaration-of-parks-ward.pdf
2024,Fairfield City Council,Parks Ward,councillor,6,MARCO Inocenta Janina,MARCO,Inocenta Janina,26,0.05,52765,,FALSE,TRUE,https://www.fairfieldcity.nsw.gov.au/files/assets/public/v/1/documents/your-council/council/2024-declaration-of-parks-ward.pdf
2024,Fairfield City Council,Parks Ward,councillor,6,ATHAVLE Nathan,ATHAVLE,Nathan,241,0.46,52765,,FALSE,TRUE,https://www.fairfieldcity.nsw.gov.au/files/assets/public/v/1/documents/your-council/council/2024-declaration-of-parks-ward.pdf
2024,Fairfield City Council,Parks Ward,councillor,6,LUONG Huu Tam,LUONG,Huu Tam,97,0.18,52765,,FALSE,TRUE,https://www.fairfieldcity.nsw.gov.au/files/assets/public/v/1/documents/your-council/council/2024-declaration-of-parks-ward.pdf
2024,Fairfield City Council,Parks Ward,councillor,6,MIRANDA GARCIA Jose Luis,MIRANDA GARCIA,Jose Luis,51,0.10,52765,,FALSE,TRUE,https://www.fairfieldcity.nsw.gov.au/files/assets/public/v/1/documents/your-council/council/2024-declaration-of-parks-ward.pdf
2024,Fairfield City Council,,mayor,1,CARBONE Frank,CARBONE,Frank,89562,81.37,110074,,TRUE,TRUE,https://en.wikipedia.org/wiki/2024_Fairfield_City_Council_election ; https://www.fairfieldcity.nsw.gov.au/files/assets/public/v/1/documents/your-council/council/2024-declaration-of-election-all.pdf
2024,Fairfield City Council,,mayor,1,SHAMAON Basim,SHAMAON,Basim,20512,18.63,110074,,FALSE,TRUE,https://en.wikipedia.org/wiki/2024_Fairfield_City_Council_election ; https://www.fairfieldcity.nsw.gov.au/files/assets/public/v/1/documents/your-council/council/2024-declaration-of-election-all.pdf
2012,Cessnock City Council,Ward A,councillor,3,BURCHAM Cordelia,BURCHAM,Cordelia,206,2.89,7120,,TRUE,TRUE,https://pastvtr.elections.nsw.gov.au/LGE2012/data/cessnock-city-council/Ward-A-FP.pdf
2012,Cessnock City Council,Ward A,councillor,3,BROGAN Jacob,BROGAN,Jacob,13,0.18,7120,,FALSE,TRUE,https://pastvtr.elections.nsw.gov.au/LGE2012/data/cessnock-city-council/Ward-A-FP.pdf
2012,Cessnock City Council,Ward A,councillor,3,GROIZARD Patricia,GROIZARD,Patricia,11,0.15,7120,,FALSE,TRUE,https://pastvtr.elections.nsw.gov.au/LGE2012/data/cessnock-city-council/Ward-A-FP.pdf
2012,Cessnock City Council,Ward A,councillor,3,STEFANAC Jennifer Susan,STEFANAC,Jennifer Susan,31,0.44,7120,,FALSE,TRUE,https://pastvtr.elections.nsw.gov.au/LGE2012/data/cessnock-city-council/Ward-A-FP.pdf
2012,Cessnock City Council,Ward A,councillor,3,BANNING Nadia,BANNING,Nadia,8,0.11,7120,,FALSE,TRUE,https://pastvtr.elections.nsw.gov.au/LGE2012/data/cessnock-city-council/Ward-A-FP.pdf
2012,Cessnock City Council,Ward A,councillor,3,BOWEN Denise Michelle,BOWEN,Denise Michelle,8,0.11,7120,,FALSE,TRUE,https://pastvtr.elections.nsw.gov.au/LGE2012/data/cessnock-city-council/Ward-A-FP.pdf
2012,Cessnock City Council,Ward A,councillor,3,ATWELL David,ATWELL,David,37,0.52,7120,,FALSE,TRUE,https://pastvtr.elections.nsw.gov.au/LGE2012/data/cessnock-city-council/Ward-A-FP.pdf
2012,Cessnock City Council,Ward A,councillor,3,BATEMAN Fiona,BATEMAN,Fiona,19,0.27,7120,,FALSE,TRUE,https://pastvtr.elections.nsw.gov.au/LGE2012/data/cessnock-city-council/Ward-A-FP.pdf
2012,Cessnock City Council,Ward A,councillor,3,MILGATE Valerie,MILGATE,Valerie,7,0.10,7120,,FALSE,TRUE,https://pastvtr.elections.nsw.gov.au/LGE2012/data/cessnock-city-council/Ward-A-FP.pdf
2012,Cessnock City Council,Ward A,councillor,3,STAPLEFORD Allan,STAPLEFORD,Allan,83,1.17,7120,,TRUE,TRUE,https://pastvtr.elections.nsw.gov.au/LGE2012/data/cessnock-city-council/Ward-A-FP.pdf
2012,Cessnock City Council,Ward A,councillor,3,HEDGES Sophie,HEDGES,Sophie,30,0.42,7120,,FALSE,TRUE,https://pastvtr.elections.nsw.gov.au/LGE2012/data/cessnock-city-council/Ward-A-FP.pdf
2012,Cessnock City Council,Ward A,councillor,3,DUNNICLIFF Clive,DUNNICLIFF,Clive,26,0.37,7120,,FALSE,TRUE,https://pastvtr.elections.nsw.gov.au/LGE2012/data/cessnock-city-council/Ward-A-FP.pdf
2012,Cessnock City Council,Ward A,councillor,3,HAWKINS James,HAWKINS,James,76,1.07,7120,,TRUE,TRUE,https://pastvtr.elections.nsw.gov.au/LGE2012/data/cessnock-city-council/Ward-A-FP.pdf
2012,Cessnock City Council,Ward A,councillor,3,WALLACE Damien,WALLACE,Damien,63,0.88,7120,,FALSE,TRUE,https://pastvtr.elections.nsw.gov.au/LGE2012/data/cessnock-city-council/Ward-A-FP.pdf
2012,Cessnock City Council,Ward A,councillor,3,CROSSLEY Josh,CROSSLEY,Josh,17,0.24,7120,,FALSE,TRUE,https://pastvtr.elections.nsw.gov.au/LGE2012/data/cessnock-city-council/Ward-A-FP.pdf
2012,Cessnock City Council,Ward A,councillor,3,DAVEY Alison,DAVEY,Alison,271,3.81,7120,,FALSE,TRUE,https://pastvtr.elections.nsw.gov.au/LGE2012/data/cessnock-city-council/Ward-A-FP.pdf
2012,Cessnock City Council,Ward A,councillor,3,STEVENS Kerrie,STEVENS,Kerrie,12,0.17,7120,,FALSE,TRUE,https://pastvtr.elections.nsw.gov.au/LGE2012/data/cessnock-city-council/Ward-A-FP.pdf
2012,Cessnock City Council,Ward A,councillor,3,BRAGG William,BRAGG,William,17,0.24,7120,,FALSE,TRUE,https://pastvtr.elections.nsw.gov.au/LGE2012/data/cessnock-city-council/Ward-A-FP.pdf
2012,Cessnock City Council,Ward B,councillor,3,HALES Laura,HALES,Laura,16,0.24,6598,,FALSE,TRUE,https://pastvtr.elections.nsw.gov.au/LGE2012/data/cessnock-city-council/Ward-B-FP.pdf
2012,Cessnock City Council,Ward B,councillor,3,STEWART Bronwen,STEWART,Bronwen,6,0.09,6598,,FALSE,TRUE,https://pastvtr.elections.nsw.gov.au/LGE2012/data/cessnock-city-council/Ward-B-FP.pdf
2012,Cessnock City Council,Ward B,councillor,3,WOOD Jessica,WOOD,Jessica,2,0.03,6598,,FALSE,TRUE,https://pastvtr.elections.nsw.gov.au/LGE2012/data/cessnock-city-council/Ward-B-FP.pdf
2012,Cessnock City Council,Ward B,councillor,3,OLSEN Ian,OLSEN,Ian,106,1.61,6598,,TRUE,TRUE,https://pastvtr.elections.nsw.gov.au/LGE2012/data/cessnock-city-council/Ward-B-FP.pdf
2012,Cessnock City Council,Ward B,councillor,3,DRUMMOND Alan Charles,DRUMMOND,Alan Charles,46,0.70,6598,,FALSE,TRUE,https://pastvtr.elections.nsw.gov.au/LGE2012/data/cessnock-city-council/Ward-B-FP.pdf
2012,Cessnock City Council,Ward B,councillor,3,OLSEN Mitchell,OLSEN,Mitchell,14,0.21,6598,,FALSE,TRUE,https://pastvtr.elections.nsw.gov.au/LGE2012/data/cessnock-city-council/Ward-B-FP.pdf
2012,Cessnock City Council,Ward B,councillor,3,PYNSENT Bob,PYNSENT,Bob,127,1.92,6598,,FALSE,TRUE,https://pastvtr.elections.nsw.gov.au/LGE2012/data/cessnock-city-council/Ward-B-FP.pdf
2012,Cessnock City Council,Ward B,councillor,3,CAMPBELL Morgan,CAMPBELL,Morgan,20,0.30,6598,,TRUE,TRUE,https://pastvtr.elections.nsw.gov.au/LGE2012/data/cessnock-city-council/Ward-B-FP.pdf
2012,Cessnock City Council,Ward B,councillor,3,LYONS Mark,LYONS,Mark,12,0.18,6598,,FALSE,TRUE,https://pastvtr.elections.nsw.gov.au/LGE2012/data/cessnock-city-council/Ward-B-FP.pdf
2012,Cessnock City Council,Ward B,councillor,3,PALMER Michael,PALMER,Michael,11,0.17,6598,,FALSE,TRUE,https://pastvtr.elections.nsw.gov.au/LGE2012/data/cessnock-city-council/Ward-B-FP.pdf
2012,Cessnock City Council,Ward B,councillor,3,HESLOP Louise,HESLOP,Louise,16,0.24,6598,,FALSE,TRUE,https://pastvtr.elections.nsw.gov.au/LGE2012/data/cessnock-city-council/Ward-B-FP.pdf
2012,Cessnock City Council,Ward B,councillor,3,KENNEDY Margaret,KENNEDY,Margaret,7,0.11,6598,,FALSE,TRUE,https://pastvtr.elections.nsw.gov.au/LGE2012/data/cessnock-city-council/Ward-B-FP.pdf
2012,Cessnock City Council,Ward B,councillor,3,ASTILL Greg,ASTILL,Greg,14,0.21,6598,,FALSE,TRUE,https://pastvtr.elections.nsw.gov.au/LGE2012/data/cessnock-city-council/Ward-B-FP.pdf
2012,Cessnock City Council,Ward B,councillor,3,SUWALD Roman,SUWALD,Roman,4,0.06,6598,,FALSE,TRUE,https://pastvtr.elections.nsw.gov.au/LGE2012/data/cessnock-city-council/Ward-B-FP.pdf
2012,Cessnock City Council,Ward B,councillor,3,ASTILL Rhonda,ASTILL,Rhonda,0,0.00,6598,,FALSE,TRUE,https://pastvtr.elections.nsw.gov.au/LGE2012/data/cessnock-city-council/Ward-B-FP.pdf
2012,Cessnock City Council,Ward B,councillor,3,MAIN Rachel Joy,MAIN,Rachel Joy,60,0.91,6598,,FALSE,TRUE,https://pastvtr.elections.nsw.gov.au/LGE2012/data/cessnock-city-council/Ward-B-FP.pdf
2012,Cessnock City Council,Ward B,councillor,3,FIELD Kate,FIELD,Kate,3,0.05,6598,,FALSE,TRUE,https://pastvtr.elections.nsw.gov.au/LGE2012/data/cessnock-city-council/Ward-B-FP.pdf
2012,Cessnock City Council,Ward B,councillor,3,MAIN Luke,MAIN,Luke,9,0.14,6598,,FALSE,TRUE,https://pastvtr.elections.nsw.gov.au/LGE2012/data/cessnock-city-council/Ward-B-FP.pdf
2012,Cessnock City Council,Ward B,councillor,3,GIBSON Bryce,GIBSON,Bryce,48,0.73,6598,,TRUE,TRUE,https://pastvtr.elections.nsw.gov.au/LGE2012/data/cessnock-city-council/Ward-B-FP.pdf
2012,Cessnock City Council,Ward B,councillor,3,METCALFE Belinda,METCALFE,Belinda,9,0.14,6598,,FALSE,TRUE,https://pastvtr.elections.nsw.gov.au/LGE2012/data/cessnock-city-council/Ward-B-FP.pdf
2012,Cessnock City Council,Ward B,councillor,3,TROY Todd,TROY,Todd,9,0.14,6598,,FALSE,TRUE,https://pastvtr.elections.nsw.gov.au/LGE2012/data/cessnock-city-council/Ward-B-FP.pdf
2012,Cessnock City Council,Ward C,councillor,3,PARKER Chris,PARKER,Chris,46,0.69,6684,,FALSE,TRUE,https://pastvtr.elections.nsw.gov.au/LGE2012/data/cessnock-city-council/Ward-C-FP.pdf
2012,Cessnock City Council,Ward C,councillor,3,BROUGH Margaret,BROUGH,Margaret,7,0.10,6684,,FALSE,TRUE,https://pastvtr.elections.nsw.gov.au/LGE2012/data/cessnock-city-council/Ward-C-FP.pdf
2012,Cessnock City Council,Ward C,councillor,3,WOODHOUSE Roderick Amos,WOODHOUSE,Roderick Amos,6,0.09,6684,,FALSE,TRUE,https://pastvtr.elections.nsw.gov.au/LGE2012/data/cessnock-city-council/Ward-C-FP.pdf
2012,Cessnock City Council,Ward C,councillor,3,MUSGROVE Bronwyn,MUSGROVE,Bronwyn,34,0.51,6684,,FALSE,TRUE,https://pastvtr.elections.nsw.gov.au/LGE2012/data/cessnock-city-council/Ward-C-FP.pdf
2012,Cessnock City Council,Ward C,councillor,3,HOCKING Paul John,HOCKING,Paul John,3,0.04,6684,,FALSE,TRUE,https://pastvtr.elections.nsw.gov.au/LGE2012/data/cessnock-city-council/Ward-C-FP.pdf
2012,Cessnock City Council,Ward C,councillor,3,MORPHETT Alexandra,MORPHETT,Alexandra,2,0.03,6684,,FALSE,TRUE,https://pastvtr.elections.nsw.gov.au/LGE2012/data/cessnock-city-council/Ward-C-FP.pdf
2012,Cessnock City Council,Ward C,councillor,3,WRIGHTSON Suellen,WRIGHTSON,Suellen,49,0.73,6684,,TRUE,TRUE,https://pastvtr.elections.nsw.gov.au/LGE2012/data/cessnock-city-council/Ward-C-FP.pdf
2012,Cessnock City Council,Ward C,councillor,3,ORROCK Jesse,ORROCK,Jesse,9,0.13,6684,,FALSE,TRUE,https://pastvtr.elections.nsw.gov.au/LGE2012/data/cessnock-city-council/Ward-C-FP.pdf
2012,Cessnock City Council,Ward C,councillor,3,JACKSON Erin,JACKSON,Erin,10,0.15,6684,,FALSE,TRUE,https://pastvtr.elections.nsw.gov.au/LGE2012/data/cessnock-city-council/Ward-C-FP.pdf
2012,Cessnock City Council,Ward C,councillor,3,MAYBURY Jeff,MAYBURY,Jeff,107,1.60,6684,,TRUE,TRUE,https://pastvtr.elections.nsw.gov.au/LGE2012/data/cessnock-city-council/Ward-C-FP.pdf
2012,Cessnock City Council,Ward C,councillor,3,PARSONS Catherine,PARSONS,Catherine,33,0.49,6684,,TRUE,TRUE,https://pastvtr.elections.nsw.gov.au/LGE2012/data/cessnock-city-council/Ward-C-FP.pdf
2012,Cessnock City Council,Ward C,councillor,3,LEA Brian,LEA,Brian,5,0.07,6684,,FALSE,TRUE,https://pastvtr.elections.nsw.gov.au/LGE2012/data/cessnock-city-council/Ward-C-FP.pdf
2012,Cessnock City Council,Ward C,councillor,3,MARSHALL Felishar,MARSHALL,Felishar,10,0.15,6684,,FALSE,TRUE,https://pastvtr.elections.nsw.gov.au/LGE2012/data/cessnock-city-council/Ward-C-FP.pdf
2012,Cessnock City Council,Ward C,councillor,3,STONE Russell,STONE,Russell,10,0.15,6684,,FALSE,TRUE,https://pastvtr.elections.nsw.gov.au/LGE2012/data/cessnock-city-council/Ward-C-FP.pdf
2012,Cessnock City Council,Ward C,councillor,3,LEGGATT Cheryl-Ann,LEGGATT,Cheryl-Ann,14,0.21,6684,,FALSE,TRUE,https://pastvtr.elections.nsw.gov.au/LGE2012/data/cessnock-city-council/Ward-C-FP.pdf
2012,Cessnock City Council,Ward C,councillor,3,MCCUDDEN Allan,MCCUDDEN,Allan,129,1.93,6684,,FALSE,TRUE,https://pastvtr.elections.nsw.gov.au/LGE2012/data/cessnock-city-council/Ward-C-FP.pdf
2012,Cessnock City Council,Ward C,councillor,3,MCKENZIE Peter,MCKENZIE,Peter,20,0.30,6684,,FALSE,TRUE,https://pastvtr.elections.nsw.gov.au/LGE2012/data/cessnock-city-council/Ward-C-FP.pdf
2012,Cessnock City Council,Ward C,councillor,3,FENWICK Tania Lee,FENWICK,Tania Lee,7,0.10,6684,,FALSE,TRUE,https://pastvtr.elections.nsw.gov.au/LGE2012/data/cessnock-city-council/Ward-C-FP.pdf
2012,Cessnock City Council,Ward C,councillor,3,HEDGER Stephen,HEDGER,Stephen,98,1.47,6684,,FALSE,TRUE,https://pastvtr.elections.nsw.gov.au/LGE2012/data/cessnock-city-council/Ward-C-FP.pdf
2012,Cessnock City Council,Ward C,councillor,3,KRAUSERT Josef,KRAUSERT,Josef,52,0.78,6684,,FALSE,TRUE,https://pastvtr.elections.nsw.gov.au/LGE2012/data/cessnock-city-council/Ward-C-FP.pdf
2012,Cessnock City Council,Ward C,councillor,3,GUNTHER Scott,GUNTHER,Scott,62,0.93,6684,,FALSE,TRUE,https://pastvtr.elections.nsw.gov.au/LGE2012/data/cessnock-city-council/Ward-C-FP.pdf
2012,Cessnock City Council,Ward C,councillor,3,KRAUSERT Anna Elizabeth,KRAUSERT,Anna Elizabeth,12,0.18,6684,,FALSE,TRUE,https://pastvtr.elections.nsw.gov.au/LGE2012/data/cessnock-city-council/Ward-C-FP.pdf
2012,Cessnock City Council,Ward D,councillor,3,SMITH Graham,SMITH,Graham,74,1.16,6370,,TRUE,TRUE,https://pastvtr.elections.nsw.gov.au/LGE2012/data/cessnock-city-council/Ward-D-FP.pdf
2012,Cessnock City Council,Ward D,councillor,3,BESOFF Ron,BESOFF,Ron,24,0.38,6370,,FALSE,TRUE,https://pastvtr.elections.nsw.gov.au/LGE2012/data/cessnock-city-council/Ward-D-FP.pdf
2012,Cessnock City Council,Ward D,councillor,3,GRAY Darrin,GRAY,Darrin,15,0.24,6370,,FALSE,TRUE,https://pastvtr.elections.nsw.gov.au/LGE2012/data/cessnock-city-council/Ward-D-FP.pdf
2012,Cessnock City Council,Ward D,councillor,3,RYAN James,RYAN,James,82,1.29,6370,,TRUE,TRUE,https://pastvtr.elections.nsw.gov.au/LGE2012/data/cessnock-city-council/Ward-D-FP.pdf
2012,Cessnock City Council,Ward D,councillor,3,COSH Claire,COSH,Claire,7,0.11,6370,,FALSE,TRUE,https://pastvtr.elections.nsw.gov.au/LGE2012/data/cessnock-city-council/Ward-D-FP.pdf
2012,Cessnock City Council,Ward D,councillor,3,FITZSIMONS Pamela,FITZSIMONS,Pamela,3,0.05,6370,,FALSE,TRUE,https://pastvtr.elections.nsw.gov.au/LGE2012/data/cessnock-city-council/Ward-D-FP.pdf
2012,Cessnock City Council,Ward D,councillor,3,DOHERTY Rod,DOHERTY,Rod,92,1.44,6370,,TRUE,TRUE,https://pastvtr.elections.nsw.gov.au/LGE2012/data/cessnock-city-council/Ward-D-FP.pdf
2012,Cessnock City Council,Ward D,councillor,3,DOHERTY Carol,DOHERTY,Carol,13,0.20,6370,,FALSE,TRUE,https://pastvtr.elections.nsw.gov.au/LGE2012/data/cessnock-city-council/Ward-D-FP.pdf
2012,Cessnock City Council,Ward D,councillor,3,KING Maureen,KING,Maureen,6,0.09,6370,,FALSE,TRUE,https://pastvtr.elections.nsw.gov.au/LGE2012/data/cessnock-city-council/Ward-D-FP.pdf
2012,Cessnock City Council,Ward D,councillor,3,GORMAN Neil John,GORMAN,Neil John,57,0.89,6370,,FALSE,TRUE,https://pastvtr.elections.nsw.gov.au/LGE2012/data/cessnock-city-council/Ward-D-FP.pdf
2012,Cessnock City Council,Ward D,councillor,3,PARKER-MANDERSON Lloyd,PARKER-MANDERSON,Lloyd,18,0.28,6370,,FALSE,TRUE,https://pastvtr.elections.nsw.gov.au/LGE2012/data/cessnock-city-council/Ward-D-FP.pdf
2012,Cessnock City Council,Ward D,councillor,3,MARSHALL Robert,MARSHALL,Robert,11,0.17,6370,,FALSE,TRUE,https://pastvtr.elections.nsw.gov.au/LGE2012/data/cessnock-city-council/Ward-D-FP.pdf
2012,Cessnock City Council,Ward D,councillor,3,HARVEY John,HARVEY,John,57,0.89,6370,,FALSE,TRUE,https://pastvtr.elections.nsw.gov.au/LGE2012/data/cessnock-city-council/Ward-D-FP.pdf
2012,Cessnock City Council,Ward D,councillor,3,SKEATES Graham,SKEATES,Graham,1,0.02,6370,,FALSE,TRUE,https://pastvtr.elections.nsw.gov.au/LGE2012/data/cessnock-city-council/Ward-D-FP.pdf
2012,Cessnock City Council,Ward D,councillor,3,MYCHAS Kylie Anne,MYCHAS,Kylie Anne,17,0.27,6370,,FALSE,TRUE,https://pastvtr.elections.nsw.gov.au/LGE2012/data/cessnock-city-council/Ward-D-FP.pdf
2012,Cessnock City Council,Ward D,councillor,3,DARCEY Kurt,DARCEY,Kurt,19,0.30,6370,,FALSE,TRUE,https://pastvtr.elections.nsw.gov.au/LGE2012/data/cessnock-city-council/Ward-D-FP.pdf
2012,Cessnock City Council,Ward D,councillor,3,ODDIE Pip,ODDIE,Pip,3,0.05,6370,,FALSE,TRUE,https://pastvtr.elections.nsw.gov.au/LGE2012/data/cessnock-city-council/Ward-D-FP.pdf
2012,Cessnock City Council,Ward D,councillor,3,HODGSON Helena,HODGSON,Helena,13,0.20,6370,,FALSE,TRUE,https://pastvtr.elections.nsw.gov.au/LGE2012/data/cessnock-city-council/Ward-D-FP.pdf
2012,Cessnock City Council,,mayor,1,DAVEY Alison,DAVEY,Alison,2322,8.21,28271,,FALSE,TRUE,https://pastvtr.elections.nsw.gov.au/LGE2012/data/cessnock-city-council/Mayor-FP.pdf
2012,Cessnock City Council,,mayor,1,RYAN James,RYAN,James,2569,9.09,28271,,FALSE,TRUE,https://pastvtr.elections.nsw.gov.au/LGE2012/data/cessnock-city-council/Mayor-FP.pdf
2012,Cessnock City Council,,mayor,1,THOMAS Toby,THOMAS,Toby,2256,7.98,28271,,FALSE,TRUE,https://pastvtr.elections.nsw.gov.au/LGE2012/data/cessnock-city-council/Mayor-FP.pdf
2012,Cessnock City Council,,mayor,1,PYNSENT Bob,PYNSENT,Bob,7459,26.38,28271,,TRUE,TRUE,https://pastvtr.elections.nsw.gov.au/LGE2012/data/cessnock-city-council/Mayor-FP.pdf
2012,Cessnock City Council,,mayor,1,BURCHAM Cordelia,BURCHAM,Cordelia,4515,15.97,28271,,FALSE,TRUE,https://pastvtr.elections.nsw.gov.au/LGE2012/data/cessnock-city-council/Mayor-FP.pdf
2012,Cessnock City Council,,mayor,1,HARVEY John,HARVEY,John,3866,13.67,28271,,FALSE,TRUE,https://pastvtr.elections.nsw.gov.au/LGE2012/data/cessnock-city-council/Mayor-FP.pdf
2012,Cessnock City Council,,mayor,1,MCCUDDEN Allan,MCCUDDEN,Allan,1774,6.27,28271,,FALSE,TRUE,https://pastvtr.elections.nsw.gov.au/LGE2012/data/cessnock-city-council/Mayor-FP.pdf
2012,Cessnock City Council,,mayor,1,OLSEN Ian,OLSEN,Ian,1179,4.17,28271,,FALSE,TRUE,https://pastvtr.elections.nsw.gov.au/LGE2012/data/cessnock-city-council/Mayor-FP.pdf
2012,Cessnock City Council,,mayor,1,MAIN Rachel,MAIN,Rachel,1833,6.48,28271,,FALSE,TRUE,https://pastvtr.elections.nsw.gov.au/LGE2012/data/cessnock-city-council/Mayor-FP.pdf
2012,Cessnock City Council,,mayor,1,GORMAN Neil,GORMAN,Neil,498,1.76,28271,,FALSE,TRUE,https://pastvtr.elections.nsw.gov.au/LGE2012/data/cessnock-city-council/Mayor-FP.pdf
2012,Coffs Harbour City Council,,councillor,8,PALMER Bob,PALMER,Bob,695,1.88,37028,,TRUE,TRUE,https://pastvtr.elections.nsw.gov.au/LGE2012/data/coffs-harbour-city-council/Councillor-FP.pdf
2012,Coffs Harbour City Council,,councillor,8,NEWCOMBE Mike,NEWCOMBE,Mike,39,0.11,37028,,FALSE,TRUE,https://pastvtr.elections.nsw.gov.au/LGE2012/data/coffs-harbour-city-council/Councillor-FP.pdf
2012,Coffs Harbour City Council,,councillor,8,SMITH Ray,SMITH,Ray,71,0.19,37028,,FALSE,TRUE,https://pastvtr.elections.nsw.gov.au/LGE2012/data/coffs-harbour-city-council/Councillor-FP.pdf
2012,Coffs Harbour City Council,,councillor,8,SOLTAU Elizabeth,SOLTAU,Elizabeth,34,0.09,37028,,FALSE,TRUE,https://pastvtr.elections.nsw.gov.au/LGE2012/data/coffs-harbour-city-council/Councillor-FP.pdf
2012,Coffs Harbour City Council,,councillor,8,COWLING Nan,COWLING,Nan,592,1.60,37028,,TRUE,TRUE,https://pastvtr.elections.nsw.gov.au/LGE2012/data/coffs-harbour-city-council/Councillor-FP.pdf
2012,Coffs Harbour City Council,,councillor,8,DONALDSON John,DONALDSON,John,412,1.11,37028,,FALSE,TRUE,https://pastvtr.elections.nsw.gov.au/LGE2012/data/coffs-harbour-city-council/Councillor-FP.pdf
2012,Coffs Harbour City Council,,councillor,8,RANDALL Mick,RANDALL,Mick,12,0.03,37028,,FALSE,TRUE,https://pastvtr.elections.nsw.gov.au/LGE2012/data/coffs-harbour-city-council/Councillor-FP.pdf
2012,Coffs Harbour City Council,,councillor,8,BRISSETT Colin,BRISSETT,Colin,16,0.04,37028,,FALSE,TRUE,https://pastvtr.elections.nsw.gov.au/LGE2012/data/coffs-harbour-city-council/Councillor-FP.pdf
2012,Coffs Harbour City Council,,councillor,8,KNIGHT Denise,KNIGHT,Denise,1754,4.74,37028,,FALSE,TRUE,https://pastvtr.elections.nsw.gov.au/LGE2012/data/coffs-harbour-city-council/Councillor-FP.pdf
2012,Coffs Harbour City Council,,councillor,8,INNES Garry,INNES,Garry,57,0.15,37028,,TRUE,TRUE,https://pastvtr.elections.nsw.gov.au/LGE2012/data/coffs-harbour-city-council/Councillor-FP.pdf
2012,Coffs Harbour City Council,,councillor,8,OATES Michael,OATES,Michael,13,0.04,37028,,FALSE,TRUE,https://pastvtr.elections.nsw.gov.au/LGE2012/data/coffs-harbour-city-council/Councillor-FP.pdf
2012,Coffs Harbour City Council,,councillor,8,BURGESS Maureen,BURGESS,Maureen,21,0.06,37028,,FALSE,TRUE,https://pastvtr.elections.nsw.gov.au/LGE2012/data/coffs-harbour-city-council/Councillor-FP.pdf
2012,Coffs Harbour City Council,,councillor,8,RHOADES Keith,RHOADES,Keith,1145,3.09,37028,,TRUE,TRUE,https://pastvtr.elections.nsw.gov.au/LGE2012/data/coffs-harbour-city-council/Councillor-FP.pdf
2012,Coffs Harbour City Council,,councillor,8,HINES Kerry,HINES,Kerry,99,0.27,37028,,FALSE,TRUE,https://pastvtr.elections.nsw.gov.au/LGE2012/data/coffs-harbour-city-council/Councillor-FP.pdf
2012,Coffs Harbour City Council,,councillor,8,CALDWELL Andrea,CALDWELL,Andrea,40,0.11,37028,,FALSE,TRUE,https://pastvtr.elections.nsw.gov.au/LGE2012/data/coffs-harbour-city-council/Councillor-FP.pdf
2012,Coffs Harbour City Council,,councillor,8,BARDEN Fiona,BARDEN,Fiona,55,0.15,37028,,FALSE,TRUE,https://pastvtr.elections.nsw.gov.au/LGE2012/data/coffs-harbour-city-council/Councillor-FP.pdf
2012,Coffs Harbour City Council,,councillor,8,ARKAN John,ARKAN,John,1001,2.70,37028,,TRUE,TRUE,https://pastvtr.elections.nsw.gov.au/LGE2012/data/coffs-harbour-city-council/Councillor-FP.pdf
2012,Coffs Harbour City Council,,councillor,8,SULTANA Mark,SULTANA,Mark,51,0.14,37028,,TRUE,TRUE,https://pastvtr.elections.nsw.gov.au/LGE2012/data/coffs-harbour-city-council/Councillor-FP.pdf
2012,Coffs Harbour City Council,,councillor,8,NESS Graeme,NESS,Graeme,14,0.04,37028,,FALSE,TRUE,https://pastvtr.elections.nsw.gov.au/LGE2012/data/coffs-harbour-city-council/Councillor-FP.pdf
2012,Coffs Harbour City Council,,councillor,8,ROSE Sarah,ROSE,Sarah,41,0.11,37028,,FALSE,TRUE,https://pastvtr.elections.nsw.gov.au/LGE2012/data/coffs-harbour-city-council/Councillor-FP.pdf
2012,Coffs Harbour City Council,,councillor,8,TOWNLEY Sally,TOWNLEY,Sally,446,1.20,37028,,TRUE,TRUE,https://pastvtr.elections.nsw.gov.au/LGE2012/data/coffs-harbour-city-council/Councillor-FP.pdf
2012,Coffs Harbour City Council,,councillor,8,GRAHAM Mark,GRAHAM,Mark,239,0.65,37028,,FALSE,TRUE,https://pastvtr.elections.nsw.gov.au/LGE2012/data/coffs-harbour-city-council/Councillor-FP.pdf
2012,Coffs Harbour City Council,,councillor,8,CHRISTIE Craig,CHRISTIE,Craig,26,0.07,37028,,FALSE,TRUE,https://pastvtr.elections.nsw.gov.au/LGE2012/data/coffs-harbour-city-council/Councillor-FP.pdf
2012,Coffs Harbour City Council,,councillor,8,RANKE Aina,RANKE,Aina,9,0.02,37028,,FALSE,TRUE,https://pastvtr.elections.nsw.gov.au/LGE2012/data/coffs-harbour-city-council/Councillor-FP.pdf
2012,Coffs Harbour City Council,,councillor,8,MCCLENNON Robert,MCCLENNON,Robert,281,0.76,37028,,FALSE,TRUE,https://pastvtr.elections.nsw.gov.au/LGE2012/data/coffs-harbour-city-council/Councillor-FP.pdf
2012,Coffs Harbour City Council,,councillor,8,ROBINSON Eliezer,ROBINSON,Eliezer,161,0.43,37028,,FALSE,TRUE,https://pastvtr.elections.nsw.gov.au/LGE2012/data/coffs-harbour-city-council/Councillor-FP.pdf
2012,Coffs Harbour City Council,,councillor,8,LEANEY Darren,LEANEY,Darren,156,0.42,37028,,FALSE,TRUE,https://pastvtr.elections.nsw.gov.au/LGE2012/data/coffs-harbour-city-council/Councillor-FP.pdf
2012,Coffs Harbour City Council,,councillor,8,HARDACRE George,HARDACRE,George,44,0.12,37028,,FALSE,TRUE,https://pastvtr.elections.nsw.gov.au/LGE2012/data/coffs-harbour-city-council/Councillor-FP.pdf
2012,Coffs Harbour City Council,,councillor,8,QUINN David,QUINN,David,348,0.94,37028,,FALSE,TRUE,https://pastvtr.elections.nsw.gov.au/LGE2012/data/coffs-harbour-city-council/Councillor-FP.pdf
2012,Coffs Harbour City Council,,councillor,8,MCLAUGHLIN Richard,MCLAUGHLIN,Richard,29,0.08,37028,,FALSE,TRUE,https://pastvtr.elections.nsw.gov.au/LGE2012/data/coffs-harbour-city-council/Councillor-FP.pdf
2012,Coffs Harbour City Council,,councillor,8,MCDONALD Christopher,MCDONALD,Christopher,45,0.12,37028,,FALSE,TRUE,https://pastvtr.elections.nsw.gov.au/LGE2012/data/coffs-harbour-city-council/Councillor-FP.pdf
2012,Coffs Harbour City Council,,councillor,8,BURNET Kerrie,BURNET,Kerrie,21,0.06,37028,,FALSE,TRUE,https://pastvtr.elections.nsw.gov.au/LGE2012/data/coffs-harbour-city-council/Councillor-FP.pdf
2012,Coffs Harbour City Council,,councillor,8,DEGENS Rod,DEGENS,Rod,965,2.61,37028,,TRUE,TRUE,https://pastvtr.elections.nsw.gov.au/LGE2012/data/coffs-harbour-city-council/Councillor-FP.pdf
2012,Coffs Harbour City Council,,councillor,8,SQUIRES Justin,SQUIRES,Justin,23,0.06,37028,,FALSE,TRUE,https://pastvtr.elections.nsw.gov.au/LGE2012/data/coffs-harbour-city-council/Councillor-FP.pdf
2012,Coffs Harbour City Council,,councillor,8,HILL Adam,HILL,Adam,28,0.08,37028,,FALSE,TRUE,https://pastvtr.elections.nsw.gov.au/LGE2012/data/coffs-harbour-city-council/Councillor-FP.pdf
2012,Coffs Harbour City Council,,councillor,8,BLAKEMORE Dusty,BLAKEMORE,Dusty,9,0.02,37028,,FALSE,TRUE,https://pastvtr.elections.nsw.gov.au/LGE2012/data/coffs-harbour-city-council/Councillor-FP.pdf
2012,Coffs Harbour City Council,,councillor,8,SHERWELL Adam,SHERWELL,Adam,53,0.14,37028,,FALSE,TRUE,https://pastvtr.elections.nsw.gov.au/LGE2012/data/coffs-harbour-city-council/Councillor-FP.pdf
2012,Coffs Harbour City Council,,councillor,8,SUTHERLAND Ian,SUTHERLAND,Ian,355,0.96,37028,,FALSE,TRUE,https://pastvtr.elections.nsw.gov.au/LGE2012/data/coffs-harbour-city-council/Councillor-FP.pdf
2012,Coffs Harbour City Council,,councillor,8,DAVIES Peter,DAVIES,Peter,195,0.53,37028,,FALSE,TRUE,https://pastvtr.elections.nsw.gov.au/LGE2012/data/coffs-harbour-city-council/Councillor-FP.pdf
2012,Coffs Harbour City Council,,councillor,8,TEMPLETON Paul,TEMPLETON,Paul,23,0.06,37028,,FALSE,TRUE,https://pastvtr.elections.nsw.gov.au/LGE2012/data/coffs-harbour-city-council/Councillor-FP.pdf
2012,Coffs Harbour City Council,,councillor,8,WHELAN Graham,WHELAN,Graham,161,0.43,37028,,FALSE,TRUE,https://pastvtr.elections.nsw.gov.au/LGE2012/data/coffs-harbour-city-council/Councillor-FP.pdf
2012,Coffs Harbour City Council,,mayor,1,PALMER Bob,PALMER,Bob,3171,8.23,38544,,FALSE,TRUE,https://pastvtr.elections.nsw.gov.au/LGE2012/data/coffs-harbour-city-council/Mayor-Count.pdf
2012,Coffs Harbour City Council,,mayor,1,RHOADES Keith,RHOADES,Keith,7671,19.90,38544,,FALSE,TRUE,https://pastvtr.elections.nsw.gov.au/LGE2012/data/coffs-harbour-city-council/Mayor-Count.pdf
2012,Coffs Harbour City Council,,mayor,1,DONALDSON John,DONALDSON,John,2397,6.22,38544,,FALSE,TRUE,https://pastvtr.elections.nsw.gov.au/LGE2012/data/coffs-harbour-city-council/Mayor-Count.pdf
2012,Coffs Harbour City Council,,mayor,1,KNIGHT Denise,KNIGHT,Denise,7710,20.00,38544,,TRUE,TRUE,https://pastvtr.elections.nsw.gov.au/LGE2012/data/coffs-harbour-city-council/Mayor-Count.pdf
2012,Coffs Harbour City Council,,mayor,1,DEGENS Rod,DEGENS,Rod,4306,11.17,38544,,FALSE,TRUE,https://pastvtr.elections.nsw.gov.au/LGE2012/data/coffs-harbour-city-council/Mayor-Count.pdf
2012,Coffs Harbour City Council,,mayor,1,MULLER Leo,MULLER,Leo,2274,5.90,38544,,FALSE,TRUE,https://pastvtr.elections.nsw.gov.au/LGE2012/data/coffs-harbour-city-council/Mayor-Count.pdf
2012,Coffs Harbour City Council,,mayor,1,TOWNLEY Sally,TOWNLEY,Sally,3369,8.74,38544,,FALSE,TRUE,https://pastvtr.elections.nsw.gov.au/LGE2012/data/coffs-harbour-city-council/Mayor-Count.pdf
2012,Coffs Harbour City Council,,mayor,1,ARKAN John,ARKAN,John,7646,19.84,38544,,FALSE,TRUE,https://pastvtr.elections.nsw.gov.au/LGE2012/data/coffs-harbour-city-council/Mayor-Count.pdf
2012,Kempsey Shire Council,,councillor,8,SAUL Dean,SAUL,Dean,1222,8.24,14825,,TRUE,TRUE,https://pastvtr.elections.nsw.gov.au/LGE2012/data/kempsey-shire-council/Councillor-FP.pdf
2012,Kempsey Shire Council,,councillor,8,PEET Shiela,PEET,Shiela,109,0.74,14825,,FALSE,TRUE,https://pastvtr.elections.nsw.gov.au/LGE2012/data/kempsey-shire-council/Councillor-FP.pdf
2012,Kempsey Shire Council,,councillor,8,KERR Darren,KERR,Darren,97,0.65,14825,,FALSE,TRUE,https://pastvtr.elections.nsw.gov.au/LGE2012/data/kempsey-shire-council/Councillor-FP.pdf
2012,Kempsey Shire Council,,councillor,8,DIXON Angela,DIXON,Angela,121,0.82,14825,,FALSE,TRUE,https://pastvtr.elections.nsw.gov.au/LGE2012/data/kempsey-shire-council/Councillor-FP.pdf
2012,Kempsey Shire Council,,councillor,8,HOOPER Harold,HOOPER,Harold,113,0.76,14825,,FALSE,TRUE,https://pastvtr.elections.nsw.gov.au/LGE2012/data/kempsey-shire-council/Councillor-FP.pdf
2012,Kempsey Shire Council,,councillor,8,KESBY Lou,KESBY,Lou,1297,8.75,14825,,FALSE,TRUE,https://pastvtr.elections.nsw.gov.au/LGE2012/data/kempsey-shire-council/Councillor-FP.pdf
2012,Kempsey Shire Council,,councillor,8,GREEN Betty,GREEN,Betty,1226,8.27,14825,,TRUE,TRUE,https://pastvtr.elections.nsw.gov.au/LGE2012/data/kempsey-shire-council/Councillor-FP.pdf
2012,Kempsey Shire Council,,councillor,8,BOWELL John,BOWELL,John,328,2.21,14825,,FALSE,TRUE,https://pastvtr.elections.nsw.gov.au/LGE2012/data/kempsey-shire-council/Councillor-FP.pdf
2012,Kempsey Shire Council,,councillor,8,WILLIAMS Ashley,WILLIAMS,Ashley,966,6.52,14825,,TRUE,TRUE,https://pastvtr.elections.nsw.gov.au/LGE2012/data/kempsey-shire-council/Councillor-FP.pdf
2012,Kempsey Shire Council,,councillor,8,SOWTER Greg,SOWTER,Greg,748,5.05,14825,,FALSE,TRUE,https://pastvtr.elections.nsw.gov.au/LGE2012/data/kempsey-shire-council/Councillor-FP.pdf
2012,Kempsey Shire Council,,councillor,8,CAMPBELL Liz,CAMPBELL,Liz,2117,14.28,14825,,FALSE,TRUE,https://pastvtr.elections.nsw.gov.au/LGE2012/data/kempsey-shire-council/Councillor-FP.pdf
2012,Kempsey Shire Council,,councillor,8,PATTERSON Anthony,PATTERSON,Anthony,1387,9.36,14825,,FALSE,TRUE,https://pastvtr.elections.nsw.gov.au/LGE2012/data/kempsey-shire-council/Councillor-FP.pdf
2012,Kempsey Shire Council,,councillor,8,GRIBBIN Jim,GRIBBIN,Jim,984,6.64,14825,,TRUE,TRUE,https://pastvtr.elections.nsw.gov.au/LGE2012/data/kempsey-shire-council/Councillor-FP.pdf
2012,Kempsey Shire Council,,councillor,8,SPROULE Jenny,SPROULE,Jenny,704,4.75,14825,,TRUE,TRUE,https://pastvtr.elections.nsw.gov.au/LGE2012/data/kempsey-shire-council/Councillor-FP.pdf
2012,Kempsey Shire Council,,councillor,8,MORRIS Bruce,MORRIS,Bruce,833,5.62,14825,,TRUE,TRUE,https://pastvtr.elections.nsw.gov.au/LGE2012/data/kempsey-shire-council/Councillor-FP.pdf
2012,Kempsey Shire Council,,councillor,8,CHAPMAN Peter,CHAPMAN,Peter,504,3.40,14825,,FALSE,TRUE,https://pastvtr.elections.nsw.gov.au/LGE2012/data/kempsey-shire-council/Councillor-FP.pdf
2012,Kempsey Shire Council,,councillor,8,SNOWSILL Alan,SNOWSILL,Alan,543,3.66,14825,,FALSE,TRUE,https://pastvtr.elections.nsw.gov.au/LGE2012/data/kempsey-shire-council/Councillor-FP.pdf
2012,Kempsey Shire Council,,councillor,8,MCGINN Sue,MCGINN,Sue,675,4.55,14825,,TRUE,TRUE,https://pastvtr.elections.nsw.gov.au/LGE2012/data/kempsey-shire-council/Councillor-FP.pdf
2012,Kempsey Shire Council,,councillor,8,BURNETT James,BURNETT,James,851,5.74,14825,,TRUE,TRUE,https://pastvtr.elections.nsw.gov.au/LGE2012/data/kempsey-shire-council/Councillor-FP.pdf
2012,Kempsey Shire Council,,mayor,1,SPROULE Jenny,SPROULE,Jenny,1855,11.87,15631,,FALSE,TRUE,https://pastvtr.elections.nsw.gov.au/LGE2012/data/kempsey-shire-council/Mayor-Count.pdf
2012,Kempsey Shire Council,,mayor,1,SNOWSILL Alan,SNOWSILL,Alan,1316,8.42,15631,,FALSE,TRUE,https://pastvtr.elections.nsw.gov.au/LGE2012/data/kempsey-shire-council/Mayor-Count.pdf
2012,Kempsey Shire Council,,mayor,1,GRIBBIN Jim,GRIBBIN,Jim,1742,11.14,15631,,FALSE,TRUE,https://pastvtr.elections.nsw.gov.au/LGE2012/data/kempsey-shire-council/Mayor-Count.pdf
2012,Kempsey Shire Council,,mayor,1,GREEN Betty,GREEN,Betty,2343,14.99,15631,,FALSE,TRUE,https://pastvtr.elections.nsw.gov.au/LGE2012/data/kempsey-shire-council/Mayor-Count.pdf
2012,Kempsey Shire Council,,mayor,1,BURNETT James,BURNETT,James,1593,10.19,15631,,FALSE,TRUE,https://pastvtr.elections.nsw.gov.au/LGE2012/data/kempsey-shire-council/Mayor-Count.pdf
2012,Kempsey Shire Council,,mayor,1,CAMPBELL Liz,CAMPBELL,Liz,5069,32.43,15631,,TRUE,TRUE,https://pastvtr.elections.nsw.gov.au/LGE2012/data/kempsey-shire-council/Mayor-Count.pdf
2012,Kempsey Shire Council,,mayor,1,SAUL Dean,SAUL,Dean,1713,10.96,15631,,FALSE,TRUE,https://pastvtr.elections.nsw.gov.au/LGE2012/data/kempsey-shire-council/Mayor-Count.pdf
2012,Lake Macquarie City Council,East Ward,councillor,4,FRASER Kay,FRASER,Kay,489,1.30,37696,,TRUE,TRUE,https://pastvtr.elections.nsw.gov.au/LGE2012/data/lake-macquarie-city-council/East-Ward-FP.pdf
2012,Lake Macquarie City Council,East Ward,councillor,4,GRIFFITH Chad,GRIFFITH,Chad,119,0.32,37696,,TRUE,TRUE,https://pastvtr.elections.nsw.gov.au/LGE2012/data/lake-macquarie-city-council/East-Ward-FP.pdf
2012,Lake Macquarie City Council,East Ward,councillor,4,MATHIEU Vicki,MATHIEU,Vicki,36,0.10,37696,,FALSE,TRUE,https://pastvtr.elections.nsw.gov.au/LGE2012/data/lake-macquarie-city-council/East-Ward-FP.pdf
2012,Lake Macquarie City Council,East Ward,councillor,4,RAMPLIN Helen,RAMPLIN,Helen,95,0.25,37696,,FALSE,TRUE,https://pastvtr.elections.nsw.gov.au/LGE2012/data/lake-macquarie-city-council/East-Ward-FP.pdf
2012,Lake Macquarie City Council,East Ward,councillor,4,GRIFFITHS Erin,GRIFFITHS,Erin,93,0.25,37696,,FALSE,TRUE,https://pastvtr.elections.nsw.gov.au/LGE2012/data/lake-macquarie-city-council/East-Ward-FP.pdf
2012,Lake Macquarie City Council,East Ward,councillor,4,PRICE Sue,PRICE,Sue,144,0.38,37696,,FALSE,TRUE,https://pastvtr.elections.nsw.gov.au/LGE2012/data/lake-macquarie-city-council/East-Ward-FP.pdf
2012,Lake Macquarie City Council,East Ward,councillor,4,POETSCHKA Janet,POETSCHKA,Janet,40,0.11,37696,,FALSE,TRUE,https://pastvtr.elections.nsw.gov.au/LGE2012/data/lake-macquarie-city-council/East-Ward-FP.pdf
2012,Lake Macquarie City Council,East Ward,councillor,4,GILLARD John,GILLARD,John,26,0.07,37696,,FALSE,TRUE,https://pastvtr.elections.nsw.gov.au/LGE2012/data/lake-macquarie-city-council/East-Ward-FP.pdf
2012,Lake Macquarie City Council,East Ward,councillor,4,PARSONS Phillipa,PARSONS,Phillipa,157,0.42,37696,,FALSE,TRUE,https://pastvtr.elections.nsw.gov.au/LGE2012/data/lake-macquarie-city-council/East-Ward-FP.pdf
2012,Lake Macquarie City Council,East Ward,councillor,4,VERNON Michelle,VERNON,Michelle,23,0.06,37696,,FALSE,TRUE,https://pastvtr.elections.nsw.gov.au/LGE2012/data/lake-macquarie-city-council/East-Ward-FP.pdf
2012,Lake Macquarie City Council,East Ward,councillor,4,REAY BARTSCH Stephanee,REAY BARTSCH,Stephanee,7,0.02,37696,,FALSE,TRUE,https://pastvtr.elections.nsw.gov.au/LGE2012/data/lake-macquarie-city-council/East-Ward-FP.pdf
2012,Lake Macquarie City Council,East Ward,councillor,4,BAILLIE Bronwyn,BAILLIE,Bronwyn,11,0.03,37696,,FALSE,TRUE,https://pastvtr.elections.nsw.gov.au/LGE2012/data/lake-macquarie-city-council/East-Ward-FP.pdf
2012,Lake Macquarie City Council,East Ward,councillor,4,COGHLAN Laurie,COGHLAN,Laurie,1610,4.27,37696,,TRUE,TRUE,https://pastvtr.elections.nsw.gov.au/LGE2012/data/lake-macquarie-city-council/East-Ward-FP.pdf
2012,Lake Macquarie City Council,East Ward,councillor,4,SNEDDON Gillian,SNEDDON,Gillian,423,1.12,37696,,FALSE,TRUE,https://pastvtr.elections.nsw.gov.au/LGE2012/data/lake-macquarie-city-council/East-Ward-FP.pdf
2012,Lake Macquarie City Council,East Ward,councillor,4,HALE Emma,HALE,Emma,62,0.16,37696,,FALSE,TRUE,https://pastvtr.elections.nsw.gov.au/LGE2012/data/lake-macquarie-city-council/East-Ward-FP.pdf
2012,Lake Macquarie City Council,East Ward,councillor,4,MOWBRAY Tony,MOWBRAY,Tony,200,0.53,37696,,FALSE,TRUE,https://pastvtr.elections.nsw.gov.au/LGE2012/data/lake-macquarie-city-council/East-Ward-FP.pdf
2012,Lake Macquarie City Council,East Ward,councillor,4,PAULING Jason,PAULING,Jason,354,0.94,37696,,TRUE,TRUE,https://pastvtr.elections.nsw.gov.au/LGE2012/data/lake-macquarie-city-council/East-Ward-FP.pdf
2012,Lake Macquarie City Council,East Ward,councillor,4,JONES Nick,JONES,Nick,63,0.17,37696,,FALSE,TRUE,https://pastvtr.elections.nsw.gov.au/LGE2012/data/lake-macquarie-city-council/East-Ward-FP.pdf
2012,Lake Macquarie City Council,East Ward,councillor,4,TRELOAR Brian,TRELOAR,Brian,23,0.06,37696,,FALSE,TRUE,https://pastvtr.elections.nsw.gov.au/LGE2012/data/lake-macquarie-city-council/East-Ward-FP.pdf
2012,Lake Macquarie City Council,East Ward,councillor,4,DELORE Tony,DELORE,Tony,35,0.09,37696,,FALSE,TRUE,https://pastvtr.elections.nsw.gov.au/LGE2012/data/lake-macquarie-city-council/East-Ward-FP.pdf
2012,Lake Macquarie City Council,North Ward,councillor,4,HARRISON Jodie,HARRISON,Jodie,687,1.93,35515,,FALSE,TRUE,https://pastvtr.elections.nsw.gov.au/LGE2012/data/lake-macquarie-city-council/North-Ward-FP.pdf
2012,Lake Macquarie City Council,North Ward,councillor,4,ADAMTHWAITE Brian,ADAMTHWAITE,Brian,59,0.17,35515,,TRUE,TRUE,https://pastvtr.elections.nsw.gov.au/LGE2012/data/lake-macquarie-city-council/North-Ward-FP.pdf
2012,Lake Macquarie City Council,North Ward,councillor,4,LANGFORD Barney,LANGFORD,Barney,43,0.12,35515,,TRUE,TRUE,https://pastvtr.elections.nsw.gov.au/LGE2012/data/lake-macquarie-city-council/North-Ward-FP.pdf
2012,Lake Macquarie City Council,North Ward,councillor,4,MCLEAN Judi,MCLEAN,Judi,26,0.07,35515,,FALSE,TRUE,https://pastvtr.elections.nsw.gov.au/LGE2012/data/lake-macquarie-city-council/North-Ward-FP.pdf
2012,Lake Macquarie City Council,North Ward,councillor,4,DENTON Robert,DENTON,Robert,270,0.76,35515,,TRUE,TRUE,https://pastvtr.elections.nsw.gov.au/LGE2012/data/lake-macquarie-city-council/North-Ward-FP.pdf
2012,Lake Macquarie City Council,North Ward,councillor,4,SCARFE Mark,SCARFE,Mark,53,0.15,35515,,FALSE,TRUE,https://pastvtr.elections.nsw.gov.au/LGE2012/data/lake-macquarie-city-council/North-Ward-FP.pdf
2012,Lake Macquarie City Council,North Ward,councillor,4,BAKER Kevin,BAKER,Kevin,32,0.09,35515,,FALSE,TRUE,https://pastvtr.elections.nsw.gov.au/LGE2012/data/lake-macquarie-city-council/North-Ward-FP.pdf
2012,Lake Macquarie City Council,North Ward,councillor,4,MEADER David,MEADER,David,17,0.05,35515,,FALSE,TRUE,https://pastvtr.elections.nsw.gov.au/LGE2012/data/lake-macquarie-city-council/North-Ward-FP.pdf
2012,Lake Macquarie City Council,North Ward,councillor,4,JOHNSTON Barry,JOHNSTON,Barry,1265,3.56,35515,,TRUE,TRUE,https://pastvtr.elections.nsw.gov.au/LGE2012/data/lake-macquarie-city-council/North-Ward-FP.pdf
2012,Lake Macquarie City Council,North Ward,councillor,4,ATKINS Joanne,ATKINS,Joanne,64,0.18,35515,,FALSE,TRUE,https://pastvtr.elections.nsw.gov.au/LGE2012/data/lake-macquarie-city-council/North-Ward-FP.pdf
2012,Lake Macquarie City Council,North Ward,councillor,4,EVANS Mark,EVANS,Mark,55,0.15,35515,,FALSE,TRUE,https://pastvtr.elections.nsw.gov.au/LGE2012/data/lake-macquarie-city-council/North-Ward-FP.pdf
2012,Lake Macquarie City Council,North Ward,councillor,4,CALLINAN Gary,CALLINAN,Gary,46,0.13,35515,,FALSE,TRUE,https://pastvtr.elections.nsw.gov.au/LGE2012/data/lake-macquarie-city-council/North-Ward-FP.pdf
2012,Lake Macquarie City Council,North Ward,councillor,4,ROBB Darylyn,ROBB,Darylyn,66,0.19,35515,,FALSE,TRUE,https://pastvtr.elections.nsw.gov.au/LGE2012/data/lake-macquarie-city-council/North-Ward-FP.pdf
2012,Lake Macquarie City Council,North Ward,councillor,4,GROTH Peter,GROTH,Peter,17,0.05,35515,,FALSE,TRUE,https://pastvtr.elections.nsw.gov.au/LGE2012/data/lake-macquarie-city-council/North-Ward-FP.pdf
2012,Lake Macquarie City Council,North Ward,councillor,4,BARKER Sue,BARKER,Sue,38,0.11,35515,,FALSE,TRUE,https://pastvtr.elections.nsw.gov.au/LGE2012/data/lake-macquarie-city-council/North-Ward-FP.pdf
2012,Lake Macquarie City Council,North Ward,councillor,4,KIAOS Stan,KIAOS,Stan,20,0.06,35515,,FALSE,TRUE,https://pastvtr.elections.nsw.gov.au/LGE2012/data/lake-macquarie-city-council/North-Ward-FP.pdf
2012,Lake Macquarie City Council,North Ward,councillor,4,OAKLEY Jane,OAKLEY,Jane,111,0.31,35515,,FALSE,TRUE,https://pastvtr.elections.nsw.gov.au/LGE2012/data/lake-macquarie-city-council/North-Ward-FP.pdf
2012,Lake Macquarie City Council,North Ward,councillor,4,FLYNN Michael,FLYNN,Michael,13,0.04,35515,,FALSE,TRUE,https://pastvtr.elections.nsw.gov.au/LGE2012/data/lake-macquarie-city-council/North-Ward-FP.pdf
2012,Lake Macquarie City Council,North Ward,councillor,4,FLYNN Suzanne,FLYNN,Suzanne,7,0.02,35515,,FALSE,TRUE,https://pastvtr.elections.nsw.gov.au/LGE2012/data/lake-macquarie-city-council/North-Ward-FP.pdf
2012,Lake Macquarie City Council,North Ward,councillor,4,CASTLES Julie,CASTLES,Julie,15,0.04,35515,,FALSE,TRUE,https://pastvtr.elections.nsw.gov.au/LGE2012/data/lake-macquarie-city-council/North-Ward-FP.pdf
2012,Lake Macquarie City Council,North Ward,councillor,4,MARTIN Arjay,MARTIN,Arjay,179,0.50,35515,,FALSE,TRUE,https://pastvtr.elections.nsw.gov.au/LGE2012/data/lake-macquarie-city-council/North-Ward-FP.pdf
2012,Lake Macquarie City Council,West Ward,councillor,4,MORAN Zelma,MORAN,Zelma,168,0.45,37182,,TRUE,TRUE,https://pastvtr.elections.nsw.gov.au/LGE2012/data/lake-macquarie-city-council/West-Ward-FP.pdf
2012,Lake Macquarie City Council,West Ward,councillor,4,SCAYSBROOK Frank,SCAYSBROOK,Frank,20,0.05,37182,,FALSE,TRUE,https://pastvtr.elections.nsw.gov.au/LGE2012/data/lake-macquarie-city-council/West-Ward-FP.pdf
2012,Lake Macquarie City Council,West Ward,councillor,4,LAMBERT Marjorie,LAMBERT,Marjorie,23,0.06,37182,,FALSE,TRUE,https://pastvtr.elections.nsw.gov.au/LGE2012/data/lake-macquarie-city-council/West-Ward-FP.pdf
2012,Lake Macquarie City Council,West Ward,councillor,4,EDMONDS Richard,EDMONDS,Richard,19,0.05,37182,,FALSE,TRUE,https://pastvtr.elections.nsw.gov.au/LGE2012/data/lake-macquarie-city-council/West-Ward-FP.pdf
2012,Lake Macquarie City Council,West Ward,councillor,4,PAXINOS Ken,PAXINOS,Ken,421,1.13,37182,,TRUE,TRUE,https://pastvtr.elections.nsw.gov.au/LGE2012/data/lake-macquarie-city-council/West-Ward-FP.pdf
2012,Lake Macquarie City Council,West Ward,councillor,4,PATERSON Lindsay,PATERSON,Lindsay,60,0.16,37182,,FALSE,TRUE,https://pastvtr.elections.nsw.gov.au/LGE2012/data/lake-macquarie-city-council/West-Ward-FP.pdf
2012,Lake Macquarie City Council,West Ward,councillor,4,SAMUELS Elaine,SAMUELS,Elaine,12,0.03,37182,,FALSE,TRUE,https://pastvtr.elections.nsw.gov.au/LGE2012/data/lake-macquarie-city-council/West-Ward-FP.pdf
2012,Lake Macquarie City Council,West Ward,councillor,4,LEE Sylvia,LEE,Sylvia,13,0.03,37182,,FALSE,TRUE,https://pastvtr.elections.nsw.gov.au/LGE2012/data/lake-macquarie-city-council/West-Ward-FP.pdf
2012,Lake Macquarie City Council,West Ward,councillor,4,SULLIVAN Jim,SULLIVAN,Jim,436,1.17,37182,,FALSE,TRUE,https://pastvtr.elections.nsw.gov.au/LGE2012/data/lake-macquarie-city-council/West-Ward-FP.pdf
2012,Lake Macquarie City Council,West Ward,councillor,4,MYLES Sue,MYLES,Sue,43,0.12,37182,,FALSE,TRUE,https://pastvtr.elections.nsw.gov.au/LGE2012/data/lake-macquarie-city-council/West-Ward-FP.pdf
2012,Lake Macquarie City Council,West Ward,councillor,4,BRADLEY Barry,BRADLEY,Barry,32,0.09,37182,,FALSE,TRUE,https://pastvtr.elections.nsw.gov.au/LGE2012/data/lake-macquarie-city-council/West-Ward-FP.pdf
2012,Lake Macquarie City Council,West Ward,councillor,4,SINCLAIR Warren,SINCLAIR,Warren,12,0.03,37182,,FALSE,TRUE,https://pastvtr.elections.nsw.gov.au/LGE2012/data/lake-macquarie-city-council/West-Ward-FP.pdf
2012,Lake Macquarie City Council,West Ward,councillor,4,HARRISON Wendy,HARRISON,Wendy,2763,7.43,37182,,FALSE,TRUE,https://pastvtr.elections.nsw.gov.au/LGE2012/data/lake-macquarie-city-council/West-Ward-FP.pdf
2012,Lake Macquarie City Council,West Ward,councillor,4,OKENO Rosmairi,OKENO,Rosmairi,85,0.23,37182,,TRUE,TRUE,https://pastvtr.elections.nsw.gov.au/LGE2012/data/lake-macquarie-city-council/West-Ward-FP.pdf
2012,Lake Macquarie City Council,West Ward,councillor,4,GATGENS Bruce,GATGENS,Bruce,22,0.06,37182,,FALSE,TRUE,https://pastvtr.elections.nsw.gov.au/LGE2012/data/lake-macquarie-city-council/West-Ward-FP.pdf
2012,Lake Macquarie City Council,West Ward,councillor,4,THOMAS Mark,THOMAS,Mark,61,0.16,37182,,FALSE,TRUE,https://pastvtr.elections.nsw.gov.au/LGE2012/data/lake-macquarie-city-council/West-Ward-FP.pdf
2012,Lake Macquarie City Council,West Ward,councillor,4,WALLACE Daniel,WALLACE,Daniel,296,0.80,37182,,FALSE,TRUE,https://pastvtr.elections.nsw.gov.au/LGE2012/data/lake-macquarie-city-council/West-Ward-FP.pdf
2012,Lake Macquarie City Council,West Ward,councillor,4,MAHER Kevin,MAHER,Kevin,79,0.21,37182,,TRUE,TRUE,https://pastvtr.elections.nsw.gov.au/LGE2012/data/lake-macquarie-city-council/West-Ward-FP.pdf
2012,Lake Macquarie City Council,West Ward,councillor,4,MARIANI Marcus,MARIANI,Marcus,27,0.07,37182,,FALSE,TRUE,https://pastvtr.elections.nsw.gov.au/LGE2012/data/lake-macquarie-city-council/West-Ward-FP.pdf
2012,Lake Macquarie City Council,West Ward,councillor,4,GIBBONS Michael,GIBBONS,Michael,44,0.12,37182,,FALSE,TRUE,https://pastvtr.elections.nsw.gov.au/LGE2012/data/lake-macquarie-city-council/West-Ward-FP.pdf
2012,Lake Macquarie City Council,,mayor,1,MARTIN Arjay,MARTIN,Arjay,3424,3.02,113276,,FALSE,TRUE,https://pastvtr.elections.nsw.gov.au/LGE2012/data/lake-macquarie-city-council/Mayor-Count.pdf
2012,Lake Macquarie City Council,,mayor,1,PAXINOS Ken,PAXINOS,Ken,25367,22.39,113276,,FALSE,TRUE,https://pastvtr.elections.nsw.gov.au/LGE2012/data/lake-macquarie-city-council/Mayor-Count.pdf
2012,Lake Macquarie City Council,,mayor,1,HARRISON Jodie,HARRISON,Jodie,37202,32.84,113276,,TRUE,TRUE,https://pastvtr.elections.nsw.gov.au/LGE2012/data/lake-macquarie-city-council/Mayor-Count.pdf
2012,Lake Macquarie City Council,,mayor,1,SULLIVAN Jim,SULLIVAN,Jim,9836,8.68,113276,,FALSE,TRUE,https://pastvtr.elections.nsw.gov.au/LGE2012/data/lake-macquarie-city-council/Mayor-Count.pdf
2012,Lake Macquarie City Council,,mayor,1,HARRISON Wendy,HARRISON,Wendy,28944,25.55,113276,,FALSE,TRUE,https://pastvtr.elections.nsw.gov.au/LGE2012/data/lake-macquarie-city-council/Mayor-Count.pdf
2012,Lake Macquarie City Council,,mayor,1,PARSONS Phillipa,PARSONS,Phillipa,8503,7.51,113276,,FALSE,TRUE,https://pastvtr.elections.nsw.gov.au/LGE2012/data/lake-macquarie-city-council/Mayor-Count.pdf
2012,Gunnedah Shire Council,,councillor,9,ALLGAYER,ALLGAYER,,413,5.89,7007,,TRUE,TRUE,https://pastvtr.elections.nsw.gov.au/LGE2012/data/gunnedah-shire-council/Councillor-Count.pdf
2012,Gunnedah Shire Council,,councillor,9,HILLIER,HILLIER,,259,3.70,7007,,FALSE,TRUE,https://pastvtr.elections.nsw.gov.au/LGE2012/data/gunnedah-shire-council/Councillor-Count.pdf
2012,Gunnedah Shire Council,,councillor,9,CONWAY,CONWAY,,165,2.35,7007,,FALSE,TRUE,https://pastvtr.elections.nsw.gov.au/LGE2012/data/gunnedah-shire-council/Councillor-Count.pdf
2012,Gunnedah Shire Council,,councillor,9,SWAIN,SWAIN,,1974,28.17,7007,,TRUE,TRUE,https://pastvtr.elections.nsw.gov.au/LGE2012/data/gunnedah-shire-council/Councillor-Count.pdf
2012,Gunnedah Shire Council,,councillor,9,FULLER,FULLER,,1546,22.06,7007,,TRUE,TRUE,https://pastvtr.elections.nsw.gov.au/LGE2012/data/gunnedah-shire-council/Councillor-Count.pdf
2012,Gunnedah Shire Council,,councillor,9,TAILBY,TAILBY,,68,0.97,7007,,FALSE,TRUE,https://pastvtr.elections.nsw.gov.au/LGE2012/data/gunnedah-shire-council/Councillor-Count.pdf
2012,Gunnedah Shire Council,,councillor,9,GRIFFEN,GRIFFEN,,183,2.61,7007,,TRUE,TRUE,https://pastvtr.elections.nsw.gov.au/LGE2012/data/gunnedah-shire-council/Councillor-Count.pdf
2012,Gunnedah Shire Council,,councillor,9,DUDDY,DUDDY,,294,4.20,7007,,TRUE,TRUE,https://pastvtr.elections.nsw.gov.au/LGE2012/data/gunnedah-shire-council/Councillor-Count.pdf
2012,Gunnedah Shire Council,,councillor,9,SMITH,SMITH,,359,5.12,7007,,TRUE,TRUE,https://pastvtr.elections.nsw.gov.au/LGE2012/data/gunnedah-shire-council/Councillor-Count.pdf
2012,Gunnedah Shire Council,,councillor,9,MOLLOY,MOLLOY,,98,1.40,7007,,FALSE,TRUE,https://pastvtr.elections.nsw.gov.au/LGE2012/data/gunnedah-shire-council/Councillor-Count.pdf
2012,Gunnedah Shire Council,,councillor,9,HASLER,HASLER,,369,5.27,7007,,TRUE,TRUE,https://pastvtr.elections.nsw.gov.au/LGE2012/data/gunnedah-shire-council/Councillor-Count.pdf
2012,Gunnedah Shire Council,,councillor,9,HODDLE,HODDLE,,153,2.18,7007,,FALSE,TRUE,https://pastvtr.elections.nsw.gov.au/LGE2012/data/gunnedah-shire-council/Councillor-Count.pdf
2012,Gunnedah Shire Council,,councillor,9,RYAN,RYAN,,287,4.10,7007,,TRUE,TRUE,https://pastvtr.elections.nsw.gov.au/LGE2012/data/gunnedah-shire-council/Councillor-Count.pdf
2012,Gunnedah Shire Council,,councillor,9,QUINCE,QUINCE,,333,4.75,7007,,TRUE,TRUE,https://pastvtr.elections.nsw.gov.au/LGE2012/data/gunnedah-shire-council/Councillor-Count.pdf
2012,Gunnedah Shire Council,,councillor,9,GRIFFITHS,GRIFFITHS,,287,4.10,7007,,FALSE,TRUE,https://pastvtr.elections.nsw.gov.au/LGE2012/data/gunnedah-shire-council/Councillor-Count.pdf
2012,Gunnedah Shire Council,,councillor,9,MARTIN,MARTIN,,219,3.13,7007,,FALSE,TRUE,https://pastvtr.elections.nsw.gov.au/LGE2012/data/gunnedah-shire-council/Councillor-Count.pdf
2012,The Council of the City of Botany Bay,Ward 2,councillor,1,TROY Brian,TROY,Brian,2255,68.00,3316,,TRUE,TRUE,https://pastvtr.elections.nsw.gov.au/LGE2012/data/the-council-of-the-city-of-botany-bay/Ward-2-Count.pdf
2012,The Council of the City of Botany Bay,Ward 2,councillor,1,BUTT Sherry,BUTT,Sherry,1061,32.00,3316,,FALSE,TRUE,https://pastvtr.elections.nsw.gov.au/LGE2012/data/the-council-of-the-city-of-botany-bay/Ward-2-Count.pdf
2012,The Council of the City of Botany Bay,Ward 3,councillor,1,CURRY Christina,CURRY,Christina,2373,65.72,3611,,TRUE,TRUE,https://pastvtr.elections.nsw.gov.au/LGE2012/data/the-council-of-the-city-of-botany-bay/Ward-3-Count.pdf
2012,The Council of the City of Botany Bay,Ward 3,councillor,1,TRIST Charlie,TRIST,Charlie,1238,34.28,3611,,FALSE,TRUE,https://pastvtr.elections.nsw.gov.au/LGE2012/data/the-council-of-the-city-of-botany-bay/Ward-3-Count.pdf
2012,The Council of the City of Botany Bay,Ward 4,councillor,1,KOUTSOUKIS John,KOUTSOUKIS,John,965,27.15,3554,,FALSE,TRUE,https://pastvtr.elections.nsw.gov.au/LGE2012/data/the-council-of-the-city-of-botany-bay/Ward-4-Count.pdf
2012,The Council of the City of Botany Bay,Ward 4,councillor,1,CHILD Paul,CHILD,Paul,570,16.04,3554,,FALSE,TRUE,https://pastvtr.elections.nsw.gov.au/LGE2012/data/the-council-of-the-city-of-botany-bay/Ward-4-Count.pdf
2012,The Council of the City of Botany Bay,Ward 4,councillor,1,KONDILIOS Stan,KONDILIOS,Stan,2019,56.81,3554,,TRUE,TRUE,https://pastvtr.elections.nsw.gov.au/LGE2012/data/the-council-of-the-city-of-botany-bay/Ward-4-Count.pdf
2012,The Council of the City of Botany Bay,Ward 6,councillor,1,ALAM Rafi,ALAM,Rafi,684,20.75,3296,,FALSE,TRUE,https://pastvtr.elections.nsw.gov.au/LGE2012/data/the-council-of-the-city-of-botany-bay/Ward-6-Count.pdf
2012,The Council of the City of Botany Bay,Ward 6,councillor,1,CASTLE Mark,CASTLE,Mark,2612,79.25,3296,,TRUE,TRUE,https://pastvtr.elections.nsw.gov.au/LGE2012/data/the-council-of-the-city-of-botany-bay/Ward-6-Count.pdf
2012,The Council of the City of Botany Bay,Ward 1,councillor,1,GLINATSIS George,GLINATSIS,George,,,,,TRUE,FALSE,https://pastvtr.elections.nsw.gov.au/LGE2012/data/the-council-of-the-city-of-botany-bay/Ward-1-Count.pdf
2012,The Council of the City of Botany Bay,Ward 5,councillor,1,MITCHELL Greg,MITCHELL,Greg,,,,,TRUE,FALSE,https://pastvtr.elections.nsw.gov.au/LGE2012/data/the-council-of-the-city-of-botany-bay/Ward-5-Count.pdf
2012,Lane Cove Municipal Council,Central Ward,councillor,3,BRENT Karola,BRENT,Karola,183,,5723,,TRUE,TRUE,https://pastvtr.elections.nsw.gov.au/LGE2012/data/lane-cove-municipal-council/Central-Ward-Count.pdf
2012,Lane Cove Municipal Council,Central Ward,councillor,3,FISHER Matt,FISHER,Matt,19,,5723,,FALSE,TRUE,https://pastvtr.elections.nsw.gov.au/LGE2012/data/lane-cove-municipal-council/Central-Ward-Count.pdf
2012,Lane Cove Municipal Council,Central Ward,councillor,3,HUMMERSTON Paul,HUMMERSTON,Paul,55,,5723,,FALSE,TRUE,https://pastvtr.elections.nsw.gov.au/LGE2012/data/lane-cove-municipal-council/Central-Ward-Count.pdf
2012,Lane Cove Municipal Council,Central Ward,councillor,3,ABEL Christine,ABEL,Christine,24,,5723,,FALSE,TRUE,https://pastvtr.elections.nsw.gov.au/LGE2012/data/lane-cove-municipal-council/Central-Ward-Count.pdf
2012,Lane Cove Municipal Council,Central Ward,councillor,3,HUTCHENS Deborah,HUTCHENS,Deborah,218,,5723,,TRUE,TRUE,https://pastvtr.elections.nsw.gov.au/LGE2012/data/lane-cove-municipal-council/Central-Ward-Count.pdf
2012,Lane Cove Municipal Council,Central Ward,councillor,3,CHEONG Soo-Tee,CHEONG,Soo-Tee,26,,5723,,TRUE,TRUE,https://pastvtr.elections.nsw.gov.au/LGE2012/data/lane-cove-municipal-council/Central-Ward-Count.pdf
2012,Lane Cove Municipal Council,Central Ward,councillor,3,WINDEYER Christine,WINDEYER,Christine,33,,5723,,FALSE,TRUE,https://pastvtr.elections.nsw.gov.au/LGE2012/data/lane-cove-municipal-council/Central-Ward-Count.pdf
2012,Lane Cove Municipal Council,Central Ward,councillor,3,FORREST Shauna,FORREST,Shauna,103,,5723,,FALSE,TRUE,https://pastvtr.elections.nsw.gov.au/LGE2012/data/lane-cove-municipal-council/Central-Ward-Count.pdf
2012,Lane Cove Municipal Council,Central Ward,councillor,3,BOWYER-PONT Penelope,BOWYER-PONT,Penelope,16,,5723,,FALSE,TRUE,https://pastvtr.elections.nsw.gov.au/LGE2012/data/lane-cove-municipal-council/Central-Ward-Count.pdf
2012,Lane Cove Municipal Council,Central Ward,councillor,3,IMHOF Gavin,IMHOF,Gavin,13,,5723,,FALSE,TRUE,https://pastvtr.elections.nsw.gov.au/LGE2012/data/lane-cove-municipal-council/Central-Ward-Count.pdf
2012,Lane Cove Municipal Council,East Ward,councillor,3,TUDGE Rod,TUDGE,Rod,210,,5518,,FALSE,TRUE,https://pastvtr.elections.nsw.gov.au/LGE2012/data/lane-cove-municipal-council/East-Ward-Count.pdf
2012,Lane Cove Municipal Council,East Ward,councillor,3,GILL Liz,GILL,Liz,15,,5518,,FALSE,TRUE,https://pastvtr.elections.nsw.gov.au/LGE2012/data/lane-cove-municipal-council/East-Ward-Count.pdf
2012,Lane Cove Municipal Council,East Ward,councillor,3,MULLER Richard,MULLER,Richard,18,,5518,,FALSE,TRUE,https://pastvtr.elections.nsw.gov.au/LGE2012/data/lane-cove-municipal-council/East-Ward-Count.pdf
2012,Lane Cove Municipal Council,East Ward,councillor,3,MELINZ Anthony,MELINZ,Anthony,42,,5518,,FALSE,TRUE,https://pastvtr.elections.nsw.gov.au/LGE2012/data/lane-cove-municipal-council/East-Ward-Count.pdf
2012,Lane Cove Municipal Council,East Ward,councillor,3,GROMOWSKI Ken,GROMOWSKI,Ken,7,,5518,,FALSE,TRUE,https://pastvtr.elections.nsw.gov.au/LGE2012/data/lane-cove-municipal-council/East-Ward-Count.pdf
2012,Lane Cove Municipal Council,East Ward,councillor,3,CHORLEY John,CHORLEY,John,0,,5518,,FALSE,TRUE,https://pastvtr.elections.nsw.gov.au/LGE2012/data/lane-cove-municipal-council/East-Ward-Count.pdf
2012,Lane Cove Municipal Council,East Ward,councillor,3,PALMER Pam,PALMER,Pam,268,,5518,,TRUE,TRUE,https://pastvtr.elections.nsw.gov.au/LGE2012/data/lane-cove-municipal-council/East-Ward-Count.pdf
2012,Lane Cove Municipal Council,East Ward,councillor,3,ARMATI Michael,ARMATI,Michael,36,,5518,,FALSE,TRUE,https://pastvtr.elections.nsw.gov.au/LGE2012/data/lane-cove-municipal-council/East-Ward-Count.pdf
2012,Lane Cove Municipal Council,East Ward,councillor,3,PRICE Liz,PRICE,Liz,14,,5518,,FALSE,TRUE,https://pastvtr.elections.nsw.gov.au/LGE2012/data/lane-cove-municipal-council/East-Ward-Count.pdf
2012,Lane Cove Municipal Council,East Ward,councillor,3,BROOKS-HORN David,BROOKS-HORN,David,151,,5518,,TRUE,TRUE,https://pastvtr.elections.nsw.gov.au/LGE2012/data/lane-cove-municipal-council/East-Ward-Count.pdf
2012,Lane Cove Municipal Council,East Ward,councillor,3,KARPIN David,KARPIN,David,25,,5518,,TRUE,TRUE,https://pastvtr.elections.nsw.gov.au/LGE2012/data/lane-cove-municipal-council/East-Ward-Count.pdf
2012,Lane Cove Municipal Council,East Ward,councillor,3,BENITEZ Bettina,BENITEZ,Bettina,22,,5518,,FALSE,TRUE,https://pastvtr.elections.nsw.gov.au/LGE2012/data/lane-cove-municipal-council/East-Ward-Count.pdf
2012,Lane Cove Municipal Council,East Ward,councillor,3,STAMP Wendy,STAMP,Wendy,594,,5518,,FALSE,TRUE,https://pastvtr.elections.nsw.gov.au/LGE2012/data/lane-cove-municipal-council/East-Ward-Count.pdf
2012,Lane Cove Municipal Council,West Ward,councillor,3,MASSE Pierre,MASSE,Pierre,53,,5936,,FALSE,TRUE,https://pastvtr.elections.nsw.gov.au/LGE2012/data/lane-cove-municipal-council/West-Ward-Count.pdf
2012,Lane Cove Municipal Council,West Ward,councillor,3,HORN Ann,HORN,Ann,15,,5936,,FALSE,TRUE,https://pastvtr.elections.nsw.gov.au/LGE2012/data/lane-cove-municipal-council/West-Ward-Count.pdf
2012,Lane Cove Municipal Council,West Ward,councillor,3,MCDOUGALL Robert,MCDOUGALL,Robert,7,,5936,,FALSE,TRUE,https://pastvtr.elections.nsw.gov.au/LGE2012/data/lane-cove-municipal-council/West-Ward-Count.pdf
2012,Lane Cove Municipal Council,West Ward,councillor,3,BENNISON Scott,BENNISON,Scott,147,,5936,,TRUE,TRUE,https://pastvtr.elections.nsw.gov.au/LGE2012/data/lane-cove-municipal-council/West-Ward-Count.pdf
2012,Lane Cove Municipal Council,West Ward,councillor,3,GOLD Marc,GOLD,Marc,24,,5936,,TRUE,TRUE,https://pastvtr.elections.nsw.gov.au/LGE2012/data/lane-cove-municipal-council/West-Ward-Count.pdf
2012,Lane Cove Municipal Council,West Ward,councillor,3,MARTORANA Christina,MARTORANA,Christina,11,,5936,,FALSE,TRUE,https://pastvtr.elections.nsw.gov.au/LGE2012/data/lane-cove-municipal-council/West-Ward-Count.pdf
2012,Lane Cove Municipal Council,West Ward,councillor,3,CAVENAGH Mandy,CAVENAGH,Mandy,25,,5936,,FALSE,TRUE,https://pastvtr.elections.nsw.gov.au/LGE2012/data/lane-cove-municipal-council/West-Ward-Count.pdf
2012,Lane Cove Municipal Council,West Ward,councillor,3,CAVENAGH Nick,CAVENAGH,Nick,8,,5936,,FALSE,TRUE,https://pastvtr.elections.nsw.gov.au/LGE2012/data/lane-cove-municipal-council/West-Ward-Count.pdf
2012,Lane Cove Municipal Council,West Ward,councillor,3,MUSUMECI Elaine,MUSUMECI,Elaine,3,,5936,,FALSE,TRUE,https://pastvtr.elections.nsw.gov.au/LGE2012/data/lane-cove-municipal-council/West-Ward-Count.pdf
2012,Lane Cove Municipal Council,West Ward,councillor,3,STRASSBERG Daniel,STRASSBERG,Daniel,118,,5936,,TRUE,TRUE,https://pastvtr.elections.nsw.gov.au/LGE2012/data/lane-cove-municipal-council/West-Ward-Count.pdf
2012,Lane Cove Municipal Council,West Ward,councillor,3,BRYDEN-SMITH Kylie,BRYDEN-SMITH,Kylie,21,,5936,,FALSE,TRUE,https://pastvtr.elections.nsw.gov.au/LGE2012/data/lane-cove-municipal-council/West-Ward-Count.pdf
2012,Lane Cove Municipal Council,West Ward,councillor,3,BANGMA Sjirk,BANGMA,Sjirk,3,,5936,,FALSE,TRUE,https://pastvtr.elections.nsw.gov.au/LGE2012/data/lane-cove-municipal-council/West-Ward-Count.pdf
2012,Lane Cove Municipal Council,West Ward,councillor,3,STUTCHBURY Robyn,STUTCHBURY,Robyn,17,,5936,,FALSE,TRUE,https://pastvtr.elections.nsw.gov.au/LGE2012/data/lane-cove-municipal-council/West-Ward-Count.pdf
2012,Lane Cove Municipal Council,West Ward,councillor,3,ZBIK Andrew,ZBIK,Andrew,62,,5936,,FALSE,TRUE,https://pastvtr.elections.nsw.gov.au/LGE2012/data/lane-cove-municipal-council/West-Ward-Count.pdf
2012,Lane Cove Municipal Council,West Ward,councillor,3,PERNA Alex,PERNA,Alex,9,,5936,,FALSE,TRUE,https://pastvtr.elections.nsw.gov.au/LGE2012/data/lane-cove-municipal-council/West-Ward-Count.pdf
2012,Lane Cove Municipal Council,West Ward,councillor,3,HAY Cynthia,HAY,Cynthia,11,,5936,,FALSE,TRUE,https://pastvtr.elections.nsw.gov.au/LGE2012/data/lane-cove-municipal-council/West-Ward-Count.pdf
2012,Maitland City Council,Central Ward,councillor,3,PRICE Mitchell,PRICE,Mitchell,138,1.5,9214,,FALSE,TRUE,https://pastvtr.elections.nsw.gov.au/LGE2012/data/maitland-city-council/Central-Ward-FP.pdf
2012,Maitland City Council,Central Ward,councillor,3,PILTON Donita,PILTON,Donita,23,0.25,9214,,FALSE,TRUE,https://pastvtr.elections.nsw.gov.au/LGE2012/data/maitland-city-council/Central-Ward-FP.pdf
2012,Maitland City Council,Central Ward,councillor,3,GIBSON Lisa,GIBSON,Lisa,14,0.15,9214,,FALSE,TRUE,https://pastvtr.elections.nsw.gov.au/LGE2012/data/maitland-city-council/Central-Ward-FP.pdf
2012,Maitland City Council,Central Ward,councillor,3,BROWN John,BROWN,John,67,0.73,9214,,FALSE,TRUE,https://pastvtr.elections.nsw.gov.au/LGE2012/data/maitland-city-council/Central-Ward-FP.pdf
2012,Maitland City Council,Central Ward,councillor,3,BROWN Susan,BROWN,Susan,5,0.05,9214,,FALSE,TRUE,https://pastvtr.elections.nsw.gov.au/LGE2012/data/maitland-city-council/Central-Ward-FP.pdf
2012,Maitland City Council,Central Ward,councillor,3,ROOKE Jenny,ROOKE,Jenny,7,0.08,9214,,FALSE,TRUE,https://pastvtr.elections.nsw.gov.au/LGE2012/data/maitland-city-council/Central-Ward-FP.pdf
2012,Maitland City Council,Central Ward,councillor,3,HALLIDAY Sally,HALLIDAY,Sally,51,0.55,9214,,FALSE,TRUE,https://pastvtr.elections.nsw.gov.au/LGE2012/data/maitland-city-council/Central-Ward-FP.pdf
2012,Maitland City Council,Central Ward,councillor,3,STAMMEIJER Carol,STAMMEIJER,Carol,3,0.03,9214,,FALSE,TRUE,https://pastvtr.elections.nsw.gov.au/LGE2012/data/maitland-city-council/Central-Ward-FP.pdf
2012,Maitland City Council,Central Ward,councillor,3,AUSTIN Angela,AUSTIN,Angela,10,0.11,9214,,FALSE,TRUE,https://pastvtr.elections.nsw.gov.au/LGE2012/data/maitland-city-council/Central-Ward-FP.pdf
2012,Maitland City Council,Central Ward,councillor,3,BAKER Loretta,BAKER,Loretta,199,2.16,9214,,TRUE,TRUE,https://pastvtr.elections.nsw.gov.au/LGE2012/data/maitland-city-council/Central-Ward-FP.pdf
2012,Maitland City Council,Central Ward,councillor,3,THOMSON Julie,THOMSON,Julie,13,0.14,9214,,FALSE,TRUE,https://pastvtr.elections.nsw.gov.au/LGE2012/data/maitland-city-council/Central-Ward-FP.pdf
2012,Maitland City Council,Central Ward,councillor,3,MARTIN Kevin,MARTIN,Kevin,6,0.07,9214,,FALSE,TRUE,https://pastvtr.elections.nsw.gov.au/LGE2012/data/maitland-city-council/Central-Ward-FP.pdf
2012,Maitland City Council,Central Ward,councillor,3,BLACKMORE Peter,BLACKMORE,Peter,545,5.91,9214,,FALSE,TRUE,https://pastvtr.elections.nsw.gov.au/LGE2012/data/maitland-city-council/Central-Ward-FP.pdf
2012,Maitland City Council,Central Ward,councillor,3,HUMPHERY Arch,HUMPHERY,Arch,22,0.24,9214,,TRUE,TRUE,https://pastvtr.elections.nsw.gov.au/LGE2012/data/maitland-city-council/Central-Ward-FP.pdf
2012,Maitland City Council,Central Ward,councillor,3,BURKE Brian,BURKE,Brian,39,0.42,9214,,TRUE,TRUE,https://pastvtr.elections.nsw.gov.au/LGE2012/data/maitland-city-council/Central-Ward-FP.pdf
2012,Maitland City Council,East Ward,councillor,3,KORBI Samy,KORBI,Samy,41,0.43,9468,,FALSE,TRUE,https://pastvtr.elections.nsw.gov.au/LGE2012/data/maitland-city-council/East-Ward-FP.pdf
2012,Maitland City Council,East Ward,councillor,3,KENDELL Sarah,KENDELL,Sarah,19,0.2,9468,,FALSE,TRUE,https://pastvtr.elections.nsw.gov.au/LGE2012/data/maitland-city-council/East-Ward-FP.pdf
2012,Maitland City Council,East Ward,councillor,3,BURT Evelyn,BURT,Evelyn,10,0.11,9468,,FALSE,TRUE,https://pastvtr.elections.nsw.gov.au/LGE2012/data/maitland-city-council/East-Ward-FP.pdf
2012,Maitland City Council,East Ward,councillor,3,GEOGHEGAN Bob,GEOGHEGAN,Bob,364,3.84,9468,,TRUE,TRUE,https://pastvtr.elections.nsw.gov.au/LGE2012/data/maitland-city-council/East-Ward-FP.pdf
2012,Maitland City Council,East Ward,councillor,3,WALLBRIDGE Grant,WALLBRIDGE,Grant,23,0.24,9468,,FALSE,TRUE,https://pastvtr.elections.nsw.gov.au/LGE2012/data/maitland-city-council/East-Ward-FP.pdf
2012,Maitland City Council,East Ward,councillor,3,BEAVIS Sally,BEAVIS,Sally,58,0.61,9468,,FALSE,TRUE,https://pastvtr.elections.nsw.gov.au/LGE2012/data/maitland-city-council/East-Ward-FP.pdf
2012,Maitland City Council,East Ward,councillor,3,WHITING Ben,WHITING,Ben,282,2.98,9468,,TRUE,TRUE,https://pastvtr.elections.nsw.gov.au/LGE2012/data/maitland-city-council/East-Ward-FP.pdf
2012,Maitland City Council,East Ward,councillor,3,AITCHISON Jenny,AITCHISON,Jenny,32,0.34,9468,,FALSE,TRUE,https://pastvtr.elections.nsw.gov.au/LGE2012/data/maitland-city-council/East-Ward-FP.pdf
2012,Maitland City Council,East Ward,councillor,3,STOKES Elizabeth,STOKES,Elizabeth,17,0.18,9468,,FALSE,TRUE,https://pastvtr.elections.nsw.gov.au/LGE2012/data/maitland-city-council/East-Ward-FP.pdf
2012,Maitland City Council,East Ward,councillor,3,GARNHAM Peter,GARNHAM,Peter,308,3.25,9468,,TRUE,TRUE,https://pastvtr.elections.nsw.gov.au/LGE2012/data/maitland-city-council/East-Ward-FP.pdf
2012,Maitland City Council,East Ward,councillor,3,BLACK Grant,BLACK,Grant,33,0.35,9468,,FALSE,TRUE,https://pastvtr.elections.nsw.gov.au/LGE2012/data/maitland-city-council/East-Ward-FP.pdf
2012,Maitland City Council,East Ward,councillor,3,HILL Barry,HILL,Barry,9,0.1,9468,,FALSE,TRUE,https://pastvtr.elections.nsw.gov.au/LGE2012/data/maitland-city-council/East-Ward-FP.pdf
2012,Maitland City Council,East Ward,councillor,3,BUCK Malcolm,BUCK,Malcolm,218,2.3,9468,,FALSE,TRUE,https://pastvtr.elections.nsw.gov.au/LGE2012/data/maitland-city-council/East-Ward-FP.pdf
2012,Maitland City Council,North West Ward,councillor,3,PENFOLD Philip,PENFOLD,Philip,357,3.82,9348,,TRUE,TRUE,https://pastvtr.elections.nsw.gov.au/LGE2012/data/maitland-city-council/North-West-Ward-FP.pdf
2012,Maitland City Council,North West Ward,councillor,3,RIXON Ian,RIXON,Ian,38,0.41,9348,,FALSE,TRUE,https://pastvtr.elections.nsw.gov.au/LGE2012/data/maitland-city-council/North-West-Ward-FP.pdf
2012,Maitland City Council,North West Ward,councillor,3,WILKES Jason,WILKES,Jason,38,0.41,9348,,FALSE,TRUE,https://pastvtr.elections.nsw.gov.au/LGE2012/data/maitland-city-council/North-West-Ward-FP.pdf
2012,Maitland City Council,North West Ward,councillor,3,AITCHISON Robert,AITCHISON,Robert,125,1.34,9348,,TRUE,TRUE,https://pastvtr.elections.nsw.gov.au/LGE2012/data/maitland-city-council/North-West-Ward-FP.pdf
2012,Maitland City Council,North West Ward,councillor,3,TULL Andrew,TULL,Andrew,19,0.2,9348,,FALSE,TRUE,https://pastvtr.elections.nsw.gov.au/LGE2012/data/maitland-city-council/North-West-Ward-FP.pdf
2012,Maitland City Council,North West Ward,councillor,3,YAGER Luke,YAGER,Luke,15,0.16,9348,,FALSE,TRUE,https://pastvtr.elections.nsw.gov.au/LGE2012/data/maitland-city-council/North-West-Ward-FP.pdf
2012,Maitland City Council,North West Ward,councillor,3,MCDONALD Jan,MCDONALD,Jan,25,0.27,9348,,FALSE,TRUE,https://pastvtr.elections.nsw.gov.au/LGE2012/data/maitland-city-council/North-West-Ward-FP.pdf
2012,Maitland City Council,North West Ward,councillor,3,CALL Diane,CALL,Diane,8,0.09,9348,,FALSE,TRUE,https://pastvtr.elections.nsw.gov.au/LGE2012/data/maitland-city-council/North-West-Ward-FP.pdf
2012,Maitland City Council,North West Ward,councillor,3,GREEN Cate,GREEN,Cate,9,0.1,9348,,FALSE,TRUE,https://pastvtr.elections.nsw.gov.au/LGE2012/data/maitland-city-council/North-West-Ward-FP.pdf
2012,Maitland City Council,North West Ward,councillor,3,PROCTER Steve,PROCTER,Steve,241,2.58,9348,,TRUE,TRUE,https://pastvtr.elections.nsw.gov.au/LGE2012/data/maitland-city-council/North-West-Ward-FP.pdf
2012,Maitland City Council,North West Ward,councillor,3,MCGREGOR Kenneth,MCGREGOR,Kenneth,19,0.2,9348,,FALSE,TRUE,https://pastvtr.elections.nsw.gov.au/LGE2012/data/maitland-city-council/North-West-Ward-FP.pdf
2012,Maitland City Council,North West Ward,councillor,3,GREEN Gloria,GREEN,Gloria,109,1.17,9348,,FALSE,TRUE,https://pastvtr.elections.nsw.gov.au/LGE2012/data/maitland-city-council/North-West-Ward-FP.pdf
2012,Maitland City Council,West Ward,councillor,3,MUDD Stephen,MUDD,Stephen,157,1.65,9542,,FALSE,TRUE,https://pastvtr.elections.nsw.gov.au/LGE2012/data/maitland-city-council/West-Ward-FP.pdf
2012,Maitland City Council,West Ward,councillor,3,MUDD Rosalind,MUDD,Rosalind,12,0.13,9542,,FALSE,TRUE,https://pastvtr.elections.nsw.gov.au/LGE2012/data/maitland-city-council/West-Ward-FP.pdf
2012,Maitland City Council,West Ward,councillor,3,MUDD Scott,MUDD,Scott,9,0.09,9542,,FALSE,TRUE,https://pastvtr.elections.nsw.gov.au/LGE2012/data/maitland-city-council/West-Ward-FP.pdf
2012,Maitland City Council,West Ward,councillor,3,MESKAUSKAS Henry,MESKAUSKAS,Henry,323,3.39,9542,,TRUE,TRUE,https://pastvtr.elections.nsw.gov.au/LGE2012/data/maitland-city-council/West-Ward-FP.pdf
2012,Maitland City Council,West Ward,councillor,3,CASEY Paul,CASEY,Paul,20,0.21,9542,,FALSE,TRUE,https://pastvtr.elections.nsw.gov.au/LGE2012/data/maitland-city-council/West-Ward-FP.pdf
2012,Maitland City Council,West Ward,councillor,3,CASE Joan,CASE,Joan,7,0.07,9542,,FALSE,TRUE,https://pastvtr.elections.nsw.gov.au/LGE2012/data/maitland-city-council/West-Ward-FP.pdf
2012,Maitland City Council,West Ward,councillor,3,DAVIS Jan,DAVIS,Jan,45,0.47,9542,,FALSE,TRUE,https://pastvtr.elections.nsw.gov.au/LGE2012/data/maitland-city-council/West-Ward-FP.pdf
2012,Maitland City Council,West Ward,councillor,3,WHITE Wendy,WHITE,Wendy,20,0.21,9542,,FALSE,TRUE,https://pastvtr.elections.nsw.gov.au/LGE2012/data/maitland-city-council/West-Ward-FP.pdf
2012,Maitland City Council,West Ward,councillor,3,GASCOIGNE Val,GASCOIGNE,Val,1,0.01,9542,,FALSE,TRUE,https://pastvtr.elections.nsw.gov.au/LGE2012/data/maitland-city-council/West-Ward-FP.pdf
2012,Maitland City Council,West Ward,councillor,3,PENFOLD Nic,PENFOLD,Nic,89,0.93,9542,,TRUE,TRUE,https://pastvtr.elections.nsw.gov.au/LGE2012/data/maitland-city-council/West-Ward-FP.pdf
2012,Maitland City Council,West Ward,councillor,3,PENFOLD Ivan,PENFOLD,Ivan,15,0.16,9542,,FALSE,TRUE,https://pastvtr.elections.nsw.gov.au/LGE2012/data/maitland-city-council/West-Ward-FP.pdf
2012,Maitland City Council,West Ward,councillor,3,PENFOLD Warrick,PENFOLD,Warrick,12,0.13,9542,,FALSE,TRUE,https://pastvtr.elections.nsw.gov.au/LGE2012/data/maitland-city-council/West-Ward-FP.pdf
2012,Maitland City Council,West Ward,councillor,3,WETHERED Ken,WETHERED,Ken,197,2.06,9542,,TRUE,TRUE,https://pastvtr.elections.nsw.gov.au/LGE2012/data/maitland-city-council/West-Ward-FP.pdf
2012,Maitland City Council,West Ward,councillor,3,WATT Rod,WATT,Rod,44,0.46,9542,,FALSE,TRUE,https://pastvtr.elections.nsw.gov.au/LGE2012/data/maitland-city-council/West-Ward-FP.pdf
2012,Maitland City Council,West Ward,councillor,3,GUY David,GUY,David,31,0.32,9542,,FALSE,TRUE,https://pastvtr.elections.nsw.gov.au/LGE2012/data/maitland-city-council/West-Ward-FP.pdf
2012,Newcastle City Council,Ward 1,councillor,3,BOHLSEN Tim,BOHLSEN,Tim,65,0.33,19605,,FALSE,TRUE,https://pastvtr.elections.nsw.gov.au/LGE2012/data/newcastle-city-council/Ward-1-FP.pdf
2012,Newcastle City Council,Ward 1,councillor,3,OLIVER Justin,OLIVER,Justin,16,0.08,19605,,FALSE,TRUE,https://pastvtr.elections.nsw.gov.au/LGE2012/data/newcastle-city-council/Ward-1-FP.pdf
2012,Newcastle City Council,Ward 1,councillor,3,WALKER Paul,WALKER,Paul,19,0.1,19605,,FALSE,TRUE,https://pastvtr.elections.nsw.gov.au/LGE2012/data/newcastle-city-council/Ward-1-FP.pdf
2012,Newcastle City Council,Ward 1,councillor,3,HAVENHAND Bryan,HAVENHAND,Bryan,105,0.54,19605,,FALSE,TRUE,https://pastvtr.elections.nsw.gov.au/LGE2012/data/newcastle-city-council/Ward-1-FP.pdf
2012,Newcastle City Council,Ward 1,councillor,3,HINTON Jason,HINTON,Jason,8,0.04,19605,,FALSE,TRUE,https://pastvtr.elections.nsw.gov.au/LGE2012/data/newcastle-city-council/Ward-1-FP.pdf
2012,Newcastle City Council,Ward 1,councillor,3,RASCHKE Caitlin,RASCHKE,Caitlin,35,0.18,19605,,FALSE,TRUE,https://pastvtr.elections.nsw.gov.au/LGE2012/data/newcastle-city-council/Ward-1-FP.pdf
2012,Newcastle City Council,Ward 1,councillor,3,OSBORNE Michael,OSBORNE,Michael,233,1.19,19605,,TRUE,TRUE,https://pastvtr.elections.nsw.gov.au/LGE2012/data/newcastle-city-council/Ward-1-FP.pdf
2012,Newcastle City Council,Ward 1,councillor,3,BURGESS Catherine,BURGESS,Catherine,38,0.19,19605,,FALSE,TRUE,https://pastvtr.elections.nsw.gov.au/LGE2012/data/newcastle-city-council/Ward-1-FP.pdf
2012,Newcastle City Council,Ward 1,councillor,3,CHARLES Claire,CHARLES,Claire,14,0.07,19605,,FALSE,TRUE,https://pastvtr.elections.nsw.gov.au/LGE2012/data/newcastle-city-council/Ward-1-FP.pdf
2012,Newcastle City Council,Ward 1,councillor,3,TIERNEY Lisa,TIERNEY,Lisa,185,0.94,19605,,TRUE,TRUE,https://pastvtr.elections.nsw.gov.au/LGE2012/data/newcastle-city-council/Ward-1-FP.pdf
2012,Newcastle City Council,Ward 1,councillor,3,KARATHANASSIS Lindsay,KARATHANASSIS,Lindsay,29,0.15,19605,,FALSE,TRUE,https://pastvtr.elections.nsw.gov.au/LGE2012/data/newcastle-city-council/Ward-1-FP.pdf
2012,Newcastle City Council,Ward 1,councillor,3,PRIDER Colleen,PRIDER,Colleen,5,0.03,19605,,FALSE,TRUE,https://pastvtr.elections.nsw.gov.au/LGE2012/data/newcastle-city-council/Ward-1-FP.pdf
2012,Newcastle City Council,Ward 1,councillor,3,JOHNSON Aaron,JOHNSON,Aaron,37,0.19,19605,,FALSE,TRUE,https://pastvtr.elections.nsw.gov.au/LGE2012/data/newcastle-city-council/Ward-1-FP.pdf
2012,Newcastle City Council,Ward 1,councillor,3,WALKOM Renee,WALKOM,Renee,9,0.05,19605,,FALSE,TRUE,https://pastvtr.elections.nsw.gov.au/LGE2012/data/newcastle-city-council/Ward-1-FP.pdf
2012,Newcastle City Council,Ward 1,councillor,3,MURPHY Mellissa,MURPHY,Mellissa,13,0.07,19605,,FALSE,TRUE,https://pastvtr.elections.nsw.gov.au/LGE2012/data/newcastle-city-council/Ward-1-FP.pdf
2012,Newcastle City Council,Ward 1,councillor,3,BUMAN Aaron,BUMAN,Aaron,166,0.85,19605,,FALSE,TRUE,https://pastvtr.elections.nsw.gov.au/LGE2012/data/newcastle-city-council/Ward-1-FP.pdf
2012,Newcastle City Council,Ward 1,councillor,3,SHARPE Scott,SHARPE,Scott,41,0.21,19605,,FALSE,TRUE,https://pastvtr.elections.nsw.gov.au/LGE2012/data/newcastle-city-council/Ward-1-FP.pdf
2012,Newcastle City Council,Ward 1,councillor,3,MOLE Howard,MOLE,Howard,21,0.11,19605,,FALSE,TRUE,https://pastvtr.elections.nsw.gov.au/LGE2012/data/newcastle-city-council/Ward-1-FP.pdf
2012,Newcastle City Council,Ward 1,councillor,3,POSNIAK Stephanie,POSNIAK,Stephanie,160,0.82,19605,,TRUE,TRUE,https://pastvtr.elections.nsw.gov.au/LGE2012/data/newcastle-city-council/Ward-1-FP.pdf
2012,Newcastle City Council,Ward 1,councillor,3,HALL Kim,HALL,Kim,44,0.22,19605,,FALSE,TRUE,https://pastvtr.elections.nsw.gov.au/LGE2012/data/newcastle-city-council/Ward-1-FP.pdf
2012,Newcastle City Council,Ward 1,councillor,3,GRAINGER Ken,GRAINGER,Ken,77,0.39,19605,,FALSE,TRUE,https://pastvtr.elections.nsw.gov.au/LGE2012/data/newcastle-city-council/Ward-1-FP.pdf
2012,Newcastle City Council,Ward 1,councillor,3,HAINES Jacqueline,HAINES,Jacqueline,367,1.87,19605,,FALSE,TRUE,https://pastvtr.elections.nsw.gov.au/LGE2012/data/newcastle-city-council/Ward-1-FP.pdf
2012,Newcastle City Council,Ward 2,councillor,3,LUKE Brad,LUKE,Brad,211,1.05,20019,,TRUE,TRUE,https://pastvtr.elections.nsw.gov.au/LGE2012/data/newcastle-city-council/Ward-2-FP.pdf
2012,Newcastle City Council,Ward 2,councillor,3,STABLER Nicholas,STABLER,Nicholas,16,0.08,20019,,FALSE,TRUE,https://pastvtr.elections.nsw.gov.au/LGE2012/data/newcastle-city-council/Ward-2-FP.pdf
2012,Newcastle City Council,Ward 2,councillor,3,HAYES Ted,HAYES,Ted,16,0.08,20019,,FALSE,TRUE,https://pastvtr.elections.nsw.gov.au/LGE2012/data/newcastle-city-council/Ward-2-FP.pdf
2012,Newcastle City Council,Ward 2,councillor,3,BREMNER Cathy,BREMNER,Cathy,62,0.31,20019,,FALSE,TRUE,https://pastvtr.elections.nsw.gov.au/LGE2012/data/newcastle-city-council/Ward-2-FP.pdf
2012,Newcastle City Council,Ward 2,councillor,3,VALENTINE Rachael,VALENTINE,Rachael,17,0.08,20019,,FALSE,TRUE,https://pastvtr.elections.nsw.gov.au/LGE2012/data/newcastle-city-council/Ward-2-FP.pdf
2012,Newcastle City Council,Ward 2,councillor,3,NOAKES Peter,NOAKES,Peter,14,0.07,20019,,FALSE,TRUE,https://pastvtr.elections.nsw.gov.au/LGE2012/data/newcastle-city-council/Ward-2-FP.pdf
2012,Newcastle City Council,Ward 2,councillor,3,DOYLE Therese,DOYLE,Therese,103,0.51,20019,,TRUE,TRUE,https://pastvtr.elections.nsw.gov.au/LGE2012/data/newcastle-city-council/Ward-2-FP.pdf
2012,Newcastle City Council,Ward 2,councillor,3,HUNT Melanie,HUNT,Melanie,19,0.09,20019,,FALSE,TRUE,https://pastvtr.elections.nsw.gov.au/LGE2012/data/newcastle-city-council/Ward-2-FP.pdf
2012,Newcastle City Council,Ward 2,councillor,3,DUSTA Anne,DUSTA,Anne,7,0.03,20019,,FALSE,TRUE,https://pastvtr.elections.nsw.gov.au/LGE2012/data/newcastle-city-council/Ward-2-FP.pdf
2012,Newcastle City Council,Ward 2,councillor,3,CRAKANTHORP Tim,CRAKANTHORP,Tim,192,0.96,20019,,TRUE,TRUE,https://pastvtr.elections.nsw.gov.au/LGE2012/data/newcastle-city-council/Ward-2-FP.pdf
2012,Newcastle City Council,Ward 2,councillor,3,NORTHAM Mark,NORTHAM,Mark,46,0.23,20019,,FALSE,TRUE,https://pastvtr.elections.nsw.gov.au/LGE2012/data/newcastle-city-council/Ward-2-FP.pdf
2012,Newcastle City Council,Ward 2,councillor,3,RUTHERFORD Val,RUTHERFORD,Val,8,0.04,20019,,FALSE,TRUE,https://pastvtr.elections.nsw.gov.au/LGE2012/data/newcastle-city-council/Ward-2-FP.pdf
2012,Newcastle City Council,Ward 2,councillor,3,GILLARD Patricia,GILLARD,Patricia,70,0.35,20019,,FALSE,TRUE,https://pastvtr.elections.nsw.gov.au/LGE2012/data/newcastle-city-council/Ward-2-FP.pdf
2012,Newcastle City Council,Ward 2,councillor,3,HOWARD Andrew,HOWARD,Andrew,25,0.12,20019,,FALSE,TRUE,https://pastvtr.elections.nsw.gov.au/LGE2012/data/newcastle-city-council/Ward-2-FP.pdf
2012,Newcastle City Council,Ward 2,councillor,3,WALLS Jeanne,WALLS,Jeanne,8,0.04,20019,,FALSE,TRUE,https://pastvtr.elections.nsw.gov.au/LGE2012/data/newcastle-city-council/Ward-2-FP.pdf
2012,Newcastle City Council,Ward 2,councillor,3,WALKER Krysia,WALKER,Krysia,58,0.29,20019,,FALSE,TRUE,https://pastvtr.elections.nsw.gov.au/LGE2012/data/newcastle-city-council/Ward-2-FP.pdf
2012,Newcastle City Council,Ward 2,councillor,3,PEEBLES Col,PEEBLES,Col,146,0.73,20019,,FALSE,TRUE,https://pastvtr.elections.nsw.gov.au/LGE2012/data/newcastle-city-council/Ward-2-FP.pdf
2012,Newcastle City Council,Ward 2,councillor,3,O'NEILL Helene,O'NEILL,Helene,186,0.93,20019,,FALSE,TRUE,https://pastvtr.elections.nsw.gov.au/LGE2012/data/newcastle-city-council/Ward-2-FP.pdf
2012,Newcastle City Council,Ward 2,councillor,3,QUINLAN Mary,QUINLAN,Mary,6,0.03,20019,,FALSE,TRUE,https://pastvtr.elections.nsw.gov.au/LGE2012/data/newcastle-city-council/Ward-2-FP.pdf
2012,Newcastle City Council,Ward 2,councillor,3,SARGENT Natilee,SARGENT,Natilee,13,0.06,20019,,FALSE,TRUE,https://pastvtr.elections.nsw.gov.au/LGE2012/data/newcastle-city-council/Ward-2-FP.pdf
2012,Newcastle City Council,Ward 3,councillor,3,RUFO Andrea,RUFO,Andrea,244,1.25,19486,,TRUE,TRUE,https://pastvtr.elections.nsw.gov.au/LGE2012/data/newcastle-city-council/Ward-3-FP.pdf
2012,Newcastle City Council,Ward 3,councillor,3,O'SULLIVAN Sue,O'SULLIVAN,Sue,47,0.24,19486,,FALSE,TRUE,https://pastvtr.elections.nsw.gov.au/LGE2012/data/newcastle-city-council/Ward-3-FP.pdf
2012,Newcastle City Council,Ward 3,councillor,3,KAEMMERLING Anna,KAEMMERLING,Anna,9,0.05,19486,,FALSE,TRUE,https://pastvtr.elections.nsw.gov.au/LGE2012/data/newcastle-city-council/Ward-3-FP.pdf
2012,Newcastle City Council,Ward 3,councillor,3,CURRY Joel,CURRY,Joel,65,0.33,19486,,FALSE,TRUE,https://pastvtr.elections.nsw.gov.au/LGE2012/data/newcastle-city-council/Ward-3-FP.pdf
2012,Newcastle City Council,Ward 3,councillor,3,BELCHER Grant,BELCHER,Grant,15,0.08,19486,,FALSE,TRUE,https://pastvtr.elections.nsw.gov.au/LGE2012/data/newcastle-city-council/Ward-3-FP.pdf
2012,Newcastle City Council,Ward 3,councillor,3,COOK David,COOK,David,18,0.09,19486,,FALSE,TRUE,https://pastvtr.elections.nsw.gov.au/LGE2012/data/newcastle-city-council/Ward-3-FP.pdf
2012,Newcastle City Council,Ward 3,councillor,3,PROSSER Rick,PROSSER,Rick,84,0.43,19486,,FALSE,TRUE,https://pastvtr.elections.nsw.gov.au/LGE2012/data/newcastle-city-council/Ward-3-FP.pdf
2012,Newcastle City Council,Ward 3,councillor,3,KING Mike,KING,Mike,53,0.27,19486,,FALSE,TRUE,https://pastvtr.elections.nsw.gov.au/LGE2012/data/newcastle-city-council/Ward-3-FP.pdf
2012,Newcastle City Council,Ward 3,councillor,3,CLARKE Samantha,CLARKE,Samantha,16,0.08,19486,,FALSE,TRUE,https://pastvtr.elections.nsw.gov.au/LGE2012/data/newcastle-city-council/Ward-3-FP.pdf
2012,Newcastle City Council,Ward 3,councillor,3,WATERHOUSE Sharon,WATERHOUSE,Sharon,192,0.99,19486,,TRUE,TRUE,https://pastvtr.elections.nsw.gov.au/LGE2012/data/newcastle-city-council/Ward-3-FP.pdf
2012,Newcastle City Council,Ward 3,councillor,3,LAW Bronwyn,LAW,Bronwyn,7,0.04,19486,,FALSE,TRUE,https://pastvtr.elections.nsw.gov.au/LGE2012/data/newcastle-city-council/Ward-3-FP.pdf
2012,Newcastle City Council,Ward 3,councillor,3,MCKENNY Philip,MCKENNY,Philip,23,0.12,19486,,FALSE,TRUE,https://pastvtr.elections.nsw.gov.au/LGE2012/data/newcastle-city-council/Ward-3-FP.pdf
2012,Newcastle City Council,Ward 3,councillor,3,PARSONS Keith,PARSONS,Keith,119,0.61,19486,,FALSE,TRUE,https://pastvtr.elections.nsw.gov.au/LGE2012/data/newcastle-city-council/Ward-3-FP.pdf
2012,Newcastle City Council,Ward 3,councillor,3,BAREHAM Nevenka,BAREHAM,Nevenka,32,0.16,19486,,FALSE,TRUE,https://pastvtr.elections.nsw.gov.au/LGE2012/data/newcastle-city-council/Ward-3-FP.pdf
2012,Newcastle City Council,Ward 3,councillor,3,HARRIS Darrell,HARRIS,Darrell,12,0.06,19486,,FALSE,TRUE,https://pastvtr.elections.nsw.gov.au/LGE2012/data/newcastle-city-council/Ward-3-FP.pdf
2012,Newcastle City Council,Ward 3,councillor,3,NELMES Nuatali,NELMES,Nuatali,392,2.01,19486,,TRUE,TRUE,https://pastvtr.elections.nsw.gov.au/LGE2012/data/newcastle-city-council/Ward-3-FP.pdf
2012,Newcastle City Council,Ward 3,councillor,3,BAARTZ Peta,BAARTZ,Peta,21,0.11,19486,,FALSE,TRUE,https://pastvtr.elections.nsw.gov.au/LGE2012/data/newcastle-city-council/Ward-3-FP.pdf
2012,Newcastle City Council,Ward 3,councillor,3,FOLEY Michael,FOLEY,Michael,25,0.13,19486,,FALSE,TRUE,https://pastvtr.elections.nsw.gov.au/LGE2012/data/newcastle-city-council/Ward-3-FP.pdf
2012,Newcastle City Council,Ward 4,councillor,3,COOK Bob,COOK,Bob,184,0.84,21904,,FALSE,TRUE,https://pastvtr.elections.nsw.gov.au/LGE2012/data/newcastle-city-council/Ward-4-FP.pdf
2012,Newcastle City Council,Ward 4,councillor,3,WILSON Brad,WILSON,Brad,58,0.26,21904,,FALSE,TRUE,https://pastvtr.elections.nsw.gov.au/LGE2012/data/newcastle-city-council/Ward-4-FP.pdf
2012,Newcastle City Council,Ward 4,councillor,3,ZANOROWSKI Joe,ZANOROWSKI,Joe,28,0.13,21904,,FALSE,TRUE,https://pastvtr.elections.nsw.gov.au/LGE2012/data/newcastle-city-council/Ward-4-FP.pdf
2012,Newcastle City Council,Ward 4,councillor,3,HAMLING Clarice,HAMLING,Clarice,187,0.85,21904,,FALSE,TRUE,https://pastvtr.elections.nsw.gov.au/LGE2012/data/newcastle-city-council/Ward-4-FP.pdf
2012,Newcastle City Council,Ward 4,councillor,3,HILLERY Kim,HILLERY,Kim,74,0.34,21904,,FALSE,TRUE,https://pastvtr.elections.nsw.gov.au/LGE2012/data/newcastle-city-council/Ward-4-FP.pdf
2012,Newcastle City Council,Ward 4,councillor,3,HORKAN David,HORKAN,David,19,0.09,21904,,FALSE,TRUE,https://pastvtr.elections.nsw.gov.au/LGE2012/data/newcastle-city-council/Ward-4-FP.pdf
2012,Newcastle City Council,Ward 4,councillor,3,SUTTON John,SUTTON,John,125,0.57,21904,,FALSE,TRUE,https://pastvtr.elections.nsw.gov.au/LGE2012/data/newcastle-city-council/Ward-4-FP.pdf
2012,Newcastle City Council,Ward 4,councillor,3,MOZELEY Fee,MOZELEY,Fee,12,0.05,21904,,FALSE,TRUE,https://pastvtr.elections.nsw.gov.au/LGE2012/data/newcastle-city-council/Ward-4-FP.pdf
2012,Newcastle City Council,Ward 4,councillor,3,HEATHCOTE Gregg,HEATHCOTE,Gregg,17,0.08,21904,,FALSE,TRUE,https://pastvtr.elections.nsw.gov.au/LGE2012/data/newcastle-city-council/Ward-4-FP.pdf
2012,Newcastle City Council,Ward 4,councillor,3,CAINE Milton,CAINE,Milton,27,0.12,21904,,FALSE,TRUE,https://pastvtr.elections.nsw.gov.au/LGE2012/data/newcastle-city-council/Ward-4-FP.pdf
2012,Newcastle City Council,Ward 4,councillor,3,WEATHERSTONE Andrew,WEATHERSTONE,Andrew,6,0.03,21904,,FALSE,TRUE,https://pastvtr.elections.nsw.gov.au/LGE2012/data/newcastle-city-council/Ward-4-FP.pdf
2012,Newcastle City Council,Ward 4,councillor,3,GRAYSON Julian,GRAYSON,Julian,5,0.02,21904,,FALSE,TRUE,https://pastvtr.elections.nsw.gov.au/LGE2012/data/newcastle-city-council/Ward-4-FP.pdf
2012,Newcastle City Council,Ward 4,councillor,3,DUNN Jason,DUNN,Jason,201,0.92,21904,,TRUE,TRUE,https://pastvtr.elections.nsw.gov.au/LGE2012/data/newcastle-city-council/Ward-4-FP.pdf
2012,Newcastle City Council,Ward 4,councillor,3,BYRNE Josie,BYRNE,Josie,75,0.34,21904,,FALSE,TRUE,https://pastvtr.elections.nsw.gov.au/LGE2012/data/newcastle-city-council/Ward-4-FP.pdf
2012,Newcastle City Council,Ward 4,councillor,3,CARTER David,CARTER,David,22,0.1,21904,,FALSE,TRUE,https://pastvtr.elections.nsw.gov.au/LGE2012/data/newcastle-city-council/Ward-4-FP.pdf
2012,Newcastle City Council,Ward 4,councillor,3,ROBINSON Allan,ROBINSON,Allan,187,0.85,21904,,TRUE,TRUE,https://pastvtr.elections.nsw.gov.au/LGE2012/data/newcastle-city-council/Ward-4-FP.pdf
2012,Newcastle City Council,Ward 4,councillor,3,DUNDAS Dave,DUNDAS,Dave,29,0.13,21904,,FALSE,TRUE,https://pastvtr.elections.nsw.gov.au/LGE2012/data/newcastle-city-council/Ward-4-FP.pdf
2012,Newcastle City Council,Ward 4,councillor,3,GRIFFIS Shannon,GRIFFIS,Shannon,12,0.05,21904,,FALSE,TRUE,https://pastvtr.elections.nsw.gov.au/LGE2012/data/newcastle-city-council/Ward-4-FP.pdf
2012,Newcastle City Council,Ward 4,councillor,3,COMPTON David,COMPTON,David,164,0.75,21904,,TRUE,TRUE,https://pastvtr.elections.nsw.gov.au/LGE2012/data/newcastle-city-council/Ward-4-FP.pdf
2012,Newcastle City Council,Ward 4,councillor,3,JACKSON Michael,JACKSON,Michael,56,0.26,21904,,FALSE,TRUE,https://pastvtr.elections.nsw.gov.au/LGE2012/data/newcastle-city-council/Ward-4-FP.pdf
2012,Newcastle City Council,Ward 4,councillor,3,HARRIS Donald,HARRIS,Donald,10,0.05,21904,,FALSE,TRUE,https://pastvtr.elections.nsw.gov.au/LGE2012/data/newcastle-city-council/Ward-4-FP.pdf
2012,Penrith City Council,East Ward,councillor,5,HITCHEN Tricia,HITCHEN,Tricia,415,1.38,30147,,TRUE,TRUE,https://pastvtr.elections.nsw.gov.au/LGE2012/data/penrith-city-council/East-Ward-FP.pdf
2012,Penrith City Council,East Ward,councillor,5,GOLDING Enid,GOLDING,Enid,13,0.04,30147,,FALSE,TRUE,https://pastvtr.elections.nsw.gov.au/LGE2012/data/penrith-city-council/East-Ward-FP.pdf
2012,Penrith City Council,East Ward,councillor,5,CETTOLIN Tara,CETTOLIN,Tara,21,0.07,30147,,FALSE,TRUE,https://pastvtr.elections.nsw.gov.au/LGE2012/data/penrith-city-council/East-Ward-FP.pdf
2012,Penrith City Council,East Ward,councillor,5,CARTWRIGHT Glenda,CARTWRIGHT,Glenda,7,0.02,30147,,FALSE,TRUE,https://pastvtr.elections.nsw.gov.au/LGE2012/data/penrith-city-council/East-Ward-FP.pdf
2012,Penrith City Council,East Ward,councillor,5,HARRISON Dulcie,HARRISON,Dulcie,10,0.03,30147,,FALSE,TRUE,https://pastvtr.elections.nsw.gov.au/LGE2012/data/penrith-city-council/East-Ward-FP.pdf
2012,Penrith City Council,East Ward,councillor,5,GREENOW Jackie,GREENOW,Jackie,343,1.14,30147,,TRUE,TRUE,https://pastvtr.elections.nsw.gov.au/LGE2012/data/penrith-city-council/East-Ward-FP.pdf
2012,Penrith City Council,East Ward,councillor,5,BEBBINGTON Sue,BEBBINGTON,Sue,60,0.2,30147,,FALSE,TRUE,https://pastvtr.elections.nsw.gov.au/LGE2012/data/penrith-city-council/East-Ward-FP.pdf
2012,Penrith City Council,East Ward,councillor,5,BAKER Peter,BAKER,Peter,22,0.07,30147,,FALSE,TRUE,https://pastvtr.elections.nsw.gov.au/LGE2012/data/penrith-city-council/East-Ward-FP.pdf
2012,Penrith City Council,East Ward,councillor,5,BOSLEY Julie,BOSLEY,Julie,8,0.03,30147,,FALSE,TRUE,https://pastvtr.elections.nsw.gov.au/LGE2012/data/penrith-city-council/East-Ward-FP.pdf
2012,Penrith City Council,East Ward,councillor,5,RYAN Leanne,RYAN,Leanne,3,0.01,30147,,FALSE,TRUE,https://pastvtr.elections.nsw.gov.au/LGE2012/data/penrith-city-council/East-Ward-FP.pdf
2012,Penrith City Council,East Ward,councillor,5,GIROTTO Maurice,GIROTTO,Maurice,68,0.23,30147,,TRUE,TRUE,https://pastvtr.elections.nsw.gov.au/LGE2012/data/penrith-city-council/East-Ward-FP.pdf
2012,Penrith City Council,East Ward,councillor,5,SAUNDERS Mick,SAUNDERS,Mick,35,0.12,30147,,FALSE,TRUE,https://pastvtr.elections.nsw.gov.au/LGE2012/data/penrith-city-council/East-Ward-FP.pdf
2012,Penrith City Council,East Ward,councillor,5,HUTCHIN Geoff,HUTCHIN,Geoff,19,0.06,30147,,FALSE,TRUE,https://pastvtr.elections.nsw.gov.au/LGE2012/data/penrith-city-council/East-Ward-FP.pdf
2012,Penrith City Council,East Ward,councillor,5,THOMSON Joan,THOMSON,Joan,11,0.04,30147,,FALSE,TRUE,https://pastvtr.elections.nsw.gov.au/LGE2012/data/penrith-city-council/East-Ward-FP.pdf
2012,Penrith City Council,East Ward,councillor,5,ADAMS Francis,ADAMS,Francis,9,0.03,30147,,FALSE,TRUE,https://pastvtr.elections.nsw.gov.au/LGE2012/data/penrith-city-council/East-Ward-FP.pdf
2012,Penrith City Council,East Ward,councillor,5,MALKOC Marko,MALKOC,Marko,103,0.34,30147,,FALSE,TRUE,https://pastvtr.elections.nsw.gov.au/LGE2012/data/penrith-city-council/East-Ward-FP.pdf
2012,Penrith City Council,East Ward,councillor,5,COOK Mary,COOK,Mary,7,0.02,30147,,FALSE,TRUE,https://pastvtr.elections.nsw.gov.au/LGE2012/data/penrith-city-council/East-Ward-FP.pdf
2012,Penrith City Council,East Ward,councillor,5,HOWARD Melissa,HOWARD,Melissa,7,0.02,30147,,FALSE,TRUE,https://pastvtr.elections.nsw.gov.au/LGE2012/data/penrith-city-council/East-Ward-FP.pdf
2012,Penrith City Council,East Ward,councillor,5,MALKOC Anna,MALKOC,Anna,7,0.02,30147,,FALSE,TRUE,https://pastvtr.elections.nsw.gov.au/LGE2012/data/penrith-city-council/East-Ward-FP.pdf
2012,Penrith City Council,East Ward,councillor,5,GRGUREVIC David,GRGUREVIC,David,5,0.02,30147,,FALSE,TRUE,https://pastvtr.elections.nsw.gov.au/LGE2012/data/penrith-city-council/East-Ward-FP.pdf
2012,Penrith City Council,East Ward,councillor,5,MCDONALD Paul,MCDONALD,Paul,118,0.39,30147,,FALSE,TRUE,https://pastvtr.elections.nsw.gov.au/LGE2012/data/penrith-city-council/East-Ward-FP.pdf
2012,Penrith City Council,East Ward,councillor,5,HAZER Andrew,HAZER,Andrew,9,0.03,30147,,FALSE,TRUE,https://pastvtr.elections.nsw.gov.au/LGE2012/data/penrith-city-council/East-Ward-FP.pdf
2012,Penrith City Council,East Ward,councillor,5,ARKLE Kylie,ARKLE,Kylie,13,0.04,30147,,FALSE,TRUE,https://pastvtr.elections.nsw.gov.au/LGE2012/data/penrith-city-council/East-Ward-FP.pdf
2012,Penrith City Council,East Ward,councillor,5,GENS Kelly,GENS,Kelly,3,0.01,30147,,FALSE,TRUE,https://pastvtr.elections.nsw.gov.au/LGE2012/data/penrith-city-council/East-Ward-FP.pdf
2012,Penrith City Council,East Ward,councillor,5,PAVIC Marin,PAVIC,Marin,46,0.15,30147,,FALSE,TRUE,https://pastvtr.elections.nsw.gov.au/LGE2012/data/penrith-city-council/East-Ward-FP.pdf
2012,Penrith City Council,East Ward,councillor,5,HOLMES Peta,HOLMES,Peta,47,0.16,30147,,FALSE,TRUE,https://pastvtr.elections.nsw.gov.au/LGE2012/data/penrith-city-council/East-Ward-FP.pdf
2012,Penrith City Council,East Ward,councillor,5,KENNEDY Michaela,KENNEDY,Michaela,10,0.03,30147,,FALSE,TRUE,https://pastvtr.elections.nsw.gov.au/LGE2012/data/penrith-city-council/East-Ward-FP.pdf
2012,Penrith City Council,East Ward,councillor,5,THOMAS Sue,THOMAS,Sue,15,0.05,30147,,FALSE,TRUE,https://pastvtr.elections.nsw.gov.au/LGE2012/data/penrith-city-council/East-Ward-FP.pdf
2012,Penrith City Council,East Ward,councillor,5,GRIFFITH Bill,GRIFFITH,Bill,11,0.04,30147,,FALSE,TRUE,https://pastvtr.elections.nsw.gov.au/LGE2012/data/penrith-city-council/East-Ward-FP.pdf
2012,Penrith City Council,East Ward,councillor,5,DARLEY-JONES Trudy,DARLEY-JONES,Trudy,5,0.02,30147,,FALSE,TRUE,https://pastvtr.elections.nsw.gov.au/LGE2012/data/penrith-city-council/East-Ward-FP.pdf
2012,Penrith City Council,East Ward,councillor,5,DAVIES Greg,DAVIES,Greg,585,1.94,30147,,TRUE,TRUE,https://pastvtr.elections.nsw.gov.au/LGE2012/data/penrith-city-council/East-Ward-FP.pdf
2012,Penrith City Council,East Ward,councillor,5,CAR Prue,CAR,Prue,50,0.17,30147,,TRUE,TRUE,https://pastvtr.elections.nsw.gov.au/LGE2012/data/penrith-city-council/East-Ward-FP.pdf
2012,Penrith City Council,East Ward,councillor,5,JOUKHADAR Nads,JOUKHADAR,Nads,15,0.05,30147,,FALSE,TRUE,https://pastvtr.elections.nsw.gov.au/LGE2012/data/penrith-city-council/East-Ward-FP.pdf
2012,Penrith City Council,East Ward,councillor,5,MIFSUD Edwin,MIFSUD,Edwin,39,0.13,30147,,FALSE,TRUE,https://pastvtr.elections.nsw.gov.au/LGE2012/data/penrith-city-council/East-Ward-FP.pdf
2012,Penrith City Council,East Ward,councillor,5,ANDERSON Kelly,ANDERSON,Kelly,29,0.1,30147,,FALSE,TRUE,https://pastvtr.elections.nsw.gov.au/LGE2012/data/penrith-city-council/East-Ward-FP.pdf
2012,Penrith City Council,East Ward,councillor,5,SANZ Jose,SANZ,Jose,25,0.08,30147,,FALSE,TRUE,https://pastvtr.elections.nsw.gov.au/LGE2012/data/penrith-city-council/East-Ward-FP.pdf
2012,Penrith City Council,East Ward,councillor,5,CONN Graeme,CONN,Graeme,19,0.06,30147,,FALSE,TRUE,https://pastvtr.elections.nsw.gov.au/LGE2012/data/penrith-city-council/East-Ward-FP.pdf
2012,Penrith City Council,North Ward,councillor,5,TORMEY Michelle,TORMEY,Michelle,93,0.32,29072,,TRUE,TRUE,https://pastvtr.elections.nsw.gov.au/LGE2012/data/penrith-city-council/North-Ward-FP.pdf
2012,Penrith City Council,North Ward,councillor,5,LENTON David,LENTON,David,10,0.03,29072,,FALSE,TRUE,https://pastvtr.elections.nsw.gov.au/LGE2012/data/penrith-city-council/North-Ward-FP.pdf
2012,Penrith City Council,North Ward,councillor,5,STRICKLAND Lesley,STRICKLAND,Lesley,4,0.01,29072,,FALSE,TRUE,https://pastvtr.elections.nsw.gov.au/LGE2012/data/penrith-city-council/North-Ward-FP.pdf
2012,Penrith City Council,North Ward,councillor,5,BELLCHAMBERS Joyce,BELLCHAMBERS,Joyce,5,0.02,29072,,FALSE,TRUE,https://pastvtr.elections.nsw.gov.au/LGE2012/data/penrith-city-council/North-Ward-FP.pdf
2012,Penrith City Council,North Ward,councillor,5,COLLETT Joan,COLLETT,Joan,3,0.01,29072,,FALSE,TRUE,https://pastvtr.elections.nsw.gov.au/LGE2012/data/penrith-city-council/North-Ward-FP.pdf
2012,Penrith City Council,North Ward,councillor,5,FOWLER Ross,FOWLER,Ross,377,1.3,29072,,TRUE,TRUE,https://pastvtr.elections.nsw.gov.au/LGE2012/data/penrith-city-council/North-Ward-FP.pdf
2012,Penrith City Council,North Ward,councillor,5,CETTOLIN Lexie,CETTOLIN,Lexie,34,0.12,29072,,FALSE,TRUE,https://pastvtr.elections.nsw.gov.au/LGE2012/data/penrith-city-council/North-Ward-FP.pdf
2012,Penrith City Council,North Ward,councillor,5,MEAD Paul,MEAD,Paul,12,0.04,29072,,FALSE,TRUE,https://pastvtr.elections.nsw.gov.au/LGE2012/data/penrith-city-council/North-Ward-FP.pdf
2012,Penrith City Council,North Ward,councillor,5,BRATUSA Tess,BRATUSA,Tess,13,0.04,29072,,FALSE,TRUE,https://pastvtr.elections.nsw.gov.au/LGE2012/data/penrith-city-council/North-Ward-FP.pdf
2012,Penrith City Council,North Ward,councillor,5,GOLDING Dennis,GOLDING,Dennis,7,0.02,29072,,FALSE,TRUE,https://pastvtr.elections.nsw.gov.au/LGE2012/data/penrith-city-council/North-Ward-FP.pdf
2012,Penrith City Council,North Ward,councillor,5,CRAMERI Kevin,CRAMERI,Kevin,303,1.04,29072,,TRUE,TRUE,https://pastvtr.elections.nsw.gov.au/LGE2012/data/penrith-city-council/North-Ward-FP.pdf
2012,Penrith City Council,North Ward,councillor,5,BAILEY Dion,BAILEY,Dion,28,0.1,29072,,FALSE,TRUE,https://pastvtr.elections.nsw.gov.au/LGE2012/data/penrith-city-council/North-Ward-FP.pdf
2012,Penrith City Council,North Ward,councillor,5,RAE Kathy,RAE,Kathy,31,0.11,29072,,FALSE,TRUE,https://pastvtr.elections.nsw.gov.au/LGE2012/data/penrith-city-council/North-Ward-FP.pdf
2012,Penrith City Council,North Ward,councillor,5,BAGNELL Larry,BAGNELL,Larry,29,0.1,29072,,FALSE,TRUE,https://pastvtr.elections.nsw.gov.au/LGE2012/data/penrith-city-council/North-Ward-FP.pdf
2012,Penrith City Council,North Ward,councillor,5,KIMMINGS Barbara,KIMMINGS,Barbara,4,0.01,29072,,FALSE,TRUE,https://pastvtr.elections.nsw.gov.au/LGE2012/data/penrith-city-council/North-Ward-FP.pdf
2012,Penrith City Council,North Ward,councillor,5,BROWN Geoff,BROWN,Geoff,152,0.52,29072,,FALSE,TRUE,https://pastvtr.elections.nsw.gov.au/LGE2012/data/penrith-city-council/North-Ward-FP.pdf
2012,Penrith City Council,North Ward,councillor,5,BOWEN David,BOWEN,David,10,0.03,29072,,FALSE,TRUE,https://pastvtr.elections.nsw.gov.au/LGE2012/data/penrith-city-council/North-Ward-FP.pdf
2012,Penrith City Council,North Ward,councillor,5,VOLLMER Tim,VOLLMER,Tim,5,0.02,29072,,FALSE,TRUE,https://pastvtr.elections.nsw.gov.au/LGE2012/data/penrith-city-council/North-Ward-FP.pdf
2012,Penrith City Council,North Ward,councillor,5,MAKSUM Annette,MAKSUM,Annette,6,0.02,29072,,FALSE,TRUE,https://pastvtr.elections.nsw.gov.au/LGE2012/data/penrith-city-council/North-Ward-FP.pdf
2012,Penrith City Council,North Ward,councillor,5,TALBOT Jim,TALBOT,Jim,8,0.03,29072,,FALSE,TRUE,https://pastvtr.elections.nsw.gov.au/LGE2012/data/penrith-city-council/North-Ward-FP.pdf
2012,Penrith City Council,North Ward,councillor,5,ROGERS Owen P,ROGERS,Owen P,50,0.17,29072,,FALSE,TRUE,https://pastvtr.elections.nsw.gov.au/LGE2012/data/penrith-city-council/North-Ward-FP.pdf
2012,Penrith City Council,North Ward,councillor,5,ROGERS Owen S,ROGERS,Owen S,8,0.03,29072,,FALSE,TRUE,https://pastvtr.elections.nsw.gov.au/LGE2012/data/penrith-city-council/North-Ward-FP.pdf
2012,Penrith City Council,North Ward,councillor,5,ROGERS Owen,ROGERS,Owen,10,0.03,29072,,FALSE,TRUE,https://pastvtr.elections.nsw.gov.au/LGE2012/data/penrith-city-council/North-Ward-FP.pdf
2012,Penrith City Council,North Ward,councillor,5,ROGERS Carolyn,ROGERS,Carolyn,5,0.02,29072,,FALSE,TRUE,https://pastvtr.elections.nsw.gov.au/LGE2012/data/penrith-city-council/North-Ward-FP.pdf
2012,Penrith City Council,North Ward,councillor,5,ROGERS Angela,ROGERS,Angela,6,0.02,29072,,FALSE,TRUE,https://pastvtr.elections.nsw.gov.au/LGE2012/data/penrith-city-council/North-Ward-FP.pdf
2012,Penrith City Council,North Ward,councillor,5,SHIPLEY Vic,SHIPLEY,Vic,70,0.24,29072,,FALSE,TRUE,https://pastvtr.elections.nsw.gov.au/LGE2012/data/penrith-city-council/North-Ward-FP.pdf
2012,Penrith City Council,North Ward,councillor,5,LATTY Daniel,LATTY,Daniel,28,0.1,29072,,FALSE,TRUE,https://pastvtr.elections.nsw.gov.au/LGE2012/data/penrith-city-council/North-Ward-FP.pdf
2012,Penrith City Council,North Ward,councillor,5,BUTLER Craig,BUTLER,Craig,7,0.02,29072,,FALSE,TRUE,https://pastvtr.elections.nsw.gov.au/LGE2012/data/penrith-city-council/North-Ward-FP.pdf
2012,Penrith City Council,North Ward,councillor,5,BROWNE Chris,BROWNE,Chris,2,0.01,29072,,FALSE,TRUE,https://pastvtr.elections.nsw.gov.au/LGE2012/data/penrith-city-council/North-Ward-FP.pdf
2012,Penrith City Council,North Ward,councillor,5,GILL Roger,GILL,Roger,5,0.02,29072,,FALSE,TRUE,https://pastvtr.elections.nsw.gov.au/LGE2012/data/penrith-city-council/North-Ward-FP.pdf
2012,Penrith City Council,North Ward,councillor,5,CORNISH Marcus,CORNISH,Marcus,239,0.82,29072,,TRUE,TRUE,https://pastvtr.elections.nsw.gov.au/LGE2012/data/penrith-city-council/North-Ward-FP.pdf
2012,Penrith City Council,North Ward,councillor,5,WALKER Vicki,WALKER,Vicki,8,0.03,29072,,FALSE,TRUE,https://pastvtr.elections.nsw.gov.au/LGE2012/data/penrith-city-council/North-Ward-FP.pdf
2012,Penrith City Council,North Ward,councillor,5,MONDY Emily,MONDY,Emily,10,0.03,29072,,FALSE,TRUE,https://pastvtr.elections.nsw.gov.au/LGE2012/data/penrith-city-council/North-Ward-FP.pdf
2012,Penrith City Council,North Ward,councillor,5,BARNES Christine,BARNES,Christine,2,0.01,29072,,FALSE,TRUE,https://pastvtr.elections.nsw.gov.au/LGE2012/data/penrith-city-council/North-Ward-FP.pdf
2012,Penrith City Council,North Ward,councillor,5,WILCOX Andrew,WILCOX,Andrew,8,0.03,29072,,FALSE,TRUE,https://pastvtr.elections.nsw.gov.au/LGE2012/data/penrith-city-council/North-Ward-FP.pdf
2012,Penrith City Council,North Ward,councillor,5,SHEPHERD Kirstie,SHEPHERD,Kirstie,17,0.06,29072,,FALSE,TRUE,https://pastvtr.elections.nsw.gov.au/LGE2012/data/penrith-city-council/North-Ward-FP.pdf
2012,Penrith City Council,North Ward,councillor,5,JOLIFFE Jennifer,JOLIFFE,Jennifer,7,0.02,29072,,FALSE,TRUE,https://pastvtr.elections.nsw.gov.au/LGE2012/data/penrith-city-council/North-Ward-FP.pdf
2012,Penrith City Council,North Ward,councillor,5,MORRISON Melinda,MORRISON,Melinda,8,0.03,29072,,FALSE,TRUE,https://pastvtr.elections.nsw.gov.au/LGE2012/data/penrith-city-council/North-Ward-FP.pdf
2012,Penrith City Council,North Ward,councillor,5,CROMAR Dawn,CROMAR,Dawn,5,0.02,29072,,FALSE,TRUE,https://pastvtr.elections.nsw.gov.au/LGE2012/data/penrith-city-council/North-Ward-FP.pdf
2012,Penrith City Council,North Ward,councillor,5,JOLIFFE Benjamin,JOLIFFE,Benjamin,3,0.01,29072,,FALSE,TRUE,https://pastvtr.elections.nsw.gov.au/LGE2012/data/penrith-city-council/North-Ward-FP.pdf
2012,Penrith City Council,North Ward,councillor,5,HOWARTH Philip,HOWARTH,Philip,18,0.06,29072,,FALSE,TRUE,https://pastvtr.elections.nsw.gov.au/LGE2012/data/penrith-city-council/North-Ward-FP.pdf
2012,Penrith City Council,North Ward,councillor,5,ARMBRUST Honor-May,ARMBRUST,Honor-May,3,0.01,29072,,FALSE,TRUE,https://pastvtr.elections.nsw.gov.au/LGE2012/data/penrith-city-council/North-Ward-FP.pdf
2012,Penrith City Council,North Ward,councillor,5,MOSES Erica,MOSES,Erica,3,0.01,29072,,FALSE,TRUE,https://pastvtr.elections.nsw.gov.au/LGE2012/data/penrith-city-council/North-Ward-FP.pdf
2012,Penrith City Council,North Ward,councillor,5,ARMBRUST Colin,ARMBRUST,Colin,3,0.01,29072,,FALSE,TRUE,https://pastvtr.elections.nsw.gov.au/LGE2012/data/penrith-city-council/North-Ward-FP.pdf
2012,Penrith City Council,North Ward,councillor,5,SULLIVAN L,SULLIVAN,L,3,0.01,29072,,FALSE,TRUE,https://pastvtr.elections.nsw.gov.au/LGE2012/data/penrith-city-council/North-Ward-FP.pdf
2012,Penrith City Council,North Ward,councillor,5,THAIN John,THAIN,John,212,0.73,29072,,TRUE,TRUE,https://pastvtr.elections.nsw.gov.au/LGE2012/data/penrith-city-council/North-Ward-FP.pdf
2012,Penrith City Council,North Ward,councillor,5,PRESDEE Kath,PRESDEE,Kath,18,0.06,29072,,FALSE,TRUE,https://pastvtr.elections.nsw.gov.au/LGE2012/data/penrith-city-council/North-Ward-FP.pdf
2012,Penrith City Council,North Ward,councillor,5,PATERSON James,PATERSON,James,18,0.06,29072,,FALSE,TRUE,https://pastvtr.elections.nsw.gov.au/LGE2012/data/penrith-city-council/North-Ward-FP.pdf
2012,Penrith City Council,North Ward,councillor,5,VINE Sheryl,VINE,Sheryl,21,0.07,29072,,FALSE,TRUE,https://pastvtr.elections.nsw.gov.au/LGE2012/data/penrith-city-council/North-Ward-FP.pdf
2012,Penrith City Council,North Ward,councillor,5,DUKE Aaron,DUKE,Aaron,16,0.06,29072,,FALSE,TRUE,https://pastvtr.elections.nsw.gov.au/LGE2012/data/penrith-city-council/North-Ward-FP.pdf
2012,Penrith City Council,South Ward,councillor,5,AITKEN Jim,AITKEN,Jim,643,2.06,31218,,TRUE,TRUE,https://pastvtr.elections.nsw.gov.au/LGE2012/data/penrith-city-council/South-Ward-FP.pdf
2012,Penrith City Council,South Ward,councillor,5,RABIE George,RABIE,George,30,0.1,31218,,FALSE,TRUE,https://pastvtr.elections.nsw.gov.au/LGE2012/data/penrith-city-council/South-Ward-FP.pdf
2012,Penrith City Council,South Ward,councillor,5,BAKER Marjorie,BAKER,Marjorie,13,0.04,31218,,FALSE,TRUE,https://pastvtr.elections.nsw.gov.au/LGE2012/data/penrith-city-council/South-Ward-FP.pdf
2012,Penrith City Council,South Ward,councillor,5,BUCKLEY Corrina,BUCKLEY,Corrina,29,0.09,31218,,FALSE,TRUE,https://pastvtr.elections.nsw.gov.au/LGE2012/data/penrith-city-council/South-Ward-FP.pdf
2012,Penrith City Council,South Ward,councillor,5,MILNE Keith,MILNE,Keith,14,0.04,31218,,FALSE,TRUE,https://pastvtr.elections.nsw.gov.au/LGE2012/data/penrith-city-council/South-Ward-FP.pdf
2012,Penrith City Council,South Ward,councillor,5,BRATUSA Bernard,BRATUSA,Bernard,200,0.64,31218,,TRUE,TRUE,https://pastvtr.elections.nsw.gov.au/LGE2012/data/penrith-city-council/South-Ward-FP.pdf
2012,Penrith City Council,South Ward,councillor,5,DRYSDALE Darren,DRYSDALE,Darren,10,0.03,31218,,FALSE,TRUE,https://pastvtr.elections.nsw.gov.au/LGE2012/data/penrith-city-council/South-Ward-FP.pdf
2012,Penrith City Council,South Ward,councillor,5,NEWTON Anne,NEWTON,Anne,5,0.02,31218,,FALSE,TRUE,https://pastvtr.elections.nsw.gov.au/LGE2012/data/penrith-city-council/South-Ward-FP.pdf
2012,Penrith City Council,South Ward,councillor,5,GRDUSIAK Desley,GRDUSIAK,Desley,5,0.02,31218,,FALSE,TRUE,https://pastvtr.elections.nsw.gov.au/LGE2012/data/penrith-city-council/South-Ward-FP.pdf
2012,Penrith City Council,South Ward,councillor,5,WALKER Andrew,WALKER,Andrew,7,0.02,31218,,FALSE,TRUE,https://pastvtr.elections.nsw.gov.au/LGE2012/data/penrith-city-council/South-Ward-FP.pdf
2012,Penrith City Council,South Ward,councillor,5,MCKEOWN Karen,MCKEOWN,Karen,260,0.83,31218,,TRUE,TRUE,https://pastvtr.elections.nsw.gov.au/LGE2012/data/penrith-city-council/South-Ward-FP.pdf
2012,Penrith City Council,South Ward,councillor,5,CARNEY Todd,CARNEY,Todd,31,0.1,31218,,FALSE,TRUE,https://pastvtr.elections.nsw.gov.au/LGE2012/data/penrith-city-council/South-Ward-FP.pdf
2012,Penrith City Council,South Ward,councillor,5,HIGHLEY Nigel,HIGHLEY,Nigel,7,0.02,31218,,FALSE,TRUE,https://pastvtr.elections.nsw.gov.au/LGE2012/data/penrith-city-council/South-Ward-FP.pdf
2012,Penrith City Council,South Ward,councillor,5,MCLEAN Steven,MCLEAN,Steven,19,0.06,31218,,FALSE,TRUE,https://pastvtr.elections.nsw.gov.au/LGE2012/data/penrith-city-council/South-Ward-FP.pdf
2012,Penrith City Council,South Ward,councillor,5,FORDHAM Lorraine,FORDHAM,Lorraine,15,0.05,31218,,FALSE,TRUE,https://pastvtr.elections.nsw.gov.au/LGE2012/data/penrith-city-council/South-Ward-FP.pdf
2012,Penrith City Council,South Ward,councillor,5,DAY Sue,DAY,Sue,187,0.6,31218,,FALSE,TRUE,https://pastvtr.elections.nsw.gov.au/LGE2012/data/penrith-city-council/South-Ward-FP.pdf
2012,Penrith City Council,South Ward,councillor,5,SKINNER Faithe,SKINNER,Faithe,14,0.04,31218,,FALSE,TRUE,https://pastvtr.elections.nsw.gov.au/LGE2012/data/penrith-city-council/South-Ward-FP.pdf
2012,Penrith City Council,South Ward,councillor,5,CARROLL Shannon,CARROLL,Shannon,15,0.05,31218,,FALSE,TRUE,https://pastvtr.elections.nsw.gov.au/LGE2012/data/penrith-city-council/South-Ward-FP.pdf
2012,Penrith City Council,South Ward,councillor,5,MELLISH Tracy,MELLISH,Tracy,1,0.0,31218,,FALSE,TRUE,https://pastvtr.elections.nsw.gov.au/LGE2012/data/penrith-city-council/South-Ward-FP.pdf
2012,Penrith City Council,South Ward,councillor,5,TOPP Jo-Anne,TOPP,Jo-Anne,3,0.01,31218,,FALSE,TRUE,https://pastvtr.elections.nsw.gov.au/LGE2012/data/penrith-city-council/South-Ward-FP.pdf
2012,Penrith City Council,South Ward,councillor,5,GREEN Andrew,GREEN,Andrew,107,0.34,31218,,FALSE,TRUE,https://pastvtr.elections.nsw.gov.au/LGE2012/data/penrith-city-council/South-Ward-FP.pdf
2012,Penrith City Council,South Ward,councillor,5,ELLIS Trisha,ELLIS,Trisha,1,0.0,31218,,FALSE,TRUE,https://pastvtr.elections.nsw.gov.au/LGE2012/data/penrith-city-council/South-Ward-FP.pdf
2012,Penrith City Council,South Ward,councillor,5,FINLAY Mark,FINLAY,Mark,2,0.01,31218,,FALSE,TRUE,https://pastvtr.elections.nsw.gov.au/LGE2012/data/penrith-city-council/South-Ward-FP.pdf
2012,Penrith City Council,South Ward,councillor,5,SCHRUMPF Joanna,SCHRUMPF,Joanna,5,0.02,31218,,FALSE,TRUE,https://pastvtr.elections.nsw.gov.au/LGE2012/data/penrith-city-council/South-Ward-FP.pdf
2012,Penrith City Council,South Ward,councillor,5,GREEN Arran,GREEN,Arran,9,0.03,31218,,FALSE,TRUE,https://pastvtr.elections.nsw.gov.au/LGE2012/data/penrith-city-council/South-Ward-FP.pdf
2012,Penrith City Council,South Ward,councillor,5,HUTCHISON Rossco,HUTCHISON,Rossco,149,0.48,31218,,FALSE,TRUE,https://pastvtr.elections.nsw.gov.au/LGE2012/data/penrith-city-council/South-Ward-FP.pdf
2012,Penrith City Council,South Ward,councillor,5,DICKENS Jo,DICKENS,Jo,6,0.02,31218,,FALSE,TRUE,https://pastvtr.elections.nsw.gov.au/LGE2012/data/penrith-city-council/South-Ward-FP.pdf
2012,Penrith City Council,South Ward,councillor,5,DORAKAY Stefan,DORAKAY,Stefan,4,0.01,31218,,FALSE,TRUE,https://pastvtr.elections.nsw.gov.au/LGE2012/data/penrith-city-council/South-Ward-FP.pdf
2012,Penrith City Council,South Ward,councillor,5,RECH Peter,RECH,Peter,7,0.02,31218,,FALSE,TRUE,https://pastvtr.elections.nsw.gov.au/LGE2012/data/penrith-city-council/South-Ward-FP.pdf
2012,Penrith City Council,South Ward,councillor,5,CAPES John,CAPES,John,4,0.01,31218,,FALSE,TRUE,https://pastvtr.elections.nsw.gov.au/LGE2012/data/penrith-city-council/South-Ward-FP.pdf
2012,Penrith City Council,South Ward,councillor,5,DIXON Nikkole,DIXON,Nikkole,59,0.19,31218,,FALSE,TRUE,https://pastvtr.elections.nsw.gov.au/LGE2012/data/penrith-city-council/South-Ward-FP.pdf
2012,Penrith City Council,South Ward,councillor,5,WHILEY Claudine,WHILEY,Claudine,5,0.02,31218,,FALSE,TRUE,https://pastvtr.elections.nsw.gov.au/LGE2012/data/penrith-city-council/South-Ward-FP.pdf
2012,Penrith City Council,South Ward,councillor,5,HIGGINS Darrel,HIGGINS,Darrel,2,0.01,31218,,FALSE,TRUE,https://pastvtr.elections.nsw.gov.au/LGE2012/data/penrith-city-council/South-Ward-FP.pdf
2012,Penrith City Council,South Ward,councillor,5,SHIPWAY David,SHIPWAY,David,12,0.04,31218,,FALSE,TRUE,https://pastvtr.elections.nsw.gov.au/LGE2012/data/penrith-city-council/South-Ward-FP.pdf
2012,Penrith City Council,South Ward,councillor,5,RAPA William,RAPA,William,6,0.02,31218,,FALSE,TRUE,https://pastvtr.elections.nsw.gov.au/LGE2012/data/penrith-city-council/South-Ward-FP.pdf
2012,Penrith City Council,South Ward,councillor,5,DARLEY-JONES Patrick,DARLEY-JONES,Patrick,47,0.15,31218,,FALSE,TRUE,https://pastvtr.elections.nsw.gov.au/LGE2012/data/penrith-city-council/South-Ward-FP.pdf
2012,Penrith City Council,South Ward,councillor,5,SMITH Wade,SMITH,Wade,4,0.01,31218,,FALSE,TRUE,https://pastvtr.elections.nsw.gov.au/LGE2012/data/penrith-city-council/South-Ward-FP.pdf
2012,Penrith City Council,South Ward,councillor,5,REIDY Rebecca,REIDY,Rebecca,10,0.03,31218,,FALSE,TRUE,https://pastvtr.elections.nsw.gov.au/LGE2012/data/penrith-city-council/South-Ward-FP.pdf
2012,Penrith City Council,South Ward,councillor,5,BYRNE Robert,BYRNE,Robert,2,0.01,31218,,FALSE,TRUE,https://pastvtr.elections.nsw.gov.au/LGE2012/data/penrith-city-council/South-Ward-FP.pdf
2012,Penrith City Council,South Ward,councillor,5,BUTLER Kyle,BUTLER,Kyle,9,0.03,31218,,FALSE,TRUE,https://pastvtr.elections.nsw.gov.au/LGE2012/data/penrith-city-council/South-Ward-FP.pdf
2012,Penrith City Council,South Ward,councillor,5,DAVIES Mark,DAVIES,Mark,263,0.84,31218,,TRUE,TRUE,https://pastvtr.elections.nsw.gov.au/LGE2012/data/penrith-city-council/South-Ward-FP.pdf
2012,Penrith City Council,South Ward,councillor,5,GOLDFINCH Ben,GOLDFINCH,Ben,20,0.06,31218,,TRUE,TRUE,https://pastvtr.elections.nsw.gov.au/LGE2012/data/penrith-city-council/South-Ward-FP.pdf
2012,Penrith City Council,South Ward,councillor,5,CUMMINGS Kelly-Anne,CUMMINGS,Kelly-Anne,9,0.03,31218,,FALSE,TRUE,https://pastvtr.elections.nsw.gov.au/LGE2012/data/penrith-city-council/South-Ward-FP.pdf
2012,Penrith City Council,South Ward,councillor,5,PETTITT David,PETTITT,David,12,0.04,31218,,FALSE,TRUE,https://pastvtr.elections.nsw.gov.au/LGE2012/data/penrith-city-council/South-Ward-FP.pdf
2012,Penrith City Council,South Ward,councillor,5,SPICER Paul,SPICER,Paul,10,0.03,31218,,FALSE,TRUE,https://pastvtr.elections.nsw.gov.au/LGE2012/data/penrith-city-council/South-Ward-FP.pdf
2012,Port Stephens Council,Central Ward,councillor,3,DOGGETT Darrell,DOGGETT,Darrell,77,0.62,12359,,FALSE,TRUE,https://pastvtr.elections.nsw.gov.au/LGE2012/data/port-stephens-council/Central-Ward-FP.pdf
2012,Port Stephens Council,Central Ward,councillor,3,DOUGLAS Jan,DOUGLAS,Jan,20,0.16,12359,,FALSE,TRUE,https://pastvtr.elections.nsw.gov.au/LGE2012/data/port-stephens-council/Central-Ward-FP.pdf
2012,Port Stephens Council,Central Ward,councillor,3,STEWART Ray,STEWART,Ray,12,0.1,12359,,FALSE,TRUE,https://pastvtr.elections.nsw.gov.au/LGE2012/data/port-stephens-council/Central-Ward-FP.pdf
2012,Port Stephens Council,Central Ward,councillor,3,TUCKER Steve,TUCKER,Steve,166,1.34,12359,,TRUE,TRUE,https://pastvtr.elections.nsw.gov.au/LGE2012/data/port-stephens-council/Central-Ward-FP.pdf
2012,Port Stephens Council,Central Ward,councillor,3,ROBINSON John,ROBINSON,John,17,0.14,12359,,FALSE,TRUE,https://pastvtr.elections.nsw.gov.au/LGE2012/data/port-stephens-council/Central-Ward-FP.pdf
2012,Port Stephens Council,Central Ward,councillor,3,BRADLEY Doreen,BRADLEY,Doreen,13,0.11,12359,,FALSE,TRUE,https://pastvtr.elections.nsw.gov.au/LGE2012/data/port-stephens-council/Central-Ward-FP.pdf
2012,Port Stephens Council,Central Ward,councillor,3,DINGLE Geoff,DINGLE,Geoff,273,2.21,12359,,TRUE,TRUE,https://pastvtr.elections.nsw.gov.au/LGE2012/data/port-stephens-council/Central-Ward-FP.pdf
2012,Port Stephens Council,Central Ward,councillor,3,CORNER Fran,CORNER,Fran,8,0.06,12359,,FALSE,TRUE,https://pastvtr.elections.nsw.gov.au/LGE2012/data/port-stephens-council/Central-Ward-FP.pdf
2012,Port Stephens Council,Central Ward,councillor,3,ANDERSON Anthony,ANDERSON,Anthony,2,0.02,12359,,FALSE,TRUE,https://pastvtr.elections.nsw.gov.au/LGE2012/data/port-stephens-council/Central-Ward-FP.pdf
2012,Port Stephens Council,Central Ward,councillor,3,BYRON Patrick T,BYRON,Patrick T,8,0.06,12359,,FALSE,TRUE,https://pastvtr.elections.nsw.gov.au/LGE2012/data/port-stephens-council/Central-Ward-FP.pdf
2012,Port Stephens Council,Central Ward,councillor,3,DONAHOO John,DONAHOO,John,5,0.04,12359,,FALSE,TRUE,https://pastvtr.elections.nsw.gov.au/LGE2012/data/port-stephens-council/Central-Ward-FP.pdf
2012,Port Stephens Council,Central Ward,councillor,3,DAVIS Peter,DAVIS,Peter,3,0.02,12359,,FALSE,TRUE,https://pastvtr.elections.nsw.gov.au/LGE2012/data/port-stephens-council/Central-Ward-FP.pdf
2012,Port Stephens Council,Central Ward,councillor,3,TAYLOR Jill,TAYLOR,Jill,7,0.06,12359,,FALSE,TRUE,https://pastvtr.elections.nsw.gov.au/LGE2012/data/port-stephens-council/Central-Ward-FP.pdf
2012,Port Stephens Council,Central Ward,councillor,3,MACKENZIE Bruce,MACKENZIE,Bruce,287,2.32,12359,,FALSE,TRUE,https://pastvtr.elections.nsw.gov.au/LGE2012/data/port-stephens-council/Central-Ward-FP.pdf
2012,Port Stephens Council,Central Ward,councillor,3,DOOHAN Chris,DOOHAN,Chris,16,0.13,12359,,TRUE,TRUE,https://pastvtr.elections.nsw.gov.au/LGE2012/data/port-stephens-council/Central-Ward-FP.pdf
2012,Port Stephens Council,Central Ward,councillor,3,LOW Karen Lee,LOW,Karen Lee,9,0.07,12359,,FALSE,TRUE,https://pastvtr.elections.nsw.gov.au/LGE2012/data/port-stephens-council/Central-Ward-FP.pdf
2012,Port Stephens Council,Central Ward,councillor,3,PATON Gregory Edward,PATON,Gregory Edward,4,0.03,12359,,FALSE,TRUE,https://pastvtr.elections.nsw.gov.au/LGE2012/data/port-stephens-council/Central-Ward-FP.pdf
2012,Port Stephens Council,Central Ward,councillor,3,JONES Keith,JONES,Keith,4,0.03,12359,,FALSE,TRUE,https://pastvtr.elections.nsw.gov.au/LGE2012/data/port-stephens-council/Central-Ward-FP.pdf
2012,Port Stephens Council,Central Ward,councillor,3,O'BRIEN Shirley,O'BRIEN,Shirley,264,2.14,12359,,FALSE,TRUE,https://pastvtr.elections.nsw.gov.au/LGE2012/data/port-stephens-council/Central-Ward-FP.pdf
2012,Port Stephens Council,Central Ward,councillor,3,CARLETON Paul,CARLETON,Paul,4,0.03,12359,,FALSE,TRUE,https://pastvtr.elections.nsw.gov.au/LGE2012/data/port-stephens-council/Central-Ward-FP.pdf
2012,Port Stephens Council,Central Ward,councillor,3,HUFNAGL Steve,HUFNAGL,Steve,51,0.41,12359,,FALSE,TRUE,https://pastvtr.elections.nsw.gov.au/LGE2012/data/port-stephens-council/Central-Ward-FP.pdf
2012,Port Stephens Council,Central Ward,councillor,3,ROONEY Belinda,ROONEY,Belinda,4,0.03,12359,,FALSE,TRUE,https://pastvtr.elections.nsw.gov.au/LGE2012/data/port-stephens-council/Central-Ward-FP.pdf
2012,Port Stephens Council,Central Ward,councillor,3,EVANS Ray,EVANS,Ray,2,0.02,12359,,FALSE,TRUE,https://pastvtr.elections.nsw.gov.au/LGE2012/data/port-stephens-council/Central-Ward-FP.pdf
2012,Port Stephens Council,Central Ward,councillor,3,SPILLER Caitlin,SPILLER,Caitlin,65,0.53,12359,,FALSE,TRUE,https://pastvtr.elections.nsw.gov.au/LGE2012/data/port-stephens-council/Central-Ward-FP.pdf
2012,Port Stephens Council,Central Ward,councillor,3,PINNEY Leslie,PINNEY,Leslie,6,0.05,12359,,FALSE,TRUE,https://pastvtr.elections.nsw.gov.au/LGE2012/data/port-stephens-council/Central-Ward-FP.pdf
2012,Port Stephens Council,Central Ward,councillor,3,PHILP Rhonda,PHILP,Rhonda,2,0.02,12359,,FALSE,TRUE,https://pastvtr.elections.nsw.gov.au/LGE2012/data/port-stephens-council/Central-Ward-FP.pdf
2012,Port Stephens Council,Central Ward,councillor,3,MCEACHERN Shaun,MCEACHERN,Shaun,271,2.19,12359,,FALSE,TRUE,https://pastvtr.elections.nsw.gov.au/LGE2012/data/port-stephens-council/Central-Ward-FP.pdf
2012,Port Stephens Council,East Ward,councillor,3,WARBURTON Nathan,WARBURTON,Nathan,64,0.53,12158,,FALSE,TRUE,https://pastvtr.elections.nsw.gov.au/LGE2012/data/port-stephens-council/East-Ward-FP.pdf
2012,Port Stephens Council,East Ward,councillor,3,PINNEY Anne,PINNEY,Anne,5,0.04,12158,,FALSE,TRUE,https://pastvtr.elections.nsw.gov.au/LGE2012/data/port-stephens-council/East-Ward-FP.pdf
2012,Port Stephens Council,East Ward,councillor,3,FIELD Jenny,FIELD,Jenny,3,0.02,12158,,FALSE,TRUE,https://pastvtr.elections.nsw.gov.au/LGE2012/data/port-stephens-council/East-Ward-FP.pdf
2012,Port Stephens Council,East Ward,councillor,3,MORELLO John,MORELLO,John,144,1.18,12158,,TRUE,TRUE,https://pastvtr.elections.nsw.gov.au/LGE2012/data/port-stephens-council/East-Ward-FP.pdf
2012,Port Stephens Council,East Ward,councillor,3,HAY Allan,HAY,Allan,16,0.13,12158,,FALSE,TRUE,https://pastvtr.elections.nsw.gov.au/LGE2012/data/port-stephens-council/East-Ward-FP.pdf
2012,Port Stephens Council,East Ward,councillor,3,MCCLELLAND Ben,MCCLELLAND,Ben,10,0.08,12158,,FALSE,TRUE,https://pastvtr.elections.nsw.gov.au/LGE2012/data/port-stephens-council/East-Ward-FP.pdf
2012,Port Stephens Council,East Ward,councillor,3,NELL John,NELL,John,377,3.1,12158,,TRUE,TRUE,https://pastvtr.elections.nsw.gov.au/LGE2012/data/port-stephens-council/East-Ward-FP.pdf
2012,Port Stephens Council,East Ward,councillor,3,ARMSTRONG Gail,ARMSTRONG,Gail,4,0.03,12158,,FALSE,TRUE,https://pastvtr.elections.nsw.gov.au/LGE2012/data/port-stephens-council/East-Ward-FP.pdf
2012,Port Stephens Council,East Ward,councillor,3,POND Melissa,POND,Melissa,1,0.01,12158,,FALSE,TRUE,https://pastvtr.elections.nsw.gov.au/LGE2012/data/port-stephens-council/East-Ward-FP.pdf
2012,Port Stephens Council,East Ward,councillor,3,BROWN Geoff,BROWN,Geoff,91,0.75,12158,,FALSE,TRUE,https://pastvtr.elections.nsw.gov.au/LGE2012/data/port-stephens-council/East-Ward-FP.pdf
2012,Port Stephens Council,East Ward,councillor,3,ANDERSON Leah,ANDERSON,Leah,24,0.2,12158,,FALSE,TRUE,https://pastvtr.elections.nsw.gov.au/LGE2012/data/port-stephens-council/East-Ward-FP.pdf
2012,Port Stephens Council,East Ward,councillor,3,WESTBURY Bob,WESTBURY,Bob,61,0.5,12158,,FALSE,TRUE,https://pastvtr.elections.nsw.gov.au/LGE2012/data/port-stephens-council/East-Ward-FP.pdf
2012,Port Stephens Council,East Ward,councillor,3,DOVER Sally,DOVER,Sally,342,2.81,12158,,TRUE,TRUE,https://pastvtr.elections.nsw.gov.au/LGE2012/data/port-stephens-council/East-Ward-FP.pdf
2012,Port Stephens Council,East Ward,councillor,3,BRADBURY Robyn,BRADBURY,Robyn,11,0.09,12158,,FALSE,TRUE,https://pastvtr.elections.nsw.gov.au/LGE2012/data/port-stephens-council/East-Ward-FP.pdf
2012,Port Stephens Council,East Ward,councillor,3,REEDER Roger,REEDER,Roger,4,0.03,12158,,FALSE,TRUE,https://pastvtr.elections.nsw.gov.au/LGE2012/data/port-stephens-council/East-Ward-FP.pdf
2012,Port Stephens Council,East Ward,councillor,3,SWAN Ron,SWAN,Ron,140,1.15,12158,,FALSE,TRUE,https://pastvtr.elections.nsw.gov.au/LGE2012/data/port-stephens-council/East-Ward-FP.pdf
2012,Port Stephens Council,East Ward,councillor,3,MARTYNOV Kate,MARTYNOV,Kate,5,0.04,12158,,FALSE,TRUE,https://pastvtr.elections.nsw.gov.au/LGE2012/data/port-stephens-council/East-Ward-FP.pdf
2012,Port Stephens Council,East Ward,councillor,3,SHERRIFF Pete,SHERRIFF,Pete,59,0.49,12158,,FALSE,TRUE,https://pastvtr.elections.nsw.gov.au/LGE2012/data/port-stephens-council/East-Ward-FP.pdf
2012,Port Stephens Council,East Ward,councillor,3,CROMARTY Chris,CROMARTY,Chris,9,0.07,12158,,FALSE,TRUE,https://pastvtr.elections.nsw.gov.au/LGE2012/data/port-stephens-council/East-Ward-FP.pdf
2012,Port Stephens Council,East Ward,councillor,3,HOWARD Colin,HOWARD,Colin,135,1.11,12158,,FALSE,TRUE,https://pastvtr.elections.nsw.gov.au/LGE2012/data/port-stephens-council/East-Ward-FP.pdf
2012,Port Stephens Council,East Ward,councillor,3,TOWNSEND Diana,TOWNSEND,Diana,5,0.04,12158,,FALSE,TRUE,https://pastvtr.elections.nsw.gov.au/LGE2012/data/port-stephens-council/East-Ward-FP.pdf
2012,Port Stephens Council,East Ward,councillor,3,WARD Frank,WARD,Frank,42,0.35,12158,,FALSE,TRUE,https://pastvtr.elections.nsw.gov.au/LGE2012/data/port-stephens-council/East-Ward-FP.pdf
2012,Port Stephens Council,East Ward,councillor,3,WILKINSON Margaret,WILKINSON,Margaret,17,0.14,12158,,FALSE,TRUE,https://pastvtr.elections.nsw.gov.au/LGE2012/data/port-stephens-council/East-Ward-FP.pdf
2012,Port Stephens Council,West Ward,councillor,3,KAFER Peter,KAFER,Peter,277,2.44,11344,,TRUE,TRUE,https://pastvtr.elections.nsw.gov.au/LGE2012/data/port-stephens-council/West-Ward-FP.pdf
2012,Port Stephens Council,West Ward,councillor,3,DE LYALL Caroline,DE LYALL,Caroline,44,0.39,11344,,FALSE,TRUE,https://pastvtr.elections.nsw.gov.au/LGE2012/data/port-stephens-council/West-Ward-FP.pdf
2012,Port Stephens Council,West Ward,councillor,3,LEWIS Anthony,LEWIS,Anthony,5,0.04,11344,,FALSE,TRUE,https://pastvtr.elections.nsw.gov.au/LGE2012/data/port-stephens-council/West-Ward-FP.pdf
2012,Port Stephens Council,West Ward,councillor,3,DE LYALL Stephanie,DE LYALL,Stephanie,26,0.23,11344,,FALSE,TRUE,https://pastvtr.elections.nsw.gov.au/LGE2012/data/port-stephens-council/West-Ward-FP.pdf
2012,Port Stephens Council,West Ward,councillor,3,JORDAN Ken,JORDAN,Ken,259,2.28,11344,,TRUE,TRUE,https://pastvtr.elections.nsw.gov.au/LGE2012/data/port-stephens-council/West-Ward-FP.pdf
2012,Port Stephens Council,West Ward,councillor,3,LOVE James,LOVE,James,21,0.19,11344,,FALSE,TRUE,https://pastvtr.elections.nsw.gov.au/LGE2012/data/port-stephens-council/West-Ward-FP.pdf
2012,Port Stephens Council,West Ward,councillor,3,FOOT Robert,FOOT,Robert,65,0.57,11344,,FALSE,TRUE,https://pastvtr.elections.nsw.gov.au/LGE2012/data/port-stephens-council/West-Ward-FP.pdf
2012,Port Stephens Council,West Ward,councillor,3,LE MOTTEE Paul,LE MOTTEE,Paul,256,2.26,11344,,TRUE,TRUE,https://pastvtr.elections.nsw.gov.au/LGE2012/data/port-stephens-council/West-Ward-FP.pdf
2012,Port Stephens Council,West Ward,councillor,3,MALONE Anthony,MALONE,Anthony,29,0.26,11344,,FALSE,TRUE,https://pastvtr.elections.nsw.gov.au/LGE2012/data/port-stephens-council/West-Ward-FP.pdf
2012,Port Stephens Council,West Ward,councillor,3,SMITH Lea,SMITH,Lea,97,0.86,11344,,FALSE,TRUE,https://pastvtr.elections.nsw.gov.au/LGE2012/data/port-stephens-council/West-Ward-FP.pdf
2012,Port Stephens Council,West Ward,councillor,3,FRANCIS Peter,FRANCIS,Peter,164,1.45,11344,,FALSE,TRUE,https://pastvtr.elections.nsw.gov.au/LGE2012/data/port-stephens-council/West-Ward-FP.pdf
2012,Port Stephens Council,West Ward,councillor,3,STANTON Ray,STANTON,Ray,13,0.11,11344,,FALSE,TRUE,https://pastvtr.elections.nsw.gov.au/LGE2012/data/port-stephens-council/West-Ward-FP.pdf
2012,Port Stephens Council,West Ward,councillor,3,GORDON Amy,GORDON,Amy,16,0.14,11344,,FALSE,TRUE,https://pastvtr.elections.nsw.gov.au/LGE2012/data/port-stephens-council/West-Ward-FP.pdf
2012,Port Stephens Council,West Ward,councillor,3,STEPHENS Liz,STEPHENS,Liz,36,0.32,11344,,FALSE,TRUE,https://pastvtr.elections.nsw.gov.au/LGE2012/data/port-stephens-council/West-Ward-FP.pdf
2012,Port Stephens Council,West Ward,councillor,3,COLLINS Michael,COLLINS,Michael,14,0.12,11344,,FALSE,TRUE,https://pastvtr.elections.nsw.gov.au/LGE2012/data/port-stephens-council/West-Ward-FP.pdf
2012,Port Stephens Council,West Ward,councillor,3,JUT Monica,JUT,Monica,4,0.04,11344,,FALSE,TRUE,https://pastvtr.elections.nsw.gov.au/LGE2012/data/port-stephens-council/West-Ward-FP.pdf
2012,Shoalhaven City Council,Ward 1,councillor,4,MCCRUDDEN James,MCCRUDDEN,James,162,0.98,16595,,TRUE,TRUE,https://pastvtr.elections.nsw.gov.au/LGE2012/data/shoalhaven-city-council/Ward-1-FP.pdf
2012,Shoalhaven City Council,Ward 1,councillor,4,BOLT John,BOLT,John,46,0.28,16595,,FALSE,TRUE,https://pastvtr.elections.nsw.gov.au/LGE2012/data/shoalhaven-city-council/Ward-1-FP.pdf
2012,Shoalhaven City Council,Ward 1,councillor,4,DOOHAN Leeza,DOOHAN,Leeza,22,0.13,16595,,FALSE,TRUE,https://pastvtr.elections.nsw.gov.au/LGE2012/data/shoalhaven-city-council/Ward-1-FP.pdf
2012,Shoalhaven City Council,Ward 1,councillor,4,POTTER Norm,POTTER,Norm,21,0.13,16595,,FALSE,TRUE,https://pastvtr.elections.nsw.gov.au/LGE2012/data/shoalhaven-city-council/Ward-1-FP.pdf
2012,Shoalhaven City Council,Ward 1,councillor,4,PARNELL Michael,PARNELL,Michael,11,0.07,16595,,FALSE,TRUE,https://pastvtr.elections.nsw.gov.au/LGE2012/data/shoalhaven-city-council/Ward-1-FP.pdf
2012,Shoalhaven City Council,Ward 1,councillor,4,THOMPSON Ross,THOMPSON,Ross,94,0.57,16595,,FALSE,TRUE,https://pastvtr.elections.nsw.gov.au/LGE2012/data/shoalhaven-city-council/Ward-1-FP.pdf
2012,Shoalhaven City Council,Ward 1,councillor,4,KHOUREY Jacob,KHOUREY,Jacob,26,0.16,16595,,FALSE,TRUE,https://pastvtr.elections.nsw.gov.au/LGE2012/data/shoalhaven-city-council/Ward-1-FP.pdf
2012,Shoalhaven City Council,Ward 1,councillor,4,WOODNEY Barbara,WOODNEY,Barbara,25,0.15,16595,,FALSE,TRUE,https://pastvtr.elections.nsw.gov.au/LGE2012/data/shoalhaven-city-council/Ward-1-FP.pdf
2012,Shoalhaven City Council,Ward 1,councillor,4,RAYNER Terence,RAYNER,Terence,8,0.05,16595,,FALSE,TRUE,https://pastvtr.elections.nsw.gov.au/LGE2012/data/shoalhaven-city-council/Ward-1-FP.pdf
2012,Shoalhaven City Council,Ward 1,councillor,4,GUILE Andrew,GUILE,Andrew,276,1.66,16595,,TRUE,TRUE,https://pastvtr.elections.nsw.gov.au/LGE2012/data/shoalhaven-city-council/Ward-1-FP.pdf
2012,Shoalhaven City Council,Ward 1,councillor,4,ELL Paul,ELL,Paul,25,0.15,16595,,FALSE,TRUE,https://pastvtr.elections.nsw.gov.au/LGE2012/data/shoalhaven-city-council/Ward-1-FP.pdf
2012,Shoalhaven City Council,Ward 1,councillor,4,COPLEY Serena,COPLEY,Serena,9,0.05,16595,,FALSE,TRUE,https://pastvtr.elections.nsw.gov.au/LGE2012/data/shoalhaven-city-council/Ward-1-FP.pdf
2012,Shoalhaven City Council,Ward 1,councillor,4,BOWCHER Margaret,BOWCHER,Margaret,22,0.13,16595,,FALSE,TRUE,https://pastvtr.elections.nsw.gov.au/LGE2012/data/shoalhaven-city-council/Ward-1-FP.pdf
2012,Shoalhaven City Council,Ward 1,councillor,4,WELLS John,WELLS,John,214,1.29,16595,,TRUE,TRUE,https://pastvtr.elections.nsw.gov.au/LGE2012/data/shoalhaven-city-council/Ward-1-FP.pdf
2012,Shoalhaven City Council,Ward 1,councillor,4,KEARNEY Lynnette,KEARNEY,Lynnette,58,0.35,16595,,TRUE,TRUE,https://pastvtr.elections.nsw.gov.au/LGE2012/data/shoalhaven-city-council/Ward-1-FP.pdf
2012,Shoalhaven City Council,Ward 1,councillor,4,CARTER Bill,CARTER,Bill,36,0.22,16595,,FALSE,TRUE,https://pastvtr.elections.nsw.gov.au/LGE2012/data/shoalhaven-city-council/Ward-1-FP.pdf
2012,Shoalhaven City Council,Ward 1,councillor,4,LOCKE Lynn,LOCKE,Lynn,84,0.51,16595,,FALSE,TRUE,https://pastvtr.elections.nsw.gov.au/LGE2012/data/shoalhaven-city-council/Ward-1-FP.pdf
2012,Shoalhaven City Council,Ward 1,councillor,4,BARRATT Terry,BARRATT,Terry,125,0.75,16595,,FALSE,TRUE,https://pastvtr.elections.nsw.gov.au/LGE2012/data/shoalhaven-city-council/Ward-1-FP.pdf
2012,Shoalhaven City Council,Ward 1,councillor,4,MCCALLUM Carmel,MCCALLUM,Carmel,23,0.14,16595,,FALSE,TRUE,https://pastvtr.elections.nsw.gov.au/LGE2012/data/shoalhaven-city-council/Ward-1-FP.pdf
2012,Shoalhaven City Council,Ward 1,councillor,4,IMHOF Lani,IMHOF,Lani,9,0.05,16595,,FALSE,TRUE,https://pastvtr.elections.nsw.gov.au/LGE2012/data/shoalhaven-city-council/Ward-1-FP.pdf
2012,Shoalhaven City Council,Ward 1,councillor,4,COX Michael,COX,Michael,20,0.12,16595,,FALSE,TRUE,https://pastvtr.elections.nsw.gov.au/LGE2012/data/shoalhaven-city-council/Ward-1-FP.pdf
2012,Shoalhaven City Council,Ward 2,councillor,4,FERGUSSON John,FERGUSSON,John,157,0.9,17482,,FALSE,TRUE,https://pastvtr.elections.nsw.gov.au/LGE2012/data/shoalhaven-city-council/Ward-2-FP.pdf
2012,Shoalhaven City Council,Ward 2,councillor,4,HUSTED Veronica,HUSTED,Veronica,20,0.11,17482,,FALSE,TRUE,https://pastvtr.elections.nsw.gov.au/LGE2012/data/shoalhaven-city-council/Ward-2-FP.pdf
2012,Shoalhaven City Council,Ward 2,councillor,4,MASON Pat,MASON,Pat,16,0.09,17482,,FALSE,TRUE,https://pastvtr.elections.nsw.gov.au/LGE2012/data/shoalhaven-city-council/Ward-2-FP.pdf
2012,Shoalhaven City Council,Ward 2,councillor,4,MIRAN Michelle,MIRAN,Michelle,6,0.03,17482,,FALSE,TRUE,https://pastvtr.elections.nsw.gov.au/LGE2012/data/shoalhaven-city-council/Ward-2-FP.pdf
2012,Shoalhaven City Council,Ward 2,councillor,4,GASH Joanna,GASH,Joanna,921,5.27,17482,,FALSE,TRUE,https://pastvtr.elections.nsw.gov.au/LGE2012/data/shoalhaven-city-council/Ward-2-FP.pdf
2012,Shoalhaven City Council,Ward 2,councillor,4,TRIBE Jemma,TRIBE,Jemma,18,0.1,17482,,TRUE,TRUE,https://pastvtr.elections.nsw.gov.au/LGE2012/data/shoalhaven-city-council/Ward-2-FP.pdf
2012,Shoalhaven City Council,Ward 2,councillor,4,ROBERTSON Clive,ROBERTSON,Clive,40,0.23,17482,,TRUE,TRUE,https://pastvtr.elections.nsw.gov.au/LGE2012/data/shoalhaven-city-council/Ward-2-FP.pdf
2012,Shoalhaven City Council,Ward 2,councillor,4,ANSTISS Karen,ANSTISS,Karen,15,0.09,17482,,TRUE,TRUE,https://pastvtr.elections.nsw.gov.au/LGE2012/data/shoalhaven-city-council/Ward-2-FP.pdf
2012,Shoalhaven City Council,Ward 2,councillor,4,PAKES Mitchell,PAKES,Mitchell,32,0.18,17482,,FALSE,TRUE,https://pastvtr.elections.nsw.gov.au/LGE2012/data/shoalhaven-city-council/Ward-2-FP.pdf
2012,Shoalhaven City Council,Ward 2,councillor,4,WATSON Greg,WATSON,Greg,266,1.52,17482,,TRUE,TRUE,https://pastvtr.elections.nsw.gov.au/LGE2012/data/shoalhaven-city-council/Ward-2-FP.pdf
2012,Shoalhaven City Council,Ward 2,councillor,4,PHILLIPS Fiona,PHILLIPS,Fiona,173,0.99,17482,,FALSE,TRUE,https://pastvtr.elections.nsw.gov.au/LGE2012/data/shoalhaven-city-council/Ward-2-FP.pdf
2012,Shoalhaven City Council,Ward 2,councillor,4,WILLIAMS Dennis,WILLIAMS,Dennis,152,0.87,17482,,FALSE,TRUE,https://pastvtr.elections.nsw.gov.au/LGE2012/data/shoalhaven-city-council/Ward-2-FP.pdf
2012,Shoalhaven City Council,Ward 2,councillor,4,HOLLIS-COATES Anne,HOLLIS-COATES,Anne,31,0.18,17482,,FALSE,TRUE,https://pastvtr.elections.nsw.gov.au/LGE2012/data/shoalhaven-city-council/Ward-2-FP.pdf
2012,Shoalhaven City Council,Ward 2,councillor,4,FIELD Justin,FIELD,Justin,85,0.49,17482,,FALSE,TRUE,https://pastvtr.elections.nsw.gov.au/LGE2012/data/shoalhaven-city-council/Ward-2-FP.pdf
2012,Shoalhaven City Council,Ward 2,councillor,4,KASZO Attila,KASZO,Attila,9,0.05,17482,,FALSE,TRUE,https://pastvtr.elections.nsw.gov.au/LGE2012/data/shoalhaven-city-council/Ward-2-FP.pdf
2012,Shoalhaven City Council,Ward 2,councillor,4,ERINGA Laura,ERINGA,Laura,7,0.04,17482,,FALSE,TRUE,https://pastvtr.elections.nsw.gov.au/LGE2012/data/shoalhaven-city-council/Ward-2-FP.pdf
2012,Shoalhaven City Council,Ward 2,councillor,4,DANSER Julie,DANSER,Julie,12,0.07,17482,,FALSE,TRUE,https://pastvtr.elections.nsw.gov.au/LGE2012/data/shoalhaven-city-council/Ward-2-FP.pdf
2012,Shoalhaven City Council,Ward 2,councillor,4,PAYNE Brad,PAYNE,Brad,49,0.28,17482,,FALSE,TRUE,https://pastvtr.elections.nsw.gov.au/LGE2012/data/shoalhaven-city-council/Ward-2-FP.pdf
2012,Shoalhaven City Council,Ward 2,councillor,4,EDWARDS Colleen,EDWARDS,Colleen,1,0.01,17482,,FALSE,TRUE,https://pastvtr.elections.nsw.gov.au/LGE2012/data/shoalhaven-city-council/Ward-2-FP.pdf
2012,Shoalhaven City Council,Ward 2,councillor,4,APPERLEY Jessica,APPERLEY,Jessica,12,0.07,17482,,FALSE,TRUE,https://pastvtr.elections.nsw.gov.au/LGE2012/data/shoalhaven-city-council/Ward-2-FP.pdf
2012,Shoalhaven City Council,Ward 2,councillor,4,LARTER Natasha,LARTER,Natasha,4,0.02,17482,,FALSE,TRUE,https://pastvtr.elections.nsw.gov.au/LGE2012/data/shoalhaven-city-council/Ward-2-FP.pdf
2012,Shoalhaven City Council,Ward 3,councillor,4,LEVETT John,LEVETT,John,176,0.98,17976,,FALSE,TRUE,https://pastvtr.elections.nsw.gov.au/LGE2012/data/shoalhaven-city-council/Ward-3-FP.pdf
2012,Shoalhaven City Council,Ward 3,councillor,4,THOMPSON Patrick,THOMPSON,Patrick,35,0.19,17976,,FALSE,TRUE,https://pastvtr.elections.nsw.gov.au/LGE2012/data/shoalhaven-city-council/Ward-3-FP.pdf
2012,Shoalhaven City Council,Ward 3,councillor,4,TAYLOR Monica,TAYLOR,Monica,36,0.2,17976,,FALSE,TRUE,https://pastvtr.elections.nsw.gov.au/LGE2012/data/shoalhaven-city-council/Ward-3-FP.pdf
2012,Shoalhaven City Council,Ward 3,councillor,4,CLARKE Patti,CLARKE,Patti,26,0.14,17976,,FALSE,TRUE,https://pastvtr.elections.nsw.gov.au/LGE2012/data/shoalhaven-city-council/Ward-3-FP.pdf
2012,Shoalhaven City Council,Ward 3,councillor,4,KITCHENER Mark,KITCHENER,Mark,557,3.1,17976,,TRUE,TRUE,https://pastvtr.elections.nsw.gov.au/LGE2012/data/shoalhaven-city-council/Ward-3-FP.pdf
2012,Shoalhaven City Council,Ward 3,councillor,4,NYHOLM Margaret,NYHOLM,Margaret,168,0.93,17976,,FALSE,TRUE,https://pastvtr.elections.nsw.gov.au/LGE2012/data/shoalhaven-city-council/Ward-3-FP.pdf
2012,Shoalhaven City Council,Ward 3,councillor,4,MARCHELLO Terry,MARCHELLO,Terry,42,0.23,17976,,FALSE,TRUE,https://pastvtr.elections.nsw.gov.au/LGE2012/data/shoalhaven-city-council/Ward-3-FP.pdf
2012,Shoalhaven City Council,Ward 3,councillor,4,WALSH-HARRIS Maree,WALSH-HARRIS,Maree,26,0.14,17976,,FALSE,TRUE,https://pastvtr.elections.nsw.gov.au/LGE2012/data/shoalhaven-city-council/Ward-3-FP.pdf
2012,Shoalhaven City Council,Ward 3,councillor,4,FINDLEY Amanda,FINDLEY,Amanda,393,2.19,17976,,TRUE,TRUE,https://pastvtr.elections.nsw.gov.au/LGE2012/data/shoalhaven-city-council/Ward-3-FP.pdf
2012,Shoalhaven City Council,Ward 3,councillor,4,MCKENZIE Julie,MCKENZIE,Julie,19,0.11,17976,,FALSE,TRUE,https://pastvtr.elections.nsw.gov.au/LGE2012/data/shoalhaven-city-council/Ward-3-FP.pdf
2012,Shoalhaven City Council,Ward 3,councillor,4,WILDEN Sarah,WILDEN,Sarah,20,0.11,17976,,FALSE,TRUE,https://pastvtr.elections.nsw.gov.au/LGE2012/data/shoalhaven-city-council/Ward-3-FP.pdf
2012,Shoalhaven City Council,Ward 3,councillor,4,WILD Gail,WILD,Gail,11,0.06,17976,,FALSE,TRUE,https://pastvtr.elections.nsw.gov.au/LGE2012/data/shoalhaven-city-council/Ward-3-FP.pdf
2012,Shoalhaven City Council,Ward 3,councillor,4,BAPTIST Allan,BAPTIST,Allan,250,1.39,17976,,TRUE,TRUE,https://pastvtr.elections.nsw.gov.au/LGE2012/data/shoalhaven-city-council/Ward-3-FP.pdf
2012,Shoalhaven City Council,Ward 3,councillor,4,WHITE Patricia,WHITE,Patricia,89,0.5,17976,,TRUE,TRUE,https://pastvtr.elections.nsw.gov.au/LGE2012/data/shoalhaven-city-council/Ward-3-FP.pdf
2012,Shoalhaven City Council,Ward 3,councillor,4,TARBERT David,TARBERT,David,188,1.05,17976,,FALSE,TRUE,https://pastvtr.elections.nsw.gov.au/LGE2012/data/shoalhaven-city-council/Ward-3-FP.pdf
2012,Shoalhaven City Council,Ward 3,councillor,4,DUNN Gayle,DUNN,Gayle,179,1.0,17976,,FALSE,TRUE,https://pastvtr.elections.nsw.gov.au/LGE2012/data/shoalhaven-city-council/Ward-3-FP.pdf
2012,Maitland City Council,,mayor,1,BAKER Loretta,BAKER,Loretta,7731,19.23,40202,,FALSE,TRUE,https://pastvtr.elections.nsw.gov.au/LGE2012/data/maitland-city-council/Mayor-FP.pdf
2012,Maitland City Council,,mayor,1,DAVIS Jan,DAVIS,Jan,2391,5.95,40202,,FALSE,TRUE,https://pastvtr.elections.nsw.gov.au/LGE2012/data/maitland-city-council/Mayor-FP.pdf
2012,Maitland City Council,,mayor,1,BLACKMORE Peter,BLACKMORE,Peter,21633,53.81,40202,,TRUE,TRUE,https://pastvtr.elections.nsw.gov.au/LGE2012/data/maitland-city-council/Mayor-FP.pdf
2012,Maitland City Council,,mayor,1,PENFOLD Philip,PENFOLD,Philip,8447,21.01,40202,,FALSE,TRUE,https://pastvtr.elections.nsw.gov.au/LGE2012/data/maitland-city-council/Mayor-FP.pdf
2012,Newcastle City Council,,mayor,1,NELMES Nuatali,NELMES,Nuatali,24128,28.38,85019,,FALSE,TRUE,https://pastvtr.elections.nsw.gov.au/LGE2012/data/newcastle-city-council/Mayor-FP.pdf
2012,Newcastle City Council,,mayor,1,BUMAN Aaron,BUMAN,Aaron,6226,7.32,85019,,FALSE,TRUE,https://pastvtr.elections.nsw.gov.au/LGE2012/data/newcastle-city-council/Mayor-FP.pdf
2012,Newcastle City Council,,mayor,1,HAINES Jacqueline,HAINES,Jacqueline,4186,4.92,85019,,FALSE,TRUE,https://pastvtr.elections.nsw.gov.au/LGE2012/data/newcastle-city-council/Mayor-FP.pdf
2012,Newcastle City Council,,mayor,1,SUTTON John,SUTTON,John,10021,11.79,85019,,FALSE,TRUE,https://pastvtr.elections.nsw.gov.au/LGE2012/data/newcastle-city-council/Mayor-FP.pdf
2012,Newcastle City Council,,mayor,1,HAVENHAND Bryan,HAVENHAND,Bryan,2298,2.7,85019,,FALSE,TRUE,https://pastvtr.elections.nsw.gov.au/LGE2012/data/newcastle-city-council/Mayor-FP.pdf
2012,Newcastle City Council,,mayor,1,PEEBLES Col,PEEBLES,Col,1497,1.76,85019,,FALSE,TRUE,https://pastvtr.elections.nsw.gov.au/LGE2012/data/newcastle-city-council/Mayor-FP.pdf
2012,Newcastle City Council,,mayor,1,MCCLOY Jeff,MCCLOY,Jeff,36663,43.12,85019,,TRUE,TRUE,https://pastvtr.elections.nsw.gov.au/LGE2012/data/newcastle-city-council/Mayor-FP.pdf
2012,Port Stephens Council,,mayor,1,DINGLE Geoff,DINGLE,Geoff,13048,34.6,37716,,FALSE,TRUE,https://pastvtr.elections.nsw.gov.au/LGE2012/data/port-stephens-council/Mayor-FP.pdf
2012,Port Stephens Council,,mayor,1,MACKENZIE Bruce,MACKENZIE,Bruce,13667,36.24,37716,,TRUE,TRUE,https://pastvtr.elections.nsw.gov.au/LGE2012/data/port-stephens-council/Mayor-FP.pdf
2012,Port Stephens Council,,mayor,1,DOVER Sally,DOVER,Sally,11001,29.17,37716,,FALSE,TRUE,https://pastvtr.elections.nsw.gov.au/LGE2012/data/port-stephens-council/Mayor-FP.pdf
2012,Shoalhaven City Council,,mayor,1,FINDLEY Amanda,FINDLEY,Amanda,6403,11.65,54948,,FALSE,TRUE,https://pastvtr.elections.nsw.gov.au/LGE2012/data/shoalhaven-city-council/Mayor-FP.pdf
2012,Shoalhaven City Council,,mayor,1,FERGUSSON John,FERGUSSON,John,2779,5.06,54948,,FALSE,TRUE,https://pastvtr.elections.nsw.gov.au/LGE2012/data/shoalhaven-city-council/Mayor-FP.pdf
2012,Shoalhaven City Council,,mayor,1,GASH Joanna,GASH,Joanna,34724,63.19,54948,,TRUE,TRUE,https://pastvtr.elections.nsw.gov.au/LGE2012/data/shoalhaven-city-council/Mayor-FP.pdf
2012,Shoalhaven City Council,,mayor,1,WATSON Greg,WATSON,Greg,7928,14.43,54948,,FALSE,TRUE,https://pastvtr.elections.nsw.gov.au/LGE2012/data/shoalhaven-city-council/Mayor-FP.pdf
2012,Shoalhaven City Council,,mayor,1,GUILE Andrew,GUILE,Andrew,3114,5.67,54948,,FALSE,TRUE,https://pastvtr.elections.nsw.gov.au/LGE2012/data/shoalhaven-city-council/Mayor-FP.pdf
2012,Sutherland Shire Council,Ward A,councillor,3,PROVAN,PROVAN,,831,3.27,25422,,TRUE,TRUE,https://pastvtr.elections.nsw.gov.au/LGE2012/data/sutherland-shire-council/Ward-A-Count.pdf
2012,Sutherland Shire Council,Ward A,councillor,3,MUIR Graeme,MUIR,Graeme,6,0.02,25422,,FALSE,TRUE,https://pastvtr.elections.nsw.gov.au/LGE2012/data/sutherland-shire-council/Ward-A-Count.pdf
2012,Sutherland Shire Council,Ward A,councillor,3,MUIR Julie,MUIR,Julie,3,0.01,25422,,FALSE,TRUE,https://pastvtr.elections.nsw.gov.au/LGE2012/data/sutherland-shire-council/Ward-A-Count.pdf
2012,Sutherland Shire Council,Ward A,councillor,3,SCHREIBER,SCHREIBER,,338,1.33,25422,,TRUE,TRUE,https://pastvtr.elections.nsw.gov.au/LGE2012/data/sutherland-shire-council/Ward-A-Count.pdf
2012,Sutherland Shire Council,Ward A,councillor,3,WILLIAMS,WILLIAMS,,35,0.14,25422,,TRUE,TRUE,https://pastvtr.elections.nsw.gov.au/LGE2012/data/sutherland-shire-council/Ward-A-Count.pdf
2012,Sutherland Shire Council,Ward A,councillor,3,NIKOLOVSKI,NIKOLOVSKI,,17,0.07,25422,,FALSE,TRUE,https://pastvtr.elections.nsw.gov.au/LGE2012/data/sutherland-shire-council/Ward-A-Count.pdf
2012,Sutherland Shire Council,Ward A,councillor,3,WAIZER,WAIZER,,81,0.32,25422,,FALSE,TRUE,https://pastvtr.elections.nsw.gov.au/LGE2012/data/sutherland-shire-council/Ward-A-Count.pdf
2012,Sutherland Shire Council,Ward A,councillor,3,SINNERBRINK,SINNERBRINK,,5,0.02,25422,,FALSE,TRUE,https://pastvtr.elections.nsw.gov.au/LGE2012/data/sutherland-shire-council/Ward-A-Count.pdf
2012,Sutherland Shire Council,Ward A,councillor,3,RYAN,RYAN,,4,0.02,25422,,FALSE,TRUE,https://pastvtr.elections.nsw.gov.au/LGE2012/data/sutherland-shire-council/Ward-A-Count.pdf
2012,Sutherland Shire Council,Ward A,councillor,3,CHEHOFF,CHEHOFF,,9,0.04,25422,,FALSE,TRUE,https://pastvtr.elections.nsw.gov.au/LGE2012/data/sutherland-shire-council/Ward-A-Count.pdf
2012,Sutherland Shire Council,Ward A,councillor,3,GLAS,GLAS,,0,0.0,25422,,FALSE,TRUE,https://pastvtr.elections.nsw.gov.au/LGE2012/data/sutherland-shire-council/Ward-A-Count.pdf
2012,Sutherland Shire Council,Ward A,councillor,3,AUGUSTINE,AUGUSTINE,,2,0.01,25422,,FALSE,TRUE,https://pastvtr.elections.nsw.gov.au/LGE2012/data/sutherland-shire-council/Ward-A-Count.pdf
2012,Sutherland Shire Council,Ward A,councillor,3,JONES,JONES,,254,1.0,25422,,FALSE,TRUE,https://pastvtr.elections.nsw.gov.au/LGE2012/data/sutherland-shire-council/Ward-A-Count.pdf
2012,Sutherland Shire Council,Ward A,councillor,3,CONSTANCE,CONSTANCE,,11,0.04,25422,,FALSE,TRUE,https://pastvtr.elections.nsw.gov.au/LGE2012/data/sutherland-shire-council/Ward-A-Count.pdf
2012,Sutherland Shire Council,Ward A,councillor,3,BOYD,BOYD,,15,0.06,25422,,FALSE,TRUE,https://pastvtr.elections.nsw.gov.au/LGE2012/data/sutherland-shire-council/Ward-A-Count.pdf
2012,Sutherland Shire Council,Ward A,councillor,3,CAPSIS,CAPSIS,,478,1.88,25422,,FALSE,TRUE,https://pastvtr.elections.nsw.gov.au/LGE2012/data/sutherland-shire-council/Ward-A-Count.pdf
2012,Sutherland Shire Council,Ward A,councillor,3,COY,COY,,20,0.08,25422,,FALSE,TRUE,https://pastvtr.elections.nsw.gov.au/LGE2012/data/sutherland-shire-council/Ward-A-Count.pdf
2012,Sutherland Shire Council,Ward A,councillor,3,SPENCE,SPENCE,,10,0.04,25422,,FALSE,TRUE,https://pastvtr.elections.nsw.gov.au/LGE2012/data/sutherland-shire-council/Ward-A-Count.pdf
2012,Sutherland Shire Council,Ward A,councillor,3,FRITH,FRITH,,147,0.58,25422,,FALSE,TRUE,https://pastvtr.elections.nsw.gov.au/LGE2012/data/sutherland-shire-council/Ward-A-Count.pdf
2012,Sutherland Shire Council,Ward A,councillor,3,ROGERS,ROGERS,,10,0.04,25422,,FALSE,TRUE,https://pastvtr.elections.nsw.gov.au/LGE2012/data/sutherland-shire-council/Ward-A-Count.pdf
2012,Sutherland Shire Council,Ward A,councillor,3,SINCLAIR,SINCLAIR,,9,0.04,25422,,FALSE,TRUE,https://pastvtr.elections.nsw.gov.au/LGE2012/data/sutherland-shire-council/Ward-A-Count.pdf
2012,Sutherland Shire Council,Ward A,councillor,3,BLAIN,BLAIN,,193,0.76,25422,,FALSE,TRUE,https://pastvtr.elections.nsw.gov.au/LGE2012/data/sutherland-shire-council/Ward-A-Count.pdf
2012,Sutherland Shire Council,Ward A,councillor,3,PATTERSON,PATTERSON,,5,0.02,25422,,FALSE,TRUE,https://pastvtr.elections.nsw.gov.au/LGE2012/data/sutherland-shire-council/Ward-A-Count.pdf
2012,Sutherland Shire Council,Ward A,councillor,3,KERIN,KERIN,,8,0.03,25422,,FALSE,TRUE,https://pastvtr.elections.nsw.gov.au/LGE2012/data/sutherland-shire-council/Ward-A-Count.pdf
2012,Sutherland Shire Council,Ward A,councillor,3,BLACK,BLACK,,92,0.36,25422,,FALSE,TRUE,https://pastvtr.elections.nsw.gov.au/LGE2012/data/sutherland-shire-council/Ward-A-Count.pdf
2012,Sutherland Shire Council,Ward B,councillor,3,JOHNS,JOHNS,,295,1.14,25989,,TRUE,TRUE,https://pastvtr.elections.nsw.gov.au/LGE2012/data/sutherland-shire-council/Ward-B-Count.pdf
2012,Sutherland Shire Council,Ward B,councillor,3,COOK,COOK,,60,0.23,25989,,TRUE,TRUE,https://pastvtr.elections.nsw.gov.au/LGE2012/data/sutherland-shire-council/Ward-B-Count.pdf
2012,Sutherland Shire Council,Ward B,councillor,3,BROWN,BROWN,,45,0.17,25989,,FALSE,TRUE,https://pastvtr.elections.nsw.gov.au/LGE2012/data/sutherland-shire-council/Ward-B-Count.pdf
2012,Sutherland Shire Council,Ward B,councillor,3,KELLY,KELLY,,392,1.51,25989,,FALSE,TRUE,https://pastvtr.elections.nsw.gov.au/LGE2012/data/sutherland-shire-council/Ward-B-Count.pdf
2012,Sutherland Shire Council,Ward B,councillor,3,SCHWARTZ,SCHWARTZ,,19,0.07,25989,,FALSE,TRUE,https://pastvtr.elections.nsw.gov.au/LGE2012/data/sutherland-shire-council/Ward-B-Count.pdf
2012,Sutherland Shire Council,Ward B,councillor,3,FORD,FORD,,11,0.04,25989,,FALSE,TRUE,https://pastvtr.elections.nsw.gov.au/LGE2012/data/sutherland-shire-council/Ward-B-Count.pdf
2012,Sutherland Shire Council,Ward B,councillor,3,WYATT,WYATT,,119,0.46,25989,,FALSE,TRUE,https://pastvtr.elections.nsw.gov.au/LGE2012/data/sutherland-shire-council/Ward-B-Count.pdf
2012,Sutherland Shire Council,Ward B,councillor,3,SIMPSON,SIMPSON,,15,0.06,25989,,FALSE,TRUE,https://pastvtr.elections.nsw.gov.au/LGE2012/data/sutherland-shire-council/Ward-B-Count.pdf
2012,Sutherland Shire Council,Ward B,councillor,3,KAY,KAY,,9,0.03,25989,,FALSE,TRUE,https://pastvtr.elections.nsw.gov.au/LGE2012/data/sutherland-shire-council/Ward-B-Count.pdf
2012,Sutherland Shire Council,Ward B,councillor,3,COLLINS,COLLINS,,63,0.24,25989,,FALSE,TRUE,https://pastvtr.elections.nsw.gov.au/LGE2012/data/sutherland-shire-council/Ward-B-Count.pdf
2012,Sutherland Shire Council,Ward B,councillor,3,BURNS,BURNS,,15,0.06,25989,,FALSE,TRUE,https://pastvtr.elections.nsw.gov.au/LGE2012/data/sutherland-shire-council/Ward-B-Count.pdf
2012,Sutherland Shire Council,Ward B,councillor,3,RICHARDS,RICHARDS,,5,0.02,25989,,FALSE,TRUE,https://pastvtr.elections.nsw.gov.au/LGE2012/data/sutherland-shire-council/Ward-B-Count.pdf
2012,Sutherland Shire Council,Ward B,councillor,3,BLIGHT,BLIGHT,,337,1.3,25989,,TRUE,TRUE,https://pastvtr.elections.nsw.gov.au/LGE2012/data/sutherland-shire-council/Ward-B-Count.pdf
2012,Sutherland Shire Council,Ward B,councillor,3,CLERKE,CLERKE,,31,0.12,25989,,FALSE,TRUE,https://pastvtr.elections.nsw.gov.au/LGE2012/data/sutherland-shire-council/Ward-B-Count.pdf
2012,Sutherland Shire Council,Ward B,councillor,3,KATON,KATON,,10,0.04,25989,,FALSE,TRUE,https://pastvtr.elections.nsw.gov.au/LGE2012/data/sutherland-shire-council/Ward-B-Count.pdf
2012,Sutherland Shire Council,Ward B,councillor,3,LAVERTY,LAVERTY,,83,0.32,25989,,FALSE,TRUE,https://pastvtr.elections.nsw.gov.au/LGE2012/data/sutherland-shire-council/Ward-B-Count.pdf
2012,Sutherland Shire Council,Ward B,councillor,3,BRIGGS,BRIGGS,,21,0.08,25989,,FALSE,TRUE,https://pastvtr.elections.nsw.gov.au/LGE2012/data/sutherland-shire-council/Ward-B-Count.pdf
2012,Sutherland Shire Council,Ward B,councillor,3,CORBIN-MATCHETT,CORBIN-MATCHETT,,8,0.03,25989,,FALSE,TRUE,https://pastvtr.elections.nsw.gov.au/LGE2012/data/sutherland-shire-council/Ward-B-Count.pdf
2012,Sutherland Shire Council,Ward C,councillor,3,EARNSHAW,EARNSHAW,,84,0.34,24992,,FALSE,TRUE,https://pastvtr.elections.nsw.gov.au/LGE2012/data/sutherland-shire-council/Ward-C-Count.pdf
2012,Sutherland Shire Council,Ward C,councillor,3,SMITH,SMITH,,17,0.07,24992,,FALSE,TRUE,https://pastvtr.elections.nsw.gov.au/LGE2012/data/sutherland-shire-council/Ward-C-Count.pdf
2012,Sutherland Shire Council,Ward C,councillor,3,HEMMINGS,HEMMINGS,,8,0.03,24992,,FALSE,TRUE,https://pastvtr.elections.nsw.gov.au/LGE2012/data/sutherland-shire-council/Ward-C-Count.pdf
2012,Sutherland Shire Council,Ward C,councillor,3,SCAYSBROOK,SCAYSBROOK,,180,0.72,24992,,TRUE,TRUE,https://pastvtr.elections.nsw.gov.au/LGE2012/data/sutherland-shire-council/Ward-C-Count.pdf
2012,Sutherland Shire Council,Ward C,councillor,3,MAKER,MAKER,,28,0.11,24992,,FALSE,TRUE,https://pastvtr.elections.nsw.gov.au/LGE2012/data/sutherland-shire-council/Ward-C-Count.pdf
2012,Sutherland Shire Council,Ward C,councillor,3,EWER,EWER,,20,0.08,24992,,FALSE,TRUE,https://pastvtr.elections.nsw.gov.au/LGE2012/data/sutherland-shire-council/Ward-C-Count.pdf
2012,Sutherland Shire Council,Ward C,councillor,3,BRYANT,BRYANT,,218,0.87,24992,,FALSE,TRUE,https://pastvtr.elections.nsw.gov.au/LGE2012/data/sutherland-shire-council/Ward-C-Count.pdf
2012,Sutherland Shire Council,Ward C,councillor,3,KEET,KEET,,27,0.11,24992,,FALSE,TRUE,https://pastvtr.elections.nsw.gov.au/LGE2012/data/sutherland-shire-council/Ward-C-Count.pdf
2012,Sutherland Shire Council,Ward C,councillor,3,WHITE,WHITE,,22,0.09,24992,,FALSE,TRUE,https://pastvtr.elections.nsw.gov.au/LGE2012/data/sutherland-shire-council/Ward-C-Count.pdf
2012,Sutherland Shire Council,Ward C,councillor,3,McCALLUM,McCALLUM,,300,1.2,24992,,FALSE,TRUE,https://pastvtr.elections.nsw.gov.au/LGE2012/data/sutherland-shire-council/Ward-C-Count.pdf
2012,Sutherland Shire Council,Ward C,councillor,3,LYNTON,LYNTON,,21,0.08,24992,,FALSE,TRUE,https://pastvtr.elections.nsw.gov.au/LGE2012/data/sutherland-shire-council/Ward-C-Count.pdf
2012,Sutherland Shire Council,Ward C,councillor,3,FEROS,FEROS,,24,0.1,24992,,FALSE,TRUE,https://pastvtr.elections.nsw.gov.au/LGE2012/data/sutherland-shire-council/Ward-C-Count.pdf
2012,Sutherland Shire Council,Ward C,councillor,3,AWADA,AWADA,,143,0.57,24992,,TRUE,TRUE,https://pastvtr.elections.nsw.gov.au/LGE2012/data/sutherland-shire-council/Ward-C-Count.pdf
2012,Sutherland Shire Council,Ward C,councillor,3,CROUCHER,CROUCHER,,258,1.03,24992,,TRUE,TRUE,https://pastvtr.elections.nsw.gov.au/LGE2012/data/sutherland-shire-council/Ward-C-Count.pdf
2012,Sutherland Shire Council,Ward C,councillor,3,LAWRY,LAWRY,,76,0.3,24992,,FALSE,TRUE,https://pastvtr.elections.nsw.gov.au/LGE2012/data/sutherland-shire-council/Ward-C-Count.pdf
2012,Sutherland Shire Council,Ward D,councillor,3,WALTON,WALTON,,729,2.89,25248,,TRUE,TRUE,https://pastvtr.elections.nsw.gov.au/LGE2012/data/sutherland-shire-council/Ward-D-Count.pdf
2012,Sutherland Shire Council,Ward D,councillor,3,LANE,LANE,,40,0.16,25248,,FALSE,TRUE,https://pastvtr.elections.nsw.gov.au/LGE2012/data/sutherland-shire-council/Ward-D-Count.pdf
2012,Sutherland Shire Council,Ward D,councillor,3,WACKWITZ,WACKWITZ,,158,0.63,25248,,FALSE,TRUE,https://pastvtr.elections.nsw.gov.au/LGE2012/data/sutherland-shire-council/Ward-D-Count.pdf
2012,Sutherland Shire Council,Ward D,councillor,3,PESCE,PESCE,,147,0.58,25248,,TRUE,TRUE,https://pastvtr.elections.nsw.gov.au/LGE2012/data/sutherland-shire-council/Ward-D-Count.pdf
2012,Sutherland Shire Council,Ward D,councillor,3,GORICK,GORICK,,101,0.4,25248,,FALSE,TRUE,https://pastvtr.elections.nsw.gov.au/LGE2012/data/sutherland-shire-council/Ward-D-Count.pdf
2012,Sutherland Shire Council,Ward D,councillor,3,VERSI,VERSI,,37,0.15,25248,,FALSE,TRUE,https://pastvtr.elections.nsw.gov.au/LGE2012/data/sutherland-shire-council/Ward-D-Count.pdf
2012,Sutherland Shire Council,Ward D,councillor,3,STEINWALL,STEINWALL,,480,1.9,25248,,TRUE,TRUE,https://pastvtr.elections.nsw.gov.au/LGE2012/data/sutherland-shire-council/Ward-D-Count.pdf
2012,Sutherland Shire Council,Ward D,councillor,3,DALY,DALY,,53,0.21,25248,,FALSE,TRUE,https://pastvtr.elections.nsw.gov.au/LGE2012/data/sutherland-shire-council/Ward-D-Count.pdf
2012,Sutherland Shire Council,Ward D,councillor,3,CERNY,CERNY,,14,0.06,25248,,FALSE,TRUE,https://pastvtr.elections.nsw.gov.au/LGE2012/data/sutherland-shire-council/Ward-D-Count.pdf
2012,Sutherland Shire Council,Ward D,councillor,3,WASSON,WASSON,,316,1.25,25248,,FALSE,TRUE,https://pastvtr.elections.nsw.gov.au/LGE2012/data/sutherland-shire-council/Ward-D-Count.pdf
2012,Sutherland Shire Council,Ward D,councillor,3,BOORMAN,BOORMAN,,33,0.13,25248,,FALSE,TRUE,https://pastvtr.elections.nsw.gov.au/LGE2012/data/sutherland-shire-council/Ward-D-Count.pdf
2012,Sutherland Shire Council,Ward D,councillor,3,HARPER,HARPER,,46,0.18,25248,,FALSE,TRUE,https://pastvtr.elections.nsw.gov.au/LGE2012/data/sutherland-shire-council/Ward-D-Count.pdf
2012,Sutherland Shire Council,Ward E,councillor,3,SIMPSON,SIMPSON,,597,2.28,26130,,TRUE,TRUE,https://pastvtr.elections.nsw.gov.au/LGE2012/data/sutherland-shire-council/Ward-E-Count.pdf
2012,Sutherland Shire Council,Ward E,councillor,3,RIAD,RIAD,,38,0.15,26130,,TRUE,TRUE,https://pastvtr.elections.nsw.gov.au/LGE2012/data/sutherland-shire-council/Ward-E-Count.pdf
2012,Sutherland Shire Council,Ward E,councillor,3,COOK,COOK,,72,0.28,26130,,FALSE,TRUE,https://pastvtr.elections.nsw.gov.au/LGE2012/data/sutherland-shire-council/Ward-E-Count.pdf
2012,Sutherland Shire Council,Ward E,councillor,3,TOWELL,TOWELL,,287,1.1,26130,,TRUE,TRUE,https://pastvtr.elections.nsw.gov.au/LGE2012/data/sutherland-shire-council/Ward-E-Count.pdf
2012,Sutherland Shire Council,Ward E,councillor,3,DUFFY,DUFFY,,13,0.05,26130,,FALSE,TRUE,https://pastvtr.elections.nsw.gov.au/LGE2012/data/sutherland-shire-council/Ward-E-Count.pdf
2012,Sutherland Shire Council,Ward E,councillor,3,ATHERTON,ATHERTON,,31,0.12,26130,,FALSE,TRUE,https://pastvtr.elections.nsw.gov.au/LGE2012/data/sutherland-shire-council/Ward-E-Count.pdf
2012,Sutherland Shire Council,Ward E,councillor,3,CLIFTON,CLIFTON,,199,0.76,26130,,FALSE,TRUE,https://pastvtr.elections.nsw.gov.au/LGE2012/data/sutherland-shire-council/Ward-E-Count.pdf
2012,Sutherland Shire Council,Ward E,councillor,3,RATCLIFFE,RATCLIFFE,,14,0.05,26130,,FALSE,TRUE,https://pastvtr.elections.nsw.gov.au/LGE2012/data/sutherland-shire-council/Ward-E-Count.pdf
2012,Sutherland Shire Council,Ward E,councillor,3,COLLINS,COLLINS,,14,0.05,26130,,FALSE,TRUE,https://pastvtr.elections.nsw.gov.au/LGE2012/data/sutherland-shire-council/Ward-E-Count.pdf
2012,Sutherland Shire Council,Ward E,councillor,3,CASTLE,CASTLE,,82,0.31,26130,,FALSE,TRUE,https://pastvtr.elections.nsw.gov.au/LGE2012/data/sutherland-shire-council/Ward-E-Count.pdf
2012,Sutherland Shire Council,Ward E,councillor,3,HEYCOX,HEYCOX,,5,0.02,26130,,FALSE,TRUE,https://pastvtr.elections.nsw.gov.au/LGE2012/data/sutherland-shire-council/Ward-E-Count.pdf
2012,Sutherland Shire Council,Ward E,councillor,3,HARRIS,HARRIS,,9,0.03,26130,,FALSE,TRUE,https://pastvtr.elections.nsw.gov.au/LGE2012/data/sutherland-shire-council/Ward-E-Count.pdf
2012,Sutherland Shire Council,Ward E,councillor,3,MORAN,MORAN,,126,0.48,26130,,FALSE,TRUE,https://pastvtr.elections.nsw.gov.au/LGE2012/data/sutherland-shire-council/Ward-E-Count.pdf
2012,Sutherland Shire Council,Ward E,councillor,3,RITCHIE,RITCHIE,,16,0.06,26130,,FALSE,TRUE,https://pastvtr.elections.nsw.gov.au/LGE2012/data/sutherland-shire-council/Ward-E-Count.pdf
2012,Sutherland Shire Council,Ward E,councillor,3,JERVIS,JERVIS,,31,0.12,26130,,FALSE,TRUE,https://pastvtr.elections.nsw.gov.au/LGE2012/data/sutherland-shire-council/Ward-E-Count.pdf
2016,Gunnedah,,councillor,9,Hooke,Hooke,,835,11.61,7189,,TRUE,TRUE,https://pastvtr.elections.nsw.gov.au/LGE2016/gunnedah-shire-council/Gunnedah%20Shire%20Council%20-%20Councillors.pdf
2016,Gunnedah,,councillor,9,Campbell,Campbell,,638,8.87,7189,,TRUE,TRUE,https://pastvtr.elections.nsw.gov.au/LGE2016/gunnedah-shire-council/Gunnedah%20Shire%20Council%20-%20Councillors.pdf
2016,Gunnedah,,councillor,9,Griffiths,Griffiths,,188,2.62,7189,,FALSE,TRUE,https://pastvtr.elections.nsw.gov.au/LGE2016/gunnedah-shire-council/Gunnedah%20Shire%20Council%20-%20Councillors.pdf
2016,Gunnedah,,councillor,9,O'Keefe,O'Keefe,,731,10.17,7189,,TRUE,TRUE,https://pastvtr.elections.nsw.gov.au/LGE2016/gunnedah-shire-council/Gunnedah%20Shire%20Council%20-%20Councillors.pdf
2016,Gunnedah,,councillor,9,Hasler,Hasler,,442,6.15,7189,,TRUE,TRUE,https://pastvtr.elections.nsw.gov.au/LGE2016/gunnedah-shire-council/Gunnedah%20Shire%20Council%20-%20Councillors.pdf
2016,Gunnedah,,councillor,9,Smith,Smith,,220,3.06,7189,,FALSE,TRUE,https://pastvtr.elections.nsw.gov.au/LGE2016/gunnedah-shire-council/Gunnedah%20Shire%20Council%20-%20Councillors.pdf
2016,Gunnedah,,councillor,9,Moses,Moses,,419,5.83,7189,,TRUE,TRUE,https://pastvtr.elections.nsw.gov.au/LGE2016/gunnedah-shire-council/Gunnedah%20Shire%20Council%20-%20Councillors.pdf
2016,Gunnedah,,councillor,9,Fuller,Fuller,,1260,17.53,7189,,TRUE,TRUE,https://pastvtr.elections.nsw.gov.au/LGE2016/gunnedah-shire-council/Gunnedah%20Shire%20Council%20-%20Councillors.pdf
2016,Gunnedah,,councillor,9,Ryan,Ryan,,334,4.65,7189,,FALSE,TRUE,https://pastvtr.elections.nsw.gov.au/LGE2016/gunnedah-shire-council/Gunnedah%20Shire%20Council%20-%20Councillors.pdf
2016,Gunnedah,,councillor,9,Luke,Luke,,359,4.99,7189,,TRUE,TRUE,https://pastvtr.elections.nsw.gov.au/LGE2016/gunnedah-shire-council/Gunnedah%20Shire%20Council%20-%20Councillors.pdf
2016,Gunnedah,,councillor,9,Chaffey,Chaffey,,849,11.81,7189,,TRUE,TRUE,https://pastvtr.elections.nsw.gov.au/LGE2016/gunnedah-shire-council/Gunnedah%20Shire%20Council%20-%20Councillors.pdf
2016,Gunnedah,,councillor,9,Griffen,Griffen,,205,2.85,7189,,FALSE,TRUE,https://pastvtr.elections.nsw.gov.au/LGE2016/gunnedah-shire-council/Gunnedah%20Shire%20Council%20-%20Councillors.pdf
2016,Gunnedah,,councillor,9,Swain,Swain,,709,9.86,7189,,TRUE,TRUE,https://pastvtr.elections.nsw.gov.au/LGE2016/gunnedah-shire-council/Gunnedah%20Shire%20Council%20-%20Councillors.pdf
2016,Kempsey,,councillor,8,HAND Juacynta,HAND,Juacynta,601,3.77,15951,,FALSE,TRUE,https://pastvtr.elections.nsw.gov.au/LGE2016/kempsey-shire-council/Kempsey%20Shire%20Council%20-%20Councillors.pdf
2016,Kempsey,,councillor,8,PATTERSON Anthony,PATTERSON,Anthony,1534,9.62,15951,,TRUE,TRUE,https://pastvtr.elections.nsw.gov.au/LGE2016/kempsey-shire-council/Kempsey%20Shire%20Council%20-%20Councillors.pdf
2016,Kempsey,,councillor,8,SAUL Dean,SAUL,Dean,2129,13.35,15951,,TRUE,TRUE,https://pastvtr.elections.nsw.gov.au/LGE2016/kempsey-shire-council/Kempsey%20Shire%20Council%20-%20Councillors.pdf
2016,Kempsey,,councillor,8,MORGAN Margaret,MORGAN,Margaret,702,4.40,15951,,FALSE,TRUE,https://pastvtr.elections.nsw.gov.au/LGE2016/kempsey-shire-council/Kempsey%20Shire%20Council%20-%20Councillors.pdf
2016,Kempsey,,councillor,8,HAUVILLE Leo,HAUVILLE,Leo,1217,7.63,15951,,TRUE,TRUE,https://pastvtr.elections.nsw.gov.au/LGE2016/kempsey-shire-council/Kempsey%20Shire%20Council%20-%20Councillors.pdf
2016,Kempsey,,councillor,8,BAXTER Mark,BAXTER,Mark,1536,9.63,15951,,TRUE,TRUE,https://pastvtr.elections.nsw.gov.au/LGE2016/kempsey-shire-council/Kempsey%20Shire%20Council%20-%20Councillors.pdf
2016,Kempsey,,councillor,8,MCGINN Sue,MCGINN,Sue,1060,6.65,15951,,TRUE,TRUE,https://pastvtr.elections.nsw.gov.au/LGE2016/kempsey-shire-council/Kempsey%20Shire%20Council%20-%20Councillors.pdf
2016,Kempsey,,councillor,8,MORRIS Bruce,MORRIS,Bruce,1228,7.70,15951,,TRUE,TRUE,https://pastvtr.elections.nsw.gov.au/LGE2016/kempsey-shire-council/Kempsey%20Shire%20Council%20-%20Councillors.pdf
2016,Kempsey,,councillor,8,WILLIAMS Ashley,WILLIAMS,Ashley,1236,7.75,15951,,TRUE,TRUE,https://pastvtr.elections.nsw.gov.au/LGE2016/kempsey-shire-council/Kempsey%20Shire%20Council%20-%20Councillors.pdf
2016,Kempsey,,councillor,8,LATIMORE Elliott,LATIMORE,Elliott,87,0.55,15951,,FALSE,TRUE,https://pastvtr.elections.nsw.gov.au/LGE2016/kempsey-shire-council/Kempsey%20Shire%20Council%20-%20Councillors.pdf
2016,Kempsey,,councillor,8,ROWE Steve,ROWE,Steve,602,3.77,15951,,FALSE,TRUE,https://pastvtr.elections.nsw.gov.au/LGE2016/kempsey-shire-council/Kempsey%20Shire%20Council%20-%20Councillors.pdf
2016,Kempsey,,councillor,8,WYATT Alexandra,WYATT,Alexandra,763,4.78,15951,,FALSE,TRUE,https://pastvtr.elections.nsw.gov.au/LGE2016/kempsey-shire-council/Kempsey%20Shire%20Council%20-%20Councillors.pdf
2016,Kempsey,,councillor,8,WOOD Rob,WOOD,Rob,192,1.20,15951,,FALSE,TRUE,https://pastvtr.elections.nsw.gov.au/LGE2016/kempsey-shire-council/Kempsey%20Shire%20Council%20-%20Councillors.pdf
2016,Kempsey,,councillor,8,SHIELDS Anna,SHIELDS,Anna,2339,14.66,15951,,TRUE,TRUE,https://pastvtr.elections.nsw.gov.au/LGE2016/kempsey-shire-council/Kempsey%20Shire%20Council%20-%20Councillors.pdf
2016,Kempsey,,councillor,8,CHAPMAN Peter,CHAPMAN,Peter,725,4.55,15951,,FALSE,TRUE,https://pastvtr.elections.nsw.gov.au/LGE2016/kempsey-shire-council/Kempsey%20Shire%20Council%20-%20Councillors.pdf
2016,Kempsey,,mayor,1,CAMPBELL Liz,CAMPBELL,Liz,10314,64.68,15947,,TRUE,TRUE,https://pastvtr.elections.nsw.gov.au/LGE2016/kempsey-shire-council/Kempsey%20Shire%20Council%20-%20Mayor.pdf
2016,Kempsey,,mayor,1,SAUL Dean,SAUL,Dean,5633,35.32,15947,,FALSE,TRUE,https://pastvtr.elections.nsw.gov.au/LGE2016/kempsey-shire-council/Kempsey%20Shire%20Council%20-%20Mayor.pdf
2016,Penrith,East Ward,councillor,5,SMITH Gavin,SMITH,Gavin,3107,9.53,32616,,FALSE,TRUE,https://pastvtr.elections.nsw.gov.au/LGE2016/penrith-city-council/Penrith%20City%20Council%20-%20East%20Ward%20Councillors.pdf
2016,Penrith,East Ward,councillor,5,LIU Kingsley,LIU,Kingsley,40,0.12,32616,,FALSE,TRUE,https://pastvtr.elections.nsw.gov.au/LGE2016/penrith-city-council/Penrith%20City%20Council%20-%20East%20Ward%20Councillors.pdf
2016,Penrith,East Ward,councillor,5,COLLETT Stephen,COLLETT,Stephen,34,0.10,32616,,FALSE,TRUE,https://pastvtr.elections.nsw.gov.au/LGE2016/penrith-city-council/Penrith%20City%20Council%20-%20East%20Ward%20Councillors.pdf
2016,Penrith,East Ward,councillor,5,HATHAWAY Katie,HATHAWAY,Katie,58,0.18,32616,,FALSE,TRUE,https://pastvtr.elections.nsw.gov.au/LGE2016/penrith-city-council/Penrith%20City%20Council%20-%20East%20Ward%20Councillors.pdf
2016,Penrith,East Ward,councillor,5,SENN Liesel,SENN,Liesel,18,0.06,32616,,FALSE,TRUE,https://pastvtr.elections.nsw.gov.au/LGE2016/penrith-city-council/Penrith%20City%20Council%20-%20East%20Ward%20Councillors.pdf
2016,Penrith,East Ward,councillor,5,DAVIES Greg,DAVIES,Greg,17216,52.78,32616,,TRUE,TRUE,https://pastvtr.elections.nsw.gov.au/LGE2016/penrith-city-council/Penrith%20City%20Council%20-%20East%20Ward%20Councillors.pdf
2016,Penrith,East Ward,councillor,5,CARNEY Todd,CARNEY,Todd,183,0.56,32616,,TRUE,TRUE,https://pastvtr.elections.nsw.gov.au/LGE2016/penrith-city-council/Penrith%20City%20Council%20-%20East%20Ward%20Councillors.pdf
2016,Penrith,East Ward,councillor,5,PRICE Ben,PRICE,Ben,131,0.40,32616,,TRUE,TRUE,https://pastvtr.elections.nsw.gov.au/LGE2016/penrith-city-council/Penrith%20City%20Council%20-%20East%20Ward%20Councillors.pdf
2016,Penrith,East Ward,councillor,5,PHILLIPS Samara,PHILLIPS,Samara,85,0.26,32616,,FALSE,TRUE,https://pastvtr.elections.nsw.gov.au/LGE2016/penrith-city-council/Penrith%20City%20Council%20-%20East%20Ward%20Councillors.pdf
2016,Penrith,East Ward,councillor,5,MIFSUD Edwin,MIFSUD,Edwin,104,0.32,32616,,FALSE,TRUE,https://pastvtr.elections.nsw.gov.au/LGE2016/penrith-city-council/Penrith%20City%20Council%20-%20East%20Ward%20Councillors.pdf
2016,Penrith,East Ward,councillor,5,HITCHEN Tricia,HITCHEN,Tricia,11426,35.03,32616,,TRUE,TRUE,https://pastvtr.elections.nsw.gov.au/LGE2016/penrith-city-council/Penrith%20City%20Council%20-%20East%20Ward%20Councillors.pdf
2016,Penrith,East Ward,councillor,5,BRATUSA Bernard,BRATUSA,Bernard,87,0.27,32616,,TRUE,TRUE,https://pastvtr.elections.nsw.gov.au/LGE2016/penrith-city-council/Penrith%20City%20Council%20-%20East%20Ward%20Councillors.pdf
2016,Penrith,East Ward,councillor,5,BENTVELZEN Jeremy,BENTVELZEN,Jeremy,24,0.07,32616,,FALSE,TRUE,https://pastvtr.elections.nsw.gov.au/LGE2016/penrith-city-council/Penrith%20City%20Council%20-%20East%20Ward%20Councillors.pdf
2016,Penrith,East Ward,councillor,5,SHIPLEY Victor,SHIPLEY,Victor,35,0.11,32616,,FALSE,TRUE,https://pastvtr.elections.nsw.gov.au/LGE2016/penrith-city-council/Penrith%20City%20Council%20-%20East%20Ward%20Councillors.pdf
2016,Penrith,East Ward,councillor,5,HILL Jim,HILL,Jim,68,0.21,32616,,FALSE,TRUE,https://pastvtr.elections.nsw.gov.au/LGE2016/penrith-city-council/Penrith%20City%20Council%20-%20East%20Ward%20Councillors.pdf
2016,Penrith,North Ward,councillor,5,TORMEY Michelle,TORMEY,Michelle,2733,8.17,33471,,FALSE,TRUE,https://pastvtr.elections.nsw.gov.au/LGE2016/penrith-city-council/Penrith%20City%20Council%20-%20North%20Ward%20Councillors.pdf
2016,Penrith,North Ward,councillor,5,HOLMES Peta,HOLMES,Peta,35,0.10,33471,,FALSE,TRUE,https://pastvtr.elections.nsw.gov.au/LGE2016/penrith-city-council/Penrith%20City%20Council%20-%20North%20Ward%20Councillors.pdf
2016,Penrith,North Ward,councillor,5,COLLETT Joan,COLLETT,Joan,11,0.03,33471,,FALSE,TRUE,https://pastvtr.elections.nsw.gov.au/LGE2016/penrith-city-council/Penrith%20City%20Council%20-%20North%20Ward%20Councillors.pdf
2016,Penrith,North Ward,councillor,5,COOMBS Sophie,COOMBS,Sophie,18,0.05,33471,,FALSE,TRUE,https://pastvtr.elections.nsw.gov.au/LGE2016/penrith-city-council/Penrith%20City%20Council%20-%20North%20Ward%20Councillors.pdf
2016,Penrith,North Ward,councillor,5,WESTWOOD Kate,WESTWOOD,Kate,13,0.04,33471,,FALSE,TRUE,https://pastvtr.elections.nsw.gov.au/LGE2016/penrith-city-council/Penrith%20City%20Council%20-%20North%20Ward%20Councillors.pdf
2016,Penrith,North Ward,councillor,5,CORNISH Marcus,CORNISH,Marcus,5015,14.98,33471,,TRUE,TRUE,https://pastvtr.elections.nsw.gov.au/LGE2016/penrith-city-council/Penrith%20City%20Council%20-%20North%20Ward%20Councillors.pdf
2016,Penrith,North Ward,councillor,5,CORNISH Margaret,CORNISH,Margaret,34,0.10,33471,,FALSE,TRUE,https://pastvtr.elections.nsw.gov.au/LGE2016/penrith-city-council/Penrith%20City%20Council%20-%20North%20Ward%20Councillors.pdf
2016,Penrith,North Ward,councillor,5,PUTRA Rick,PUTRA,Rick,26,0.08,33471,,FALSE,TRUE,https://pastvtr.elections.nsw.gov.au/LGE2016/penrith-city-council/Penrith%20City%20Council%20-%20North%20Ward%20Councillors.pdf
2016,Penrith,North Ward,councillor,5,MCCAFFREY Tracy,MCCAFFREY,Tracy,16,0.05,33471,,FALSE,TRUE,https://pastvtr.elections.nsw.gov.au/LGE2016/penrith-city-council/Penrith%20City%20Council%20-%20North%20Ward%20Councillors.pdf
2016,Penrith,North Ward,councillor,5,DE ZWART Nicholas,DE ZWART,Nicholas,29,0.09,33471,,FALSE,TRUE,https://pastvtr.elections.nsw.gov.au/LGE2016/penrith-city-council/Penrith%20City%20Council%20-%20North%20Ward%20Councillors.pdf
2016,Penrith,North Ward,councillor,5,FOWLER Ross,FOWLER,Ross,9425,28.16,33471,,TRUE,TRUE,https://pastvtr.elections.nsw.gov.au/LGE2016/penrith-city-council/Penrith%20City%20Council%20-%20North%20Ward%20Councillors.pdf
2016,Penrith,North Ward,councillor,5,GARDINER Glenn,GARDINER,Glenn,38,0.11,33471,,FALSE,TRUE,https://pastvtr.elections.nsw.gov.au/LGE2016/penrith-city-council/Penrith%20City%20Council%20-%20North%20Ward%20Councillors.pdf
2016,Penrith,North Ward,councillor,5,HILL Belinda,HILL,Belinda,86,0.26,33471,,FALSE,TRUE,https://pastvtr.elections.nsw.gov.au/LGE2016/penrith-city-council/Penrith%20City%20Council%20-%20North%20Ward%20Councillors.pdf
2016,Penrith,North Ward,councillor,5,HAYNE Glynis,HAYNE,Glynis,14,0.04,33471,,FALSE,TRUE,https://pastvtr.elections.nsw.gov.au/LGE2016/penrith-city-council/Penrith%20City%20Council%20-%20North%20Ward%20Councillors.pdf
2016,Penrith,North Ward,councillor,5,GOLDING Dennis,GOLDING,Dennis,20,0.06,33471,,FALSE,TRUE,https://pastvtr.elections.nsw.gov.au/LGE2016/penrith-city-council/Penrith%20City%20Council%20-%20North%20Ward%20Councillors.pdf
2016,Penrith,North Ward,councillor,5,CRAMERI Kevin,CRAMERI,Kevin,3936,11.76,33471,,TRUE,TRUE,https://pastvtr.elections.nsw.gov.au/LGE2016/penrith-city-council/Penrith%20City%20Council%20-%20North%20Ward%20Councillors.pdf
2016,Penrith,North Ward,councillor,5,BROWN Geoff,BROWN,Geoff,107,0.32,33471,,FALSE,TRUE,https://pastvtr.elections.nsw.gov.au/LGE2016/penrith-city-council/Penrith%20City%20Council%20-%20North%20Ward%20Councillors.pdf
2016,Penrith,North Ward,councillor,5,RAE Kathy,RAE,Kathy,77,0.23,33471,,FALSE,TRUE,https://pastvtr.elections.nsw.gov.au/LGE2016/penrith-city-council/Penrith%20City%20Council%20-%20North%20Ward%20Councillors.pdf
2016,Penrith,North Ward,councillor,5,BAGNELL Larry,BAGNELL,Larry,46,0.14,33471,,FALSE,TRUE,https://pastvtr.elections.nsw.gov.au/LGE2016/penrith-city-council/Penrith%20City%20Council%20-%20North%20Ward%20Councillors.pdf
2016,Penrith,North Ward,councillor,5,REARDEN Darryl,REARDEN,Darryl,16,0.05,33471,,FALSE,TRUE,https://pastvtr.elections.nsw.gov.au/LGE2016/penrith-city-council/Penrith%20City%20Council%20-%20North%20Ward%20Councillors.pdf
2016,Penrith,North Ward,councillor,5,THAIN John,THAIN,John,11518,34.41,33471,,TRUE,TRUE,https://pastvtr.elections.nsw.gov.au/LGE2016/penrith-city-council/Penrith%20City%20Council%20-%20North%20Ward%20Councillors.pdf
2016,Penrith,North Ward,councillor,5,DUKE Aaron,DUKE,Aaron,67,0.20,33471,,TRUE,TRUE,https://pastvtr.elections.nsw.gov.au/LGE2016/penrith-city-council/Penrith%20City%20Council%20-%20North%20Ward%20Councillors.pdf
2016,Penrith,North Ward,councillor,5,COOK Robin,COOK,Robin,109,0.33,33471,,FALSE,TRUE,https://pastvtr.elections.nsw.gov.au/LGE2016/penrith-city-council/Penrith%20City%20Council%20-%20North%20Ward%20Councillors.pdf
2016,Penrith,North Ward,councillor,5,GRAY Peter,GRAY,Peter,32,0.10,33471,,FALSE,TRUE,https://pastvtr.elections.nsw.gov.au/LGE2016/penrith-city-council/Penrith%20City%20Council%20-%20North%20Ward%20Councillors.pdf
2016,Penrith,North Ward,councillor,5,SMULLEN Celine,SMULLEN,Celine,50,0.15,33471,,FALSE,TRUE,https://pastvtr.elections.nsw.gov.au/LGE2016/penrith-city-council/Penrith%20City%20Council%20-%20North%20Ward%20Councillors.pdf
2016,Penrith,South Ward,councillor,5,REARDEN Patrick,REARDEN,Patrick,921,2.69,34179,,FALSE,TRUE,https://pastvtr.elections.nsw.gov.au/LGE2016/penrith-city-council/Penrith%20City%20Council%20-%20South%20Ward%20Councillors.pdf
2016,Penrith,South Ward,councillor,5,DI NOIA Alexandra,DI NOIA,Alexandra,8,0.02,34179,,FALSE,TRUE,https://pastvtr.elections.nsw.gov.au/LGE2016/penrith-city-council/Penrith%20City%20Council%20-%20South%20Ward%20Councillors.pdf
2016,Penrith,South Ward,councillor,5,SHEENS Darren,SHEENS,Darren,14,0.04,34179,,FALSE,TRUE,https://pastvtr.elections.nsw.gov.au/LGE2016/penrith-city-council/Penrith%20City%20Council%20-%20South%20Ward%20Councillors.pdf
2016,Penrith,South Ward,councillor,5,MARTIN Barbara,MARTIN,Barbara,8,0.02,34179,,FALSE,TRUE,https://pastvtr.elections.nsw.gov.au/LGE2016/penrith-city-council/Penrith%20City%20Council%20-%20South%20Ward%20Councillors.pdf
2016,Penrith,South Ward,councillor,5,REARDEN Shane,REARDEN,Shane,3,0.01,34179,,FALSE,TRUE,https://pastvtr.elections.nsw.gov.au/LGE2016/penrith-city-council/Penrith%20City%20Council%20-%20South%20Ward%20Councillors.pdf
2016,Penrith,South Ward,councillor,5,DARLEY-JONES Patrick,DARLEY-JONES,Patrick,1729,5.06,34179,,FALSE,TRUE,https://pastvtr.elections.nsw.gov.au/LGE2016/penrith-city-council/Penrith%20City%20Council%20-%20South%20Ward%20Councillors.pdf
2016,Penrith,South Ward,councillor,5,DARLEY-JONES Trudy,DARLEY-JONES,Trudy,21,0.06,34179,,FALSE,TRUE,https://pastvtr.elections.nsw.gov.au/LGE2016/penrith-city-council/Penrith%20City%20Council%20-%20South%20Ward%20Councillors.pdf
2016,Penrith,South Ward,councillor,5,BEST Nick,BEST,Nick,25,0.07,34179,,FALSE,TRUE,https://pastvtr.elections.nsw.gov.au/LGE2016/penrith-city-council/Penrith%20City%20Council%20-%20South%20Ward%20Councillors.pdf
2016,Penrith,South Ward,councillor,5,KEITH Christopher,KEITH,Christopher,4,0.01,34179,,FALSE,TRUE,https://pastvtr.elections.nsw.gov.au/LGE2016/penrith-city-council/Penrith%20City%20Council%20-%20South%20Ward%20Councillors.pdf
2016,Penrith,South Ward,councillor,5,LENNON John-Paul,LENNON,John-Paul,17,0.05,34179,,FALSE,TRUE,https://pastvtr.elections.nsw.gov.au/LGE2016/penrith-city-council/Penrith%20City%20Council%20-%20South%20Ward%20Councillors.pdf
2016,Penrith,South Ward,councillor,5,DAVIES Mark,DAVIES,Mark,9082,26.57,34179,,TRUE,TRUE,https://pastvtr.elections.nsw.gov.au/LGE2016/penrith-city-council/Penrith%20City%20Council%20-%20South%20Ward%20Councillors.pdf
2016,Penrith,South Ward,councillor,5,HOOLE Joshua,HOOLE,Joshua,105,0.31,34179,,TRUE,TRUE,https://pastvtr.elections.nsw.gov.au/LGE2016/penrith-city-council/Penrith%20City%20Council%20-%20South%20Ward%20Councillors.pdf
2016,Penrith,South Ward,councillor,5,GREEN Alex,GREEN,Alex,33,0.10,34179,,FALSE,TRUE,https://pastvtr.elections.nsw.gov.au/LGE2016/penrith-city-council/Penrith%20City%20Council%20-%20South%20Ward%20Councillors.pdf
2016,Penrith,South Ward,councillor,5,NEALE Jessica,NEALE,Jessica,40,0.12,34179,,FALSE,TRUE,https://pastvtr.elections.nsw.gov.au/LGE2016/penrith-city-council/Penrith%20City%20Council%20-%20South%20Ward%20Councillors.pdf
2016,Penrith,South Ward,councillor,5,CARTWRIGHT Brian,CARTWRIGHT,Brian,10,0.03,34179,,FALSE,TRUE,https://pastvtr.elections.nsw.gov.au/LGE2016/penrith-city-council/Penrith%20City%20Council%20-%20South%20Ward%20Councillors.pdf
2016,Penrith,South Ward,councillor,5,GIROTTO Maurice,GIROTTO,Maurice,1639,4.80,34179,,FALSE,TRUE,https://pastvtr.elections.nsw.gov.au/LGE2016/penrith-city-council/Penrith%20City%20Council%20-%20South%20Ward%20Councillors.pdf
2016,Penrith,South Ward,councillor,5,HUTCHISON Rossco,HUTCHISON,Rossco,62,0.18,34179,,FALSE,TRUE,https://pastvtr.elections.nsw.gov.au/LGE2016/penrith-city-council/Penrith%20City%20Council%20-%20South%20Ward%20Councillors.pdf
2016,Penrith,South Ward,councillor,5,SCHOLFIELD Jennifer,SCHOLFIELD,Jennifer,12,0.04,34179,,FALSE,TRUE,https://pastvtr.elections.nsw.gov.au/LGE2016/penrith-city-council/Penrith%20City%20Council%20-%20South%20Ward%20Councillors.pdf
2016,Penrith,South Ward,councillor,5,KERLIN Joycelyn,KERLIN,Joycelyn,7,0.02,34179,,FALSE,TRUE,https://pastvtr.elections.nsw.gov.au/LGE2016/penrith-city-council/Penrith%20City%20Council%20-%20South%20Ward%20Councillors.pdf
2016,Penrith,South Ward,councillor,5,KERLIN Bernard,KERLIN,Bernard,6,0.02,34179,,FALSE,TRUE,https://pastvtr.elections.nsw.gov.au/LGE2016/penrith-city-council/Penrith%20City%20Council%20-%20South%20Ward%20Councillors.pdf
2016,Penrith,South Ward,councillor,5,AITKEN Jim,AITKEN,Jim,6129,17.93,34179,,TRUE,TRUE,https://pastvtr.elections.nsw.gov.au/LGE2016/penrith-city-council/Penrith%20City%20Council%20-%20South%20Ward%20Councillors.pdf
2016,Penrith,South Ward,councillor,5,RABIE George,RABIE,George,19,0.06,34179,,FALSE,TRUE,https://pastvtr.elections.nsw.gov.au/LGE2016/penrith-city-council/Penrith%20City%20Council%20-%20South%20Ward%20Councillors.pdf
2016,Penrith,South Ward,councillor,5,BAKER Marjorie,BAKER,Marjorie,24,0.07,34179,,FALSE,TRUE,https://pastvtr.elections.nsw.gov.au/LGE2016/penrith-city-council/Penrith%20City%20Council%20-%20South%20Ward%20Councillors.pdf
2016,Penrith,South Ward,councillor,5,BUCKLEY Corrina,BUCKLEY,Corrina,28,0.08,34179,,FALSE,TRUE,https://pastvtr.elections.nsw.gov.au/LGE2016/penrith-city-council/Penrith%20City%20Council%20-%20South%20Ward%20Councillors.pdf
2016,Penrith,South Ward,councillor,5,CULLEN Allen,CULLEN,Allen,70,0.20,34179,,FALSE,TRUE,https://pastvtr.elections.nsw.gov.au/LGE2016/penrith-city-council/Penrith%20City%20Council%20-%20South%20Ward%20Councillors.pdf
2016,Penrith,South Ward,councillor,5,MCKEOWN Karen,MCKEOWN,Karen,11231,32.86,34179,,TRUE,TRUE,https://pastvtr.elections.nsw.gov.au/LGE2016/penrith-city-council/Penrith%20City%20Council%20-%20South%20Ward%20Councillors.pdf
2016,Penrith,South Ward,councillor,5,PRESDEE Kath,PRESDEE,Kath,23,0.07,34179,,TRUE,TRUE,https://pastvtr.elections.nsw.gov.au/LGE2016/penrith-city-council/Penrith%20City%20Council%20-%20South%20Ward%20Councillors.pdf
2016,Penrith,South Ward,councillor,5,HEART Stephen,HEART,Stephen,26,0.08,34179,,FALSE,TRUE,https://pastvtr.elections.nsw.gov.au/LGE2016/penrith-city-council/Penrith%20City%20Council%20-%20South%20Ward%20Councillors.pdf
2016,Penrith,South Ward,councillor,5,FORDHAM Lorraine,FORDHAM,Lorraine,22,0.06,34179,,FALSE,TRUE,https://pastvtr.elections.nsw.gov.au/LGE2016/penrith-city-council/Penrith%20City%20Council%20-%20South%20Ward%20Councillors.pdf
2016,Penrith,South Ward,councillor,5,KESSEY Phillip,KESSEY,Phillip,21,0.06,34179,,FALSE,TRUE,https://pastvtr.elections.nsw.gov.au/LGE2016/penrith-city-council/Penrith%20City%20Council%20-%20South%20Ward%20Councillors.pdf
2016,Penrith,South Ward,councillor,5,DAY Sue,DAY,Sue,2759,8.07,34179,,FALSE,TRUE,https://pastvtr.elections.nsw.gov.au/LGE2016/penrith-city-council/Penrith%20City%20Council%20-%20South%20Ward%20Councillors.pdf
2016,Penrith,South Ward,councillor,5,CARROLL Shannon,CARROLL,Shannon,45,0.13,34179,,FALSE,TRUE,https://pastvtr.elections.nsw.gov.au/LGE2016/penrith-city-council/Penrith%20City%20Council%20-%20South%20Ward%20Councillors.pdf
2016,Penrith,South Ward,councillor,5,SKINNER Faithe,SKINNER,Faithe,19,0.06,34179,,FALSE,TRUE,https://pastvtr.elections.nsw.gov.au/LGE2016/penrith-city-council/Penrith%20City%20Council%20-%20South%20Ward%20Councillors.pdf
2016,Penrith,South Ward,councillor,5,SMITH Dorothy,SMITH,Dorothy,6,0.02,34179,,FALSE,TRUE,https://pastvtr.elections.nsw.gov.au/LGE2016/penrith-city-council/Penrith%20City%20Council%20-%20South%20Ward%20Councillors.pdf
2016,Penrith,South Ward,councillor,5,TOPP Jo-Anne,TOPP,Jo-Anne,11,0.03,34179,,FALSE,TRUE,https://pastvtr.elections.nsw.gov.au/LGE2016/penrith-city-council/Penrith%20City%20Council%20-%20South%20Ward%20Councillors.pdf
2016,Lake Macquarie,East Ward,councillor,4,GILBERT John,GILBERT,John,6618,17.11,38686,,TRUE,TRUE,https://pastvtr.elections.nsw.gov.au/LGE2016/lake-macquarie-city-council/Lake%20Macquarie%20City%20Council%20-%20East%20Ward%20Councillors.pdf
2016,Lake Macquarie,East Ward,councillor,4,GILBERT Is...,GILBERT,Is...,47,0.12,38686,,FALSE,TRUE,https://pastvtr.elections.nsw.gov.au/LGE2016/lake-macquarie-city-council/Lake%20Macquarie%20City%20Council%20-%20East%20Ward%20Councillors.pdf
2016,Lake Macquarie,East Ward,councillor,4,SMITH Tre...,SMITH,Tre...,34,0.09,38686,,FALSE,TRUE,https://pastvtr.elections.nsw.gov.au/LGE2016/lake-macquarie-city-council/Lake%20Macquarie%20City%20Council%20-%20East%20Ward%20Councillors.pdf
2016,Lake Macquarie,East Ward,councillor,4,BEEVER Do...,BEEVER,Do...,72,0.19,38686,,FALSE,TRUE,https://pastvtr.elections.nsw.gov.au/LGE2016/lake-macquarie-city-council/Lake%20Macquarie%20City%20Council%20-%20East%20Ward%20Councillors.pdf
2016,Lake Macquarie,East Ward,councillor,4,JONES Nick,JONES,Nick,8657,22.38,38686,,TRUE,TRUE,https://pastvtr.elections.nsw.gov.au/LGE2016/lake-macquarie-city-council/Lake%20Macquarie%20City%20Council%20-%20East%20Ward%20Councillors.pdf
2016,Lake Macquarie,East Ward,councillor,4,BLACK Erin,BLACK,Erin,48,0.12,38686,,FALSE,TRUE,https://pastvtr.elections.nsw.gov.au/LGE2016/lake-macquarie-city-council/Lake%20Macquarie%20City%20Council%20-%20East%20Ward%20Councillors.pdf
2016,Lake Macquarie,East Ward,councillor,4,RYAN Wayne,RYAN,Wayne,20,0.05,38686,,FALSE,TRUE,https://pastvtr.elections.nsw.gov.au/LGE2016/lake-macquarie-city-council/Lake%20Macquarie%20City%20Council%20-%20East%20Ward%20Councillors.pdf
2016,Lake Macquarie,East Ward,councillor,4,HATCHER Susan,HATCHER,Susan,46,0.12,38686,,FALSE,TRUE,https://pastvtr.elections.nsw.gov.au/LGE2016/lake-macquarie-city-council/Lake%20Macquarie%20City%20Council%20-%20East%20Ward%20Councillors.pdf
2016,Lake Macquarie,East Ward,councillor,4,HALE Emma,HALE,Emma,5604,14.49,38686,,FALSE,TRUE,https://pastvtr.elections.nsw.gov.au/LGE2016/lake-macquarie-city-council/Lake%20Macquarie%20City%20Council%20-%20East%20Ward%20Councillors.pdf
2016,Lake Macquarie,East Ward,councillor,4,COGHLAN Laurie,COGHLAN,Laurie,472,1.22,38686,,FALSE,TRUE,https://pastvtr.elections.nsw.gov.au/LGE2016/lake-macquarie-city-council/Lake%20Macquarie%20City%20Council%20-%20East%20Ward%20Councillors.pdf
2016,Lake Macquarie,East Ward,councillor,4,TAYLOR Col,TAYLOR,Col,86,0.22,38686,,FALSE,TRUE,https://pastvtr.elections.nsw.gov.au/LGE2016/lake-macquarie-city-council/Lake%20Macquarie%20City%20Council%20-%20East%20Ward%20Councillors.pdf
2016,Lake Macquarie,East Ward,councillor,4,POTTER Bruce,POTTER,Bruce,50,0.13,38686,,FALSE,TRUE,https://pastvtr.elections.nsw.gov.au/LGE2016/lake-macquarie-city-council/Lake%20Macquarie%20City%20Council%20-%20East%20Ward%20Councillors.pdf
2016,Lake Macquarie,East Ward,councillor,4,SHULTZ Adam,SHULTZ,Adam,16452,42.53,38686,,TRUE,TRUE,https://pastvtr.elections.nsw.gov.au/LGE2016/lake-macquarie-city-council/Lake%20Macquarie%20City%20Council%20-%20East%20Ward%20Councillors.pdf
2016,Lake Macquarie,East Ward,councillor,4,BUCKLEY Christine,BUCKLEY,Christine,219,0.57,38686,,TRUE,TRUE,https://pastvtr.elections.nsw.gov.au/LGE2016/lake-macquarie-city-council/Lake%20Macquarie%20City%20Council%20-%20East%20Ward%20Councillors.pdf
2016,Lake Macquarie,East Ward,councillor,4,McMULLEN Matthew,McMULLEN,Matthew,106,0.27,38686,,FALSE,TRUE,https://pastvtr.elections.nsw.gov.au/LGE2016/lake-macquarie-city-council/Lake%20Macquarie%20City%20Council%20-%20East%20Ward%20Councillors.pdf
2016,Lake Macquarie,East Ward,councillor,4,LANGFORD Kim,LANGFORD,Kim,155,0.40,38686,,FALSE,TRUE,https://pastvtr.elections.nsw.gov.au/LGE2016/lake-macquarie-city-council/Lake%20Macquarie%20City%20Council%20-%20East%20Ward%20Councillors.pdf
2016,Lake Macquarie,North Ward,councillor,4,SCHULTZ Matt,SCHULTZ,Matt,5111,14.14,36148,,FALSE,TRUE,https://pastvtr.elections.nsw.gov.au/LGE2016/lake-macquarie-city-council/Lake%20Macquarie%20City%20Council%20-%20North%20Ward%20Councillors.pdf
2016,Lake Macquarie,North Ward,councillor,4,BARTLETT Peter,BARTLETT,Peter,89,0.25,36148,,FALSE,TRUE,https://pastvtr.elections.nsw.gov.au/LGE2016/lake-macquarie-city-council/Lake%20Macquarie%20City%20Council%20-%20North%20Ward%20Councillors.pdf
2016,Lake Macquarie,North Ward,councillor,4,ASHLEY Simon,ASHLEY,Simon,63,0.17,36148,,FALSE,TRUE,https://pastvtr.elections.nsw.gov.au/LGE2016/lake-macquarie-city-council/Lake%20Macquarie%20City%20Council%20-%20North%20Ward%20Councillors.pdf
2016,Lake Macquarie,North Ward,councillor,4,WALKOM Helen,WALKOM,Helen,139,0.38,36148,,FALSE,TRUE,https://pastvtr.elections.nsw.gov.au/LGE2016/lake-macquarie-city-council/Lake%20Macquarie%20City%20Council%20-%20North%20Ward%20Councillors.pdf
2016,Lake Macquarie,North Ward,councillor,4,GRIGG Colin,GRIGG,Colin,5952,16.47,36148,,TRUE,TRUE,https://pastvtr.elections.nsw.gov.au/LGE2016/lake-macquarie-city-council/Lake%20Macquarie%20City%20Council%20-%20North%20Ward%20Councillors.pdf
2016,Lake Macquarie,North Ward,councillor,4,DARCY Bre...,DARCY,Bre...,28,0.08,36148,,FALSE,TRUE,https://pastvtr.elections.nsw.gov.au/LGE2016/lake-macquarie-city-council/Lake%20Macquarie%20City%20Council%20-%20North%20Ward%20Councillors.pdf
2016,Lake Macquarie,North Ward,councillor,4,JONES Hea...,JONES,Hea...,70,0.19,36148,,FALSE,TRUE,https://pastvtr.elections.nsw.gov.au/LGE2016/lake-macquarie-city-council/Lake%20Macquarie%20City%20Council%20-%20North%20Ward%20Councillors.pdf
2016,Lake Macquarie,North Ward,councillor,4,SULLIVAN,SULLIVAN,,24,0.07,36148,,FALSE,TRUE,https://pastvtr.elections.nsw.gov.au/LGE2016/lake-macquarie-city-council/Lake%20Macquarie%20City%20Council%20-%20North%20Ward%20Councillors.pdf
2016,Lake Macquarie,North Ward,councillor,4,ADAMTHWAITE Brian,ADAMTHWAITE,Brian,16810,46.50,36148,,TRUE,TRUE,https://pastvtr.elections.nsw.gov.au/LGE2016/lake-macquarie-city-council/Lake%20Macquarie%20City%20Council%20-%20North%20Ward%20Councillors.pdf
2016,Lake Macquarie,North Ward,councillor,4,LANGFORD Barney,LANGFORD,Barney,179,0.50,36148,,TRUE,TRUE,https://pastvtr.elections.nsw.gov.au/LGE2016/lake-macquarie-city-council/Lake%20Macquarie%20City%20Council%20-%20North%20Ward%20Councillors.pdf
2016,Lake Macquarie,North Ward,councillor,4,PEARCE Amanda,PEARCE,Amanda,191,0.53,36148,,FALSE,TRUE,https://pastvtr.elections.nsw.gov.au/LGE2016/lake-macquarie-city-council/Lake%20Macquarie%20City%20Council%20-%20North%20Ward%20Councillors.pdf
2016,Lake Macquarie,North Ward,councillor,4,HOWELLS Mark,HOWELLS,Mark,41,0.11,36148,,FALSE,TRUE,https://pastvtr.elections.nsw.gov.au/LGE2016/lake-macquarie-city-council/Lake%20Macquarie%20City%20Council%20-%20North%20Ward%20Councillors.pdf
2016,Lake Macquarie,North Ward,councillor,4,BAKER Kevin,BAKER,Kevin,7355,20.35,36148,,TRUE,TRUE,https://pastvtr.elections.nsw.gov.au/LGE2016/lake-macquarie-city-council/Lake%20Macquarie%20City%20Council%20-%20North%20Ward%20Councillors.pdf
2016,Lake Macquarie,North Ward,councillor,4,ANTCLIFF Jack,ANTCLIFF,Jack,40,0.11,36148,,FALSE,TRUE,https://pastvtr.elections.nsw.gov.au/LGE2016/lake-macquarie-city-council/Lake%20Macquarie%20City%20Council%20-%20North%20Ward%20Councillors.pdf
2016,Lake Macquarie,North Ward,councillor,4,PATERSON Lindsay,PATERSON,Lindsay,39,0.11,36148,,FALSE,TRUE,https://pastvtr.elections.nsw.gov.au/LGE2016/lake-macquarie-city-council/Lake%20Macquarie%20City%20Council%20-%20North%20Ward%20Councillors.pdf
2016,Lake Macquarie,North Ward,councillor,4,REGENT Phillip,REGENT,Phillip,17,0.05,36148,,FALSE,TRUE,https://pastvtr.elections.nsw.gov.au/LGE2016/lake-macquarie-city-council/Lake%20Macquarie%20City%20Council%20-%20North%20Ward%20Councillors.pdf
2016,Lake Macquarie,West Ward,councillor,4,HARRISON Wendy,HARRISON,Wendy,8993,23.23,38705,,TRUE,TRUE,https://pastvtr.elections.nsw.gov.au/LGE2016/lake-macquarie-city-council/Lake%20Macquarie%20City%20Council%20-%20West%20Ward%20Councillors.pdf
2016,Lake Macquarie,West Ward,councillor,4,DAWSON Rosmairi,DAWSON,Rosmairi,273,0.71,38705,,FALSE,TRUE,https://pastvtr.elections.nsw.gov.au/LGE2016/lake-macquarie-city-council/Lake%20Macquarie%20City%20Council%20-%20West%20Ward%20Councillors.pdf
2016,Lake Macquarie,West Ward,councillor,4,MORRIS Ann,MORRIS,Ann,63,0.16,38705,,FALSE,TRUE,https://pastvtr.elections.nsw.gov.au/LGE2016/lake-macquarie-city-council/Lake%20Macquarie%20City%20Council%20-%20West%20Ward%20Councillors.pdf
2016,Lake Macquarie,West Ward,councillor,4,HILL Thomas,HILL,Thomas,35,0.09,38705,,FALSE,TRUE,https://pastvtr.elections.nsw.gov.au/LGE2016/lake-macquarie-city-council/Lake%20Macquarie%20City%20Council%20-%20West%20Ward%20Councillors.pdf
2016,Lake Macquarie,West Ward,councillor,4,PAULING Jason,PAULING,Jason,9021,23.31,38705,,TRUE,TRUE,https://pastvtr.elections.nsw.gov.au/LGE2016/lake-macquarie-city-council/Lake%20Macquarie%20City%20Council%20-%20West%20Ward%20Councillors.pdf
2016,Lake Macquarie,West Ward,councillor,4,UIDAM Johanna,UIDAM,Johanna,68,0.18,38705,,FALSE,TRUE,https://pastvtr.elections.nsw.gov.au/LGE2016/lake-macquarie-city-council/Lake%20Macquarie%20City%20Council%20-%20West%20Ward%20Councillors.pdf
2016,Lake Macquarie,West Ward,councillor,4,PAXINOS Ken,PAXINOS,Ken,77,0.20,38705,,FALSE,TRUE,https://pastvtr.elections.nsw.gov.au/LGE2016/lake-macquarie-city-council/Lake%20Macquarie%20City%20Council%20-%20West%20Ward%20Councillors.pdf
2016,Lake Macquarie,West Ward,councillor,4,BROWNHILL Colin,BROWNHILL,Colin,16,0.04,38705,,FALSE,TRUE,https://pastvtr.elections.nsw.gov.au/LGE2016/lake-macquarie-city-council/Lake%20Macquarie%20City%20Council%20-%20West%20Ward%20Councillors.pdf
2016,Lake Macquarie,West Ward,councillor,4,BELCHER David,BELCHER,David,13569,35.06,38705,,TRUE,TRUE,https://pastvtr.elections.nsw.gov.au/LGE2016/lake-macquarie-city-council/Lake%20Macquarie%20City%20Council%20-%20West%20Ward%20Councillors.pdf
2016,Lake Macquarie,West Ward,councillor,4,WEILEY Garth,WEILEY,Garth,75,0.19,38705,,FALSE,TRUE,https://pastvtr.elections.nsw.gov.au/LGE2016/lake-macquarie-city-council/Lake%20Macquarie%20City%20Council%20-%20West%20Ward%20Councillors.pdf
2016,Lake Macquarie,West Ward,councillor,4,BISHOP Madeline,BISHOP,Madeline,173,0.45,38705,,FALSE,TRUE,https://pastvtr.elections.nsw.gov.au/LGE2016/lake-macquarie-city-council/Lake%20Macquarie%20City%20Council%20-%20West%20Ward%20Councillors.pdf
2016,Lake Macquarie,West Ward,councillor,4,SCHAFFER Val,SCHAFFER,Val,61,0.16,38705,,FALSE,TRUE,https://pastvtr.elections.nsw.gov.au/LGE2016/lake-macquarie-city-council/Lake%20Macquarie%20City%20Council%20-%20West%20Ward%20Councillors.pdf
2016,Lake Macquarie,West Ward,councillor,4,CUBIS Luke,CUBIS,Luke,6059,15.65,38705,,TRUE,TRUE,https://pastvtr.elections.nsw.gov.au/LGE2016/lake-macquarie-city-council/Lake%20Macquarie%20City%20Council%20-%20West%20Ward%20Councillors.pdf
2016,Lake Macquarie,West Ward,councillor,4,GIBSON Da...,GIBSON,Da...,51,0.13,38705,,FALSE,TRUE,https://pastvtr.elections.nsw.gov.au/LGE2016/lake-macquarie-city-council/Lake%20Macquarie%20City%20Council%20-%20West%20Ward%20Councillors.pdf
2016,Lake Macquarie,West Ward,councillor,4,CUBIS Kylie,CUBIS,Kylie,47,0.12,38705,,FALSE,TRUE,https://pastvtr.elections.nsw.gov.au/LGE2016/lake-macquarie-city-council/Lake%20Macquarie%20City%20Council%20-%20West%20Ward%20Councillors.pdf
2016,Lake Macquarie,West Ward,councillor,4,EDWARDS,EDWARDS,,34,0.09,38705,,FALSE,TRUE,https://pastvtr.elections.nsw.gov.au/LGE2016/lake-macquarie-city-council/Lake%20Macquarie%20City%20Council%20-%20West%20Ward%20Councillors.pdf
2016,Lake Macquarie,West Ward,councillor,4,HOLMES,HOLMES,,90,0.23,38705,,FALSE,TRUE,https://pastvtr.elections.nsw.gov.au/LGE2016/lake-macquarie-city-council/Lake%20Macquarie%20City%20Council%20-%20West%20Ward%20Councillors.pdf
2016,Lake Macquarie,,mayor,1,COGHLAN Laurie,COGHLAN,Laurie,23716,20.62,115025,,FALSE,TRUE,https://pastvtr.elections.nsw.gov.au/LGE2016/lake-macquarie-city-council/Lake%20Macquarie%20City%20Council%20-%20Mayor.pdf
2016,Lake Macquarie,,mayor,1,GILBERT John,GILBERT,John,7144,6.21,115025,,FALSE,TRUE,https://pastvtr.elections.nsw.gov.au/LGE2016/lake-macquarie-city-council/Lake%20Macquarie%20City%20Council%20-%20Mayor.pdf
2016,Lake Macquarie,,mayor,1,FRASER Kay,FRASER,Kay,51398,44.68,115025,,TRUE,TRUE,https://pastvtr.elections.nsw.gov.au/LGE2016/lake-macquarie-city-council/Lake%20Macquarie%20City%20Council%20-%20Mayor.pdf
2016,Lake Macquarie,,mayor,1,CUBIS Luke,CUBIS,Luke,5388,4.68,115025,,FALSE,TRUE,https://pastvtr.elections.nsw.gov.au/LGE2016/lake-macquarie-city-council/Lake%20Macquarie%20City%20Council%20-%20Mayor.pdf
2016,Lake Macquarie,,mayor,1,PAULING Jason,PAULING,Jason,23605,20.52,115025,,FALSE,TRUE,https://pastvtr.elections.nsw.gov.au/LGE2016/lake-macquarie-city-council/Lake%20Macquarie%20City%20Council%20-%20Mayor.pdf
2016,Lake Macquarie,,mayor,1,GRIGG Colin,GRIGG,Colin,3774,3.28,115025,,FALSE,TRUE,https://pastvtr.elections.nsw.gov.au/LGE2016/lake-macquarie-city-council/Lake%20Macquarie%20City%20Council%20-%20Mayor.pdf
2017,Maitland,Central Ward,councillor,3,HALLIDAY Sally,HALLIDAY,Sally,2517,21.61,11649,,TRUE,TRUE,https://pastvtr.elections.nsw.gov.au/LGE2017/city-of-maitland/City%20of%20Maitland%20-%20Central%20Ward%20Councillors.pdf
2017,Maitland,Central Ward,councillor,3,MARTIN Dennis,MARTIN,Dennis,25,0.21,11649,,FALSE,TRUE,https://pastvtr.elections.nsw.gov.au/LGE2017/city-of-maitland/City%20of%20Maitland%20-%20Central%20Ward%20Councillors.pdf
2017,Maitland,Central Ward,councillor,3,MARTIN Elizabeth,MARTIN,Elizabeth,10,0.09,11649,,FALSE,TRUE,https://pastvtr.elections.nsw.gov.au/LGE2017/city-of-maitland/City%20of%20Maitland%20-%20Central%20Ward%20Councillors.pdf
2017,Maitland,Central Ward,councillor,3,FERRIS Donald,FERRIS,Donald,3677,31.56,11649,,TRUE,TRUE,https://pastvtr.elections.nsw.gov.au/LGE2017/city-of-maitland/City%20of%20Maitland%20-%20Central%20Ward%20Councillors.pdf
2017,Maitland,Central Ward,councillor,3,PARKER Gena,PARKER,Gena,90,0.77,11649,,FALSE,TRUE,https://pastvtr.elections.nsw.gov.au/LGE2017/city-of-maitland/City%20of%20Maitland%20-%20Central%20Ward%20Councillors.pdf
2017,Maitland,Central Ward,councillor,3,BURKE Brian,BURKE,Brian,1735,14.89,11649,,FALSE,TRUE,https://pastvtr.elections.nsw.gov.au/LGE2017/city-of-maitland/City%20of%20Maitland%20-%20Central%20Ward%20Councillors.pdf
2017,Maitland,Central Ward,councillor,3,QUINN Ben,QUINN,Ben,109,0.94,11649,,FALSE,TRUE,https://pastvtr.elections.nsw.gov.au/LGE2017/city-of-maitland/City%20of%20Maitland%20-%20Central%20Ward%20Councillors.pdf
2017,Maitland,Central Ward,councillor,3,HOLDEN Todd,HOLDEN,Todd,30,0.26,11649,,FALSE,TRUE,https://pastvtr.elections.nsw.gov.au/LGE2017/city-of-maitland/City%20of%20Maitland%20-%20Central%20Ward%20Councillors.pdf
2017,Maitland,Central Ward,councillor,3,PENFOLD Philip,PENFOLD,Philip,2432,20.88,11649,,TRUE,TRUE,https://pastvtr.elections.nsw.gov.au/LGE2017/city-of-maitland/City%20of%20Maitland%20-%20Central%20Ward%20Councillors.pdf
2017,Maitland,Central Ward,councillor,3,HACKNEY Bill,HACKNEY,Bill,16,0.14,11649,,FALSE,TRUE,https://pastvtr.elections.nsw.gov.au/LGE2017/city-of-maitland/City%20of%20Maitland%20-%20Central%20Ward%20Councillors.pdf
2017,Maitland,Central Ward,councillor,3,PENFOLD Warrick,PENFOLD,Warrick,10,0.09,11649,,FALSE,TRUE,https://pastvtr.elections.nsw.gov.au/LGE2017/city-of-maitland/City%20of%20Maitland%20-%20Central%20Ward%20Councillors.pdf
2017,Maitland,Central Ward,councillor,3,BROWN John,BROWN,John,964,8.28,11649,,FALSE,TRUE,https://pastvtr.elections.nsw.gov.au/LGE2017/city-of-maitland/City%20of%20Maitland%20-%20Central%20Ward%20Councillors.pdf
2017,Maitland,Central Ward,councillor,3,BROWN Susan,BROWN,Susan,19,0.16,11649,,FALSE,TRUE,https://pastvtr.elections.nsw.gov.au/LGE2017/city-of-maitland/City%20of%20Maitland%20-%20Central%20Ward%20Councillors.pdf
2017,Maitland,Central Ward,councillor,3,GREEN Catherine,GREEN,Catherine,15,0.13,11649,,FALSE,TRUE,https://pastvtr.elections.nsw.gov.au/LGE2017/city-of-maitland/City%20of%20Maitland%20-%20Central%20Ward%20Councillors.pdf
2017,Maitland,East Ward,councillor,3,GARNHAM Peter,GARNHAM,Peter,3620,32.22,11237,,TRUE,TRUE,https://pastvtr.elections.nsw.gov.au/LGE2017/city-of-maitland/City%20of%20Maitland%20-%20East%20Ward%20Councillors.pdf
2017,Maitland,East Ward,councillor,3,GARNHAM Allen,GARNHAM,Allen,22,0.20,11237,,FALSE,TRUE,https://pastvtr.elections.nsw.gov.au/LGE2017/city-of-maitland/City%20of%20Maitland%20-%20East%20Ward%20Councillors.pdf
2017,Maitland,East Ward,councillor,3,PENFOLD Peter,PENFOLD,Peter,342,3.04,11237,,FALSE,TRUE,https://pastvtr.elections.nsw.gov.au/LGE2017/city-of-maitland/City%20of%20Maitland%20-%20East%20Ward%20Councillors.pdf
2017,Maitland,East Ward,councillor,3,DAVIS Jan,DAVIS,Jan,1125,10.01,11237,,FALSE,TRUE,https://pastvtr.elections.nsw.gov.au/LGE2017/city-of-maitland/City%20of%20Maitland%20-%20East%20Ward%20Councillors.pdf
2017,Maitland,East Ward,councillor,3,WHITE Wendy,WHITE,Wendy,22,0.20,11237,,FALSE,TRUE,https://pastvtr.elections.nsw.gov.au/LGE2017/city-of-maitland/City%20of%20Maitland%20-%20East%20Ward%20Councillors.pdf
2017,Maitland,East Ward,councillor,3,MASTERTON Natalie,MASTERTON,Natalie,17,0.15,11237,,FALSE,TRUE,https://pastvtr.elections.nsw.gov.au/LGE2017/city-of-maitland/City%20of%20Maitland%20-%20East%20Ward%20Councillors.pdf
2017,Maitland,East Ward,councillor,3,RANADIVE Kanchan,RANADIVE,Kanchan,2471,21.99,11237,,TRUE,TRUE,https://pastvtr.elections.nsw.gov.au/LGE2017/city-of-maitland/City%20of%20Maitland%20-%20East%20Ward%20Councillors.pdf
2017,Maitland,East Ward,councillor,3,YOOLE John,YOOLE,John,20,0.18,11237,,FALSE,TRUE,https://pastvtr.elections.nsw.gov.au/LGE2017/city-of-maitland/City%20of%20Maitland%20-%20East%20Ward%20Councillors.pdf
2017,Maitland,East Ward,councillor,3,CALDWELL Dorothy,CALDWELL,Dorothy,24,0.21,11237,,FALSE,TRUE,https://pastvtr.elections.nsw.gov.au/LGE2017/city-of-maitland/City%20of%20Maitland%20-%20East%20Ward%20Councillors.pdf
2017,Maitland,East Ward,councillor,3,WHITING Ben,WHITING,Ben,3523,31.35,11237,,TRUE,TRUE,https://pastvtr.elections.nsw.gov.au/LGE2017/city-of-maitland/City%20of%20Maitland%20-%20East%20Ward%20Councillors.pdf
2017,Maitland,East Ward,councillor,3,BRIGHT Julieanne,BRIGHT,Julieanne,51,0.45,11237,,FALSE,TRUE,https://pastvtr.elections.nsw.gov.au/LGE2017/city-of-maitland/City%20of%20Maitland%20-%20East%20Ward%20Councillors.pdf
2017,Maitland,North Ward,councillor,3,GRIFFIN Mitchell,GRIFFIN,Mitchell,2636,23.03,11446,,TRUE,TRUE,https://pastvtr.elections.nsw.gov.au/LGE2017/city-of-maitland/City%20of%20Maitland%20-%20North%20Ward%20Councillors.pdf
2017,Maitland,North Ward,councillor,3,WILKES Jason,WILKES,Jason,31,0.27,11446,,FALSE,TRUE,https://pastvtr.elections.nsw.gov.au/LGE2017/city-of-maitland/City%20of%20Maitland%20-%20North%20Ward%20Councillors.pdf
2017,Maitland,North Ward,councillor,3,GREEN Selby,GREEN,Selby,79,0.69,11446,,FALSE,TRUE,https://pastvtr.elections.nsw.gov.au/LGE2017/city-of-maitland/City%20of%20Maitland%20-%20North%20Ward%20Councillors.pdf
2017,Maitland,North Ward,councillor,3,COOPER Michael,COOPER,Michael,1877,16.40,11446,,FALSE,TRUE,https://pastvtr.elections.nsw.gov.au/LGE2017/city-of-maitland/City%20of%20Maitland%20-%20North%20Ward%20Councillors.pdf
2017,Maitland,North Ward,councillor,3,COOPER Tim,COOPER,Tim,32,0.28,11446,,FALSE,TRUE,https://pastvtr.elections.nsw.gov.au/LGE2017/city-of-maitland/City%20of%20Maitland%20-%20North%20Ward%20Councillors.pdf
2017,Maitland,North Ward,councillor,3,ELLENBACHER Chloe,ELLENBACHER,Chloe,40,0.35,11446,,FALSE,TRUE,https://pastvtr.elections.nsw.gov.au/LGE2017/city-of-maitland/City%20of%20Maitland%20-%20North%20Ward%20Councillors.pdf
2017,Maitland,North Ward,councillor,3,AITCHISON Robert,AITCHISON,Robert,4389,38.35,11446,,TRUE,TRUE,https://pastvtr.elections.nsw.gov.au/LGE2017/city-of-maitland/City%20of%20Maitland%20-%20North%20Ward%20Councillors.pdf
2017,Maitland,North Ward,councillor,3,HARRISON Jacqueline,HARRISON,Jacqueline,82,0.72,11446,,FALSE,TRUE,https://pastvtr.elections.nsw.gov.au/LGE2017/city-of-maitland/City%20of%20Maitland%20-%20North%20Ward%20Councillors.pdf
2017,Maitland,North Ward,councillor,3,VOORBIJ Michael,VOORBIJ,Michael,41,0.36,11446,,FALSE,TRUE,https://pastvtr.elections.nsw.gov.au/LGE2017/city-of-maitland/City%20of%20Maitland%20-%20North%20Ward%20Councillors.pdf
2017,Maitland,North Ward,councillor,3,YARRINGTON Mike,YARRINGTON,Mike,2113,18.46,11446,,TRUE,TRUE,https://pastvtr.elections.nsw.gov.au/LGE2017/city-of-maitland/City%20of%20Maitland%20-%20North%20Ward%20Councillors.pdf
2017,Maitland,North Ward,councillor,3,PENFOLD Ivan,PENFOLD,Ivan,92,0.80,11446,,FALSE,TRUE,https://pastvtr.elections.nsw.gov.au/LGE2017/city-of-maitland/City%20of%20Maitland%20-%20North%20Ward%20Councillors.pdf
2017,Maitland,North Ward,councillor,3,PENFOLD Fay,PENFOLD,Fay,34,0.30,11446,,FALSE,TRUE,https://pastvtr.elections.nsw.gov.au/LGE2017/city-of-maitland/City%20of%20Maitland%20-%20North%20Ward%20Councillors.pdf
2017,Maitland,West Ward,councillor,3,PENFOLD Nicole,PENFOLD,Nicole,2948,26.75,11020,,TRUE,TRUE,https://pastvtr.elections.nsw.gov.au/LGE2017/city-of-maitland/City%20of%20Maitland%20-%20West%20Ward%20Councillors.pdf
2017,Maitland,West Ward,councillor,3,PENFOLD Narelle,PENFOLD,Narelle,34,0.31,11020,,FALSE,TRUE,https://pastvtr.elections.nsw.gov.au/LGE2017/city-of-maitland/City%20of%20Maitland%20-%20West%20Ward%20Councillors.pdf
2017,Maitland,West Ward,councillor,3,YARRINGTON Kevin,YARRINGTON,Kevin,12,0.11,11020,,FALSE,TRUE,https://pastvtr.elections.nsw.gov.au/LGE2017/city-of-maitland/City%20of%20Maitland%20-%20West%20Ward%20Councillors.pdf
2017,Maitland,West Ward,councillor,3,MITCHELL Ben,MITCHELL,Ben,2039,18.50,11020,,TRUE,TRUE,https://pastvtr.elections.nsw.gov.au/LGE2017/city-of-maitland/City%20of%20Maitland%20-%20West%20Ward%20Councillors.pdf
2017,Maitland,West Ward,councillor,3,OSMAN Chris,OSMAN,Chris,5,0.05,11020,,FALSE,TRUE,https://pastvtr.elections.nsw.gov.au/LGE2017/city-of-maitland/City%20of%20Maitland%20-%20West%20Ward%20Councillors.pdf
2017,Maitland,West Ward,councillor,3,TATTERSALL Geoff,TATTERSALL,Geoff,7,0.06,11020,,FALSE,TRUE,https://pastvtr.elections.nsw.gov.au/LGE2017/city-of-maitland/City%20of%20Maitland%20-%20West%20Ward%20Councillors.pdf
2017,Maitland,West Ward,councillor,3,MESKAUSKAS Henry,MESKAUSKAS,Henry,4272,38.77,11020,,TRUE,TRUE,https://pastvtr.elections.nsw.gov.au/LGE2017/city-of-maitland/City%20of%20Maitland%20-%20West%20Ward%20Councillors.pdf
2017,Maitland,West Ward,councillor,3,CASEY Paul,CASEY,Paul,46,0.42,11020,,FALSE,TRUE,https://pastvtr.elections.nsw.gov.au/LGE2017/city-of-maitland/City%20of%20Maitland%20-%20West%20Ward%20Councillors.pdf
2017,Maitland,West Ward,councillor,3,HUME Sally,HUME,Sally,64,0.58,11020,,FALSE,TRUE,https://pastvtr.elections.nsw.gov.au/LGE2017/city-of-maitland/City%20of%20Maitland%20-%20West%20Ward%20Councillors.pdf
2017,Maitland,West Ward,councillor,3,WETHERED Ken,WETHERED,Ken,1559,14.15,11020,,FALSE,TRUE,https://pastvtr.elections.nsw.gov.au/LGE2017/city-of-maitland/City%20of%20Maitland%20-%20West%20Ward%20Councillors.pdf
2017,Maitland,West Ward,councillor,3,GUY David,GUY,David,23,0.21,11020,,FALSE,TRUE,https://pastvtr.elections.nsw.gov.au/LGE2017/city-of-maitland/City%20of%20Maitland%20-%20West%20Ward%20Councillors.pdf
2017,Maitland,West Ward,councillor,3,APPS Timothy,APPS,Timothy,11,0.10,11020,,FALSE,TRUE,https://pastvtr.elections.nsw.gov.au/LGE2017/city-of-maitland/City%20of%20Maitland%20-%20West%20Ward%20Councillors.pdf
2017,Maitland,,mayor,1,WETHERED Ken,WETHERED,Ken,4546,9.73,46736,,FALSE,TRUE,https://pastvtr.elections.nsw.gov.au/LGE2017/city-of-maitland/City%20of%20Maitland%20-%20Mayor.pdf
2017,Maitland,,mayor,1,GEOGHEGAN Bob,GEOGHEGAN,Bob,8062,17.25,46736,,FALSE,TRUE,https://pastvtr.elections.nsw.gov.au/LGE2017/city-of-maitland/City%20of%20Maitland%20-%20Mayor.pdf
2017,Maitland,,mayor,1,PENFOLD Philip,PENFOLD,Philip,13160,28.16,46736,,FALSE,TRUE,https://pastvtr.elections.nsw.gov.au/LGE2017/city-of-maitland/City%20of%20Maitland%20-%20Mayor.pdf
2017,Maitland,,mayor,1,BURKE Brian,BURKE,Brian,4082,8.73,46736,,FALSE,TRUE,https://pastvtr.elections.nsw.gov.au/LGE2017/city-of-maitland/City%20of%20Maitland%20-%20Mayor.pdf
2017,Maitland,,mayor,1,BAKER Loretta,BAKER,Loretta,14674,31.40,46736,,TRUE,TRUE,https://pastvtr.elections.nsw.gov.au/LGE2017/city-of-maitland/City%20of%20Maitland%20-%20Mayor.pdf
2017,Maitland,,mayor,1,BROWN John,BROWN,John,2212,4.73,46736,,FALSE,TRUE,https://pastvtr.elections.nsw.gov.au/LGE2017/city-of-maitland/City%20of%20Maitland%20-%20Mayor.pdf
2021,Penrith City Council,East Ward,councillor,5,VUKMIRICA Sascha,VUKMIRICA,Sascha,1402,4.23,33169,46931,FALSE,TRUE,https://www.abc.net.au/news/elections/nswlg/2021/penrith
2021,Penrith City Council,East Ward,councillor,5,GRANGER Felicia,GRANGER,Felicia,52,0.16,33169,46931,FALSE,TRUE,https://www.abc.net.au/news/elections/nswlg/2021/penrith
2021,Penrith City Council,East Ward,councillor,5,HEFFERNAN Debra Jane,HEFFERNAN,Debra Jane,22,0.07,33169,46931,FALSE,TRUE,https://www.abc.net.au/news/elections/nswlg/2021/penrith
2021,Penrith City Council,East Ward,councillor,5,MAYOR Julie,MAYOR,Julie,38,0.11,33169,46931,FALSE,TRUE,https://www.abc.net.au/news/elections/nswlg/2021/penrith
2021,Penrith City Council,East Ward,councillor,5,VUKMIRICA Maria,VUKMIRICA,Maria,20,0.06,33169,46931,FALSE,TRUE,https://www.abc.net.au/news/elections/nswlg/2021/penrith
2021,Penrith City Council,East Ward,councillor,5,HOLDSWORTH Melanie,HOLDSWORTH,Melanie,2239,6.75,33169,46931,FALSE,TRUE,https://www.abc.net.au/news/elections/nswlg/2021/penrith
2021,Penrith City Council,East Ward,councillor,5,TODESCO Elisa,TODESCO,Elisa,34,0.10,33169,46931,FALSE,TRUE,https://www.abc.net.au/news/elections/nswlg/2021/penrith
2021,Penrith City Council,East Ward,councillor,5,JONES Cherie,JONES,Cherie,15,0.05,33169,46931,FALSE,TRUE,https://www.abc.net.au/news/elections/nswlg/2021/penrith
2021,Penrith City Council,East Ward,councillor,5,HOLDSWORTH Marianne,HOLDSWORTH,Marianne,26,0.08,33169,46931,FALSE,TRUE,https://www.abc.net.au/news/elections/nswlg/2021/penrith
2021,Penrith City Council,East Ward,councillor,5,HOLDSWORTH Tara,HOLDSWORTH,Tara,16,0.05,33169,46931,FALSE,TRUE,https://www.abc.net.au/news/elections/nswlg/2021/penrith
2021,Penrith City Council,East Ward,councillor,5,ORROCK Lilli,ORROCK,Lilli,2411,7.27,33169,46931,FALSE,TRUE,https://www.abc.net.au/news/elections/nswlg/2021/penrith
2021,Penrith City Council,East Ward,councillor,5,BURGESS Michelle,BURGESS,Michelle,53,0.16,33169,46931,FALSE,TRUE,https://www.abc.net.au/news/elections/nswlg/2021/penrith
2021,Penrith City Council,East Ward,councillor,5,COOPER Daniel,COOPER,Daniel,45,0.14,33169,46931,FALSE,TRUE,https://www.abc.net.au/news/elections/nswlg/2021/penrith
2021,Penrith City Council,East Ward,councillor,5,ORROCK Lee,ORROCK,Lee,11,0.03,33169,46931,FALSE,TRUE,https://www.abc.net.au/news/elections/nswlg/2021/penrith
2021,Penrith City Council,East Ward,councillor,5,HARRIS Ann,HARRIS,Ann,29,0.09,33169,46931,FALSE,TRUE,https://www.abc.net.au/news/elections/nswlg/2021/penrith
2021,Penrith City Council,East Ward,councillor,5,CARNEY Todd,CARNEY,Todd,12852,38.75,33169,46931,TRUE,TRUE,https://www.abc.net.au/news/elections/nswlg/2021/penrith
2021,Penrith City Council,East Ward,councillor,5,COOK Robin,COOK,Robin,168,0.51,33169,46931,TRUE,TRUE,https://www.abc.net.au/news/elections/nswlg/2021/penrith
2021,Penrith City Council,East Ward,councillor,5,HORNE Rob,HORNE,Rob,51,0.15,33169,46931,FALSE,TRUE,https://www.abc.net.au/news/elections/nswlg/2021/penrith
2021,Penrith City Council,East Ward,councillor,5,THAIN Garion,THAIN,Garion,46,0.14,33169,46931,FALSE,TRUE,https://www.abc.net.au/news/elections/nswlg/2021/penrith
2021,Penrith City Council,East Ward,councillor,5,MIFSUD Edwin,MIFSUD,Edwin,110,0.33,33169,46931,FALSE,TRUE,https://www.abc.net.au/news/elections/nswlg/2021/penrith
2021,Penrith City Council,East Ward,councillor,5,SHIPLEY Marlene,SHIPLEY,Marlene,3000,9.04,33169,46931,TRUE,TRUE,https://www.abc.net.au/news/elections/nswlg/2021/penrith
2021,Penrith City Council,East Ward,councillor,5,ABOGHAZALEH Faye,ABOGHAZALEH,Faye,28,0.08,33169,46931,FALSE,TRUE,https://www.abc.net.au/news/elections/nswlg/2021/penrith
2021,Penrith City Council,East Ward,councillor,5,TOMIC Joanne,TOMIC,Joanne,25,0.08,33169,46931,FALSE,TRUE,https://www.abc.net.au/news/elections/nswlg/2021/penrith
2021,Penrith City Council,East Ward,councillor,5,SHEPHERD Amanda,SHEPHERD,Amanda,10,0.03,33169,46931,FALSE,TRUE,https://www.abc.net.au/news/elections/nswlg/2021/penrith
2021,Penrith City Council,East Ward,councillor,5,CROMAR Kristie,CROMAR,Kristie,10,0.03,33169,46931,FALSE,TRUE,https://www.abc.net.au/news/elections/nswlg/2021/penrith
2021,Penrith City Council,East Ward,councillor,5,HITCHEN Tricia,HITCHEN,Tricia,10257,30.92,33169,46931,TRUE,TRUE,https://www.abc.net.au/news/elections/nswlg/2021/penrith
2021,Penrith City Council,East Ward,councillor,5,BRATUSA Bernard,BRATUSA,Bernard,50,0.15,33169,46931,TRUE,TRUE,https://www.abc.net.au/news/elections/nswlg/2021/penrith
2021,Penrith City Council,East Ward,councillor,5,HILL James,HILL,James,71,0.21,33169,46931,FALSE,TRUE,https://www.abc.net.au/news/elections/nswlg/2021/penrith
2021,Penrith City Council,East Ward,councillor,5,HAYNE Glynis,HAYNE,Glynis,33,0.10,33169,46931,FALSE,TRUE,https://www.abc.net.au/news/elections/nswlg/2021/penrith
2021,Penrith City Council,East Ward,councillor,5,MEAD Paul,MEAD,Paul,45,0.14,33169,46931,FALSE,TRUE,https://www.abc.net.au/news/elections/nswlg/2021/penrith
2021,Penrith City Council,North Ward,councillor,5,WHEATLEY Tyler,WHEATLEY,Tyler,2359,6.41,36805,50620,FALSE,TRUE,https://www.abc.net.au/news/elections/nswlg/2021/penrith
2021,Penrith City Council,North Ward,councillor,5,WHEATLEY-KING Aaron Michael Bryan,WHEATLEY-KING,Aaron Michael Bryan,42,0.11,36805,50620,FALSE,TRUE,https://www.abc.net.au/news/elections/nswlg/2021/penrith
2021,Penrith City Council,North Ward,councillor,5,WHEATLEY Jordan Robin Glynn,WHEATLEY,Jordan Robin Glynn,24,0.07,36805,50620,FALSE,TRUE,https://www.abc.net.au/news/elections/nswlg/2021/penrith
2021,Penrith City Council,North Ward,councillor,5,WHEATLEY Zachary Trent Dean,WHEATLEY,Zachary Trent Dean,17,0.05,36805,50620,FALSE,TRUE,https://www.abc.net.au/news/elections/nswlg/2021/penrith
2021,Penrith City Council,North Ward,councillor,5,WHEATLEY Tatterson Kyle,WHEATLEY,Tatterson Kyle,13,0.04,36805,50620,FALSE,TRUE,https://www.abc.net.au/news/elections/nswlg/2021/penrith
2021,Penrith City Council,North Ward,councillor,5,CRAMERI Kevin,CRAMERI,Kevin,5474,14.87,36805,50620,TRUE,TRUE,https://www.abc.net.au/news/elections/nswlg/2021/penrith
2021,Penrith City Council,North Ward,councillor,5,THAKKAR Varun,THAKKAR,Varun,80,0.22,36805,50620,FALSE,TRUE,https://www.abc.net.au/news/elections/nswlg/2021/penrith
2021,Penrith City Council,North Ward,councillor,5,VELLA Mary,VELLA,Mary,175,0.48,36805,50620,FALSE,TRUE,https://www.abc.net.au/news/elections/nswlg/2021/penrith
2021,Penrith City Council,North Ward,councillor,5,BAILEY Dion,BAILEY,Dion,40,0.11,36805,50620,FALSE,TRUE,https://www.abc.net.au/news/elections/nswlg/2021/penrith
2021,Penrith City Council,North Ward,councillor,5,PACE Mario,PACE,Mario,51,0.14,36805,50620,FALSE,TRUE,https://www.abc.net.au/news/elections/nswlg/2021/penrith
2021,Penrith City Council,North Ward,councillor,5,THAIN John,THAIN,John,11890,32.31,36805,50620,TRUE,TRUE,https://www.abc.net.au/news/elections/nswlg/2021/penrith
2021,Penrith City Council,North Ward,councillor,5,PULLEN Jonathan,PULLEN,Jonathan,155,0.42,36805,50620,TRUE,TRUE,https://www.abc.net.au/news/elections/nswlg/2021/penrith
2021,Penrith City Council,North Ward,councillor,5,NEILL Timothy,NEILL,Timothy,90,0.24,36805,50620,FALSE,TRUE,https://www.abc.net.au/news/elections/nswlg/2021/penrith
2021,Penrith City Council,North Ward,councillor,5,BURKE Liana,BURKE,Liana,173,0.47,36805,50620,FALSE,TRUE,https://www.abc.net.au/news/elections/nswlg/2021/penrith
2021,Penrith City Council,North Ward,councillor,5,HADER Alannah,HADER,Alannah,147,0.40,36805,50620,FALSE,TRUE,https://www.abc.net.au/news/elections/nswlg/2021/penrith
2021,Penrith City Council,North Ward,councillor,5,CORNISH Marcus,CORNISH,Marcus,3776,10.26,36805,50620,FALSE,TRUE,https://www.abc.net.au/news/elections/nswlg/2021/penrith
2021,Penrith City Council,North Ward,councillor,5,CORNISH Margaret,CORNISH,Margaret,24,0.07,36805,50620,FALSE,TRUE,https://www.abc.net.au/news/elections/nswlg/2021/penrith
2021,Penrith City Council,North Ward,councillor,5,CORNISH Alyssa,CORNISH,Alyssa,33,0.09,36805,50620,FALSE,TRUE,https://www.abc.net.au/news/elections/nswlg/2021/penrith
2021,Penrith City Council,North Ward,councillor,5,CORNISH Ardin,CORNISH,Ardin,3,0.01,36805,50620,FALSE,TRUE,https://www.abc.net.au/news/elections/nswlg/2021/penrith
2021,Penrith City Council,North Ward,councillor,5,SIMPSON Tracy,SIMPSON,Tracy,32,0.09,36805,50620,FALSE,TRUE,https://www.abc.net.au/news/elections/nswlg/2021/penrith
2021,Penrith City Council,North Ward,councillor,5,FOWLER Ross,FOWLER,Ross,11965,32.51,36805,50620,TRUE,TRUE,https://www.abc.net.au/news/elections/nswlg/2021/penrith
2021,Penrith City Council,North Ward,councillor,5,GARDINER Glenn,GARDINER,Glenn,87,0.24,36805,50620,TRUE,TRUE,https://www.abc.net.au/news/elections/nswlg/2021/penrith
2021,Penrith City Council,North Ward,councillor,5,DHYON Hartley,DHYON,Hartley,38,0.10,36805,50620,FALSE,TRUE,https://www.abc.net.au/news/elections/nswlg/2021/penrith
2021,Penrith City Council,North Ward,councillor,5,BRATUSA Tess,BRATUSA,Tess,95,0.26,36805,50620,FALSE,TRUE,https://www.abc.net.au/news/elections/nswlg/2021/penrith
2021,Penrith City Council,North Ward,councillor,5,GOLDING Enid,GOLDING,Enid,22,0.06,36805,50620,FALSE,TRUE,https://www.abc.net.au/news/elections/nswlg/2021/penrith
2021,Penrith City Council,South Ward,councillor,5,AITKEN Jim,AITKEN,Jim,5216,14.68,35522,47481,TRUE,TRUE,https://www.abc.net.au/news/elections/nswlg/2021/penrith
2021,Penrith City Council,South Ward,councillor,5,RABIE George,RABIE,George,49,0.14,35522,47481,FALSE,TRUE,https://www.abc.net.au/news/elections/nswlg/2021/penrith
2021,Penrith City Council,South Ward,councillor,5,FOWLER Matthew,FOWLER,Matthew,73,0.21,35522,47481,FALSE,TRUE,https://www.abc.net.au/news/elections/nswlg/2021/penrith
2021,Penrith City Council,South Ward,councillor,5,PARASHKO Julia,PARASHKO,Julia,73,0.21,35522,47481,FALSE,TRUE,https://www.abc.net.au/news/elections/nswlg/2021/penrith
2021,Penrith City Council,South Ward,councillor,5,ATKINSON Norm,ATKINSON,Norm,30,0.08,35522,47481,FALSE,TRUE,https://www.abc.net.au/news/elections/nswlg/2021/penrith
2021,Penrith City Council,South Ward,councillor,5,DAY Sue,DAY,Sue,6700,18.86,35522,47481,TRUE,TRUE,https://www.abc.net.au/news/elections/nswlg/2021/penrith
2021,Penrith City Council,South Ward,councillor,5,SKINNER Faithe,SKINNER,Faithe,51,0.14,35522,47481,FALSE,TRUE,https://www.abc.net.au/news/elections/nswlg/2021/penrith
2021,Penrith City Council,South Ward,councillor,5,CARROLL Rebecca,CARROLL,Rebecca,58,0.16,35522,47481,FALSE,TRUE,https://www.abc.net.au/news/elections/nswlg/2021/penrith
2021,Penrith City Council,South Ward,councillor,5,TOPP Jo-Anne,TOPP,Jo-Anne,20,0.06,35522,47481,FALSE,TRUE,https://www.abc.net.au/news/elections/nswlg/2021/penrith
2021,Penrith City Council,South Ward,councillor,5,BATES Neal,BATES,Neal,30,0.08,35522,47481,FALSE,TRUE,https://www.abc.net.au/news/elections/nswlg/2021/penrith
2021,Penrith City Council,South Ward,councillor,5,DAVIES Mark,DAVIES,Mark,12169,34.26,35522,47481,TRUE,TRUE,https://www.abc.net.au/news/elections/nswlg/2021/penrith
2021,Penrith City Council,South Ward,councillor,5,RUSEV Mark,RUSEV,Mark,53,0.15,35522,47481,TRUE,TRUE,https://www.abc.net.au/news/elections/nswlg/2021/penrith
2021,Penrith City Council,South Ward,councillor,5,NAHHAS Leonie,NAHHAS,Leonie,38,0.11,35522,47481,FALSE,TRUE,https://www.abc.net.au/news/elections/nswlg/2021/penrith
2021,Penrith City Council,South Ward,councillor,5,ZAHRA Andrew,ZAHRA,Andrew,53,0.15,35522,47481,FALSE,TRUE,https://www.abc.net.au/news/elections/nswlg/2021/penrith
2021,Penrith City Council,South Ward,councillor,5,MALTESE Angela,MALTESE,Angela,105,0.30,35522,47481,FALSE,TRUE,https://www.abc.net.au/news/elections/nswlg/2021/penrith
2021,Penrith City Council,South Ward,councillor,5,McKEOWN Karen,McKEOWN,Karen,10397,29.27,35522,47481,TRUE,TRUE,https://www.abc.net.au/news/elections/nswlg/2021/penrith
2021,Penrith City Council,South Ward,councillor,5,PRESDEE Kath,PRESDEE,Kath,55,0.15,35522,47481,FALSE,TRUE,https://www.abc.net.au/news/elections/nswlg/2021/penrith
2021,Penrith City Council,South Ward,councillor,5,FORDHAM Lorraine,FORDHAM,Lorraine,56,0.16,35522,47481,FALSE,TRUE,https://www.abc.net.au/news/elections/nswlg/2021/penrith
2021,Penrith City Council,South Ward,councillor,5,HOGAN Emma,HOGAN,Emma,152,0.43,35522,47481,FALSE,TRUE,https://www.abc.net.au/news/elections/nswlg/2021/penrith
2021,Penrith City Council,South Ward,councillor,5,HAND Majella,HAND,Majella,34,0.10,35522,47481,FALSE,TRUE,https://www.abc.net.au/news/elections/nswlg/2021/penrith
2021,Penrith City Council,South Ward,councillor,5,NASH Abigail,NASH,Abigail,110,0.31,35522,47481,FALSE,TRUE,https://www.abc.net.au/news/elections/nswlg/2021/penrith
2024,Liverpool City Council,,mayor,1,MANNOUN Ned,MANNOUN,Ned,49384,42.07,117382,,TRUE,TRUE,https://en.wikipedia.org/wiki/2024_Liverpool_City_Council_(Australia)_election
2024,Liverpool City Council,,mayor,1,GREEN Betty,GREEN,Betty,30019,25.57,117382,,FALSE,TRUE,https://en.wikipedia.org/wiki/2024_Liverpool_City_Council_(Australia)_election
2024,Liverpool City Council,,mayor,1,RISTEVSKI Peter,RISTEVSKI,Peter,10959,9.34,117382,,FALSE,TRUE,https://en.wikipedia.org/wiki/2024_Liverpool_City_Council_(Australia)_election
2024,Liverpool City Council,,mayor,1,NOIOSI Gemma,NOIOSI,Gemma,8809,7.50,117382,,FALSE,TRUE,https://en.wikipedia.org/wiki/2024_Liverpool_City_Council_(Australia)_election
2024,Liverpool City Council,,mayor,1,ANDJELKOVIC Michael,ANDJELKOVIC,Michael,4819,4.11,117382,,FALSE,TRUE,https://en.wikipedia.org/wiki/2024_Liverpool_City_Council_(Australia)_election
2024,Liverpool City Council,,mayor,1,HARLE Peter,HARLE,Peter,4280,3.65,117382,,FALSE,TRUE,https://en.wikipedia.org/wiki/2024_Liverpool_City_Council_(Australia)_election
2024,Liverpool City Council,,mayor,1,GURUNG Deb,GURUNG,Deb,3203,2.73,117382,,FALSE,TRUE,https://en.wikipedia.org/wiki/2024_Liverpool_City_Council_(Australia)_election
2024,Liverpool City Council,,mayor,1,RHODES Karress,RHODES,Karress,2664,2.27,117382,,FALSE,TRUE,https://en.wikipedia.org/wiki/2024_Liverpool_City_Council_(Australia)_election
2024,Liverpool City Council,,mayor,1,TIERNEY Michael,TIERNEY,Michael,2472,2.11,117382,,FALSE,TRUE,https://en.wikipedia.org/wiki/2024_Liverpool_City_Council_(Australia)_election
2024,Liverpool City Council,,mayor,1,AIKEN Robert,AIKEN,Robert,773,0.66,117382,,FALSE,TRUE,https://en.wikipedia.org/wiki/2024_Liverpool_City_Council_(Australia)_election
2024,Liverpool City Council,North Ward,councillor,5,AMMOUN Richard,AMMOUN,Richard,,,52195,,TRUE,TRUE,https://en.wikipedia.org/wiki/2024_Liverpool_City_Council_(Australia)_election
2024,Liverpool City Council,North Ward,councillor,5,HARTE Matthew,HARTE,Matthew,,,52195,,TRUE,TRUE,https://en.wikipedia.org/wiki/2024_Liverpool_City_Council_(Australia)_election
2024,Liverpool City Council,North Ward,councillor,5,ALAVANJA Milica,ALAVANJA,Milica,,,52195,,FALSE,TRUE,https://en.wikipedia.org/wiki/2024_Liverpool_City_Council_(Australia)_election
2024,Liverpool City Council,North Ward,councillor,5,COLLEY Jane,COLLEY,Jane,,,52195,,FALSE,TRUE,https://en.wikipedia.org/wiki/2024_Liverpool_City_Council_(Australia)_election
2024,Liverpool City Council,North Ward,councillor,5,MANOUN Wael,MANOUN,Wael,,,52195,,FALSE,TRUE,https://en.wikipedia.org/wiki/2024_Liverpool_City_Council_(Australia)_election
2024,Liverpool City Council,North Ward,councillor,5,KARNIB Sam,KARNIB,Sam,,,52195,,TRUE,TRUE,https://en.wikipedia.org/wiki/2024_Liverpool_City_Council_(Australia)_election
2024,Liverpool City Council,North Ward,councillor,5,IBRAHIM Mira,IBRAHIM,Mira,,,52195,,TRUE,TRUE,https://en.wikipedia.org/wiki/2024_Liverpool_City_Council_(Australia)_election
2024,Liverpool City Council,North Ward,councillor,5,STANLEY Chris,STANLEY,Chris,,,52195,,FALSE,TRUE,https://en.wikipedia.org/wiki/2024_Liverpool_City_Council_(Australia)_election
2024,Liverpool City Council,North Ward,councillor,5,MAWULE Francis,MAWULE,Francis,,,52195,,FALSE,TRUE,https://en.wikipedia.org/wiki/2024_Liverpool_City_Council_(Australia)_election
2024,Liverpool City Council,North Ward,councillor,5,MIANKHEL Kamellah,MIANKHEL,Kamellah,,,52195,,FALSE,TRUE,https://en.wikipedia.org/wiki/2024_Liverpool_City_Council_(Australia)_election
2024,Liverpool City Council,North Ward,councillor,5,HARLE Peter,HARLE,Peter,,,52195,,TRUE,TRUE,https://en.wikipedia.org/wiki/2024_Liverpool_City_Council_(Australia)_election
2024,Liverpool City Council,North Ward,councillor,5,KNEIPP Daniel Francis,KNEIPP,Daniel Francis,,,52195,,FALSE,TRUE,https://en.wikipedia.org/wiki/2024_Liverpool_City_Council_(Australia)_election
2024,Liverpool City Council,North Ward,councillor,5,CONNERS Mikaela,CONNERS,Mikaela,,,52195,,FALSE,TRUE,https://en.wikipedia.org/wiki/2024_Liverpool_City_Council_(Australia)_election
2024,Liverpool City Council,North Ward,councillor,5,SOLAGNA Rayman,SOLAGNA,Rayman,,,52195,,FALSE,TRUE,https://en.wikipedia.org/wiki/2024_Liverpool_City_Council_(Australia)_election
2024,Liverpool City Council,North Ward,councillor,5,CONNORS Marc,CONNORS,Marc,,,52195,,FALSE,TRUE,https://en.wikipedia.org/wiki/2024_Liverpool_City_Council_(Australia)_election
2024,Liverpool City Council,North Ward,councillor,5,NERO Florina,NERO,Florina,,,52195,,FALSE,TRUE,https://en.wikipedia.org/wiki/2024_Liverpool_City_Council_(Australia)_election
2024,Liverpool City Council,North Ward,councillor,5,MATTHEWS Jay,MATTHEWS,Jay,,,52195,,FALSE,TRUE,https://en.wikipedia.org/wiki/2024_Liverpool_City_Council_(Australia)_election
2024,Liverpool City Council,North Ward,councillor,5,MIRIC Dejana,MIRIC,Dejana,,,52195,,FALSE,TRUE,https://en.wikipedia.org/wiki/2024_Liverpool_City_Council_(Australia)_election
2024,Liverpool City Council,North Ward,councillor,5,MISSEN Bruce,MISSEN,Bruce,,,52195,,FALSE,TRUE,https://en.wikipedia.org/wiki/2024_Liverpool_City_Council_(Australia)_election
2024,Liverpool City Council,North Ward,councillor,5,RISTEVSKI Charlie,RISTEVSKI,Charlie,,,52195,,FALSE,TRUE,https://en.wikipedia.org/wiki/2024_Liverpool_City_Council_(Australia)_election
2024,Liverpool City Council,North Ward,councillor,5,NOIOSI Gemma,NOIOSI,Gemma,,,52195,,FALSE,TRUE,https://en.wikipedia.org/wiki/2024_Liverpool_City_Council_(Australia)_election
2024,Liverpool City Council,North Ward,councillor,5,COCHRANE Caleb,COCHRANE,Caleb,,,52195,,FALSE,TRUE,https://en.wikipedia.org/wiki/2024_Liverpool_City_Council_(Australia)_election
2024,Liverpool City Council,North Ward,councillor,5,OSMAN Adam,OSMAN,Adam,,,52195,,FALSE,TRUE,https://en.wikipedia.org/wiki/2024_Liverpool_City_Council_(Australia)_election
2024,Liverpool City Council,North Ward,councillor,5,BROOKE Donald,BROOKE,Donald,,,52195,,FALSE,TRUE,https://en.wikipedia.org/wiki/2024_Liverpool_City_Council_(Australia)_election
2024,Liverpool City Council,North Ward,councillor,5,COCHRANE Jennilee,COCHRANE,Jennilee,,,52195,,FALSE,TRUE,https://en.wikipedia.org/wiki/2024_Liverpool_City_Council_(Australia)_election
2024,Liverpool City Council,North Ward,councillor,5,ESTEPHEN Tony,ESTEPHEN,Tony,,,52195,,FALSE,TRUE,https://en.wikipedia.org/wiki/2024_Liverpool_City_Council_(Australia)_election
2024,Liverpool City Council,North Ward,councillor,5,PANICH Lela,PANICH,Lela,,,52195,,FALSE,TRUE,https://en.wikipedia.org/wiki/2024_Liverpool_City_Council_(Australia)_election
2024,Liverpool City Council,North Ward,councillor,5,SPARROW Christopher,SPARROW,Christopher,,,52195,,FALSE,TRUE,https://en.wikipedia.org/wiki/2024_Liverpool_City_Council_(Australia)_election
2024,Liverpool City Council,North Ward,councillor,5,NORTH Eric,NORTH,Eric,,,52195,,FALSE,TRUE,https://en.wikipedia.org/wiki/2024_Liverpool_City_Council_(Australia)_election
2024,Liverpool City Council,North Ward,councillor,5,WILLS Diane,WILLS,Diane,,,52195,,FALSE,TRUE,https://en.wikipedia.org/wiki/2024_Liverpool_City_Council_(Australia)_election
2024,Liverpool City Council,South Ward,councillor,5,MANNOUN Ned,MANNOUN,Ned,,,58781,,FALSE,TRUE,https://en.wikipedia.org/wiki/2024_Liverpool_City_Council_(Australia)_election
2024,Liverpool City Council,South Ward,councillor,5,MACNAUGHT Fiona,MACNAUGHT,Fiona,,,58781,,TRUE,TRUE,https://en.wikipedia.org/wiki/2024_Liverpool_City_Council_(Australia)_election
2024,Liverpool City Council,South Ward,councillor,5,ADJEI Emmanuel,ADJEI,Emmanuel,,,58781,,TRUE,TRUE,https://en.wikipedia.org/wiki/2024_Liverpool_City_Council_(Australia)_election
2024,Liverpool City Council,South Ward,councillor,5,SHAHEED Sid,SHAHEED,Sid,,,58781,,FALSE,TRUE,https://en.wikipedia.org/wiki/2024_Liverpool_City_Council_(Australia)_election
2024,Liverpool City Council,South Ward,councillor,5,GOODMAN Melhem,GOODMAN,Melhem,,,58781,,FALSE,TRUE,https://en.wikipedia.org/wiki/2024_Liverpool_City_Council_(Australia)_election
2024,Liverpool City Council,South Ward,councillor,5,GREEN Betty,GREEN,Betty,,,58781,,TRUE,TRUE,https://en.wikipedia.org/wiki/2024_Liverpool_City_Council_(Australia)_election
2024,Liverpool City Council,South Ward,councillor,5,MONAGHAN Ethan,MONAGHAN,Ethan,,,58781,,TRUE,TRUE,https://en.wikipedia.org/wiki/2024_Liverpool_City_Council_(Australia)_election
2024,Liverpool City Council,South Ward,councillor,5,BHATT Mohan Dev,BHATT,Mohan Dev,,,58781,,FALSE,TRUE,https://en.wikipedia.org/wiki/2024_Liverpool_City_Council_(Australia)_election
2024,Liverpool City Council,South Ward,councillor,5,AHMAD Alaa,AHMAD,Alaa,,,58781,,FALSE,TRUE,https://en.wikipedia.org/wiki/2024_Liverpool_City_Council_(Australia)_election
2024,Liverpool City Council,South Ward,councillor,5,KUMAR Rajesh,KUMAR,Rajesh,,,58781,,FALSE,TRUE,https://en.wikipedia.org/wiki/2024_Liverpool_City_Council_(Australia)_election
2024,Liverpool City Council,South Ward,councillor,5,RISTEVSKI Peter,RISTEVSKI,Peter,,,58781,,TRUE,TRUE,https://en.wikipedia.org/wiki/2024_Liverpool_City_Council_(Australia)_election
2024,Liverpool City Council,South Ward,councillor,5,AL-SULAIMAWI Dhurgham,AL-SULAIMAWI,Dhurgham,,,58781,,FALSE,TRUE,https://en.wikipedia.org/wiki/2024_Liverpool_City_Council_(Australia)_election
2024,Liverpool City Council,South Ward,councillor,5,NADAN Shalini,NADAN,Shalini,,,58781,,FALSE,TRUE,https://en.wikipedia.org/wiki/2024_Liverpool_City_Council_(Australia)_election
2024,Liverpool City Council,South Ward,councillor,5,HUSSEIN Sonia,HUSSEIN,Sonia,,,58781,,FALSE,TRUE,https://en.wikipedia.org/wiki/2024_Liverpool_City_Council_(Australia)_election
2024,Liverpool City Council,South Ward,councillor,5,RISTEVSKI Mary,RISTEVSKI,Mary,,,58781,,FALSE,TRUE,https://en.wikipedia.org/wiki/2024_Liverpool_City_Council_(Australia)_election
2024,Liverpool City Council,South Ward,councillor,5,TEY Victor,TEY,Victor,,,58781,,FALSE,TRUE,https://en.wikipedia.org/wiki/2024_Liverpool_City_Council_(Australia)_election
2024,Liverpool City Council,South Ward,councillor,5,RUNGE Peter,RUNGE,Peter,,,58781,,FALSE,TRUE,https://en.wikipedia.org/wiki/2024_Liverpool_City_Council_(Australia)_election
2024,Liverpool City Council,South Ward,councillor,5,NOIOSI Anthony,NOIOSI,Anthony,,,58781,,FALSE,TRUE,https://en.wikipedia.org/wiki/2024_Liverpool_City_Council_(Australia)_election
2024,Liverpool City Council,South Ward,councillor,5,CORIGLIANO Carmel,CORIGLIANO,Carmel,,,58781,,FALSE,TRUE,https://en.wikipedia.org/wiki/2024_Liverpool_City_Council_(Australia)_election
2024,Liverpool City Council,South Ward,councillor,5,BREAKSPEAR John,BREAKSPEAR,John,,,58781,,FALSE,TRUE,https://en.wikipedia.org/wiki/2024_Liverpool_City_Council_(Australia)_election
2024,Liverpool City Council,South Ward,councillor,5,MOORE Criss,MOORE,Criss,,,58781,,FALSE,TRUE,https://en.wikipedia.org/wiki/2024_Liverpool_City_Council_(Australia)_election
2024,Liverpool City Council,South Ward,councillor,5,KNEIPP Susie,KNEIPP,Susie,,,58781,,FALSE,TRUE,https://en.wikipedia.org/wiki/2024_Liverpool_City_Council_(Australia)_election
2024,Liverpool City Council,South Ward,councillor,5,YOUNG June,YOUNG,June,,,58781,,FALSE,TRUE,https://en.wikipedia.org/wiki/2024_Liverpool_City_Council_(Australia)_election
2024,Liverpool City Council,South Ward,councillor,5,RUSSELL Michael,RUSSELL,Michael,,,58781,,FALSE,TRUE,https://en.wikipedia.org/wiki/2024_Liverpool_City_Council_(Australia)_election
2024,Liverpool City Council,South Ward,councillor,5,MOORE Kevin James,MOORE,Kevin James,,,58781,,FALSE,TRUE,https://en.wikipedia.org/wiki/2024_Liverpool_City_Council_(Australia)_election
2024,Liverpool City Council,South Ward,councillor,5,GURUNG Deb,GURUNG,Deb,,,58781,,FALSE,TRUE,https://en.wikipedia.org/wiki/2024_Liverpool_City_Council_(Australia)_election
2024,Liverpool City Council,South Ward,councillor,5,PESA Fia,PESA,Fia,,,58781,,FALSE,TRUE,https://en.wikipedia.org/wiki/2024_Liverpool_City_Council_(Australia)_election
2024,Liverpool City Council,South Ward,councillor,5,CHOWDHURY Afzal,CHOWDHURY,Afzal,,,58781,,FALSE,TRUE,https://en.wikipedia.org/wiki/2024_Liverpool_City_Council_(Australia)_election
2024,Liverpool City Council,South Ward,councillor,5,PARAJULI BASTAKOTI Bhabana,PARAJULI BASTAKOTI,Bhabana,,,58781,,FALSE,TRUE,https://en.wikipedia.org/wiki/2024_Liverpool_City_Council_(Australia)_election
2024,Liverpool City Council,South Ward,councillor,5,SHRESTHA Bijay,SHRESTHA,Bijay,,,58781,,FALSE,TRUE,https://en.wikipedia.org/wiki/2024_Liverpool_City_Council_(Australia)_election
2024,Liverpool City Council,South Ward,councillor,5,RHODES Karress,RHODES,Karress,,,58781,,FALSE,TRUE,https://en.wikipedia.org/wiki/2024_Liverpool_City_Council_(Australia)_election
2024,Liverpool City Council,South Ward,councillor,5,FAHRI Tarkan,FAHRI,Tarkan,,,58781,,FALSE,TRUE,https://en.wikipedia.org/wiki/2024_Liverpool_City_Council_(Australia)_election
2024,Liverpool City Council,South Ward,councillor,5,FILIPAKIS Carla,FILIPAKIS,Carla,,,58781,,FALSE,TRUE,https://en.wikipedia.org/wiki/2024_Liverpool_City_Council_(Australia)_election
2024,Liverpool City Council,South Ward,councillor,5,KADIR Robert,KADIR,Robert,,,58781,,FALSE,TRUE,https://en.wikipedia.org/wiki/2024_Liverpool_City_Council_(Australia)_election
2024,Liverpool City Council,South Ward,councillor,5,REEKS Jody,REEKS,Jody,,,58781,,FALSE,TRUE,https://en.wikipedia.org/wiki/2024_Liverpool_City_Council_(Australia)_election
2024,Liverpool City Council,South Ward,councillor,5,ANDJELKOVIC Michael,ANDJELKOVIC,Michael,,,58781,,FALSE,TRUE,https://en.wikipedia.org/wiki/2024_Liverpool_City_Council_(Australia)_election
2024,Liverpool City Council,South Ward,councillor,5,TIERNEY Michael,TIERNEY,Michael,,,58781,,FALSE,TRUE,https://en.wikipedia.org/wiki/2024_Liverpool_City_Council_(Australia)_election
2024,Liverpool City Council,South Ward,councillor,5,TIERNEY Alice,TIERNEY,Alice,,,58781,,FALSE,TRUE,https://en.wikipedia.org/wiki/2024_Liverpool_City_Council_(Australia)_election
2024,Liverpool City Council,South Ward,councillor,5,KHEMANANTA Emily-Claire,KHEMANANTA,Emily-Claire,,,58781,,FALSE,TRUE,https://en.wikipedia.org/wiki/2024_Liverpool_City_Council_(Australia)_election
2024,Liverpool City Council,South Ward,councillor,5,BOA MORTE Margarida,BOA MORTE,Margarida,,,58781,,FALSE,TRUE,https://en.wikipedia.org/wiki/2024_Liverpool_City_Council_(Australia)_election
