election,pollster,fieldwork_start,fieldwork_end,scope,state,seat,sample_n,alp_tpp,alp_fp,lnp_fp,grn_fp,oth_fp,source_url,verified,extra_fp
fed2016,"unknown (date and pollster per Wikipedia table, not named)",2016-06-22,2016-06-23,seat,nt,Solomon,513,61,,,,,https://en.wikipedia.org/wiki/Electorate_opinion_polling_for_the_2016_Australian_federal_election,partial,
fed2016,ReachTEL,2016-05-14,2016-05-14,seat,tas,Bass,632,49,36.0,46.2,9.7,,https://www.pollbludger.net/2016/05/15/reachtel-tasmanian-electorate-polling/ https://www.pollbludger.net/2016/06/24/reachtel-51-49-coalition-2/,yes,
fed2016,unknown (reported by 9news 3 Jun 2016),2016-05-31,2016-05-31,seat,tas,Bass,824,51,,,,,https://en.wikipedia.org/wiki/Electorate_opinion_polling_for_the_2016_Australian_federal_election,partial,
fed2016,unknown (reported by The Australian; likely Newspoll),2016-06-17,2016-06-17,seat,tas,Bass,517,48,,,,,https://en.wikipedia.org/wiki/Electorate_opinion_polling_for_the_2016_Australian_federal_election,partial,
fed2016,ReachTEL,2016-06-23,2016-06-23,seat,tas,Bass,538,50,33.4,42.6,10.4,,https://www.pollbludger.net/2016/06/24/reachtel-51-49-coalition-2/,yes,tpp_prev_prefs_alp=48.8
fed2016,ReachTEL,2016-05-14,2016-05-14,seat,tas,Braddon,592,47,34.4,46.4,6.6,,https://www.pollbludger.net/2016/05/15/reachtel-tasmanian-electorate-polling/ https://www.pollbludger.net/2016/06/24/reachtel-51-49-coalition-2/,yes,
fed2016,ReachTEL,2016-06-23,2016-06-23,seat,tas,Braddon,566,50,37.9,42.7,8.8,,https://www.pollbludger.net/2016/06/24/reachtel-51-49-coalition-2/,yes,tpp_prev_prefs_alp=51.0
fed2016,ReachTEL,2016-05-14,2016-05-14,seat,tas,Denison,596,,22.1,27.3,13.3,,https://www.pollbludger.net/2016/05/15/reachtel-tasmanian-electorate-polling/ https://www.pollbludger.net/2016/06/24/reachtel-51-49-coalition-2/,yes,IND_Wilkie=37.3;2cp_IND_vs_LNP=66
fed2016,ReachTEL,2016-06-23,2016-06-23,seat,tas,Denison,552,,24.5,29.5,8.7,,https://www.pollbludger.net/2016/06/24/reachtel-51-49-coalition-2/,yes,IND_Wilkie=34.5;2cp_IND_vs_ALP=63
fed2016,ReachTEL,2016-05-14,2016-05-14,seat,tas,Franklin,597,54,40.7,34.3,15.9,,https://www.pollbludger.net/2016/05/15/reachtel-tasmanian-electorate-polling/ https://www.pollbludger.net/2016/06/24/reachtel-51-49-coalition-2/,yes,
fed2016,ReachTEL,2016-06-23,2016-06-23,seat,tas,Franklin,550,59,37.1,37.6,18.3,,https://www.pollbludger.net/2016/06/24/reachtel-51-49-coalition-2/,yes,tpp_prev_prefs_alp=56.7
fed2016,ReachTEL,2016-05-14,2016-05-14,seat,tas,Lyons,602,49,29.2,45.8,13.3,,https://www.pollbludger.net/2016/05/15/reachtel-tasmanian-electorate-polling/ https://www.pollbludger.net/2016/06/24/reachtel-51-49-coalition-2/,yes,
fed2016,ReachTEL,2016-06-23,2016-06-23,seat,tas,Lyons,540,55,35.2,40.4,11.8,,https://www.pollbludger.net/2016/06/24/reachtel-51-49-coalition-2/,yes,tpp_prev_prefs_alp=48.9
fed2019,Newspoll,2019-04-20,2019-04-20,seat,nsw,Lindsay,618,51.0,40.0,41.0,4.0,8.0,https://en.wikipedia.org/wiki/Electorate_opinion_polling_for_the_2019_Australian_federal_election,yes,UAP=7.0;2pp_LIB=49.0
fed2019,Newspoll,2019-05-09,2019-05-11,seat,nsw,Lindsay,500,48.0,39.0,44.0,4.0,,https://en.wikipedia.org/wiki/Electorate_opinion_polling_for_the_2019_Australian_federal_election,yes,UAP=6.0;2pp_LIB=52.0
fed2019,ReachTEL,2019-02-09,2019-02-09,seat,nsw,Warringah,618,,15.0,37.7,9.6,5.7,https://en.wikipedia.org/wiki/Electorate_opinion_polling_for_the_2019_Australian_federal_election,yes,IND=22.3;IND=4.9;2pp_IND=54.0;2pp_LIB=46.0
fed2019,Newspoll,2019-01-24,2019-01-24,seat,qld,Herbert,509,51.0,32.0,32.0,7.0,3.0,https://en.wikipedia.org/wiki/Electorate_opinion_polling_for_the_2019_Australian_federal_election,yes,ONP=9.0;KAP=9.0;UAP=8.0;2pp_LNP=49.0
fed2019,Newspoll,2019-04-20,2019-04-20,seat,qld,Herbert,529,50.0,29.0,31.0,5.0,2.0,https://en.wikipedia.org/wiki/Electorate_opinion_polling_for_the_2019_Australian_federal_election,yes,ONP=9.0;KAP=10.0;UAP=14.0;2pp_LNP=50.0
fed2019,Newspoll,2019-05-09,2019-05-11,seat,qld,Herbert,500,48.0,30.0,35.0,7.0,,https://en.wikipedia.org/wiki/Electorate_opinion_polling_for_the_2019_Australian_federal_election,yes,ONP=7.0;KAP=13.0;UAP=7.0;2pp_LNP=52.0
fed2019,Newspoll,2019-04-20,2019-04-20,seat,vic,Deakin,535,49.0,39.0,46.0,8.0,,https://en.wikipedia.org/wiki/Electorate_opinion_polling_for_the_2019_Australian_federal_election,yes,UAP=5.0;2pp_LIB=51.0
fed2019,ReachTEL/uComms,2019-01-24,2019-01-24,seat,vic,Flinders,500,51.0,,36.8,,,https://en.wikipedia.org/wiki/Electorate_opinion_polling_for_the_2019_Australian_federal_election,yes,2pp_LIB=49.0
fed2019,ReachTEL/uComms,2019-01-24,2019-01-24,seat,vic,Higgins,500,52.0,,,,,https://en.wikipedia.org/wiki/Electorate_opinion_polling_for_the_2019_Australian_federal_election,yes,2pp_LIB=48.0
fed2019,ER&C,2019-05-13,2019-05-13,seat,vic,Higgins,400,,30.0,36.0,29.0,,https://en.wikipedia.org/wiki/Electorate_opinion_polling_for_the_2019_Australian_federal_election,yes,2pp_LIB=46.0;2pp_GRN=54.0
fed2019,ReachTEL,2018-12-11,2018-12-11,seat,vic,Kooyong,816,52.0,29.0,40.0,16.0,8.0,https://en.wikipedia.org/wiki/Electorate_opinion_polling_for_the_2019_Australian_federal_election,yes,2pp_LIB=48.0
fed2019,ER&C,2019-05-13,2019-05-13,seat,vic,Kooyong,1741,,16.0,41.0,21.0,8.0,https://en.wikipedia.org/wiki/Electorate_opinion_polling_for_the_2019_Australian_federal_election,yes,IND=9.0;2pp_LIB=52.0;2pp_GRN=48.0
fed2019,Newspoll,2019-04-20,2019-04-20,seat,wa,Pearce,509,50.0,36.0,40.0,8.0,,https://en.wikipedia.org/wiki/Electorate_opinion_polling_for_the_2019_Australian_federal_election,yes,ONP=6.0;UAP=8.0;2pp_LIB=50.0
fed2019,EMRS,2018-12-15,2018-12-17,state,tas,,1000,,40,33,11,,https://www.pollbludger.net/2018/12/23/emrs-tasmanian-federal-state-poll/,yes,"fieldwork dates inferred from ""last Saturday to Monday"" in post dated 23 Dec 2018"
fed2022,YouGov,2022-04-14,2022-05-07,seat,act,Bean,,63.0,44.0,24.0,11.0,17.0,https://en.wikipedia.org/wiki/Electorate_opinion_polling_for_the_2022_Australian_federal_election,yes,ON=2.0;UAP=2.0;2pp_Lib=37.0
fed2022,YouGov,2022-04-14,2022-05-07,seat,act,Canberra,,72.0,46.0,20.0,24.0,8.0,https://en.wikipedia.org/wiki/Electorate_opinion_polling_for_the_2022_Australian_federal_election,yes,ON=1.0;UAP=1.0;2pp_Lib=28.0
fed2022,YouGov,2022-04-14,2022-05-07,seat,act,Fenner,,64.0,46.0,30.0,18.0,2.0,https://en.wikipedia.org/wiki/Electorate_opinion_polling_for_the_2022_Australian_federal_election,yes,ON=2.0;UAP=2.0;2pp_Lib=36.0
fed2022,RedBridge,2022-04-06,2022-04-06,seat,act,Senate,,,37.0,25.0,14.0,,https://en.wikipedia.org/wiki/Electorate_opinion_polling_for_the_2022_Australian_federal_election,yes,Pocock=11.0
fed2022,RedBridge,2022-04-06,2022-04-06,seat,act,Senate,,,35.0,24.0,15.0,,https://en.wikipedia.org/wiki/Electorate_opinion_polling_for_the_2022_Australian_federal_election,yes,Pocock=13.0
fed2022,RedBridge,2022-05-06,2022-05-06,seat,act,Senate,1064,,27.0,25.0,11.0,4.0,https://en.wikipedia.org/wiki/Electorate_opinion_polling_for_the_2022_Australian_federal_election,yes,Pocock=21.0;Rubenstein=6.0;UAP=6.0
fed2022,YouGov,2022-04-14,2022-05-07,seat,nsw,Banks,,48.0,38.0,45.0,9.0,3.0,https://en.wikipedia.org/wiki/Electorate_opinion_polling_for_the_2022_Australian_federal_election,yes,ON=2.0;UAP=3.0;2pp_L/NP=52.0
fed2022,YouGov,2022-04-14,2022-05-07,seat,nsw,Barton,,59.0,49.0,36.0,9.0,3.0,https://en.wikipedia.org/wiki/Electorate_opinion_polling_for_the_2022_Australian_federal_election,yes,ON=2.0;UAP=3.0;2pp_L/NP=41.0
fed2022,YouGov,2022-04-14,2022-05-07,seat,nsw,Bennelong,,50.0,40.0,44.0,9.0,2.0,https://en.wikipedia.org/wiki/Electorate_opinion_polling_for_the_2022_Australian_federal_election,yes,ON=2.0;UAP=3.0;2pp_L/NP=50.0
fed2022,YouGov,2022-04-14,2022-05-07,seat,nsw,Berowra,,42.0,29.0,50.0,12.0,5.0,https://en.wikipedia.org/wiki/Electorate_opinion_polling_for_the_2022_Australian_federal_election,yes,ON=3.0;UAP=1.0;2pp_L/NP=58.0
fed2022,YouGov,2022-04-14,2022-05-07,seat,nsw,Blaxland,,64.0,50.0,29.0,13.0,,https://en.wikipedia.org/wiki/Electorate_opinion_polling_for_the_2022_Australian_federal_election,yes,ON=3.0;UAP=5.0;2pp_L/NP=36.0
fed2022,YouGov,2022-04-14,2022-05-07,seat,nsw,Bradfield,,42.0,30.0,49.0,11.0,5.0,https://en.wikipedia.org/wiki/Electorate_opinion_polling_for_the_2022_Australian_federal_election,yes,ON=2.0;UAP=3.0;2pp_L/NP=58.0
fed2022,YouGov,2022-04-14,2022-05-07,seat,nsw,Calare,,40.0,26.0,43.0,5.0,11.0,https://en.wikipedia.org/wiki/Electorate_opinion_polling_for_the_2022_Australian_federal_election,yes,ON=9.0;UAP=6.0;2pp_L/NP=60.0
fed2022,YouGov,2022-04-14,2022-05-07,seat,nsw,Chifley,,60.0,50.0,28.0,6.0,10.0,https://en.wikipedia.org/wiki/Electorate_opinion_polling_for_the_2022_Australian_federal_election,yes,ON=4.0;UAP=2.0;2pp_L/NP=40.0
fed2022,YouGov,2022-04-14,2022-05-07,seat,nsw,Cook,,38.0,29.0,55.0,7.0,,https://en.wikipedia.org/wiki/Electorate_opinion_polling_for_the_2022_Australian_federal_election,yes,ON=4.0;UAP=5.0;2pp_L/NP=62.0
fed2022,YouGov,2022-04-14,2022-05-07,seat,nsw,Cowper,,32.0,21.0,42.0,7.0,17.0,https://en.wikipedia.org/wiki/Electorate_opinion_polling_for_the_2022_Australian_federal_election,yes,ON=11.0;UAP=2.0;2pp_L/NP=68.0
fed2022,YouGov,2022-04-14,2022-05-07,seat,nsw,Cunningham,,63.0,46.0,29.0,15.0,1.0,https://en.wikipedia.org/wiki/Electorate_opinion_polling_for_the_2022_Australian_federal_election,yes,ON=3.0;UAP=6.0;2pp_L/NP=37.0
fed2022,YouGov,2022-04-14,2022-05-07,seat,nsw,Dobell,,54.0,42.0,36.0,9.0,3.0,https://en.wikipedia.org/wiki/Electorate_opinion_polling_for_the_2022_Australian_federal_election,yes,ON=4.0;UAP=6.0;2pp_L/NP=46.0
fed2022,YouGov,2022-04-14,2022-05-07,seat,nsw,Eden-Monaro,,57.0,44.0,35.0,7.0,9.0,https://en.wikipedia.org/wiki/Electorate_opinion_polling_for_the_2022_Australian_federal_election,yes,ON=3.0;UAP=2.0;2pp_L/NP=43.0
fed2022,YouGov,2022-04-14,2022-05-07,seat,nsw,Farrer,,27.0,21.0,48.0,7.0,10.0,https://en.wikipedia.org/wiki/Electorate_opinion_polling_for_the_2022_Australian_federal_election,yes,ON=9.0;UAP=5.0;2pp_L/NP=73.0
fed2022,YouGov,2022-04-14,2022-05-07,seat,nsw,Fowler,,62.0,50.0,28.0,7.0,4.0,https://en.wikipedia.org/wiki/Electorate_opinion_polling_for_the_2022_Australian_federal_election,yes,ON=5.0;UAP=6.0;2pp_L/NP=38.0
fed2022,Laidlaw Campaigns,2022-05-17,2022-05-17,seat,nsw,Fowler,618,45.0,42.0,,,,https://en.wikipedia.org/wiki/Electorate_opinion_polling_for_the_2022_Australian_federal_election,yes,2pp_IND=38.0
fed2022,YouGov,2022-04-14,2022-05-07,seat,nsw,Gilmore,,53.0,39.0,39.0,11.0,4.0,https://en.wikipedia.org/wiki/Electorate_opinion_polling_for_the_2022_Australian_federal_election,yes,ON=5.0;UAP=2.0;2pp_L/NP=47.0
fed2022,Industry Association,2022-05-15,2022-05-15,seat,nsw,Gilmore,800,56.0,,,,,https://en.wikipedia.org/wiki/Electorate_opinion_polling_for_the_2022_Australian_federal_election,yes,2pp_L/NP=44.0
fed2022,YouGov,2022-04-14,2022-05-07,seat,nsw,Grayndler,,69.0,53.0,20.0,20.0,5.0,https://en.wikipedia.org/wiki/Electorate_opinion_polling_for_the_2022_Australian_federal_election,yes,ON=1.0;UAP=1.0;2pp_GRN=31.0
fed2022,YouGov,2022-04-14,2022-05-07,seat,nsw,Greenway,,53.0,44.0,38.0,8.0,5.0,https://en.wikipedia.org/wiki/Electorate_opinion_polling_for_the_2022_Australian_federal_election,yes,ON=3.0;UAP=2.0;2pp_L/NP=47.0
fed2022,YouGov,2022-04-14,2022-05-07,seat,nsw,Hughes,,44.0,31.0,42.0,6.0,14.0,https://en.wikipedia.org/wiki/Electorate_opinion_polling_for_the_2022_Australian_federal_election,yes,ON=2.0;UAP=5.0;2pp_L/NP=56.0
fed2022,YouGov,2022-04-14,2022-05-07,seat,nsw,Hume,,41.0,32.0,47.0,6.0,6.0,https://en.wikipedia.org/wiki/Electorate_opinion_polling_for_the_2022_Australian_federal_election,yes,ON=4.0;UAP=5.0;2pp_L/NP=59.0
fed2022,YouGov,2022-04-14,2022-05-07,seat,nsw,Hunter,,60.0,42.0,16.0,10.0,10.0,https://en.wikipedia.org/wiki/Electorate_opinion_polling_for_the_2022_Australian_federal_election,yes,ON=16.0;UAP=6.0;2pp_L/NP=40.0
fed2022,Industry Association,2022-05-15,2022-05-15,seat,nsw,Hunter,800,51.0,,,,,https://en.wikipedia.org/wiki/Electorate_opinion_polling_for_the_2022_Australian_federal_election,yes,2pp_L/NP=49.0
fed2022,YouGov,2022-04-14,2022-05-07,seat,nsw,Kingsford Smith,,59.0,44.0,35.0,15.0,,https://en.wikipedia.org/wiki/Electorate_opinion_polling_for_the_2022_Australian_federal_election,yes,ON=2.0;UAP=4.0;2pp_L/NP=41.0
fed2022,YouGov,2022-04-14,2022-05-07,seat,nsw,Lindsay,,50.0,40.0,40.0,8.0,3.0,https://en.wikipedia.org/wiki/Electorate_opinion_polling_for_the_2022_Australian_federal_election,yes,ON=6.0;UAP=3.0;2pp_L/NP=50.0
fed2022,Industry Association,2022-05-15,2022-05-15,seat,nsw,Lindsay,800,43.0,,,,,https://en.wikipedia.org/wiki/Electorate_opinion_polling_for_the_2022_Australian_federal_election,yes,2pp_L/NP=57.0
fed2022,YouGov,2022-04-14,2022-05-07,seat,nsw,Lyne,,44.0,28.0,38.0,6.0,19.0,https://en.wikipedia.org/wiki/Electorate_opinion_polling_for_the_2022_Australian_federal_election,yes,ON=6.0;UAP=3.0;2pp_L/NP=56.0
fed2022,YouGov,2022-04-14,2022-05-07,seat,nsw,Macarthur,,62.0,51.0,28.0,8.0,2.0,https://en.wikipedia.org/wiki/Electorate_opinion_polling_for_the_2022_Australian_federal_election,yes,ON=7.0;UAP=4.0;2pp_L/NP=38.0
fed2022,uComms,2022-04-07,2022-04-07,seat,nsw,Mackellar,833,,18.0,35.2,,,https://en.wikipedia.org/wiki/Electorate_opinion_polling_for_the_2022_Australian_federal_election,yes,IND=23.9
fed2022,YouGov,2022-04-14,2022-05-07,seat,nsw,Mackellar,,,20.0,45.0,7.0,23.0,https://en.wikipedia.org/wiki/Electorate_opinion_polling_for_the_2022_Australian_federal_election,yes,ON=3.0;UAP=2.0;2pp_L/NP=53.0;2pp_IND=47.0
fed2022,YouGov,2022-04-14,2022-05-07,seat,nsw,Macquarie,,53.0,40.0,39.0,10.0,6.0,https://en.wikipedia.org/wiki/Electorate_opinion_polling_for_the_2022_Australian_federal_election,yes,ON=3.0;UAP=2.0;2pp_L/NP=47.0
fed2022,YouGov,2022-04-14,2022-05-07,seat,nsw,McMahon,,56.0,39.0,35.0,7.0,5.0,https://en.wikipedia.org/wiki/Electorate_opinion_polling_for_the_2022_Australian_federal_election,yes,ON=5.0;UAP=5.0;2pp_L/NP=44.0
fed2022,YouGov,2022-04-14,2022-05-07,seat,nsw,Mitchell,,41.0,30.0,50.0,10.0,2.0,https://en.wikipedia.org/wiki/Electorate_opinion_polling_for_the_2022_Australian_federal_election,yes,ON=5.0;UAP=3.0;2pp_L/NP=59.0
fed2022,YouGov,2022-04-14,2022-05-07,seat,nsw,New England,,32.0,21.0,40.0,6.0,20.0,https://en.wikipedia.org/wiki/Electorate_opinion_polling_for_the_2022_Australian_federal_election,yes,ON=10.0;UAP=3.0;2pp_L/NP=68.0
fed2022,YouGov,2022-04-14,2022-05-07,seat,nsw,Newcastle,,67.0,50.0,27.0,15.0,3.0,https://en.wikipedia.org/wiki/Electorate_opinion_polling_for_the_2022_Australian_federal_election,yes,ON=3.0;UAP=2.0;2pp_L/NP=33.0
fed2022,uComms,2022-01-28,2022-01-28,seat,nsw,North Sydney,850,,22.9,34.1,11.2,,https://en.wikipedia.org/wiki/Electorate_opinion_polling_for_the_2022_Australian_federal_election,yes,IND=20.0
fed2022,Community Engagement,2022-04-11,2022-04-12,seat,nsw,North Sydney,1114,,17.4,37.4,8.7,,https://en.wikipedia.org/wiki/Electorate_opinion_polling_for_the_2022_Australian_federal_election,yes,IND=19.4;UAP=5.6
fed2022,Compass Polling,2022-05-06,2022-05-06,seat,nsw,North Sydney,507,46.0,21.6,40.5,12.9,6.1,https://en.wikipedia.org/wiki/Electorate_opinion_polling_for_the_2022_Australian_federal_election,yes,IND=13.6;ON=3.0;UAP=1.4;2pp_L/NP=54.0
fed2022,YouGov,2022-04-14,2022-05-07,seat,nsw,North Sydney,,47.0,30.0,38.0,10.0,18.0,https://en.wikipedia.org/wiki/Electorate_opinion_polling_for_the_2022_Australian_federal_election,yes,ON=2.0;UAP=2.0;2pp_L/NP=53.0
fed2022,RedBridge,2022-05-03,2022-05-14,seat,nsw,North Sydney,1267,,17.8,33.3,,,https://en.wikipedia.org/wiki/Electorate_opinion_polling_for_the_2022_Australian_federal_election,yes,IND=23.5
fed2022,YouGov,2022-04-14,2022-05-07,seat,nsw,Page,,48.0,31.0,37.0,9.0,15.0,https://en.wikipedia.org/wiki/Electorate_opinion_polling_for_the_2022_Australian_federal_election,yes,ON=6.0;UAP=2.0;2pp_L/NP=52.0
fed2022,YouGov,2022-04-14,2022-05-07,seat,nsw,Parkes,,46.0,32.0,35.0,5.0,17.0,https://en.wikipedia.org/wiki/Electorate_opinion_polling_for_the_2022_Australian_federal_election,yes,ON=7.0;UAP=4.0;2pp_L/NP=54.0
fed2022,RedBridge,2022-04-28,2022-04-28,seat,nsw,Parramatta,,55.0,32.4,26.4,10.7,11.9,https://en.wikipedia.org/wiki/Electorate_opinion_polling_for_the_2022_Australian_federal_election,yes,UAP=7.2;2pp_L/NP=45.0
fed2022,YouGov,2022-04-14,2022-05-07,seat,nsw,Parramatta,,57.0,47.0,37.0,7.0,4.0,https://en.wikipedia.org/wiki/Electorate_opinion_polling_for_the_2022_Australian_federal_election,yes,ON=3.0;UAP=2.0;2pp_L/NP=43.0
fed2022,Industry Association,2022-05-15,2022-05-15,seat,nsw,Parramatta,800,54.0,,,,,https://en.wikipedia.org/wiki/Electorate_opinion_polling_for_the_2022_Australian_federal_election,yes,2pp_L/NP=46.0
fed2022,YouGov,2022-04-14,2022-05-07,seat,nsw,Paterson,,58.0,47.0,30.0,7.0,3.0,https://en.wikipedia.org/wiki/Electorate_opinion_polling_for_the_2022_Australian_federal_election,yes,ON=10.0;UAP=3.0;2pp_L/NP=42.0
fed2022,YouGov,2022-04-14,2022-05-07,seat,nsw,Reid,,56.0,44.0,37.0,11.0,3.0,https://en.wikipedia.org/wiki/Electorate_opinion_polling_for_the_2022_Australian_federal_election,yes,ON=2.0;UAP=3.0;2pp_L/NP=44.0
fed2022,Industry Association,2022-05-15,2022-05-15,seat,nsw,Reid,800,53.0,,,,,https://en.wikipedia.org/wiki/Electorate_opinion_polling_for_the_2022_Australian_federal_election,yes,2pp_L/NP=47.0
fed2022,YouGov,2022-04-14,2022-05-07,seat,nsw,Richmond,,59.0,32.0,25.0,18.0,20.0,https://en.wikipedia.org/wiki/Electorate_opinion_polling_for_the_2022_Australian_federal_election,yes,ON=3.0;UAP=2.0;2pp_L/NP=41.0
fed2022,YouGov,2022-04-14,2022-05-07,seat,nsw,Riverina,,41.0,29.0,41.0,6.0,13.0,https://en.wikipedia.org/wiki/Electorate_opinion_polling_for_the_2022_Australian_federal_election,yes,ON=6.0;UAP=5.0;2pp_L/NP=59.0
fed2022,YouGov,2022-04-14,2022-05-07,seat,nsw,Robertson,,51.0,39.0,39.0,9.0,3.0,https://en.wikipedia.org/wiki/Electorate_opinion_polling_for_the_2022_Australian_federal_election,yes,ON=5.0;UAP=5.0;2pp_L/NP=49.0
fed2022,Industry Association,2022-05-15,2022-05-15,seat,nsw,Robertson,800,58.0,,,,,https://en.wikipedia.org/wiki/Electorate_opinion_polling_for_the_2022_Australian_federal_election,yes,2pp_L/NP=42.0
fed2022,YouGov,2022-04-14,2022-05-07,seat,nsw,Shortland,,60.0,43.0,28.0,11.0,10.0,https://en.wikipedia.org/wiki/Electorate_opinion_polling_for_the_2022_Australian_federal_election,yes,ON=3.0;UAP=5.0;2pp_L/NP=40.0
fed2022,Industry Association,2022-05-15,2022-05-15,seat,nsw,Shortland,800,57.0,,,,,https://en.wikipedia.org/wiki/Electorate_opinion_polling_for_the_2022_Australian_federal_election,yes,2pp_L/NP=43.0
fed2022,YouGov,2022-04-14,2022-05-07,seat,nsw,Sydney,,72.0,51.0,23.0,21.0,2.0,https://en.wikipedia.org/wiki/Electorate_opinion_polling_for_the_2022_Australian_federal_election,yes,ON=1.0;UAP=2.0;2pp_L/NP=28.0
fed2022,YouGov,2022-04-14,2022-05-07,seat,nsw,Warringah,,,12.0,32.0,5.0,45.0,https://en.wikipedia.org/wiki/Electorate_opinion_polling_for_the_2022_Australian_federal_election,yes,ON=4.0;UAP=2.0;2pp_L/NP=41.0;2pp_IND=59.0
fed2022,YouGov,2022-04-14,2022-05-07,seat,nsw,Watson,,65.0,55.0,29.0,7.0,11.0,https://en.wikipedia.org/wiki/Electorate_opinion_polling_for_the_2022_Australian_federal_election,yes,ON=5.0;UAP=4.0;2pp_L/NP=35.0
fed2022,uComms,2022-01-28,2022-01-28,seat,nsw,Wentworth,850,,18.6,35.6,7.5,,https://en.wikipedia.org/wiki/Electorate_opinion_polling_for_the_2022_Australian_federal_election,yes,IND=27.7;2pp_L/NP=44.0;2pp_IND=56.0
fed2022,KJC Research,2022-03-20,2022-03-21,seat,nsw,Wentworth,1036,,14.0,42.0,9.0,4.0,https://en.wikipedia.org/wiki/Electorate_opinion_polling_for_the_2022_Australian_federal_election,yes,IND=27.0;UAP=3.0;2pp_L/NP=49.0;2pp_IND=51.0
fed2022,RedBridge,2022-04-28,2022-04-28,seat,nsw,Wentworth,,,16.2,36.6,7.0,5.3,https://en.wikipedia.org/wiki/Electorate_opinion_polling_for_the_2022_Australian_federal_election,yes,IND=24.3;UAP=6.3;2pp_L/NP=47.0;2pp_IND=53.0
fed2022,RedBridge,2022-05-01,2022-05-07,seat,nsw,Wentworth,1117,,11.7,36.0,6.2,,https://en.wikipedia.org/wiki/Electorate_opinion_polling_for_the_2022_Australian_federal_election,yes,IND=33.3;UAP=5.3
fed2022,YouGov,2022-04-14,2022-05-07,seat,nsw,Wentworth,,,16.0,48.0,5.0,26.0,https://en.wikipedia.org/wiki/Electorate_opinion_polling_for_the_2022_Australian_federal_election,yes,ON=3.0;UAP=2.0;2pp_L/NP=56.0;2pp_IND=44.0
fed2022,YouGov,2022-04-14,2022-05-07,seat,nsw,Werriwa,,53.0,41.0,36.0,7.0,7.0,https://en.wikipedia.org/wiki/Electorate_opinion_polling_for_the_2022_Australian_federal_election,yes,ON=4.0;UAP=5.0;2pp_L/NP=47.0
fed2022,YouGov,2022-04-14,2022-05-07,seat,nsw,Whitlam,,64.0,50.0,23.0,12.0,4.0,https://en.wikipedia.org/wiki/Electorate_opinion_polling_for_the_2022_Australian_federal_election,yes,ON=6.0;UAP=5.0;2pp_L/NP=36.0
fed2022,YouGov,2022-04-14,2022-05-07,seat,nt,Lingiari,,57.0,43.0,32.0,12.0,5.0,https://en.wikipedia.org/wiki/Electorate_opinion_polling_for_the_2022_Australian_federal_election,yes,ON=7.0;UAP=1.0;2pp_CLP=43.0
fed2022,YouGov,2022-04-14,2022-05-07,seat,nt,Solomon,,56.0,40.0,33.0,15.0,3.0,https://en.wikipedia.org/wiki/Electorate_opinion_polling_for_the_2022_Australian_federal_election,yes,ON=5.0;UAP=4.0;2pp_CLP=44.0
fed2022,YouGov,2022-04-14,2022-05-07,seat,qld,Blair,,54.0,36.0,30.0,12.0,7.0,https://en.wikipedia.org/wiki/Electorate_opinion_polling_for_the_2022_Australian_federal_election,yes,ON=11.0;UAP=4.0;2pp_LNP=46.0
fed2022,YouGov,2022-04-14,2022-05-07,seat,qld,Bonner,,46.0,32.0,46.0,15.0,,https://en.wikipedia.org/wiki/Electorate_opinion_polling_for_the_2022_Australian_federal_election,yes,ON=4.0;UAP=3.0;2pp_LNP=54.0
fed2022,YouGov,2022-04-14,2022-05-07,seat,qld,Bowman,,45.0,32.0,44.0,12.0,1.0,https://en.wikipedia.org/wiki/Electorate_opinion_polling_for_the_2022_Australian_federal_election,yes,ON=6.0;UAP=5.0;2pp_LNP=55.0
fed2022,YouGov,2022-04-14,2022-05-07,seat,qld,Brisbane,,54.0,29.0,36.0,28.0,2.0,https://en.wikipedia.org/wiki/Electorate_opinion_polling_for_the_2022_Australian_federal_election,yes,ON=2.0;UAP=3.0;2pp_LNP=46.0
fed2022,YouGov,2022-04-14,2022-05-07,seat,qld,Capricornia,,41.0,27.0,38.0,7.0,8.0,https://en.wikipedia.org/wiki/Electorate_opinion_polling_for_the_2022_Australian_federal_election,yes,ON=16.0;UAP=4.0;2pp_LNP=59.0
fed2022,YouGov,2022-04-14,2022-05-07,seat,qld,Dawson,,44.0,30.0,33.0,7.0,8.0,https://en.wikipedia.org/wiki/Electorate_opinion_polling_for_the_2022_Australian_federal_election,yes,ON=19.0;UAP=3.0;2pp_LNP=56.0
fed2022,United Workers Union,2022-01-28,2022-01-28,seat,qld,Dickson,1200,49.0,34.0,40.0,10.0,4.0,https://en.wikipedia.org/wiki/Electorate_opinion_polling_for_the_2022_Australian_federal_election,yes,ON=5.0;UAP=5.0;2pp_LNP=51.0
fed2022,YouGov,2022-04-14,2022-05-07,seat,qld,Dickson,,47.0,30.0,42.0,13.0,6.0,https://en.wikipedia.org/wiki/Electorate_opinion_polling_for_the_2022_Australian_federal_election,yes,ON=4.0;UAP=5.0;2pp_LNP=53.0
fed2022,YouGov,2022-04-14,2022-05-07,seat,qld,Fadden,,39.0,26.0,44.0,8.0,7.0,https://en.wikipedia.org/wiki/Electorate_opinion_polling_for_the_2022_Australian_federal_election,yes,ON=8.0;UAP=7.0;2pp_LNP=61.0
fed2022,YouGov,2022-04-14,2022-05-07,seat,qld,Fairfax,,42.0,24.0,45.0,15.0,5.0,https://en.wikipedia.org/wiki/Electorate_opinion_polling_for_the_2022_Australian_federal_election,yes,ON=7.0;UAP=4.0;2pp_LNP=58.0
fed2022,YouGov,2022-04-14,2022-05-07,seat,qld,Fisher,,45.0,28.0,42.0,15.0,3.0,https://en.wikipedia.org/wiki/Electorate_opinion_polling_for_the_2022_Australian_federal_election,yes,ON=6.0;UAP=6.0;2pp_LNP=55.0
fed2022,YouGov,2022-04-14,2022-05-07,seat,qld,Flynn,,46.0,32.0,33.0,5.0,6.0,https://en.wikipedia.org/wiki/Electorate_opinion_polling_for_the_2022_Australian_federal_election,yes,ON=16.0;UAP=8.0;2pp_LNP=54.0
fed2022,YouGov,2022-04-14,2022-05-07,seat,qld,Forde,,45.0,30.0,38.0,10.0,8.0,https://en.wikipedia.org/wiki/Electorate_opinion_polling_for_the_2022_Australian_federal_election,yes,ON=9.0;UAP=5.0;2pp_LNP=55.0
fed2022,YouGov,2022-04-14,2022-05-07,seat,qld,Griffith,,60.0,36.0,32.0,26.0,,https://en.wikipedia.org/wiki/Electorate_opinion_polling_for_the_2022_Australian_federal_election,yes,ON=3.0;UAP=3.0;2pp_LNP=40.0
fed2022,YouGov,2022-04-14,2022-05-07,seat,qld,Groom,,36.0,24.0,48.0,8.0,6.0,https://en.wikipedia.org/wiki/Electorate_opinion_polling_for_the_2022_Australian_federal_election,yes,ON=12.0;UAP=2.0;2pp_LNP=64.0
fed2022,YouGov,2022-04-14,2022-05-07,seat,qld,Herbert,,44.0,27.0,38.0,7.0,13.0,https://en.wikipedia.org/wiki/Electorate_opinion_polling_for_the_2022_Australian_federal_election,yes,ON=11.0;UAP=4.0;2pp_LNP=56.0
fed2022,YouGov,2022-04-14,2022-05-07,seat,qld,Hinkler,,40.0,27.0,44.0,7.0,5.0,https://en.wikipedia.org/wiki/Electorate_opinion_polling_for_the_2022_Australian_federal_election,yes,ON=14.0;UAP=3.0;2pp_LNP=60.0
fed2022,YouGov,2022-04-14,2022-05-07,seat,qld,Kennedy,,,17.0,27.0,7.0,43.0,https://en.wikipedia.org/wiki/Electorate_opinion_polling_for_the_2022_Australian_federal_election,yes,UAP=6.0;2pp_LNP=38.0;2pp_OTH=62.0
fed2022,YouGov,2022-04-14,2022-05-07,seat,qld,Leichhardt,,49.0,32.0,35.0,12.0,6.0,https://en.wikipedia.org/wiki/Electorate_opinion_polling_for_the_2022_Australian_federal_election,yes,ON=10.0;UAP=5.0;2pp_LNP=51.0
fed2022,YouGov,2022-04-14,2022-05-07,seat,qld,Lilley,,54.0,41.0,38.0,13.0,3.0,https://en.wikipedia.org/wiki/Electorate_opinion_polling_for_the_2022_Australian_federal_election,yes,ON=4.0;UAP=1.0;2pp_LNP=46.0
fed2022,YouGov,2022-04-14,2022-05-07,seat,qld,Longman,,50.0,38.0,36.0,6.0,7.0,https://en.wikipedia.org/wiki/Electorate_opinion_polling_for_the_2022_Australian_federal_election,yes,ON=11.0;UAP=2.0;2pp_LNP=50.0
fed2022,YouGov,2022-04-14,2022-05-07,seat,qld,Maranoa,,27.0,19.0,52.0,4.0,5.0,https://en.wikipedia.org/wiki/Electorate_opinion_polling_for_the_2022_Australian_federal_election,yes,ON=15.0;UAP=5.0;2pp_LNP=73.0
fed2022,YouGov,2022-04-14,2022-05-07,seat,qld,McPherson,,44.0,25.0,42.0,17.0,4.0,https://en.wikipedia.org/wiki/Electorate_opinion_polling_for_the_2022_Australian_federal_election,yes,ON=6.0;UAP=6.0;2pp_LNP=56.0
fed2022,YouGov,2022-04-14,2022-05-07,seat,qld,Moncrieff,,34.0,23.0,48.0,9.0,6.0,https://en.wikipedia.org/wiki/Electorate_opinion_polling_for_the_2022_Australian_federal_election,yes,ON=7.0;UAP=7.0;2pp_LNP=64.0
fed2022,YouGov,2022-04-14,2022-05-07,seat,qld,Moreton,,56.0,38.0,36.0,18.0,2.0,https://en.wikipedia.org/wiki/Electorate_opinion_polling_for_the_2022_Australian_federal_election,yes,ON=2.0;UAP=4.0;2pp_LNP=44.0
fed2022,YouGov,2022-04-14,2022-05-07,seat,qld,Oxley,,58.0,46.0,33.0,12.0,,https://en.wikipedia.org/wiki/Electorate_opinion_polling_for_the_2022_Australian_federal_election,yes,ON=6.0;UAP=3.0;2pp_LNP=42.0
fed2022,YouGov,2022-04-14,2022-05-07,seat,qld,Petrie,,44.0,31.0,44.0,10.0,2.0,https://en.wikipedia.org/wiki/Electorate_opinion_polling_for_the_2022_Australian_federal_election,yes,ON=6.0;UAP=7.0;2pp_LNP=56.0
fed2022,YouGov,2022-04-14,2022-05-07,seat,qld,Rankin,,58.0,40.0,28.0,12.0,4.0,https://en.wikipedia.org/wiki/Electorate_opinion_polling_for_the_2022_Australian_federal_election,yes,ON=9.0;UAP=7.0;2pp_LNP=42.0
fed2022,YouGov,2022-04-14,2022-05-07,seat,qld,Ryan,,50.0,25.0,40.0,24.0,6.0,https://en.wikipedia.org/wiki/Electorate_opinion_polling_for_the_2022_Australian_federal_election,yes,ON=2.0;UAP=3.0;2pp_LNP=50.0
fed2022,YouGov,2022-04-14,2022-05-07,seat,qld,Wide Bay,,41.0,25.0,45.0,8.0,10.0,https://en.wikipedia.org/wiki/Electorate_opinion_polling_for_the_2022_Australian_federal_election,yes,ON=10.0;UAP=2.0;2pp_LNP=59.0
fed2022,YouGov,2022-04-14,2022-05-07,seat,qld,Wright,,44.0,22.0,35.0,10.0,4.0,https://en.wikipedia.org/wiki/Electorate_opinion_polling_for_the_2022_Australian_federal_election,yes,ON=20.0;UAP=9.0;2pp_LNP=56.0
fed2022,YouGov,2022-04-14,2022-05-07,seat,sa,Adelaide,,60.0,43.0,34.0,15.0,2.0,https://en.wikipedia.org/wiki/Electorate_opinion_polling_for_the_2022_Australian_federal_election,yes,ON=3.0;UAP=3.0;2pp_Lib=40.0
fed2022,YouGov,2022-04-14,2022-05-07,seat,sa,Barker,,38.0,26.0,48.0,6.0,6.0,https://en.wikipedia.org/wiki/Electorate_opinion_polling_for_the_2022_Australian_federal_election,yes,ON=8.0;UAP=6.0;2pp_Lib=62.0
fed2022,uComms,2022-03-30,2022-03-30,seat,sa,Boothby,801,57.0,36.3,33.9,11.4,,https://en.wikipedia.org/wiki/Electorate_opinion_polling_for_the_2022_Australian_federal_election,yes,IND=8.6;ON=4.8;UAP=3.0;2pp_Lib=43.0
fed2022,YouGov,2022-04-14,2022-05-07,seat,sa,Boothby,,53.0,38.0,37.0,11.0,11.0,https://en.wikipedia.org/wiki/Electorate_opinion_polling_for_the_2022_Australian_federal_election,yes,ON=2.0;UAP=1.0;2pp_Lib=47.0
fed2022,YouGov,2022-04-14,2022-05-07,seat,sa,Grey,,43.0,29.0,41.0,5.0,10.0,https://en.wikipedia.org/wiki/Electorate_opinion_polling_for_the_2022_Australian_federal_election,yes,ON=12.0;UAP=3.0;2pp_Lib=57.0
fed2022,YouGov,2022-04-14,2022-05-07,seat,sa,Hindmarsh,,58.0,43.0,34.0,13.0,4.0,https://en.wikipedia.org/wiki/Electorate_opinion_polling_for_the_2022_Australian_federal_election,yes,ON=3.0;UAP=3.0;2pp_Lib=42.0
fed2022,YouGov,2022-04-14,2022-05-07,seat,sa,Kingston,,64.0,52.0,28.0,9.0,5.0,https://en.wikipedia.org/wiki/Electorate_opinion_polling_for_the_2022_Australian_federal_election,yes,ON=3.0;UAP=3.0;2pp_Lib=36.0
fed2022,YouGov,2022-04-14,2022-05-07,seat,sa,Makin,,61.0,50.0,31.0,9.0,2.0,https://en.wikipedia.org/wiki/Electorate_opinion_polling_for_the_2022_Australian_federal_election,yes,ON=3.0;UAP=5.0;2pp_Lib=39.0
fed2022,YouGov,2022-04-14,2022-05-07,seat,sa,Mayo,,,20.0,34.0,8.0,28.0,https://en.wikipedia.org/wiki/Electorate_opinion_polling_for_the_2022_Australian_federal_election,yes,ON=8.0;UAP=2.0;2pp_Lib=48.0;2pp_OTH=52.0
fed2022,uComms,2022-04-05,2022-04-05,seat,sa,Senate,1052,,36.1,32.2,11.6,3.2,https://en.wikipedia.org/wiki/Electorate_opinion_polling_for_the_2022_Australian_federal_election,yes,IND=8.2;ON=3.9;UAP=2.7
fed2022,YouGov,2022-04-14,2022-05-07,seat,sa,Spence,,62.0,48.0,28.0,9.0,3.0,https://en.wikipedia.org/wiki/Electorate_opinion_polling_for_the_2022_Australian_federal_election,yes,ON=8.0;UAP=4.0;2pp_Lib=38.0
fed2022,uComms,2022-03-30,2022-03-30,seat,sa,Sturt,809,52.0,33.0,38.4,11.3,,https://en.wikipedia.org/wiki/Electorate_opinion_polling_for_the_2022_Australian_federal_election,yes,ON=5.0;UAP=4.1;2pp_Lib=48.0
fed2022,YouGov,2022-04-14,2022-05-07,seat,sa,Sturt,,50.0,36.0,42.0,15.0,3.0,https://en.wikipedia.org/wiki/Electorate_opinion_polling_for_the_2022_Australian_federal_election,yes,ON=2.0;UAP=2.0;2pp_Lib=50.0
fed2022,Redbridge,2022-04-04,2022-04-06,seat,tas,Bass,915,,36.0,36.0,11.0,9.0,https://en.wikipedia.org/wiki/Electorate_opinion_polling_for_the_2022_Australian_federal_election,yes,ON=6.0;UAP=3.0
fed2022,YouGov,2022-04-14,2022-05-07,seat,tas,Bass,,51.0,36.0,39.0,11.0,10.0,https://en.wikipedia.org/wiki/Electorate_opinion_polling_for_the_2022_Australian_federal_election,yes,ON=3.0;UAP=1.0;2pp_L/NP=49.0
fed2022,uComms,2022-03-17,2022-03-21,seat,tas,Braddon,829,53.0,33.7,34.7,5.4,12.9,https://en.wikipedia.org/wiki/Electorate_opinion_polling_for_the_2022_Australian_federal_election,yes,ON=7.2;UAP=2.2;2pp_L/NP=47.0
fed2022,YouGov,2022-04-14,2022-05-07,seat,tas,Braddon,,48.0,31.0,37.0,5.0,18.0,https://en.wikipedia.org/wiki/Electorate_opinion_polling_for_the_2022_Australian_federal_election,yes,ON=7.0;UAP=2.0;2pp_L/NP=52.0
fed2022,YouGov,2022-04-14,2022-05-07,seat,tas,Clark,,39.0,21.0,15.0,9.0,48.0,https://en.wikipedia.org/wiki/Electorate_opinion_polling_for_the_2022_Australian_federal_election,yes,ON=5.0;UAP=2.0;2pp_IND=61.0
fed2022,YouGov,2022-04-14,2022-05-07,seat,tas,Franklin,,63.0,39.0,28.0,17.0,11.0,https://en.wikipedia.org/wiki/Electorate_opinion_polling_for_the_2022_Australian_federal_election,yes,ON=2.0;UAP=3.0;2pp_L/NP=37.0
fed2022,YouGov,2022-04-14,2022-05-07,seat,tas,Lyons,,54.0,35.0,34.0,9.0,15.0,https://en.wikipedia.org/wiki/Electorate_opinion_polling_for_the_2022_Australian_federal_election,yes,ON=4.0;UAP=3.0;2pp_L/NP=46.0
fed2022,uComms,2022-03-17,2022-03-21,seat,tas,Senate,829,,31.6,35.0,8.7,14.3,https://en.wikipedia.org/wiki/Electorate_opinion_polling_for_the_2022_Australian_federal_election,yes,ON=4.9;UAP=3.0
fed2022,YouGov,2022-04-14,2022-05-07,seat,vic,Aston,,40.0,29.0,52.0,9.0,2.0,https://en.wikipedia.org/wiki/Electorate_opinion_polling_for_the_2022_Australian_federal_election,yes,ON=3.0;UAP=5.0;2pp_L/NP=60.0
fed2022,YouGov,2022-04-14,2022-05-07,seat,vic,Ballarat,,54.0,41.0,38.0,10.0,5.0,https://en.wikipedia.org/wiki/Electorate_opinion_polling_for_the_2022_Australian_federal_election,yes,ON=4.0;UAP=2.0;2pp_L/NP=46.0
fed2022,YouGov,2022-04-14,2022-05-07,seat,vic,Bendigo,,60.0,41.0,31.0,15.0,4.0,https://en.wikipedia.org/wiki/Electorate_opinion_polling_for_the_2022_Australian_federal_election,yes,ON=5.0;UAP=4.0;2pp_L/NP=40.0
fed2022,YouGov,2022-04-14,2022-05-07,seat,vic,Bruce,,58.0,47.0,32.0,8.0,3.0,https://en.wikipedia.org/wiki/Electorate_opinion_polling_for_the_2022_Australian_federal_election,yes,ON=4.0;UAP=6.0;2pp_L/NP=42.0
fed2022,YouGov,2022-04-14,2022-05-07,seat,vic,Calwell,,65.0,50.0,26.0,7.0,3.0,https://en.wikipedia.org/wiki/Electorate_opinion_polling_for_the_2022_Australian_federal_election,yes,ON=4.0;UAP=10.0;2pp_L/NP=35.0
fed2022,YouGov,2022-04-14,2022-05-07,seat,vic,Casey,,48.0,29.0,39.0,10.0,14.0,https://en.wikipedia.org/wiki/Electorate_opinion_polling_for_the_2022_Australian_federal_election,yes,ON=3.0;UAP=5.0;2pp_L/NP=52.0
fed2022,YouGov,2022-04-14,2022-05-07,seat,vic,Chisholm,,53.0,39.0,38.0,11.0,6.0,https://en.wikipedia.org/wiki/Electorate_opinion_polling_for_the_2022_Australian_federal_election,yes,ON=2.0;UAP=4.0;2pp_L/NP=47.0
fed2022,YouGov,2022-04-14,2022-05-07,seat,vic,Cooper,,66.0,45.0,22.0,23.0,4.0,https://en.wikipedia.org/wiki/Electorate_opinion_polling_for_the_2022_Australian_federal_election,yes,ON=2.0;UAP=4.0;2pp_GRN=34.0
fed2022,YouGov,2022-04-14,2022-05-07,seat,vic,Corangamite,,50.0,36.0,43.0,10.0,4.0,https://en.wikipedia.org/wiki/Electorate_opinion_polling_for_the_2022_Australian_federal_election,yes,ON=3.0;UAP=4.0;2pp_L/NP=50.0
fed2022,YouGov,2022-04-14,2022-05-07,seat,vic,Corio,,61.0,43.0,29.0,17.0,3.0,https://en.wikipedia.org/wiki/Electorate_opinion_polling_for_the_2022_Australian_federal_election,yes,ON=3.0;UAP=5.0;2pp_L/NP=39.0
fed2022,YouGov,2022-04-14,2022-05-07,seat,vic,Deakin,,47.0,33.0,43.0,10.0,9.0,https://en.wikipedia.org/wiki/Electorate_opinion_polling_for_the_2022_Australian_federal_election,yes,ON=2.0;UAP=3.0;2pp_L/NP=53.0
fed2022,YouGov,2022-04-14,2022-05-07,seat,vic,Dunkley,,54.0,37.0,33.0,10.0,8.0,https://en.wikipedia.org/wiki/Electorate_opinion_polling_for_the_2022_Australian_federal_election,yes,ON=4.0;UAP=8.0;2pp_L/NP=46.0
fed2022,YouGov,2022-04-14,2022-05-07,seat,vic,Flinders,,48.0,27.0,36.0,6.0,22.0,https://en.wikipedia.org/wiki/Electorate_opinion_polling_for_the_2022_Australian_federal_election,yes,ON=5.0;UAP=4.0;2pp_L/NP=52.0
fed2022,YouGov,2022-04-14,2022-05-07,seat,vic,Fraser,,65.0,48.0,27.0,13.0,2.0,https://en.wikipedia.org/wiki/Electorate_opinion_polling_for_the_2022_Australian_federal_election,yes,ON=3.0;UAP=7.0;2pp_L/NP=35.0
fed2022,YouGov,2022-04-14,2022-05-07,seat,vic,Gellibrand,,63.0,46.0,29.0,13.0,3.0,https://en.wikipedia.org/wiki/Electorate_opinion_polling_for_the_2022_Australian_federal_election,yes,ON=2.0;UAP=7.0;2pp_L/NP=37.0
fed2022,YouGov,2022-04-14,2022-05-07,seat,vic,Gippsland,,39.0,27.0,,7.0,8.0,https://en.wikipedia.org/wiki/Electorate_opinion_polling_for_the_2022_Australian_federal_election,yes,Nat=50.0;ON=5.0;UAP=3.0;2pp_L/NP=61.0
fed2022,uComms,2022-05-02,2022-05-02,seat,vic,Goldstein,855,,12.6,33.0,7.7,1.9,https://en.wikipedia.org/wiki/Electorate_opinion_polling_for_the_2022_Australian_federal_election,yes,IND=33.1;ON=1.8;UAP=3.2;2pp_L/NP=38.0;2pp_IND=62.0
fed2022,YouGov,2022-04-14,2022-05-07,seat,vic,Goldstein,,,23.0,40.0,10.0,24.0,https://en.wikipedia.org/wiki/Electorate_opinion_polling_for_the_2022_Australian_federal_election,yes,ON=1.0;UAP=2.0;2pp_L/NP=48.0;2pp_IND=52.0
fed2022,uComms,2022-05-16,2022-05-16,seat,vic,Goldstein,831,,12.5,34.0,8.9,1.4,https://en.wikipedia.org/wiki/Electorate_opinion_polling_for_the_2022_Australian_federal_election,yes,IND=35.3;ON=1.4;UAP=1.8;2pp_L/NP=41.0;2pp_IND=59.0
fed2022,YouGov,2022-04-14,2022-05-07,seat,vic,Gorton,,63.0,46.0,29.0,9.0,6.0,https://en.wikipedia.org/wiki/Electorate_opinion_polling_for_the_2022_Australian_federal_election,yes,ON=3.0;UAP=7.0;2pp_L/NP=37.0
fed2022,YouGov,2022-04-14,2022-05-07,seat,vic,Hawke,,60.0,42.0,32.0,8.0,9.0,https://en.wikipedia.org/wiki/Electorate_opinion_polling_for_the_2022_Australian_federal_election,yes,ON=5.0;UAP=4.0;2pp_L/NP=40.0
fed2022,uComms,2022-05-02,2022-05-02,seat,vic,Higgins,836,54.0,28.7,34.4,20.3,9.2,https://en.wikipedia.org/wiki/Electorate_opinion_polling_for_the_2022_Australian_federal_election,yes,ON=2.0;2pp_L/NP=46.0
fed2022,YouGov,2022-04-14,2022-05-07,seat,vic,Higgins,,53.0,33.0,40.0,21.0,5.0,https://en.wikipedia.org/wiki/Electorate_opinion_polling_for_the_2022_Australian_federal_election,yes,UAP=1.0;2pp_L/NP=47.0
fed2022,uComms,2022-05-13,2022-05-13,seat,vic,Higgins,836,54.0,29.8,36.9,19.9,,https://en.wikipedia.org/wiki/Electorate_opinion_polling_for_the_2022_Australian_federal_election,yes,2pp_L/NP=46.0
fed2022,YouGov,2022-04-14,2022-05-07,seat,vic,Holt,,57.0,45.0,33.0,8.0,9.0,https://en.wikipedia.org/wiki/Electorate_opinion_polling_for_the_2022_Australian_federal_election,yes,ON=2.0;UAP=3.0;2pp_L/NP=43.0
fed2022,YouGov,2022-04-14,2022-05-07,seat,vic,Hotham,,57.0,50.0,32.0,9.0,4.0,https://en.wikipedia.org/wiki/Electorate_opinion_polling_for_the_2022_Australian_federal_election,yes,ON=2.0;UAP=3.0;2pp_L/NP=43.0
fed2022,YouGov,2022-04-14,2022-05-07,seat,vic,Indi,,,16.0,34.0,3.0,34.0,https://en.wikipedia.org/wiki/Electorate_opinion_polling_for_the_2022_Australian_federal_election,yes,ON=9.0;UAP=4.0;2pp_L/NP=47.0;2pp_IND=53.0
fed2022,YouGov,2022-04-14,2022-05-07,seat,vic,Isaacs,,54.0,39.0,36.0,13.0,6.0,https://en.wikipedia.org/wiki/Electorate_opinion_polling_for_the_2022_Australian_federal_election,yes,ON=2.0;UAP=4.0;2pp_L/NP=46.0
fed2022,YouGov,2022-04-14,2022-05-07,seat,vic,Jagajaga,,57.0,40.0,37.0,14.0,5.0,https://en.wikipedia.org/wiki/Electorate_opinion_polling_for_the_2022_Australian_federal_election,yes,ON=2.0;UAP=2.0;2pp_L/NP=43.0
fed2022,uComms,2022-04-12,2022-04-12,seat,vic,Kooyong,847,,12.8,35.5,11.7,,https://en.wikipedia.org/wiki/Electorate_opinion_polling_for_the_2022_Australian_federal_election,yes,IND=31.8;2pp_L/NP=41.0;2pp_IND=59.0
fed2022,YouGov,2022-04-14,2022-05-07,seat,vic,Kooyong,,,20.0,38.0,11.0,28.0,https://en.wikipedia.org/wiki/Electorate_opinion_polling_for_the_2022_Australian_federal_election,yes,ON=2.0;UAP=1.0;2pp_L/NP=47.0;2pp_IND=53.0
fed2022,YouGov,2022-04-14,2022-05-07,seat,vic,La Trobe,,47.0,33.0,41.0,11.0,3.0,https://en.wikipedia.org/wiki/Electorate_opinion_polling_for_the_2022_Australian_federal_election,yes,ON=5.0;UAP=7.0;2pp_L/NP=53.0
fed2022,YouGov,2022-04-14,2022-05-07,seat,vic,Lalor,,60.0,46.0,31.0,8.0,6.0,https://en.wikipedia.org/wiki/Electorate_opinion_polling_for_the_2022_Australian_federal_election,yes,ON=3.0;UAP=6.0;2pp_L/NP=40.0
fed2022,YouGov,2022-04-14,2022-05-07,seat,vic,Macnamara,,59.0,32.0,31.0,24.0,10.0,https://en.wikipedia.org/wiki/Electorate_opinion_polling_for_the_2022_Australian_federal_election,yes,ON=2.0;UAP=1.0;2pp_L/NP=41.0
fed2022,YouGov,2022-04-14,2022-05-07,seat,vic,Mallee,,44.0,25.0,,7.0,17.0,https://en.wikipedia.org/wiki/Electorate_opinion_polling_for_the_2022_Australian_federal_election,yes,Nat=37.0;ON=9.0;UAP=5.0;2pp_L/NP=56.0
fed2022,YouGov,2022-04-14,2022-05-07,seat,vic,Maribyrnong,,66.0,47.0,28.0,16.0,3.0,https://en.wikipedia.org/wiki/Electorate_opinion_polling_for_the_2022_Australian_federal_election,yes,ON=1.0;UAP=5.0;2pp_L/NP=34.0
fed2022,YouGov,2022-04-14,2022-05-07,seat,vic,McEwen,,55.0,39.0,35.0,12.0,4.0,https://en.wikipedia.org/wiki/Electorate_opinion_polling_for_the_2022_Australian_federal_election,yes,ON=6.0;UAP=4.0;2pp_L/NP=45.0
fed2022,YouGov,2022-04-14,2022-05-07,seat,vic,Melbourne,,36.0,26.0,17.0,43.0,8.0,https://en.wikipedia.org/wiki/Electorate_opinion_polling_for_the_2022_Australian_federal_election,yes,ON=3.0;UAP=3.0;2pp_GRN=64.0
fed2022,YouGov,2022-04-14,2022-05-07,seat,vic,Menzies,,41.0,31.0,45.0,9.0,5.0,https://en.wikipedia.org/wiki/Electorate_opinion_polling_for_the_2022_Australian_federal_election,yes,ON=3.0;UAP=7.0;2pp_L/NP=59.0
fed2022,YouGov,2022-04-14,2022-05-07,seat,vic,Monash,,45.0,29.0,40.0,8.0,13.0,https://en.wikipedia.org/wiki/Electorate_opinion_polling_for_the_2022_Australian_federal_election,yes,ON=8.0;UAP=2.0;2pp_L/NP=55.0
fed2022,,2022-03-13,2022-03-13,seat,vic,Nicholls,,,15.2,20.2,5.4,3.6,https://en.wikipedia.org/wiki/Electorate_opinion_polling_for_the_2022_Australian_federal_election,yes,Nat=17.0;IND=16.3;ON=5.9;UAP=4.1
fed2022,YouGov,2022-04-14,2022-05-07,seat,vic,Nicholls,,39.0,19.0,41.0,4.0,19.0,https://en.wikipedia.org/wiki/Electorate_opinion_polling_for_the_2022_Australian_federal_election,yes,Nat=41.0;ON=13.0;UAP=4.0;2pp_L/NP=61.0
fed2022,YouGov,2022-04-14,2022-05-07,seat,vic,Scullin,,68.0,55.0,24.0,7.0,2.0,https://en.wikipedia.org/wiki/Electorate_opinion_polling_for_the_2022_Australian_federal_election,yes,ON=3.0;UAP=9.0;2pp_L/NP=32.0
fed2022,YouGov,2022-04-14,2022-05-07,seat,vic,Wannon,,42.0,27.0,46.0,7.0,11.0,https://en.wikipedia.org/wiki/Electorate_opinion_polling_for_the_2022_Australian_federal_election,yes,ON=5.0;UAP=4.0;2pp_L/NP=58.0
fed2022,YouGov,2022-04-14,2022-05-07,seat,vic,Wills,,58.0,41.0,18.0,29.0,4.0,https://en.wikipedia.org/wiki/Electorate_opinion_polling_for_the_2022_Australian_federal_election,yes,ON=2.0;UAP=6.0;2pp_GRN=42.0
fed2022,YouGov,2022-04-14,2022-05-07,seat,wa,Brand,,60.0,46.0,27.0,12.0,5.0,https://en.wikipedia.org/wiki/Electorate_opinion_polling_for_the_2022_Australian_federal_election,yes,ON=7.0;UAP=3.0;2pp_Lib=40.0
fed2022,YouGov,2022-04-14,2022-05-07,seat,wa,Burt,,62.0,46.0,28.0,13.0,6.0,https://en.wikipedia.org/wiki/Electorate_opinion_polling_for_the_2022_Australian_federal_election,yes,ON=5.0;UAP=2.0;2pp_Lib=38.0
fed2022,YouGov,2022-04-14,2022-05-07,seat,wa,Canning,,47.0,33.0,39.0,8.0,13.0,https://en.wikipedia.org/wiki/Electorate_opinion_polling_for_the_2022_Australian_federal_election,yes,ON=6.0;UAP=1.0;2pp_Lib=53.0
fed2022,YouGov,2022-04-14,2022-05-07,seat,wa,Cowan,,59.0,46.0,31.0,13.0,3.0,https://en.wikipedia.org/wiki/Electorate_opinion_polling_for_the_2022_Australian_federal_election,yes,ON=5.0;UAP=2.0;2pp_Lib=41.0
fed2022,Utting Research,2022-03-11,2022-03-14,seat,wa,Curtin,718,,20.0,42.0,9.0,,https://en.wikipedia.org/wiki/Electorate_opinion_polling_for_the_2022_Australian_federal_election,yes,IND=24.0;UAP=2.0;2pp_Lib=51.0;2pp_IND=49.0
fed2022,YouGov,2022-04-14,2022-05-07,seat,wa,Curtin,,44.0,24.0,41.0,15.0,14.0,https://en.wikipedia.org/wiki/Electorate_opinion_polling_for_the_2022_Australian_federal_election,yes,ON=3.0;UAP=3.0;2pp_Lib=56.0
fed2022,Utting Research,2022-05-16,2022-05-16,seat,wa,Curtin,514,,13.0,38.0,9.0,4.0,https://en.wikipedia.org/wiki/Electorate_opinion_polling_for_the_2022_Australian_federal_election,yes,IND=32.0;UAP=3.0;2pp_Lib=48.0;2pp_IND=52.0
fed2022,YouGov,2022-04-14,2022-05-07,seat,wa,Durack,,39.0,26.0,46.0,10.0,3.0,https://en.wikipedia.org/wiki/Electorate_opinion_polling_for_the_2022_Australian_federal_election,yes,ON=13.0;UAP=2.0;2pp_Lib=61.0
fed2022,YouGov,2022-04-14,2022-05-07,seat,wa,Forrest,,40.0,26.0,47.0,13.0,4.0,https://en.wikipedia.org/wiki/Electorate_opinion_polling_for_the_2022_Australian_federal_election,yes,ON=9.0;UAP=1.0;2pp_Lib=60.0
fed2022,YouGov,2022-04-14,2022-05-07,seat,wa,Fremantle,,59.0,43.0,33.0,15.0,4.0,https://en.wikipedia.org/wiki/Electorate_opinion_polling_for_the_2022_Australian_federal_election,yes,ON=3.0;UAP=2.0;2pp_Lib=41.0
fed2022,Utting Research,2022-03-11,2022-03-14,seat,wa,Hasluck,750,52.0,39.0,37.0,7.0,10.0,https://en.wikipedia.org/wiki/Electorate_opinion_polling_for_the_2022_Australian_federal_election,yes,ON=4.0;UAP=3.0;2pp_Lib=48.0
fed2022,YouGov,2022-04-14,2022-05-07,seat,wa,Hasluck,,48.0,32.0,39.0,13.0,6.0,https://en.wikipedia.org/wiki/Electorate_opinion_polling_for_the_2022_Australian_federal_election,yes,ON=5.0;UAP=5.0;2pp_Lib=52.0
fed2022,Utting Research,2022-05-12,2022-05-13,seat,wa,Hasluck,,45.0,31.0,39.0,10.0,,https://en.wikipedia.org/wiki/Electorate_opinion_polling_for_the_2022_Australian_federal_election,yes,ON=9.0;UAP=6.0;2pp_Lib=55.0
fed2022,YouGov,2022-04-14,2022-05-07,seat,wa,Moore,,45.0,32.0,45.0,11.0,6.0,https://en.wikipedia.org/wiki/Electorate_opinion_polling_for_the_2022_Australian_federal_election,yes,ON=3.0;UAP=3.0;2pp_Lib=55.0
fed2022,YouGov,2022-04-14,2022-05-07,seat,wa,O'Connor,,39.0,26.0,50.0,10.0,4.0,https://en.wikipedia.org/wiki/Electorate_opinion_polling_for_the_2022_Australian_federal_election,yes,ON=9.0;UAP=1.0;2pp_Lib=61.0
fed2022,Utting Research,2022-03-11,2022-03-14,seat,wa,Pearce,750,55.0,44.0,34.0,5.0,7.0,https://en.wikipedia.org/wiki/Electorate_opinion_polling_for_the_2022_Australian_federal_election,yes,ON=5.0;UAP=5.0;2pp_Lib=45.0
fed2022,YouGov,2022-04-14,2022-05-07,seat,wa,Pearce,,52.0,37.0,39.0,12.0,5.0,https://en.wikipedia.org/wiki/Electorate_opinion_polling_for_the_2022_Australian_federal_election,yes,ON=5.0;UAP=2.0;2pp_Lib=48.0
fed2022,Utting Research,2022-05-12,2022-05-13,seat,wa,Pearce,,52.0,30.0,32.0,12.0,,https://en.wikipedia.org/wiki/Electorate_opinion_polling_for_the_2022_Australian_federal_election,yes,ON=7.0;UAP=6.0;2pp_Lib=48.0
fed2022,YouGov,2022-05-15,2022-05-16,seat,wa,Pearce,411,53.0,43.0,40.0,4.0,9.0,https://en.wikipedia.org/wiki/Electorate_opinion_polling_for_the_2022_Australian_federal_election,yes,ON=1.0;UAP=2.0;2pp_Lib=47.0
fed2022,YouGov,2022-04-14,2022-05-07,seat,wa,Perth,,63.0,42.0,28.0,21.0,4.0,https://en.wikipedia.org/wiki/Electorate_opinion_polling_for_the_2022_Australian_federal_election,yes,ON=3.0;UAP=2.0;2pp_Lib=37.0
fed2022,Utting Research,2022-03-11,2022-03-14,seat,wa,Swan,750,59.0,46.0,32.0,7.0,7.0,https://en.wikipedia.org/wiki/Electorate_opinion_polling_for_the_2022_Australian_federal_election,yes,ON=3.0;UAP=5.0;2pp_Lib=41.0
fed2022,YouGov,2022-04-14,2022-05-07,seat,wa,Swan,,57.0,42.0,34.0,13.0,4.0,https://en.wikipedia.org/wiki/Electorate_opinion_polling_for_the_2022_Australian_federal_election,yes,ON=4.0;UAP=3.0;2pp_Lib=43.0
fed2022,Utting Research,2022-05-12,2022-05-13,seat,wa,Swan,,53.0,38.0,39.0,10.0,,https://en.wikipedia.org/wiki/Electorate_opinion_polling_for_the_2022_Australian_federal_election,yes,ON=4.0;UAP=3.0;2pp_Lib=47.0
fed2022,Utting Research,2022-03-11,2022-03-14,seat,wa,Tangney,750,50.0,41.0,41.0,7.0,8.0,https://en.wikipedia.org/wiki/Electorate_opinion_polling_for_the_2022_Australian_federal_election,yes,ON=2.0;UAP=2.0;2pp_Lib=50.0
fed2022,YouGov,2022-04-14,2022-05-07,seat,wa,Tangney,,45.0,33.0,46.0,11.0,5.0,https://en.wikipedia.org/wiki/Electorate_opinion_polling_for_the_2022_Australian_federal_election,yes,ON=3.0;UAP=2.0;2pp_Lib=55.0
fed2022,Utting Research,2022-05-12,2022-05-13,seat,wa,Tangney,,46.0,35.0,47.0,8.0,,https://en.wikipedia.org/wiki/Electorate_opinion_polling_for_the_2022_Australian_federal_election,yes,ON=2.0;UAP=2.0;2pp_Lib=54.0
fed2022,Resolve Strategic,2021-11-20,2021-11-20,state,nsw,,,47.0,29.0,41.0,11.0,2.0,https://en.wikipedia.org/wiki/Opinion_polling_for_the_2022_Australian_federal_election,yes,UAP=3.0;ONP=2.0;IND=12.0;2pp_L/NP=53.0
fed2022,Roy Morgan,2021-11-13,2021-11-21,state,nsw,,,55.5,,,,,https://en.wikipedia.org/wiki/Opinion_polling_for_the_2022_Australian_federal_election,yes,2pp_L/NP=44.5
fed2022,Roy Morgan,2021-11-27,2021-12-05,state,nsw,,,55.5,,,,,https://en.wikipedia.org/wiki/Opinion_polling_for_the_2022_Australian_federal_election,yes,2pp_L/NP=44.5
fed2022,Resolve Strategic,2022-01-15,2022-01-15,state,nsw,,,52.1,36.0,38.0,10.0,4.0,https://en.wikipedia.org/wiki/Opinion_polling_for_the_2022_Australian_federal_election,yes,UAP=2.0;ONP=0.0;IND=11.0;2pp_L/NP=47.9
fed2022,Roy Morgan,2022-01-04,2022-01-16,state,nsw,,,58.0,,,,,https://en.wikipedia.org/wiki/Opinion_polling_for_the_2022_Australian_federal_election,yes,2pp_L/NP=42.0
fed2022,Roy Morgan,2022-02-18,2022-02-18,state,nsw,,,59.0,,,,,https://en.wikipedia.org/wiki/Opinion_polling_for_the_2022_Australian_federal_election,yes,2pp_L/NP=41.0
fed2022,Resolve Strategic,2022-02-20,2022-02-20,state,nsw,,,52.4,35.0,34.0,8.0,7.0,https://en.wikipedia.org/wiki/Opinion_polling_for_the_2022_Australian_federal_election,yes,UAP=3.0;ONP=3.0;IND=11.0;2pp_L/NP=47.6
fed2022,Roy Morgan,2022-02-14,2022-02-23,state,nsw,,,56.5,,,,,https://en.wikipedia.org/wiki/Opinion_polling_for_the_2022_Australian_federal_election,yes,2pp_L/NP=43.5
fed2022,Roy Morgan,2022-03-14,2022-03-20,state,nsw,,,57.5,,,,,https://en.wikipedia.org/wiki/Opinion_polling_for_the_2022_Australian_federal_election,yes,2pp_L/NP=42.5
fed2022,Roy Morgan,2022-03-29,2022-03-29,state,nsw,,,53.0,,,,,https://en.wikipedia.org/wiki/Opinion_polling_for_the_2022_Australian_federal_election,yes,2pp_L/NP=47.0
fed2022,Resolve Strategic,2022-04-03,2022-04-03,state,nsw,,,52.8,36.0,36.0,11.0,3.0,https://en.wikipedia.org/wiki/Opinion_polling_for_the_2022_Australian_federal_election,yes,UAP=5.0;ONP=1.0;IND=8.0;2pp_L/NP=47.2
fed2022,Roy Morgan,2022-04-04,2022-04-04,state,nsw,,,55.0,,,,,https://en.wikipedia.org/wiki/Opinion_polling_for_the_2022_Australian_federal_election,yes,2pp_L/NP=45.0
fed2022,Roy Morgan,2022-04-11,2022-04-11,state,nsw,,,55.0,,,,,https://en.wikipedia.org/wiki/Opinion_polling_for_the_2022_Australian_federal_election,yes,2pp_L/NP=45.0
fed2022,Resolve Strategic,2022-04-16,2022-04-16,state,nsw,,,52.0,35.0,36.0,10.0,3.0,https://en.wikipedia.org/wiki/Opinion_polling_for_the_2022_Australian_federal_election,yes,UAP=3.0;ONP=3.0;IND=11.0;2pp_L/NP=48.0
fed2022,Roy Morgan,2022-04-20,2022-04-20,state,nsw,,,53.5,,,,,https://en.wikipedia.org/wiki/Opinion_polling_for_the_2022_Australian_federal_election,yes,2pp_L/NP=46.5
fed2022,Roy Morgan,2022-04-27,2022-04-27,state,nsw,,,55.0,,,,,https://en.wikipedia.org/wiki/Opinion_polling_for_the_2022_Australian_federal_election,yes,2pp_L/NP=45.0
fed2022,Resolve Strategic,2022-04-30,2022-04-30,state,nsw,,,58.4,41.0,30.0,12.0,3.0,https://en.wikipedia.org/wiki/Opinion_polling_for_the_2022_Australian_federal_election,yes,UAP=3.0;ONP=6.0;IND=4.0;2pp_L/NP=41.6
fed2022,Roy Morgan,2022-05-03,2022-05-03,state,nsw,,,56.0,,,,,https://en.wikipedia.org/wiki/Opinion_polling_for_the_2022_Australian_federal_election,yes,2pp_L/NP=44.0
fed2022,Roy Morgan,2022-05-10,2022-05-10,state,nsw,,,51.5,,,,,https://en.wikipedia.org/wiki/Opinion_polling_for_the_2022_Australian_federal_election,yes,2pp_L/NP=48.5
fed2022,Resolve Strategic,2022-05-12,2022-05-17,state,nsw,,,47.8,28.0,39.0,14.0,2.0,https://en.wikipedia.org/wiki/Opinion_polling_for_the_2022_Australian_federal_election,yes,UAP=3.0;ONP=6.0;IND=8.0;2pp_L/NP=52.2
fed2022,Roy Morgan,2022-05-17,2022-05-17,state,nsw,,,52.0,,,,,https://en.wikipedia.org/wiki/Opinion_polling_for_the_2022_Australian_federal_election,yes,2pp_L/NP=48.0
fed2022,Resolve Strategic,2021-11-20,2021-11-20,state,qld,,,45.8,30.0,42.0,10.0,1.0,https://en.wikipedia.org/wiki/Opinion_polling_for_the_2022_Australian_federal_election,yes,ONP=8.0;UAP=2.0;IND=6.0;2pp_L/NP=54.2
fed2022,Roy Morgan,2021-11-13,2021-11-21,state,qld,,,51.5,,,,,https://en.wikipedia.org/wiki/Opinion_polling_for_the_2022_Australian_federal_election,yes,2pp_L/NP=48.5
fed2022,Roy Morgan,2021-11-27,2021-12-05,state,qld,,,54.5,,,,,https://en.wikipedia.org/wiki/Opinion_polling_for_the_2022_Australian_federal_election,yes,2pp_L/NP=45.5
fed2022,Resolve Strategic,2022-01-15,2022-01-15,state,qld,,,48.6,26.0,34.0,15.0,2.0,https://en.wikipedia.org/wiki/Opinion_polling_for_the_2022_Australian_federal_election,yes,ONP=13.0;UAP=3.0;IND=7.0;2pp_L/NP=51.4
fed2022,Roy Morgan,2022-01-04,2022-01-16,state,qld,,,48.5,,,,,https://en.wikipedia.org/wiki/Opinion_polling_for_the_2022_Australian_federal_election,yes,2pp_L/NP=51.5
fed2022,Roy Morgan,2022-02-18,2022-02-18,state,qld,,,51.5,,,,,https://en.wikipedia.org/wiki/Opinion_polling_for_the_2022_Australian_federal_election,yes,2pp_L/NP=48.5
fed2022,Resolve Strategic,2022-02-20,2022-02-20,state,qld,,,53.6,33.0,33.0,13.0,2.0,https://en.wikipedia.org/wiki/Opinion_polling_for_the_2022_Australian_federal_election,yes,ONP=9.0;UAP=3.0;IND=7.0;2pp_L/NP=46.4
fed2022,Roy Morgan,2022-02-14,2022-02-23,state,qld,,,50.0,,,,,https://en.wikipedia.org/wiki/Opinion_polling_for_the_2022_Australian_federal_election,yes,2pp_L/NP=50.0
fed2022,Roy Morgan,2022-03-14,2022-03-20,state,qld,,,45.5,,,,,https://en.wikipedia.org/wiki/Opinion_polling_for_the_2022_Australian_federal_election,yes,2pp_L/NP=54.5
fed2022,Roy Morgan,2022-03-29,2022-03-29,state,qld,,,49.0,,,,,https://en.wikipedia.org/wiki/Opinion_polling_for_the_2022_Australian_federal_election,yes,2pp_L/NP=51.0
fed2022,Resolve Strategic,2022-04-03,2022-04-03,state,qld,,,53.6,33.0,33.0,14.0,2.0,https://en.wikipedia.org/wiki/Opinion_polling_for_the_2022_Australian_federal_election,yes,ONP=5.0;UAP=2.0;IND=11.0;2pp_L/NP=46.4
fed2022,Roy Morgan,2022-04-04,2022-04-04,state,qld,,,50.5,,,,,https://en.wikipedia.org/wiki/Opinion_polling_for_the_2022_Australian_federal_election,yes,2pp_L/NP=49.5
fed2022,Roy Morgan,2022-04-11,2022-04-11,state,qld,,,50.5,,,,,https://en.wikipedia.org/wiki/Opinion_polling_for_the_2022_Australian_federal_election,yes,2pp_L/NP=49.5
fed2022,Resolve Strategic,2022-04-16,2022-04-16,state,qld,,,51.0,31.0,34.0,13.0,1.0,https://en.wikipedia.org/wiki/Opinion_polling_for_the_2022_Australian_federal_election,yes,ONP=10.0;UAP=2.0;IND=10.0;2pp_L/NP=49.0
fed2022,Roy Morgan,2022-04-20,2022-04-20,state,qld,,,51.5,,,,,https://en.wikipedia.org/wiki/Opinion_polling_for_the_2022_Australian_federal_election,yes,2pp_L/NP=48.5
fed2022,Roy Morgan,2022-04-27,2022-04-27,state,qld,,,45.5,,,,,https://en.wikipedia.org/wiki/Opinion_polling_for_the_2022_Australian_federal_election,yes,2pp_L/NP=54.5
fed2022,Resolve Strategic,2022-04-30,2022-04-30,state,qld,,,47.3,27.0,41.0,18.0,2.0,https://en.wikipedia.org/wiki/Opinion_polling_for_the_2022_Australian_federal_election,yes,ONP=5.0;UAP=6.0;IND=2.0;2pp_L/NP=52.7
fed2022,Roy Morgan,2022-05-03,2022-05-03,state,qld,,,43.5,,,,,https://en.wikipedia.org/wiki/Opinion_polling_for_the_2022_Australian_federal_election,yes,2pp_L/NP=56.5
fed2022,Roy Morgan,2022-05-10,2022-05-10,state,qld,,,46.5,,,,,https://en.wikipedia.org/wiki/Opinion_polling_for_the_2022_Australian_federal_election,yes,2pp_L/NP=53.5
fed2022,Resolve Strategic,2022-05-12,2022-05-17,state,qld,,,51.5,28.0,31.0,17.0,3.0,https://en.wikipedia.org/wiki/Opinion_polling_for_the_2022_Australian_federal_election,yes,ONP=11.0;UAP=6.0;IND=4.0;2pp_L/NP=48.5
fed2022,Roy Morgan,2022-05-17,2022-05-17,state,qld,,,47.0,,,,,https://en.wikipedia.org/wiki/Opinion_polling_for_the_2022_Australian_federal_election,yes,2pp_L/NP=53.0
fed2022,Roy Morgan,2021-11-13,2021-11-21,state,sa,,,55.5,,,,,https://en.wikipedia.org/wiki/Opinion_polling_for_the_2022_Australian_federal_election,yes,2pp_L/NP=44.5
fed2022,Roy Morgan,2021-11-27,2021-12-05,state,sa,,,64.5,,,,,https://en.wikipedia.org/wiki/Opinion_polling_for_the_2022_Australian_federal_election,yes,2pp_L/NP=35.5
fed2022,Roy Morgan,2022-01-04,2022-01-16,state,sa,,,60.5,,,,,https://en.wikipedia.org/wiki/Opinion_polling_for_the_2022_Australian_federal_election,yes,2pp_L/NP=39.5
fed2022,Roy Morgan,2022-02-18,2022-02-18,state,sa,,,59.5,,,,,https://en.wikipedia.org/wiki/Opinion_polling_for_the_2022_Australian_federal_election,yes,2pp_L/NP=40.5
fed2022,Roy Morgan,2022-02-14,2022-02-23,state,sa,,,59.5,,,,,https://en.wikipedia.org/wiki/Opinion_polling_for_the_2022_Australian_federal_election,yes,2pp_L/NP=41.5
fed2022,Roy Morgan,2022-03-14,2022-03-20,state,sa,,,60.5,,,,,https://en.wikipedia.org/wiki/Opinion_polling_for_the_2022_Australian_federal_election,yes,2pp_L/NP=39.5
fed2022,Roy Morgan,2022-03-29,2022-03-29,state,sa,,,63.5,,,,,https://en.wikipedia.org/wiki/Opinion_polling_for_the_2022_Australian_federal_election,yes,2pp_L/NP=36.5
fed2022,Roy Morgan,2022-04-04,2022-04-04,state,sa,,,56.0,,,,,https://en.wikipedia.org/wiki/Opinion_polling_for_the_2022_Australian_federal_election,yes,2pp_L/NP=44.0
fed2022,Roy Morgan,2022-04-11,2022-04-11,state,sa,,,53.0,,,,,https://en.wikipedia.org/wiki/Opinion_polling_for_the_2022_Australian_federal_election,yes,2pp_L/NP=47.0
fed2022,Roy Morgan,2022-04-20,2022-04-20,state,sa,,,58.0,,,,,https://en.wikipedia.org/wiki/Opinion_polling_for_the_2022_Australian_federal_election,yes,2pp_L/NP=42.0
fed2022,Roy Morgan,2022-04-27,2022-04-27,state,sa,,,61.5,,,,,https://en.wikipedia.org/wiki/Opinion_polling_for_the_2022_Australian_federal_election,yes,2pp_L/NP=38.5
fed2022,Roy Morgan,2022-05-03,2022-05-03,state,sa,,,62.5,,,,,https://en.wikipedia.org/wiki/Opinion_polling_for_the_2022_Australian_federal_election,yes,2pp_L/NP=37.5
fed2022,Roy Morgan,2022-05-10,2022-05-10,state,sa,,,62.5,,,,,https://en.wikipedia.org/wiki/Opinion_polling_for_the_2022_Australian_federal_election,yes,2pp_L/NP=37.5
fed2022,Roy Morgan,2022-05-17,2022-05-17,state,sa,,,49.0,,,,,https://en.wikipedia.org/wiki/Opinion_polling_for_the_2022_Australian_federal_election,yes,2pp_L/NP=51.0
fed2022,Roy Morgan,2021-11-13,2021-11-21,state,tas,,,53.0,,,,,https://en.wikipedia.org/wiki/Opinion_polling_for_the_2022_Australian_federal_election,yes,2pp_L/NP=47.0
fed2022,Roy Morgan,2021-12-04,2021-12-28,state,tas,,,51.5,,,,,https://en.wikipedia.org/wiki/Opinion_polling_for_the_2022_Australian_federal_election,yes,2pp_L/NP=48.5
fed2022,Roy Morgan,2022-01-04,2022-01-16,state,tas,,,60.5,,,,,https://en.wikipedia.org/wiki/Opinion_polling_for_the_2022_Australian_federal_election,yes,2pp_L/NP=39.5
fed2022,Roy Morgan,2022-02-18,2022-02-18,state,tas,,,65.0,,,,,https://en.wikipedia.org/wiki/Opinion_polling_for_the_2022_Australian_federal_election,yes,2pp_L/NP=35.0
fed2022,Roy Morgan,2022-02-14,2022-02-23,state,tas,,,75.0,,,,,https://en.wikipedia.org/wiki/Opinion_polling_for_the_2022_Australian_federal_election,yes,2pp_L/NP=25.0
fed2022,Roy Morgan,2022-03-14,2022-03-20,state,tas,,,60.0,,,,,https://en.wikipedia.org/wiki/Opinion_polling_for_the_2022_Australian_federal_election,yes,2pp_L/NP=40.0
fed2022,Roy Morgan,2022-03-29,2022-03-29,state,tas,,,53.0,,,,,https://en.wikipedia.org/wiki/Opinion_polling_for_the_2022_Australian_federal_election,yes,2pp_L/NP=47.0
fed2022,Roy Morgan,2022-04-04,2022-04-04,state,tas,,,74.0,,,,,https://en.wikipedia.org/wiki/Opinion_polling_for_the_2022_Australian_federal_election,yes,2pp_L/NP=26.0
fed2022,Roy Morgan,2022-04-11,2022-04-11,state,tas,,,69.0,,,,,https://en.wikipedia.org/wiki/Opinion_polling_for_the_2022_Australian_federal_election,yes,2pp_L/NP=31.0
fed2022,Roy Morgan,2022-04-20,2022-04-20,state,tas,,,61.0,,,,,https://en.wikipedia.org/wiki/Opinion_polling_for_the_2022_Australian_federal_election,yes,2pp_L/NP=39.0
fed2022,Roy Morgan,2022-04-27,2022-04-27,state,tas,,,64.5,,,,,https://en.wikipedia.org/wiki/Opinion_polling_for_the_2022_Australian_federal_election,yes,2pp_L/NP=35.5
fed2022,Roy Morgan,2022-05-03,2022-05-03,state,tas,,,57.5,,,,,https://en.wikipedia.org/wiki/Opinion_polling_for_the_2022_Australian_federal_election,yes,2pp_L/NP=42.5
fed2022,Roy Morgan,2022-05-10,2022-05-10,state,tas,,,40.0,,,,,https://en.wikipedia.org/wiki/Opinion_polling_for_the_2022_Australian_federal_election,yes,2pp_L/NP=60.0
fed2022,Roy Morgan,2022-05-17,2022-05-17,state,tas,,,58.0,,,,,https://en.wikipedia.org/wiki/Opinion_polling_for_the_2022_Australian_federal_election,yes,2pp_L/NP=42.0
fed2022,Resolve Strategic,2021-11-20,2021-11-20,state,vic,,,52.3,35.0,37.0,12.0,5.0,https://en.wikipedia.org/wiki/Opinion_polling_for_the_2022_Australian_federal_election,yes,ONP=0.0;UAP=5.0;IND=8.0;2pp_L/NP=47.7
fed2022,Roy Morgan,2021-11-13,2021-11-21,state,vic,,,58.0,,,,,https://en.wikipedia.org/wiki/Opinion_polling_for_the_2022_Australian_federal_election,yes,2pp_L/NP=42.0
fed2022,Roy Morgan,2021-11-27,2021-12-05,state,vic,,,58.5,,,,,https://en.wikipedia.org/wiki/Opinion_polling_for_the_2022_Australian_federal_election,yes,2pp_L/NP=41.5
fed2022,Resolve Strategic,2022-01-15,2022-01-15,state,vic,,,58.6,40.0,29.0,11.0,4.0,https://en.wikipedia.org/wiki/Opinion_polling_for_the_2022_Australian_federal_election,yes,ONP=1.0;UAP=4.0;IND=10.0;2pp_L/NP=41.4
fed2022,Roy Morgan,2022-01-04,2022-01-16,state,vic,,,59.0,,,,,https://en.wikipedia.org/wiki/Opinion_polling_for_the_2022_Australian_federal_election,yes,2pp_L/NP=41.0
fed2022,Roy Morgan,2022-02-18,2022-02-18,state,vic,,,57.5,,,,,https://en.wikipedia.org/wiki/Opinion_polling_for_the_2022_Australian_federal_election,yes,2pp_L/NP=42.5
fed2022,Resolve Strategic,2022-02-20,2022-02-20,state,vic,,,52.7,31.0,31.0,11.0,6.0,https://en.wikipedia.org/wiki/Opinion_polling_for_the_2022_Australian_federal_election,yes,ONP=0.0;UAP=7.0;IND=13.0;2pp_L/NP=47.3
fed2022,Roy Morgan,2022-02-14,2022-02-23,state,vic,,,60.0,,,,,https://en.wikipedia.org/wiki/Opinion_polling_for_the_2022_Australian_federal_election,yes,2pp_L/NP=40.0
fed2022,Roy Morgan,2022-03-14,2022-03-20,state,vic,,,64.0,,,,,https://en.wikipedia.org/wiki/Opinion_polling_for_the_2022_Australian_federal_election,yes,2pp_L/NP=36.0
fed2022,Resolve Strategic,2022-04-03,2022-04-03,state,vic,,,51.8,36.0,34.0,11.0,3.0,https://en.wikipedia.org/wiki/Opinion_polling_for_the_2022_Australian_federal_election,yes,ONP=1.0;UAP=5.0;IND=9.0;2pp_L/NP=48.2
fed2022,Roy Morgan,2022-04-04,2022-04-04,state,vic,,,60.5,,,,,https://en.wikipedia.org/wiki/Opinion_polling_for_the_2022_Australian_federal_election,yes,2pp_L/NP=39.5
fed2022,Roy Morgan,2022-04-11,2022-04-11,state,vic,,,58.0,,,,,https://en.wikipedia.org/wiki/Opinion_polling_for_the_2022_Australian_federal_election,yes,2pp_L/NP=42.0
fed2022,Resolve Strategic,2022-04-16,2022-04-16,state,vic,,,51.3,32.0,35.0,12.0,6.0,https://en.wikipedia.org/wiki/Opinion_polling_for_the_2022_Australian_federal_election,yes,ONP=1.0;UAP=7.0;IND=7.0;2pp_L/NP=48.7
fed2022,Roy Morgan,2022-04-20,2022-04-20,state,vic,,,58.0,,,,,https://en.wikipedia.org/wiki/Opinion_polling_for_the_2022_Australian_federal_election,yes,2pp_L/NP=42.0
fed2022,Roy Morgan,2022-04-27,2022-04-27,state,vic,,,60.0,,,,,https://en.wikipedia.org/wiki/Opinion_polling_for_the_2022_Australian_federal_election,yes,2pp_L/NP=40.0
fed2022,Roy Morgan,2022-04-29,2022-04-29,state,vic,,,60.0,,,,,https://en.wikipedia.org/wiki/Opinion_polling_for_the_2022_Australian_federal_election,yes,2pp_L/NP=40.0
fed2022,Resolve Strategic,2022-04-30,2022-04-30,state,vic,,,56.0,35.0,30.0,16.0,3.0,https://en.wikipedia.org/wiki/Opinion_polling_for_the_2022_Australian_federal_election,yes,ONP=5.0;UAP=7.0;IND=4.0;2pp_L/NP=44.0
fed2022,Roy Morgan,2022-05-03,2022-05-03,state,vic,,,63.5,,,,,https://en.wikipedia.org/wiki/Opinion_polling_for_the_2022_Australian_federal_election,yes,2pp_L/NP=36.5
fed2022,Roy Morgan,2022-05-10,2022-05-10,state,vic,,,61.0,,,,,https://en.wikipedia.org/wiki/Opinion_polling_for_the_2022_Australian_federal_election,yes,2pp_L/NP=39.0
fed2022,Resolve Strategic,2022-05-12,2022-05-17,state,vic,,,52.1,32.0,35.0,14.0,6.0,https://en.wikipedia.org/wiki/Opinion_polling_for_the_2022_Australian_federal_election,yes,ONP=3.0;UAP=4.0;IND=6.0;2pp_L/NP=47.9
fed2022,Roy Morgan,2022-05-17,2022-05-17,state,vic,,,57.0,,,,,https://en.wikipedia.org/wiki/Opinion_polling_for_the_2022_Australian_federal_election,yes,2pp_L/NP=43.0
fed2022,Roy Morgan,2021-11-13,2021-11-21,state,wa,,,53.5,,,,,https://en.wikipedia.org/wiki/Opinion_polling_for_the_2022_Australian_federal_election,yes,2pp_L/NP=46.5
fed2022,Roy Morgan,2021-11-27,2021-12-05,state,wa,,,50.5,,,,,https://en.wikipedia.org/wiki/Opinion_polling_for_the_2022_Australian_federal_election,yes,2pp_L/NP=49.5
fed2022,Roy Morgan,2022-01-04,2022-01-16,state,wa,,,51.0,,,,,https://en.wikipedia.org/wiki/Opinion_polling_for_the_2022_Australian_federal_election,yes,2pp_L/NP=49.0
fed2022,Roy Morgan,2022-02-18,2022-02-18,state,wa,,,53.5,,,,,https://en.wikipedia.org/wiki/Opinion_polling_for_the_2022_Australian_federal_election,yes,2pp_L/NP=46.5
fed2022,Roy Morgan,2022-02-14,2022-02-23,state,wa,,,52.0,,,,,https://en.wikipedia.org/wiki/Opinion_polling_for_the_2022_Australian_federal_election,yes,2pp_L/NP=48.0
fed2022,Roy Morgan,2022-03-14,2022-03-20,state,wa,,,59.0,,,,,https://en.wikipedia.org/wiki/Opinion_polling_for_the_2022_Australian_federal_election,yes,2pp_L/NP=41.0
fed2022,Roy Morgan,2022-03-29,2022-03-29,state,wa,,,57.0,,,,,https://en.wikipedia.org/wiki/Opinion_polling_for_the_2022_Australian_federal_election,yes,2pp_L/NP=43.0
fed2022,Roy Morgan,2022-04-04,2022-04-04,state,wa,,,59.0,,,,,https://en.wikipedia.org/wiki/Opinion_polling_for_the_2022_Australian_federal_election,yes,2pp_L/NP=41.0
fed2022,Roy Morgan,2022-04-11,2022-04-11,state,wa,,,63.5,,,,,https://en.wikipedia.org/wiki/Opinion_polling_for_the_2022_Australian_federal_election,yes,2pp_L/NP=36.5
fed2022,Roy Morgan,2022-04-20,2022-04-20,state,wa,,,49.0,,,,,https://en.wikipedia.org/wiki/Opinion_polling_for_the_2022_Australian_federal_election,yes,2pp_L/NP=51.0
fed2022,Roy Morgan,2022-04-27,2022-04-27,state,wa,,,45.5,,,,,https://en.wikipedia.org/wiki/Opinion_polling_for_the_2022_Australian_federal_election,yes,2pp_L/NP=54.5
fed2022,Roy Morgan,2022-05-03,2022-05-03,state,wa,,,49.0,,,,,https://en.wikipedia.org/wiki/Opinion_polling_for_the_2022_Australian_federal_election,yes,2pp_L/NP=51.0
fed2022,Roy Morgan,2022-05-10,2022-05-10,state,wa,,,57.5,,,,,https://en.wikipedia.org/wiki/Opinion_polling_for_the_2022_Australian_federal_election,yes,2pp_L/NP=42.5
fed2022,Roy Morgan,2022-05-17,2022-05-17,state,wa,,,54.5,,,,,https://en.wikipedia.org/wiki/Opinion_polling_for_the_2022_Australian_federal_election,yes,2pp_L/NP=45.5
fed2025,Accent/RedBridge (MRP),2024-10-29,2024-11-20,seat,act,Bean,4909,61.0,38.0,33.0,21.0,8.0,https://en.wikipedia.org/wiki/Electorate_opinion_polling_and_projections_for_the_2025_Australian_federal_election,yes,2pp_LIB=39.0
fed2025,YouGov (MRP),2025-01-22,2025-02-12,seat,act,Bean,8732,55.2,36.0,32.9,12.9,1.0,https://en.wikipedia.org/wiki/Electorate_opinion_polling_and_projections_for_the_2025_Australian_federal_election,yes,IND=11.0;ONP=6.2;2pp_LIB=44.8
fed2025,YouGov (MRP),2025-02-27,2025-03-26,seat,act,Bean,10217,59.5,38.1,29.1,15.7,1.3,https://en.wikipedia.org/wiki/Electorate_opinion_polling_and_projections_for_the_2025_Australian_federal_election,yes,IND=11.9;ONP=4.0;2pp_LIB=40.5
fed2025,Accent/RedBridge (MRP),2025-02-03,2025-04-01,seat,act,Bean,9953,62.0,41.0,31.0,14.0,13.0,https://en.wikipedia.org/wiki/Electorate_opinion_polling_and_projections_for_the_2025_Australian_federal_election,yes,2pp_LIB=38.0
fed2025,YouGov (MRP),2025-04-01,2025-04-29,seat,act,Bean,10822,62.0,41.9,30.2,15.2,,https://en.wikipedia.org/wiki/Electorate_opinion_polling_and_projections_for_the_2025_Australian_federal_election,yes,IND=12.8;2pp_LIB=38.0
fed2025,Accent/RedBridge (MRP),2024-10-29,2024-11-20,seat,act,Canberra,4909,67.0,48.0,19.0,26.0,7.0,https://en.wikipedia.org/wiki/Electorate_opinion_polling_and_projections_for_the_2025_Australian_federal_election,yes,2pp_GRN=33.0
fed2025,YouGov (MRP),2025-01-22,2025-02-12,seat,act,Canberra,8732,64.3,41.4,21.4,24.6,0.8,https://en.wikipedia.org/wiki/Electorate_opinion_polling_and_projections_for_the_2025_Australian_federal_election,yes,IND=8.0;ONP=3.7;2pp_GRN=35.7
fed2025,YouGov (MRP),2025-02-27,2025-03-26,seat,act,Canberra,10217,59.8,39.9,21.3,25.1,1.2,https://en.wikipedia.org/wiki/Electorate_opinion_polling_and_projections_for_the_2025_Australian_federal_election,yes,IND=9.9;ONP=2.6;2pp_GRN=40.2
fed2025,Accent/RedBridge (MRP),2025-02-03,2025-04-01,seat,act,Canberra,9953,68.0,50.0,24.0,19.0,7.0,https://en.wikipedia.org/wiki/Electorate_opinion_polling_and_projections_for_the_2025_Australian_federal_election,yes,2pp_GRN=32.0
fed2025,YouGov (MRP),2025-04-01,2025-04-29,seat,act,Canberra,10822,60.1,43.3,19.7,25.7,2.6,https://en.wikipedia.org/wiki/Electorate_opinion_polling_and_projections_for_the_2025_Australian_federal_election,yes,IND=8.6;2pp_GRN=39.9
fed2025,Accent/RedBridge (MRP),2024-10-29,2024-11-20,seat,act,Fenner,4909,57.0,37.0,31.0,16.0,16.0,https://en.wikipedia.org/wiki/Electorate_opinion_polling_and_projections_for_the_2025_Australian_federal_election,yes,2pp_LIB=43.0
fed2025,YouGov (MRP),2025-01-22,2025-02-12,seat,act,Fenner,8732,59.8,42.2,30.0,15.1,1.1,https://en.wikipedia.org/wiki/Electorate_opinion_polling_and_projections_for_the_2025_Australian_federal_election,yes,ONP=6.2;IND=5.3;2pp_LIB=40.2
fed2025,YouGov (MRP),2025-02-27,2025-03-26,seat,act,Fenner,10217,61.1,40.5,28.7,18.5,2.1,https://en.wikipedia.org/wiki/Electorate_opinion_polling_and_projections_for_the_2025_Australian_federal_election,yes,ONP=5.6;IND=4.6;2pp_LIB=38.9
fed2025,Accent/RedBridge (MRP),2025-02-03,2025-04-01,seat,act,Fenner,9953,61.0,40.0,27.0,18.0,15.0,https://en.wikipedia.org/wiki/Electorate_opinion_polling_and_projections_for_the_2025_Australian_federal_election,yes,2pp_LIB=39.0
fed2025,YouGov (MRP),2025-04-01,2025-04-29,seat,act,Fenner,10822,66.6,51.1,27.7,16.8,4.4,https://en.wikipedia.org/wiki/Electorate_opinion_polling_and_projections_for_the_2025_Australian_federal_election,yes,2pp_LIB=33.4
fed2025,Accent/RedBridge (MRP),2024-10-29,2024-11-20,seat,nsw,Banks,4909,43.0,32.0,49.0,7.0,12.0,https://en.wikipedia.org/wiki/Electorate_opinion_polling_and_projections_for_the_2025_Australian_federal_election,yes,2pp_LIB=57.0
fed2025,YouGov (MRP),2025-01-22,2025-02-12,seat,nsw,Banks,8732,45.2,29.9,44.4,10.5,2.1,https://en.wikipedia.org/wiki/Electorate_opinion_polling_and_projections_for_the_2025_Australian_federal_election,yes,ONP=6.3;IND=6.7;2pp_LIB=54.8
fed2025,YouGov (MRP),2025-02-27,2025-03-26,seat,nsw,Banks,10217,47.5,32.2,42.2,10.7,3.9,https://en.wikipedia.org/wiki/Electorate_opinion_polling_and_projections_for_the_2025_Australian_federal_election,yes,ONP=6.2;IND=4.8;2pp_LIB=52.5
fed2025,YouGov (MRP),2025-04-01,2025-04-29,seat,nsw,Banks,10822,50.4,34.0,36.0,10.3,9.4,https://en.wikipedia.org/wiki/Electorate_opinion_polling_and_projections_for_the_2025_Australian_federal_election,yes,ONP=7.5;IND=2.7;2pp_LIB=49.6
fed2025,Accent/RedBridge (MRP),2024-10-29,2024-11-20,seat,nsw,Barton,4909,57.0,40.0,33.0,14.0,13.0,https://en.wikipedia.org/wiki/Electorate_opinion_polling_and_projections_for_the_2025_Australian_federal_election,yes,2pp_LIB=43.0
fed2025,YouGov (MRP),2025-01-22,2025-02-12,seat,nsw,Barton,8732,55.4,38.5,33.8,13.2,1.9,https://en.wikipedia.org/wiki/Electorate_opinion_polling_and_projections_for_the_2025_Australian_federal_election,yes,ONP=6.8;IND=5.8;2pp_LIB=44.6
fed2025,YouGov (MRP),2025-02-27,2025-03-26,seat,nsw,Barton,10217,56.3,38.9,32.3,13.5,3.2,https://en.wikipedia.org/wiki/Electorate_opinion_polling_and_projections_for_the_2025_Australian_federal_election,yes,ONP=8.1;IND=3.9;2pp_LIB=43.7
fed2025,Accent/RedBridge (MRP),2024-10-29,2024-11-20,seat,nsw,Bennelong,4909,46.0,33.0,46.0,13.0,8.0,https://en.wikipedia.org/wiki/Electorate_opinion_polling_and_projections_for_the_2025_Australian_federal_election,yes,2pp_LIB=54.0
fed2025,YouGov (MRP),2025-01-22,2025-02-12,seat,nsw,Bennelong,8732,45.4,29.4,43.8,11.2,3.4,https://en.wikipedia.org/wiki/Electorate_opinion_polling_and_projections_for_the_2025_Australian_federal_election,yes,ONP=6.3;IND=5.9;2pp_LIB=54.6
fed2025,YouGov (MRP),2025-02-27,2025-03-26,seat,nsw,Bennelong,10217,48.6,31.0,40.7,12.8,5.8,https://en.wikipedia.org/wiki/Electorate_opinion_polling_and_projections_for_the_2025_Australian_federal_election,yes,ONP=4.4;IND=5.2;2pp_LIB=51.4
fed2025,Accent/RedBridge (MRP),2024-10-29,2024-11-20,seat,nsw,Berowra,4909,42.0,29.0,49.0,10.0,13.0,https://en.wikipedia.org/wiki/Electorate_opinion_polling_and_projections_for_the_2025_Australian_federal_election,yes,2pp_LIB=58.0
fed2025,YouGov (MRP),2025-01-22,2025-02-12,seat,nsw,Berowra,8732,41.3,24.0,48.4,12.6,1.6,https://en.wikipedia.org/wiki/Electorate_opinion_polling_and_projections_for_the_2025_Australian_federal_election,yes,ONP=4.9;IND=8.4;2pp_LIB=58.7
fed2025,YouGov (MRP),2025-02-27,2025-03-26,seat,nsw,Berowra,10217,44.2,23.8,44.1,14.8,4.0,https://en.wikipedia.org/wiki/Electorate_opinion_polling_and_projections_for_the_2025_Australian_federal_election,yes,ONP=4.8;IND=8.4;2pp_LIB=55.8
fed2025,Accent/RedBridge (MRP),2024-10-29,2024-11-20,seat,nsw,Blaxland,4909,56.0,43.0,35.0,10.0,13.0,https://en.wikipedia.org/wiki/Electorate_opinion_polling_and_projections_for_the_2025_Australian_federal_election,yes,2pp_LIB=44.0
fed2025,YouGov (MRP),2025-01-22,2025-02-12,seat,nsw,Blaxland,8732,57.7,39.1,29.9,14.2,2.9,https://en.wikipedia.org/wiki/Electorate_opinion_polling_and_projections_for_the_2025_Australian_federal_election,yes,ONP=8.1;IND=5.8;2pp_LIB=42.3
fed2025,YouGov (MRP),2025-02-27,2025-03-26,seat,nsw,Blaxland,10217,56.5,39.1,30.5,12.0,4.5,https://en.wikipedia.org/wiki/Electorate_opinion_polling_and_projections_for_the_2025_Australian_federal_election,yes,ONP=10.1;IND=3.8;2pp_LIB=43.5
fed2025,Accent/RedBridge (MRP),2024-10-29,2024-11-20,seat,nsw,Bradfield,4909,,16.0,47.0,6.0,32.0,https://en.wikipedia.org/wiki/Electorate_opinion_polling_and_projections_for_the_2025_Australian_federal_election,yes,2pp_LIB=53.0;2pp_IND=47.0
fed2025,Climate 200,2025-02-03,2025-02-03,seat,nsw,Bradfield,1047,,,40.0,,,https://en.wikipedia.org/wiki/Electorate_opinion_polling_and_projections_for_the_2025_Australian_federal_election,yes,2pp_LIB=48.0;2pp_IND=52.0
fed2025,YouGov (MRP),2025-01-22,2025-02-12,seat,nsw,Bradfield,8732,,19.7,41.7,10.1,0.5,https://en.wikipedia.org/wiki/Electorate_opinion_polling_and_projections_for_the_2025_Australian_federal_election,yes,IND=23.9;ONP=4.1;2pp_LIB=51.9;2pp_IND=48.1
fed2025,YouGov (MRP),2025-02-27,2025-03-26,seat,nsw,Bradfield,10217,,20.4,39.4,8.8,0.7,https://en.wikipedia.org/wiki/Electorate_opinion_polling_and_projections_for_the_2025_Australian_federal_election,yes,IND=27.7;ONP=3.1;2pp_LIB=50.1;2pp_IND=49.9
fed2025,YouGov (MRP),2025-04-01,2025-04-29,seat,nsw,Bradfield,10822,,12.3,27.9,7.2,1.9,https://en.wikipedia.org/wiki/Electorate_opinion_polling_and_projections_for_the_2025_Australian_federal_election,yes,IND=47.8;ONP=2.9;2pp_LIB=35.5;2pp_IND=64.5
fed2025,Accent/RedBridge (MRP),2024-10-29,2024-11-20,seat,nsw,Calare,4909,,23.0,,6.0,18.0,https://en.wikipedia.org/wiki/Electorate_opinion_polling_and_projections_for_the_2025_Australian_federal_election,yes,NAT=53.0;2pp_NAT=53.0;2pp_IND=47.0
fed2025,YouGov (MRP),2025-01-22,2025-02-12,seat,nsw,Calare,8732,,15.1,,6.8,0.7,https://en.wikipedia.org/wiki/Electorate_opinion_polling_and_projections_for_the_2025_Australian_federal_election,yes,NAT=46.2;IND=18.1;ONP=13.0;2pp_NAT=59.7;2pp_IND=40.3
fed2025,YouGov (MRP),2025-02-27,2025-03-26,seat,nsw,Calare,10217,,16.0,,6.7,0.8,https://en.wikipedia.org/wiki/Electorate_opinion_polling_and_projections_for_the_2025_Australian_federal_election,yes,NAT=42.2;IND=21.0;ONP=13.3;2pp_NAT=56.2;2pp_IND=43.8
fed2025,YouGov,2025-04-17,2025-04-24,seat,nsw,Calare,,,8.2,,5.1,8.8,https://en.wikipedia.org/wiki/Electorate_opinion_polling_and_projections_for_the_2025_Australian_federal_election,yes,NAT=25.1;IND=38.9;ONP=13.9;2pp_NAT=43.0;2pp_IND=57.0
fed2025,YouGov (MRP),2025-04-01,2025-04-29,seat,nsw,Calare,10822,,11.3,,4.1,3.5,https://en.wikipedia.org/wiki/Electorate_opinion_polling_and_projections_for_the_2025_Australian_federal_election,yes,NAT=35.6;IND=35.3;ONP=10.2;2pp_NAT=46.9;2pp_IND=53.1
fed2025,Accent/RedBridge (MRP),2024-10-29,2024-11-20,seat,nsw,Chifley,4909,54.0,41.0,34.0,9.0,16.0,https://en.wikipedia.org/wiki/Electorate_opinion_polling_and_projections_for_the_2025_Australian_federal_election,yes,2pp_LIB=46.0
fed2025,YouGov (MRP),2025-01-22,2025-02-12,seat,nsw,Chifley,8732,59.4,43.5,27.8,9.9,2.0,https://en.wikipedia.org/wiki/Electorate_opinion_polling_and_projections_for_the_2025_Australian_federal_election,yes,ONP=10.2;IND=6.5;2pp_LIB=40.6
fed2025,YouGov (MRP),2025-02-27,2025-03-26,seat,nsw,Chifley,10217,58.2,41.3,29.3,11.4,3.3,https://en.wikipedia.org/wiki/Electorate_opinion_polling_and_projections_for_the_2025_Australian_federal_election,yes,ONP=9.8;IND=4.9;2pp_LIB=41.8
fed2025,Accent/RedBridge (MRP),2024-10-29,2024-11-20,seat,nsw,Cook,4909,37.0,25.0,55.0,6.0,14.0,https://en.wikipedia.org/wiki/Electorate_opinion_polling_and_projections_for_the_2025_Australian_federal_election,yes,2pp_LIB=63.0
fed2025,YouGov (MRP),2025-01-22,2025-02-12,seat,nsw,Cook,8732,37.1,23.9,52.5,8.4,1.4,https://en.wikipedia.org/wiki/Electorate_opinion_polling_and_projections_for_the_2025_Australian_federal_election,yes,ONP=8.2;IND=5.7;2pp_LIB=62.9
fed2025,YouGov (MRP),2025-02-27,2025-03-26,seat,nsw,Cook,10217,39.8,25.1,49.4,10.1,2.9,https://en.wikipedia.org/wiki/Electorate_opinion_polling_and_projections_for_the_2025_Australian_federal_election,yes,ONP=8.2;IND=4.2;2pp_LIB=60.2
fed2025,Accent/RedBridge (MRP),2024-10-29,2024-11-20,seat,nsw,Cowper,4909,,26.0,,5.0,26.0,https://en.wikipedia.org/wiki/Electorate_opinion_polling_and_projections_for_the_2025_Australian_federal_election,yes,NAT=42.0;2pp_NAT=52.0;2pp_IND=48.0
fed2025,YouGov (MRP),2025-01-22,2025-02-12,seat,nsw,Cowper,8732,,16.8,,7.2,1.1,https://en.wikipedia.org/wiki/Electorate_opinion_polling_and_projections_for_the_2025_Australian_federal_election,yes,NAT=37.1;IND=25.1;ONP=12.8;2pp_NAT=50.9;2pp_IND=49.1
fed2025,YouGov (MRP),2025-02-27,2025-03-26,seat,nsw,Cowper,10217,,15.3,,7.5,0.7,https://en.wikipedia.org/wiki/Electorate_opinion_polling_and_projections_for_the_2025_Australian_federal_election,yes,NAT=35.6;IND=29.8;ONP=11.1;2pp_NAT=48.4;2pp_IND=51.6
fed2025,Accent/RedBridge (MRP),2024-10-29,2024-11-20,seat,nsw,Cunningham,4909,63.0,44.0,28.0,16.0,12.0,https://en.wikipedia.org/wiki/Electorate_opinion_polling_and_projections_for_the_2025_Australian_federal_election,yes,2pp_LIB=37.0
fed2025,YouGov (MRP),2025-01-22,2025-02-12,seat,nsw,Cunningham,8732,58.4,37.5,29.4,17.8,1.8,https://en.wikipedia.org/wiki/Electorate_opinion_polling_and_projections_for_the_2025_Australian_federal_election,yes,ONP=7.6;IND=5.8;2pp_LIB=41.6
fed2025,YouGov (MRP),2025-02-27,2025-03-26,seat,nsw,Cunningham,10217,60.0,37.2,27.3,19.7,3.3,https://en.wikipedia.org/wiki/Electorate_opinion_polling_and_projections_for_the_2025_Australian_federal_election,yes,ONP=7.3;IND=5.1;2pp_LIB=40.0
fed2025,Accent/RedBridge (MRP),2024-10-29,2024-11-20,seat,nsw,Dobell,4909,51.0,40.0,38.0,7.0,14.0,https://en.wikipedia.org/wiki/Electorate_opinion_polling_and_projections_for_the_2025_Australian_federal_election,yes,2pp_LIB=49.0
fed2025,YouGov (MRP),2025-01-22,2025-02-12,seat,nsw,Dobell,8732,50.7,34.6,34.7,9.0,2.0,https://en.wikipedia.org/wiki/Electorate_opinion_polling_and_projections_for_the_2025_Australian_federal_election,yes,ONP=13.4;IND=6.4;2pp_LIB=49.3
fed2025,YouGov (MRP),2025-02-27,2025-03-26,seat,nsw,Dobell,10217,52.1,35.6,34.7,10.9,2.7,https://en.wikipedia.org/wiki/Electorate_opinion_polling_and_projections_for_the_2025_Australian_federal_election,yes,ONP=11.8;IND=4.5;2pp_LIB=47.9
fed2025,Accent/RedBridge (MRP),2024-10-29,2024-11-20,seat,nsw,Eden-Monaro,4909,54.0,39.0,37.0,7.0,17.0,https://en.wikipedia.org/wiki/Electorate_opinion_polling_and_projections_for_the_2025_Australian_federal_election,yes,2pp_LIB=46.0
fed2025,YouGov (MRP),2025-01-22,2025-02-12,seat,nsw,Eden-Monaro,8732,48.4,30.4,37.0,9.8,3.3,https://en.wikipedia.org/wiki/Electorate_opinion_polling_and_projections_for_the_2025_Australian_federal_election,yes,ONP=10.6;IND=8.9;2pp_LIB=51.6
fed2025,YouGov (MRP),2025-02-27,2025-03-26,seat,nsw,Eden-Monaro,10217,50.7,32.6,35.8,10.8,4.6,https://en.wikipedia.org/wiki/Electorate_opinion_polling_and_projections_for_the_2025_Australian_federal_election,yes,ONP=9.0;IND=7.0;2pp_LIB=49.3
fed2025,YouGov,2025-04-17,2025-04-24,seat,nsw,Eden-Monaro,268,61.0,42.2,26.0,10.9,3.3,https://en.wikipedia.org/wiki/Electorate_opinion_polling_and_projections_for_the_2025_Australian_federal_election,yes,ONP=7.0;IND=10.6;2pp_LIB=39.0
fed2025,Accent/RedBridge (MRP),2024-10-29,2024-11-20,seat,nsw,Farrer,4909,35.0,17.0,47.0,9.0,27.0,https://en.wikipedia.org/wiki/Electorate_opinion_polling_and_projections_for_the_2025_Australian_federal_election,yes,2pp_LIB=65.0
fed2025,YouGov (MRP),2025-01-22,2025-02-12,seat,nsw,Farrer,8732,36.5,19.5,49.5,9.0,2.2,https://en.wikipedia.org/wiki/Electorate_opinion_polling_and_projections_for_the_2025_Australian_federal_election,yes,ONP=10.5;IND=9.2;2pp_LIB=63.5
fed2025,YouGov (MRP),2025-02-27,2025-03-26,seat,nsw,Farrer,10217,36.4,18.9,48.5,9.5,2.8,https://en.wikipedia.org/wiki/Electorate_opinion_polling_and_projections_for_the_2025_Australian_federal_election,yes,ONP=13.1;IND=7.2;2pp_LIB=63.6
fed2025,Accent/RedBridge (MRP),2024-10-29,2024-11-20,seat,nsw,Fowler,4909,34.0,22.0,23.0,7.0,47.0,https://en.wikipedia.org/wiki/Electorate_opinion_polling_and_projections_for_the_2025_Australian_federal_election,yes,2pp_IND=66.0
fed2025,YouGov (MRP),2025-01-22,2025-02-12,seat,nsw,Fowler,8732,55.8,32.1,26.9,11.9,1.6,https://en.wikipedia.org/wiki/Electorate_opinion_polling_and_projections_for_the_2025_Australian_federal_election,yes,IND=22.0;ONP=5.4;2pp_LIB=44.2
fed2025,YouGov (MRP),2025-02-27,2025-03-26,seat,nsw,Fowler,10217,47.3,31.6,23.1,9.7,1.5,https://en.wikipedia.org/wiki/Electorate_opinion_polling_and_projections_for_the_2025_Australian_federal_election,yes,IND=26.9;ONP=7.3;2pp_IND=52.7
fed2025,Accent/RedBridge (MRP),2025-02-03,2025-04-01,seat,nsw,Fowler,9953,43.0,27.0,21.0,9.0,44.0,https://en.wikipedia.org/wiki/Electorate_opinion_polling_and_projections_for_the_2025_Australian_federal_election,yes,2pp_IND=57.0
fed2025,YouGov (MRP),2025-04-01,2025-04-29,seat,nsw,Fowler,10822,37.0,27.2,13.8,7.3,1.4,https://en.wikipedia.org/wiki/Electorate_opinion_polling_and_projections_for_the_2025_Australian_federal_election,yes,IND=44.8;ONP=5.6;2pp_IND=63.0
fed2025,Accent/RedBridge (MRP),2024-10-29,2024-11-20,seat,nsw,Gilmore,4909,45.0,32.0,45.0,6.0,17.0,https://en.wikipedia.org/wiki/Electorate_opinion_polling_and_projections_for_the_2025_Australian_federal_election,yes,2pp_LIB=55.0
fed2025,YouGov (MRP),2025-01-22,2025-02-12,seat,nsw,Gilmore,8732,47.2,29.3,39.6,9.5,1.3,https://en.wikipedia.org/wiki/Electorate_opinion_polling_and_projections_for_the_2025_Australian_federal_election,yes,IND=12.1;ONP=8.3;2pp_LIB=52.8
fed2025,uComms,2025-02-17,2025-02-20,seat,nsw,Gilmore,684,47.2,,,,,https://en.wikipedia.org/wiki/Electorate_opinion_polling_and_projections_for_the_2025_Australian_federal_election,yes,2pp_LIB=52.8
fed2025,YouGov (MRP),2025-02-27,2025-03-26,seat,nsw,Gilmore,10217,49.1,31.7,38.8,10.6,1.1,https://en.wikipedia.org/wiki/Electorate_opinion_polling_and_projections_for_the_2025_Australian_federal_election,yes,IND=9.8;ONP=8.0;2pp_LIB=50.9
fed2025,YouGov,2025-04-17,2025-04-24,seat,nsw,Gilmore,,,36.2,33.5,11.1,4.7,https://en.wikipedia.org/wiki/Electorate_opinion_polling_and_projections_for_the_2025_Australian_federal_election,yes,IND=8.5;ONP=6.0
fed2025,Accent/RedBridge (MRP),2024-10-29,2024-11-20,seat,nsw,Grayndler,4909,66.0,48.0,25.0,21.0,6.0,https://en.wikipedia.org/wiki/Electorate_opinion_polling_and_projections_for_the_2025_Australian_federal_election,yes,2pp_GRN=34.0
fed2025,YouGov (MRP),2025-01-22,2025-02-12,seat,nsw,Grayndler,8732,63.8,46.9,19.4,21.7,1.5,https://en.wikipedia.org/wiki/Electorate_opinion_polling_and_projections_for_the_2025_Australian_federal_election,yes,IND=5.8;ONP=4.7;2pp_GRN=36.2
fed2025,YouGov (MRP),2025-02-27,2025-03-26,seat,nsw,Grayndler,10217,63.0,44.5,19.1,23.4,2.6,https://en.wikipedia.org/wiki/Electorate_opinion_polling_and_projections_for_the_2025_Australian_federal_election,yes,IND=6.5;ONP=3.9;2pp_GRN=37.0
fed2025,Accent/RedBridge (MRP),2024-10-29,2024-11-20,seat,nsw,Greenway,4909,52.0,40.0,41.0,8.0,11.0,https://en.wikipedia.org/wiki/Electorate_opinion_polling_and_projections_for_the_2025_Australian_federal_election,yes,2pp_LIB=48.0
fed2025,YouGov (MRP),2025-01-22,2025-02-12,seat,nsw,Greenway,8732,51.4,34.9,37.0,10.6,1.9,https://en.wikipedia.org/wiki/Electorate_opinion_polling_and_projections_for_the_2025_Australian_federal_election,yes,ONP=7.4;IND=8.3;2pp_LIB=48.6
fed2025,YouGov (MRP),2025-02-27,2025-03-26,seat,nsw,Greenway,10217,49.8,37.6,39.6,7.0,3.0,https://en.wikipedia.org/wiki/Electorate_opinion_polling_and_projections_for_the_2025_Australian_federal_election,yes,ONP=6.2;IND=6.6;2pp_LIB=50.2
fed2025,Accent/RedBridge (MRP),2024-10-29,2024-11-20,seat,nsw,Hughes,4909,47.0,31.0,44.0,10.0,16.0,https://en.wikipedia.org/wiki/Electorate_opinion_polling_and_projections_for_the_2025_Australian_federal_election,yes,2pp_LIB=53.0
fed2025,YouGov (MRP),2025-01-22,2025-02-12,seat,nsw,Hughes,8732,43.7,24.5,42.3,8.9,1.4,https://en.wikipedia.org/wiki/Electorate_opinion_polling_and_projections_for_the_2025_Australian_federal_election,yes,IND=15.4;ONP=7.4;2pp_LIB=56.3
fed2025,YouGov (MRP),2025-02-27,2025-03-26,seat,nsw,Hughes,10217,46.1,24.4,39.5,10.4,2.7,https://en.wikipedia.org/wiki/Electorate_opinion_polling_and_projections_for_the_2025_Australian_federal_election,yes,IND=17.2;ONP=5.8;2pp_LIB=53.9
fed2025,Accent/RedBridge (MRP),2024-10-29,2024-11-20,seat,nsw,Hume,4909,40.0,24.0,48.0,5.0,23.0,https://en.wikipedia.org/wiki/Electorate_opinion_polling_and_projections_for_the_2025_Australian_federal_election,yes,2pp_LIB=60.0
fed2025,YouGov (MRP),2025-01-22,2025-02-12,seat,nsw,Hume,8732,38.1,20.2,46.7,8.2,1.6,https://en.wikipedia.org/wiki/Electorate_opinion_polling_and_projections_for_the_2025_Australian_federal_election,yes,IND=11.8;ONP=11.6;2pp_LIB=61.9
fed2025,YouGov (MRP),2025-02-27,2025-03-26,seat,nsw,Hume,10217,40.9,22.3,42.8,12.8,2.7,https://en.wikipedia.org/wiki/Electorate_opinion_polling_and_projections_for_the_2025_Australian_federal_election,yes,IND=11.8;ONP=7.7;2pp_LIB=59.1
fed2025,Accent/RedBridge (MRP),2024-10-29,2024-11-20,seat,nsw,Hunter,4909,49.0,31.0,,9.0,30.0,https://en.wikipedia.org/wiki/Electorate_opinion_polling_and_projections_for_the_2025_Australian_federal_election,yes,NAT=30.0;2pp_NAT=51.0
fed2025,YouGov (MRP),2025-01-22,2025-02-12,seat,nsw,Hunter,8732,49.1,30.6,,8.7,2.2,https://en.wikipedia.org/wiki/Electorate_opinion_polling_and_projections_for_the_2025_Australian_federal_election,yes,NAT=33.5;ONP=15.3;IND=9.7;2pp_NAT=50.9
fed2025,YouGov (MRP),2025-02-27,2025-03-26,seat,nsw,Hunter,10217,52.2,33.2,,10.2,2.2,https://en.wikipedia.org/wiki/Electorate_opinion_polling_and_projections_for_the_2025_Australian_federal_election,yes,NAT=30.8;ONP=16.2;IND=7.3;2pp_NAT=47.8
fed2025,KJC Research,2025-04-24,2025-04-24,seat,nsw,Hunter,600,45.0,,,,,https://en.wikipedia.org/wiki/Electorate_opinion_polling_and_projections_for_the_2025_Australian_federal_election,yes,2pp_NAT=41.0
fed2025,YouGov,2025-04-17,2025-04-24,seat,nsw,Hunter,,,35.8,,8.8,15.0,https://en.wikipedia.org/wiki/Electorate_opinion_polling_and_projections_for_the_2025_Australian_federal_election,yes,NAT=14.5;ONP=25.3;IND=0.5
fed2025,Accent/RedBridge (MRP),2024-10-29,2024-11-20,seat,nsw,Kingsford Smith,4909,57.0,40.0,35.0,16.0,9.0,https://en.wikipedia.org/wiki/Electorate_opinion_polling_and_projections_for_the_2025_Australian_federal_election,yes,2pp_LIB=43.0
fed2025,YouGov (MRP),2025-01-22,2025-02-12,seat,nsw,Kingsford Smith,8732,58.1,39.8,31.8,15.6,1.4,https://en.wikipedia.org/wiki/Electorate_opinion_polling_and_projections_for_the_2025_Australian_federal_election,yes,ONP=5.4;IND=5.9;2pp_LIB=41.9
fed2025,YouGov (MRP),2025-02-27,2025-03-26,seat,nsw,Kingsford Smith,10217,60.1,41.5,29.9,16.0,2.0,https://en.wikipedia.org/wiki/Electorate_opinion_polling_and_projections_for_the_2025_Australian_federal_election,yes,ONP=5.4;IND=5.1;2pp_LIB=39.9
fed2025,Accent/RedBridge (MRP),2024-10-29,2024-11-20,seat,nsw,Lindsay,4909,41.0,29.0,48.0,7.0,16.0,https://en.wikipedia.org/wiki/Electorate_opinion_polling_and_projections_for_the_2025_Australian_federal_election,yes,2pp_LIB=59.0
fed2025,YouGov (MRP),2025-01-22,2025-02-12,seat,nsw,Lindsay,8732,43.6,28.5,43.3,9.5,1.7,https://en.wikipedia.org/wiki/Electorate_opinion_polling_and_projections_for_the_2025_Australian_federal_election,yes,ONP=11.9;IND=5.1;2pp_LIB=56.4
fed2025,YouGov (MRP),2025-02-27,2025-03-26,seat,nsw,Lindsay,10217,44.6,28.8,43.2,10.3,3.2,https://en.wikipedia.org/wiki/Electorate_opinion_polling_and_projections_for_the_2025_Australian_federal_election,yes,ONP=9.6;IND=4.8;2pp_LIB=55.4
fed2025,Accent/RedBridge (MRP),2024-10-29,2024-11-20,seat,nsw,Lyne,4909,38.0,22.0,,8.0,30.0,https://en.wikipedia.org/wiki/Electorate_opinion_polling_and_projections_for_the_2025_Australian_federal_election,yes,NAT=40.0;2pp_NAT=62.0
fed2025,YouGov (MRP),2025-01-22,2025-02-12,seat,nsw,Lyne,8732,39.0,20.2,,7.9,2.7,https://en.wikipedia.org/wiki/Electorate_opinion_polling_and_projections_for_the_2025_Australian_federal_election,yes,NAT=44.7;ONP=12.0;IND=12.5;2pp_NAT=61.0
fed2025,YouGov (MRP),2025-02-27,2025-03-26,seat,nsw,Lyne,10217,41.1,20.9,,8.3,2.8,https://en.wikipedia.org/wiki/Electorate_opinion_polling_and_projections_for_the_2025_Australian_federal_election,yes,NAT=41.1;ONP=14.0;IND=12.9;2pp_NAT=58.9
fed2025,Accent/RedBridge (MRP),2024-10-29,2024-11-20,seat,nsw,Macarthur,4909,48.0,32.0,41.0,12.0,15.0,https://en.wikipedia.org/wiki/Electorate_opinion_polling_and_projections_for_the_2025_Australian_federal_election,yes,2pp_LIB=52.0
fed2025,YouGov (MRP),2025-01-22,2025-02-12,seat,nsw,Macarthur,8732,53.2,37.6,33.1,9.9,1.7,https://en.wikipedia.org/wiki/Electorate_opinion_polling_and_projections_for_the_2025_Australian_federal_election,yes,ONP=12.8;IND=4.9;2pp_LIB=46.8
fed2025,YouGov (MRP),2025-02-27,2025-03-26,seat,nsw,Macarthur,10217,52.6,35.0,33.4,11.6,3.0,https://en.wikipedia.org/wiki/Electorate_opinion_polling_and_projections_for_the_2025_Australian_federal_election,yes,ONP=12.2;IND=4.8;2pp_LIB=47.4
fed2025,Accent/RedBridge (MRP),2024-10-29,2024-11-20,seat,nsw,Mackellar,4909,,13.0,43.0,3.0,40.0,https://en.wikipedia.org/wiki/Electorate_opinion_polling_and_projections_for_the_2025_Australian_federal_election,yes,2pp_IND=49.0;2pp_LIB=51.0
fed2025,YouGov (MRP),2025-01-22,2025-02-12,seat,nsw,Mackellar,8732,,13.6,37.7,8.9,0.4,https://en.wikipedia.org/wiki/Electorate_opinion_polling_and_projections_for_the_2025_Australian_federal_election,yes,IND=34.5;ONP=4.8;2pp_IND=53.8;2pp_LIB=46.2
fed2025,Freshwater Strategy,2025-03-05,2025-03-07,seat,nsw,Mackellar,830,,7.0,41.0,7.0,12.0,https://en.wikipedia.org/wiki/Electorate_opinion_polling_and_projections_for_the_2025_Australian_federal_election,yes,IND=33.0
fed2025,YouGov (MRP),2025-02-27,2025-03-26,seat,nsw,Mackellar,10217,,14.2,39.7,8.1,0.5,https://en.wikipedia.org/wiki/Electorate_opinion_polling_and_projections_for_the_2025_Australian_federal_election,yes,IND=34.0;ONP=3.5;2pp_IND=51.6;2pp_LIB=48.4
fed2025,Accent/RedBridge (MRP),2024-10-29,2024-11-20,seat,nsw,Macquarie,4909,51.0,35.0,39.0,8.0,18.0,https://en.wikipedia.org/wiki/Electorate_opinion_polling_and_projections_for_the_2025_Australian_federal_election,yes,2pp_LIB=49.0
fed2025,YouGov (MRP),2025-01-22,2025-02-12,seat,nsw,Macquarie,8732,49.9,34.3,37.2,9.5,1.8,https://en.wikipedia.org/wiki/Electorate_opinion_polling_and_projections_for_the_2025_Australian_federal_election,yes,ONP=10.9;IND=6.3;2pp_LIB=50.1
fed2025,YouGov (MRP),2025-02-27,2025-03-26,seat,nsw,Macquarie,10217,50.6,32.7,36.5,12.7,2.6,https://en.wikipedia.org/wiki/Electorate_opinion_polling_and_projections_for_the_2025_Australian_federal_election,yes,ONP=10.1;IND=5.7;2pp_LIB=49.4
fed2025,Accent/RedBridge (MRP),2024-10-29,2024-11-20,seat,nsw,McMahon,4909,55.0,41.0,36.0,11.0,12.0,https://en.wikipedia.org/wiki/Electorate_opinion_polling_and_projections_for_the_2025_Australian_federal_election,yes,2pp_LIB=45.0
fed2025,YouGov (MRP),2025-01-22,2025-02-12,seat,nsw,McMahon,8732,53.5,37.7,34.1,9.4,3.6,https://en.wikipedia.org/wiki/Electorate_opinion_polling_and_projections_for_the_2025_Australian_federal_election,yes,ONP=8.6;IND=6.6;2pp_LIB=46.5
fed2025,YouGov (MRP),2025-02-27,2025-03-26,seat,nsw,McMahon,10217,54.0,37.8,33.6,9.6,5.5,https://en.wikipedia.org/wiki/Electorate_opinion_polling_and_projections_for_the_2025_Australian_federal_election,yes,ONP=8.3;IND=5.2;2pp_LIB=46.0
fed2025,Accent/RedBridge (MRP),2025-02-03,2025-04-01,seat,nsw,McMahon,9953,56.0,40.0,31.0,10.0,19.0,https://en.wikipedia.org/wiki/Electorate_opinion_polling_and_projections_for_the_2025_Australian_federal_election,yes,2pp_LIB=44.0
fed2025,Compass Polling,2025-04-08,2025-04-08,seat,nsw,McMahon,1003,,19.0,20.0,,,https://en.wikipedia.org/wiki/Electorate_opinion_polling_and_projections_for_the_2025_Australian_federal_election,yes,IND=41.0
fed2025,YouGov (MRP),2025-04-01,2025-04-29,seat,nsw,McMahon,10822,60.8,45.5,27.5,11.2,,https://en.wikipedia.org/wiki/Electorate_opinion_polling_and_projections_for_the_2025_Australian_federal_election,yes,ONP=12.0;IND=3.9;2pp_LIB=39.2
fed2025,Accent/RedBridge (MRP),2024-10-29,2024-11-20,seat,nsw,Mitchell,4909,37.0,25.0,56.0,10.0,9.0,https://en.wikipedia.org/wiki/Electorate_opinion_polling_and_projections_for_the_2025_Australian_federal_election,yes,2pp_LIB=63.0
fed2025,YouGov (MRP),2025-01-22,2025-02-12,seat,nsw,Mitchell,8732,37.9,23.5,53.3,10.8,1.6,https://en.wikipedia.org/wiki/Electorate_opinion_polling_and_projections_for_the_2025_Australian_federal_election,yes,ONP=4.9;IND=5.9;2pp_LIB=62.1
fed2025,YouGov (MRP),2025-02-27,2025-03-26,seat,nsw,Mitchell,10217,40.0,23.9,50.1,12.8,4.3,https://en.wikipedia.org/wiki/Electorate_opinion_polling_and_projections_for_the_2025_Australian_federal_election,yes,ONP=5.3;IND=3.6;2pp_LIB=60.0
fed2025,Accent/RedBridge (MRP),2024-10-29,2024-11-20,seat,nsw,New England,4909,36.0,19.0,,8.0,27.0,https://en.wikipedia.org/wiki/Electorate_opinion_polling_and_projections_for_the_2025_Australian_federal_election,yes,NAT=46.0;2pp_NAT=64.0
fed2025,YouGov (MRP),2025-01-22,2025-02-12,seat,nsw,New England,8732,37.8,18.4,,9.0,1.4,https://en.wikipedia.org/wiki/Electorate_opinion_polling_and_projections_for_the_2025_Australian_federal_election,yes,NAT=46.9;IND=13.9;ONP=10.3;2pp_NAT=62.2
fed2025,YouGov (MRP),2025-02-27,2025-03-26,seat,nsw,New England,10217,38.1,19.7,,8.5,1.7,https://en.wikipedia.org/wiki/Electorate_opinion_polling_and_projections_for_the_2025_Australian_federal_election,yes,NAT=46.0;IND=11.0;ONP=13.1;2pp_NAT=61.9
fed2025,New England Times,2025-04-09,2025-04-23,seat,nsw,New England,426,42.7,24.1,,12.2,3.8,https://en.wikipedia.org/wiki/Electorate_opinion_polling_and_projections_for_the_2025_Australian_federal_election,yes,NAT=43.6;IND=2.4;ONP=6.8;2pp_NAT=57.3
fed2025,YouGov (MRP),2025-04-01,2025-04-29,seat,nsw,New England,10822,38.8,18.2,,9.8,5.9,https://en.wikipedia.org/wiki/Electorate_opinion_polling_and_projections_for_the_2025_Australian_federal_election,yes,NAT=43.8;IND=9.6;ONP=12.7;2pp_NAT=61.2
fed2025,Accent/RedBridge (MRP),2024-10-29,2024-11-20,seat,nsw,Newcastle,4909,63.0,43.0,26.0,19.0,11.0,https://en.wikipedia.org/wiki/Electorate_opinion_polling_and_projections_for_the_2025_Australian_federal_election,yes,2pp_LIB=37.0
fed2025,YouGov (MRP),2025-01-22,2025-02-12,seat,nsw,Newcastle,8732,61.1,41.1,26.7,17.1,1.6,https://en.wikipedia.org/wiki/Electorate_opinion_polling_and_projections_for_the_2025_Australian_federal_election,yes,ONP=8.4;IND=5.1;2pp_LIB=38.9
fed2025,YouGov (MRP),2025-02-27,2025-03-26,seat,nsw,Newcastle,10217,61.2,38.2,25.8,19.8,2.9,https://en.wikipedia.org/wiki/Electorate_opinion_polling_and_projections_for_the_2025_Australian_federal_election,yes,ONP=8.1;IND=5.3;2pp_LIB=38.8
fed2025,Accent/RedBridge (MRP),2024-10-29,2024-11-20,seat,nsw,Page,4909,42.0,22.0,,10.0,24.0,https://en.wikipedia.org/wiki/Electorate_opinion_polling_and_projections_for_the_2025_Australian_federal_election,yes,NAT=44.0;2pp_NAT=58.0
fed2025,YouGov (MRP),2025-01-22,2025-02-12,seat,nsw,Page,8732,40.6,18.1,,10.2,2.4,https://en.wikipedia.org/wiki/Electorate_opinion_polling_and_projections_for_the_2025_Australian_federal_election,yes,NAT=43.1;IND=16.2;ONP=10.1;2pp_NAT=59.4
fed2025,YouGov (MRP),2025-02-27,2025-03-26,seat,nsw,Page,10217,41.8,20.7,,9.7,2.5,https://en.wikipedia.org/wiki/Electorate_opinion_polling_and_projections_for_the_2025_Australian_federal_election,yes,NAT=41.9;IND=14.5;ONP=10.7;2pp_NAT=58.2
fed2025,Accent/RedBridge (MRP),2024-10-29,2024-11-20,seat,nsw,Parkes,4909,33.0,19.0,,5.0,33.0,https://en.wikipedia.org/wiki/Electorate_opinion_polling_and_projections_for_the_2025_Australian_federal_election,yes,NAT=43.0;2pp_NAT=67.0
fed2025,YouGov (MRP),2025-01-22,2025-02-12,seat,nsw,Parkes,8732,35.7,19.4,,7.1,3.5,https://en.wikipedia.org/wiki/Electorate_opinion_polling_and_projections_for_the_2025_Australian_federal_election,yes,NAT=47.5;ONP=15.3;IND=7.3;2pp_NAT=64.3
fed2025,YouGov (MRP),2025-02-27,2025-03-26,seat,nsw,Parkes,10217,35.7,18.5,,7.0,5.3,https://en.wikipedia.org/wiki/Electorate_opinion_polling_and_projections_for_the_2025_Australian_federal_election,yes,NAT=46.5;ONP=16.2;IND=6.4;2pp_NAT=64.3
fed2025,Accent/RedBridge (MRP),2024-10-29,2024-11-20,seat,nsw,Parramatta,4909,52.0,40.0,36.0,14.0,10.0,https://en.wikipedia.org/wiki/Electorate_opinion_polling_and_projections_for_the_2025_Australian_federal_election,yes,2pp_LIB=48.0
fed2025,YouGov (MRP),2025-01-22,2025-02-12,seat,nsw,Parramatta,8732,51.3,34.0,38.1,12.5,2.1,https://en.wikipedia.org/wiki/Electorate_opinion_polling_and_projections_for_the_2025_Australian_federal_election,yes,ONP=5.2;IND=8.1;2pp_LIB=48.7
fed2025,YouGov (MRP),2025-02-27,2025-03-26,seat,nsw,Parramatta,10217,52.6,35.8,37.3,12.6,3.5,https://en.wikipedia.org/wiki/Electorate_opinion_polling_and_projections_for_the_2025_Australian_federal_election,yes,ONP=5.1;IND=5.8;2pp_LIB=47.4
fed2025,Accent/RedBridge (MRP),2024-10-29,2024-11-20,seat,nsw,Paterson,4909,46.0,34.0,45.0,14.0,7.0,https://en.wikipedia.org/wiki/Electorate_opinion_polling_and_projections_for_the_2025_Australian_federal_election,yes,2pp_LIB=54.0
fed2025,YouGov (MRP),2025-01-22,2025-02-12,seat,nsw,Paterson,8732,46.4,31.3,38.9,7.4,2.5,https://en.wikipedia.org/wiki/Electorate_opinion_polling_and_projections_for_the_2025_Australian_federal_election,yes,ONP=14.1;IND=6.8;2pp_LIB=53.6
fed2025,YouGov (MRP),2025-02-27,2025-03-26,seat,nsw,Paterson,10217,50.6,36.0,37.2,9.3,1.9,https://en.wikipedia.org/wiki/Electorate_opinion_polling_and_projections_for_the_2025_Australian_federal_election,yes,ONP=11.8;IND=3.9;2pp_LIB=49.4
fed2025,YouGov,2025-04-17,2025-04-24,seat,nsw,Paterson,,,30.9,25.9,11.5,1.6,https://en.wikipedia.org/wiki/Electorate_opinion_polling_and_projections_for_the_2025_Australian_federal_election,yes,ONP=14.2;IND=15.9
fed2025,Accent/RedBridge (MRP),2024-10-29,2024-11-20,seat,nsw,Reid,4909,50.0,40.0,44.0,7.0,9.0,https://en.wikipedia.org/wiki/Electorate_opinion_polling_and_projections_for_the_2025_Australian_federal_election,yes,2pp_LIB=50.0
fed2025,YouGov (MRP),2025-01-22,2025-02-12,seat,nsw,Reid,8732,51.5,34.8,38.3,11.8,1.8,https://en.wikipedia.org/wiki/Electorate_opinion_polling_and_projections_for_the_2025_Australian_federal_election,yes,IND=8.0;ONP=5.1;2pp_LIB=48.5
fed2025,YouGov (MRP),2025-02-27,2025-03-26,seat,nsw,Reid,10217,51.3,34.3,38.5,12.9,2.7,https://en.wikipedia.org/wiki/Electorate_opinion_polling_and_projections_for_the_2025_Australian_federal_election,yes,IND=5.8;ONP=5.7;2pp_LIB=48.7
fed2025,Accent/RedBridge (MRP),2024-10-29,2024-11-20,seat,nsw,Richmond,4909,60.0,36.0,,21.0,17.0,https://en.wikipedia.org/wiki/Electorate_opinion_polling_and_projections_for_the_2025_Australian_federal_election,yes,NAT=27.0;2pp_NAT=40.0
fed2025,YouGov (MRP),2025-01-22,2025-02-12,seat,nsw,Richmond,8732,53.4,25.4,,22.7,5.7,https://en.wikipedia.org/wiki/Electorate_opinion_polling_and_projections_for_the_2025_Australian_federal_election,yes,NAT=31.3;IND=9.2;ONP=5.6;2pp_NAT=46.6
fed2025,YouGov (MRP),2025-02-27,2025-03-26,seat,nsw,Richmond,10217,53.7,26.1,,19.4,6.3,https://en.wikipedia.org/wiki/Electorate_opinion_polling_and_projections_for_the_2025_Australian_federal_election,yes,NAT=28.4;IND=9.4;ONP=10.4;2pp_NAT=46.3
fed2025,KJC Research,2025-04-24,2025-04-24,seat,nsw,Richmond,600,34.0,,,,,https://en.wikipedia.org/wiki/Electorate_opinion_polling_and_projections_for_the_2025_Australian_federal_election,yes,2pp_GRN=39.0
fed2025,Accent/RedBridge (MRP),2024-10-29,2024-11-20,seat,nsw,Riverina,4909,42.0,23.0,,10.0,26.0,https://en.wikipedia.org/wiki/Electorate_opinion_polling_and_projections_for_the_2025_Australian_federal_election,yes,NAT=40.0;2pp_NAT=58.0
fed2025,YouGov (MRP),2025-01-22,2025-02-12,seat,nsw,Riverina,8732,39.2,21.6,,8.5,4.7,https://en.wikipedia.org/wiki/Electorate_opinion_polling_and_projections_for_the_2025_Australian_federal_election,yes,NAT=44.6;ONP=13.4;IND=7.2;2pp_NAT=60.8
fed2025,YouGo (MRP),2025-02-27,2025-03-26,seat,nsw,Riverina,10217,39.2,20.9,,8.6,4.9,https://en.wikipedia.org/wiki/Electorate_opinion_polling_and_projections_for_the_2025_Australian_federal_election,yes,NAT=42.6;ONP=16.8;IND=6.2;2pp_NAT=60.8
fed2025,Accent/RedBridge (MRP),2024-10-29,2024-11-20,seat,nsw,Robertson,4909,47.0,33.0,45.0,10.0,12.0,https://en.wikipedia.org/wiki/Electorate_opinion_polling_and_projections_for_the_2025_Australian_federal_election,yes,2pp_LIB=53.0
fed2025,YouGov (MRP),2025-01-22,2025-02-12,seat,nsw,Robertson,8732,48.1,32.2,39.6,9.4,1.9,https://en.wikipedia.org/wiki/Electorate_opinion_polling_and_projections_for_the_2025_Australian_federal_election,yes,ONP=9.1;IND=7.9;2pp_LIB=51.9
fed2025,YouGov (MRP),2025-02-27,2025-03-26,seat,nsw,Robertson,10217,50.1,32.5,38.4,11.8,2.6,https://en.wikipedia.org/wiki/Electorate_opinion_polling_and_projections_for_the_2025_Australian_federal_election,yes,ONP=7.5;IND=7.1;2pp_LIB=49.9
fed2025,Accent/RedBridge (MRP),2024-10-29,2024-11-20,seat,nsw,Shortland,4909,51.0,41.0,41.0,7.0,11.0,https://en.wikipedia.org/wiki/Electorate_opinion_polling_and_projections_for_the_2025_Australian_federal_election,yes,2pp_LIB=49.0
fed2025,YouGov (MRP),2025-01-22,2025-02-12,seat,nsw,Shortland,8732,50.0,33.2,35.8,8.9,3.0,https://en.wikipedia.org/wiki/Electorate_opinion_polling_and_projections_for_the_2025_Australian_federal_election,yes,ONP=10.8;IND=8.3;2pp_LIB=50.0
fed2025,YouGov (MRP),2025-02-27,2025-03-26,seat,nsw,Shortland,10217,53.0,34.6,34.0,12.0,3.2,https://en.wikipedia.org/wiki/Electorate_opinion_polling_and_projections_for_the_2025_Australian_federal_election,yes,ONP=8.8;IND=7.4;2pp_LIB=47.0
fed2025,Accent/RedBridge (MRP),2024-10-29,2024-11-20,seat,nsw,Sydney,4909,63.0,44.0,21.0,23.0,12.0,https://en.wikipedia.org/wiki/Electorate_opinion_polling_and_projections_for_the_2025_Australian_federal_election,yes,2pp_GRN=37.0
fed2025,YouGov (MRP),2025-01-22,2025-02-12,seat,nsw,Sydney,8732,62.6,46.3,19.5,24.3,1.3,https://en.wikipedia.org/wiki/Electorate_opinion_polling_and_projections_for_the_2025_Australian_federal_election,yes,ONP=4.8;IND=3.8;2pp_GRN=37.4
fed2025,uComms,2025-03-17,2025-03-18,seat,nsw,Sydney,860,66.0,41.1,16.0,18.8,10.6,https://en.wikipedia.org/wiki/Electorate_opinion_polling_and_projections_for_the_2025_Australian_federal_election,yes,2pp_GRN=34.0
fed2025,YouGov (MRP),2025-02-27,2025-03-26,seat,nsw,Sydney,10217,63.3,44.5,20.2,23.9,2.4,https://en.wikipedia.org/wiki/Electorate_opinion_polling_and_projections_for_the_2025_Australian_federal_election,yes,ONP=4.9;IND=4.2;2pp_GRN=36.7
fed2025,Accent/RedBridge (MRP),2024-10-29,2024-11-20,seat,nsw,Warringah,4909,,17.0,36.0,7.0,40.0,https://en.wikipedia.org/wiki/Electorate_opinion_polling_and_projections_for_the_2025_Australian_federal_election,yes,2pp_IND=55.0;2pp_LIB=45.0
fed2025,YouGov (MRP),2025-01-22,2025-02-12,seat,nsw,Warringah,8732,,16.4,31.9,11.0,0.6,https://en.wikipedia.org/wiki/Electorate_opinion_polling_and_projections_for_the_2025_Australian_federal_election,yes,IND=37.0;ONP=3.2;2pp_IND=59.2;2pp_LIB=40.8
fed2025,Freshwater Strategy,2025-03-05,2025-03-07,seat,nsw,Warringah,830,,7.0,41.0,7.0,12.0,https://en.wikipedia.org/wiki/Electorate_opinion_polling_and_projections_for_the_2025_Australian_federal_election,yes,IND=33.0
fed2025,YouGov (MRP),2025-02-27,2025-03-26,seat,nsw,Warringah,10217,,15.5,31.5,9.3,0.4,https://en.wikipedia.org/wiki/Electorate_opinion_polling_and_projections_for_the_2025_Australian_federal_election,yes,IND=40.9;ONP=2.4;2pp_IND=59.6;2pp_LIB=40.4
fed2025,YouGov (MRP),2025-04-01,2025-04-29,seat,nsw,Warringah,10822,,15.4,28.1,8.4,0.6,https://en.wikipedia.org/wiki/Electorate_opinion_polling_and_projections_for_the_2025_Australian_federal_election,yes,IND=44.3;ONP=3.2;2pp_IND=63.5;2pp_LIB=36.5
fed2025,Accent/RedBridge (MRP),2024-10-29,2024-11-20,seat,nsw,Watson,4909,54.0,41.0,38.0,11.0,11.0,https://en.wikipedia.org/wiki/Electorate_opinion_polling_and_projections_for_the_2025_Australian_federal_election,yes,2pp_LIB=46.0
fed2025,YouGov (MRP),2025-01-22,2025-02-12,seat,nsw,Watson,8732,60.2,42.1,28.1,13.9,3.1,https://en.wikipedia.org/wiki/Electorate_opinion_polling_and_projections_for_the_2025_Australian_federal_election,yes,ONP=7.4;IND=5.4;2pp_LIB=39.8
fed2025,YouGov (MRP),2025-02-27,2025-03-26,seat,nsw,Watson,10217,57.3,39.8,29.7,12.6,3.4,https://en.wikipedia.org/wiki/Electorate_opinion_polling_and_projections_for_the_2025_Australian_federal_election,yes,ONP=10.7;IND=3.8;2pp_LIB=42.7
fed2025,Accent/RedBridge (MRP),2024-10-29,2024-11-20,seat,nsw,Wentworth,4909,,17.0,38.0,8.0,37.0,https://en.wikipedia.org/wiki/Electorate_opinion_polling_and_projections_for_the_2025_Australian_federal_election,yes,2pp_IND=54.0;2pp_LIB=46.0
fed2025,uComms,2025-02-12,2025-02-12,seat,nsw,Wentworth,1068,,14.7,35.0,10.8,,https://en.wikipedia.org/wiki/Electorate_opinion_polling_and_projections_for_the_2025_Australian_federal_election,yes,IND=32.6
fed2025,YouGov (MRP),2025-01-22,2025-02-12,seat,nsw,Wentworth,8732,,20.7,34.4,13.1,0.6,https://en.wikipedia.org/wiki/Electorate_opinion_polling_and_projections_for_the_2025_Australian_federal_election,yes,IND=28.1;ONP=3.2;2pp_IND=55.0;2pp_LIB=45.0
fed2025,Freshwater Strategy,2025-03-05,2025-03-07,seat,nsw,Wentworth,830,,7.0,41.0,7.0,12.0,https://en.wikipedia.org/wiki/Electorate_opinion_polling_and_projections_for_the_2025_Australian_federal_election,yes,IND=33.0
fed2025,YouGov (MRP),2025-02-27,2025-03-26,seat,nsw,Wentworth,10217,,20.7,35.0,12.0,0.6,https://en.wikipedia.org/wiki/Electorate_opinion_polling_and_projections_for_the_2025_Australian_federal_election,yes,IND=29.3;ONP=2.3;2pp_IND=53.6;2pp_LIB=46.4
fed2025,uComms,2025-04-09,2025-04-09,seat,nsw,Wentworth,1015,,12.2,32.9,,,https://en.wikipedia.org/wiki/Electorate_opinion_polling_and_projections_for_the_2025_Australian_federal_election,yes,IND=32.5;2pp_IND=58.0;2pp_LIB=42.0
fed2025,Compass Polling,2025-04-18,2025-04-18,seat,nsw,Wentworth,627,,15.0,47.0,10.0,,https://en.wikipedia.org/wiki/Electorate_opinion_polling_and_projections_for_the_2025_Australian_federal_election,yes,IND=28.0
fed2025,YouGov (MRP),2025-04-01,2025-04-29,seat,nsw,Wentworth,10822,,20.6,30.4,11.5,,https://en.wikipedia.org/wiki/Electorate_opinion_polling_and_projections_for_the_2025_Australian_federal_election,yes,IND=32.7;ONP=4.9;2pp_IND=58.4;2pp_LIB=41.6
fed2025,Accent/RedBridge (MRP),2024-10-29,2024-11-20,seat,nsw,Werriwa,4909,51.0,37.0,38.0,8.0,17.0,https://en.wikipedia.org/wiki/Electorate_opinion_polling_and_projections_for_the_2025_Australian_federal_election,yes,2pp_LIB=49.0
fed2025,YouGov (MRP),2025-01-22,2025-02-12,seat,nsw,Werriwa,8732,49.4,32.7,37.6,11.0,5.2,https://en.wikipedia.org/wiki/Electorate_opinion_polling_and_projections_for_the_2025_Australian_federal_election,yes,ONP=9.1;IND=4.4;2pp_LIB=50.6
fed2025,YouGov (MRP),2025-02-27,2025-03-26,seat,nsw,Werriwa,10217,49.4,30.7,36.2,11.1,8.5,https://en.wikipedia.org/wiki/Electorate_opinion_polling_and_projections_for_the_2025_Australian_federal_election,yes,ONP=9.0;IND=4.6;2pp_LIB=50.6
fed2025,YouGov (MRP),2025-04-01,2025-04-29,seat,nsw,Werriwa,10822,53.3,31.8,26.5,10.3,17.6,https://en.wikipedia.org/wiki/Electorate_opinion_polling_and_projections_for_the_2025_Australian_federal_election,yes,ONP=10.6;IND=3.2;2pp_LIB=46.7
fed2025,Accent/RedBridge (MRP),2024-10-29,2024-11-20,seat,nsw,Whitlam,4909,55.0,37.0,33.0,12.0,17.0,https://en.wikipedia.org/wiki/Electorate_opinion_polling_and_projections_for_the_2025_Australian_federal_election,yes,2pp_LIB=45.0
fed2025,YouGov (MRP),2025-01-22,2025-02-12,seat,nsw,Whitlam,8732,50.6,33.8,35.0,10.2,2.9,https://en.wikipedia.org/wiki/Electorate_opinion_polling_and_projections_for_the_2025_Australian_federal_election,yes,ONP=12.2;IND=5.8;2pp_LIB=49.4
fed2025,YouGov (MRP),2025-02-27,2025-03-26,seat,nsw,Whitlam,10217,52.9,35.0,33.2,11.4,3.6,https://en.wikipedia.org/wiki/Electorate_opinion_polling_and_projections_for_the_2025_Australian_federal_election,yes,ONP=11.3;IND=5.5;2pp_LIB=47.1
fed2025,YouGov (MRP),2025-04-01,2025-04-29,seat,nsw,Whitlam,10822,59.2,39.3,26.5,12.5,6.2,https://en.wikipedia.org/wiki/Electorate_opinion_polling_and_projections_for_the_2025_Australian_federal_election,yes,ONP=8.8;IND=6.8;2pp_LIB=40.8
fed2025,Accent/RedBridge (MRP),2024-10-29,2024-11-20,seat,nt,Lingiari,4909,46.0,33.0,38.0,9.0,21.0,https://en.wikipedia.org/wiki/Electorate_opinion_polling_and_projections_for_the_2025_Australian_federal_election,yes,2pp_CLP=54.0
fed2025,YouGov (MRP),2025-01-22,2025-02-12,seat,nt,Lingiari,8732,57.2,37.5,28.7,14.3,2.7,https://en.wikipedia.org/wiki/Electorate_opinion_polling_and_projections_for_the_2025_Australian_federal_election,yes,ONP=10.3;IND=6.6;2pp_CLP=42.8
fed2025,YouGov (MRP),2025-02-27,2025-03-26,seat,nt,Lingiari,10217,54.6,35.2,32.1,14.2,2.5,https://en.wikipedia.org/wiki/Electorate_opinion_polling_and_projections_for_the_2025_Australian_federal_election,yes,ONP=9.9;IND=6.0;2pp_CLP=45.4
fed2025,Accent/RedBridge (MRP),2025-02-03,2025-04-01,seat,nt,Lingiari,9953,49.0,28.0,26.0,12.0,35.0,https://en.wikipedia.org/wiki/Electorate_opinion_polling_and_projections_for_the_2025_Australian_federal_election,yes,2pp_CLP=51.0
fed2025,YouGov (MRP),2025-04-01,2025-04-29,seat,nt,Lingiari,10822,58.0,40.9,27.2,12.2,6.7,https://en.wikipedia.org/wiki/Electorate_opinion_polling_and_projections_for_the_2025_Australian_federal_election,yes,ONP=13.0;2pp_CLP=42.0
fed2025,Accent/RedBridge (MRP),2024-10-29,2024-11-20,seat,nt,Solomon,4909,61.0,45.0,29.0,14.0,12.0,https://en.wikipedia.org/wiki/Electorate_opinion_polling_and_projections_for_the_2025_Australian_federal_election,yes,2pp_CLP=39.0
fed2025,YouGov (MRP),2025-01-22,2025-02-12,seat,nt,Solomon,8732,53.0,32.3,32.8,15.6,5.6,https://en.wikipedia.org/wiki/Electorate_opinion_polling_and_projections_for_the_2025_Australian_federal_election,yes,ONP=8.9;IND=4.8;2pp_CLP=47.0
fed2025,YouGov (MRP),2025-02-27,2025-03-26,seat,nt,Solomon,10217,55.7,34.2,29.9,15.1,8.1,https://en.wikipedia.org/wiki/Electorate_opinion_polling_and_projections_for_the_2025_Australian_federal_election,yes,ONP=7.6;IND=5.1;2pp_CLP=44.3
fed2025,Accent/RedBridge (MRP),2025-02-03,2025-04-01,seat,nt,Solomon,9953,61.0,45.0,27.0,12.0,16.0,https://en.wikipedia.org/wiki/Electorate_opinion_polling_and_projections_for_the_2025_Australian_federal_election,yes,2pp_CLP=39.0
fed2025,YouGov (MRP),2025-04-01,2025-04-29,seat,nt,Solomon,10822,59.7,36.6,25.9,20.0,7.4,https://en.wikipedia.org/wiki/Electorate_opinion_polling_and_projections_for_the_2025_Australian_federal_election,yes,ONP=8.0;IND=2.2;2pp_CLP=40.3
fed2025,Accent/RedBridge (MRP),2024-10-29,2024-11-20,seat,qld,Blair,4909,56.0,34.0,28.0,15.0,23.0,https://en.wikipedia.org/wiki/Electorate_opinion_polling_and_projections_for_the_2025_Australian_federal_election,yes,2pp_LNP=44.0
fed2025,YouGov (MRP),2025-01-22,2025-02-12,seat,qld,Blair,8732,50.8,32.7,32.9,11.7,2.5,https://en.wikipedia.org/wiki/Electorate_opinion_polling_and_projections_for_the_2025_Australian_federal_election,yes,ONP=15.8;IND=4.5;2pp_LNP=49.2
fed2025,YouGov (MRP),2025-02-27,2025-03-26,seat,qld,Blair,10217,51.6,31.6,32.4,12.5,4.0,https://en.wikipedia.org/wiki/Electorate_opinion_polling_and_projections_for_the_2025_Australian_federal_election,yes,ONP=14.2;IND=4.2;2pp_LNP=48.4
fed2025,KJC Research,2025-04-24,2025-04-24,seat,qld,Blair,600,41.0,,,,,https://en.wikipedia.org/wiki/Electorate_opinion_polling_and_projections_for_the_2025_Australian_federal_election,yes,2pp_LNP=46.0
fed2025,Accent/RedBridge (MRP),2024-10-29,2024-11-20,seat,qld,Bonner,4909,45.0,32.0,47.0,12.0,9.0,https://en.wikipedia.org/wiki/Electorate_opinion_polling_and_projections_for_the_2025_Australian_federal_election,yes,2pp_LNP=55.0
fed2025,YouGov (MRP),2025-01-22,2025-02-12,seat,qld,Bonner,8732,45.6,28.3,43.8,14.4,0.9,https://en.wikipedia.org/wiki/Electorate_opinion_polling_and_projections_for_the_2025_Australian_federal_election,yes,ONP=7.3;IND=5.4;2pp_LNP=54.4
fed2025,YouGov (MRP),2025-02-27,2025-03-26,seat,qld,Bonner,10217,46.4,27.3,41.7,15.6,1.6,https://en.wikipedia.org/wiki/Electorate_opinion_polling_and_projections_for_the_2025_Australian_federal_election,yes,ONP=8.6;IND=5.2;2pp_LNP=53.6
fed2025,Accent/RedBridge (MRP),2024-10-29,2024-11-20,seat,qld,Bowman,4909,41.0,30.0,52.0,11.0,8.0,https://en.wikipedia.org/wiki/Electorate_opinion_polling_and_projections_for_the_2025_Australian_federal_election,yes,2pp_LNP=59.0
fed2025,YouGov (MRP),2025-01-22,2025-02-12,seat,qld,Bowman,8732,41.5,25.1,45.5,10.8,1.9,https://en.wikipedia.org/wiki/Electorate_opinion_polling_and_projections_for_the_2025_Australian_federal_election,yes,ONP=10.7;IND=6.1;2pp_LNP=58.5
fed2025,YouGov (MRP),2025-02-27,2025-03-26,seat,qld,Bowman,10217,44.2,26.0,42.1,12.4,3.5,https://en.wikipedia.org/wiki/Electorate_opinion_polling_and_projections_for_the_2025_Australian_federal_election,yes,ONP=11.0;IND=4.9;2pp_LNP=55.8
fed2025,Accent/RedBridge (MRP),2024-10-29,2024-11-20,seat,qld,Brisbane,,,25.0,37.0,31.0,7.0,https://en.wikipedia.org/wiki/Electorate_opinion_polling_and_projections_for_the_2025_Australian_federal_election,yes,2pp_GRN=55.0;2pp_LNP=45.0
fed2025,YouGov (MRP),2025-01-22,2025-02-12,seat,qld,Brisbane,,53.7,30.0,35.7,23.7,1.9,https://en.wikipedia.org/wiki/Electorate_opinion_polling_and_projections_for_the_2025_Australian_federal_election,yes,ONP=4.3;IND=4.4;2pp_LNP=46.3
fed2025,Insightfully,2025-03-16,2025-03-16,seat,qld,Brisbane,600,,29.5,36.4,18.1,6.3,https://en.wikipedia.org/wiki/Electorate_opinion_polling_and_projections_for_the_2025_Australian_federal_election,yes,IND=9.7;2pp_GRN=47.0;2pp_LNP=53.0
fed2025,uComms,2025-03-20,2025-03-20,seat,qld,Brisbane,1184,,23.2,32.1,24.2,20.5,https://en.wikipedia.org/wiki/Electorate_opinion_polling_and_projections_for_the_2025_Australian_federal_election,yes,2pp_GRN=52.0;2pp_LNP=48.0
fed2025,uComms,2025-03-20,2025-03-20,seat,qld,Brisbane,1184,56.0,23.2,32.1,24.2,20.5,https://en.wikipedia.org/wiki/Electorate_opinion_polling_and_projections_for_the_2025_Australian_federal_election,yes,2pp_LNP=44.0
fed2025,YouGov (MRP),2025-02-27,2025-03-26,seat,qld,Brisbane,10217,55.1,31.3,35.4,25.0,2.3,https://en.wikipedia.org/wiki/Electorate_opinion_polling_and_projections_for_the_2025_Australian_federal_election,yes,ONP=3.1;IND=2.9;2pp_LNP=44.9
fed2025,Accent/RedBridge (MRP),2025-02-03,2025-04-01,seat,qld,Brisbane,9953,,21.0,45.0,28.0,6.0,https://en.wikipedia.org/wiki/Electorate_opinion_polling_and_projections_for_the_2025_Australian_federal_election,yes,2pp_GRN=48.0;2pp_LNP=53.0
fed2025,JWS Research,2025-04-17,2025-04-17,seat,qld,Brisbane,,51.0,,,,,https://en.wikipedia.org/wiki/Electorate_opinion_polling_and_projections_for_the_2025_Australian_federal_election,yes,2pp_LNP=49.0
fed2025,YouGov (MRP),2025-04-01,2025-04-29,seat,qld,Brisbane,10822,,32.3,24.7,23.3,12.2,https://en.wikipedia.org/wiki/Electorate_opinion_polling_and_projections_for_the_2025_Australian_federal_election,yes,ONP=7.6;2pp_GRN=52.7;2pp_LNP=47.3
fed2025,Accent/RedBridge (MRP),2024-10-29,2024-11-20,seat,qld,Capricornia,4909,40.0,26.0,45.0,5.0,23.0,https://en.wikipedia.org/wiki/Electorate_opinion_polling_and_projections_for_the_2025_Australian_federal_election,yes,2pp_LNP=60.0
fed2025,YouGov (MRP),2025-01-22,2025-02-12,seat,qld,Capricornia,8732,40.6,25.6,41.2,6.2,1.1,https://en.wikipedia.org/wiki/Electorate_opinion_polling_and_projections_for_the_2025_Australian_federal_election,yes,ONP=20.6;IND=5.3;2pp_LNP=59.4
fed2025,YouGov (MRP),2025-02-27,2025-03-26,seat,qld,Capricornia,10217,41.1,23.8,39.3,7.8,2.7,https://en.wikipedia.org/wiki/Electorate_opinion_polling_and_projections_for_the_2025_Australian_federal_election,yes,ONP=21.2;IND=5.1;2pp_LNP=58.9
fed2025,Accent/RedBridge (MRP),2024-10-29,2024-11-20,seat,qld,Dawson,4909,36.0,24.0,52.0,8.0,16.0,https://en.wikipedia.org/wiki/Electorate_opinion_polling_and_projections_for_the_2025_Australian_federal_election,yes,2pp_LNP=64.0
fed2025,YouGov (MRP),2025-01-22,2025-02-12,seat,qld,Dawson,8732,38.1,23.6,45.3,6.9,2.2,https://en.wikipedia.org/wiki/Electorate_opinion_polling_and_projections_for_the_2025_Australian_federal_election,yes,ONP=18.3;IND=3.8;2pp_LNP=61.9
fed2025,YouGov (MRP),2025-02-27,2025-03-26,seat,qld,Dawson,10217,38.9,21.6,42.9,8.4,3.9,https://en.wikipedia.org/wiki/Electorate_opinion_polling_and_projections_for_the_2025_Australian_federal_election,yes,ONP=18.5;IND=4.6;2pp_LNP=61.1
fed2025,Accent/RedBridge (MRP),2024-10-29,2024-11-20,seat,qld,Fadden,4909,41.0,25.0,45.0,10.0,19.0,https://en.wikipedia.org/wiki/Electorate_opinion_polling_and_projections_for_the_2025_Australian_federal_election,yes,2pp_LNP=59.0
fed2025,YouGov (MRP),2025-01-22,2025-02-12,seat,qld,Fadden,8732,38.9,21.8,47.2,10.6,2.2,https://en.wikipedia.org/wiki/Electorate_opinion_polling_and_projections_for_the_2025_Australian_federal_election,yes,ONP=11.5;IND=6.6;2pp_LNP=61.1
fed2025,YouGov (MRP),2025-02-27,2025-03-26,seat,qld,Fadden,10217,41.6,23.2,42.7,10.8,3.3,https://en.wikipedia.org/wiki/Electorate_opinion_polling_and_projections_for_the_2025_Australian_federal_election,yes,ONP=14.3;IND=5.7;2pp_LNP=58.4
fed2025,Accent/RedBridge (MRP),2024-10-29,2024-11-20,seat,qld,Fairfax,4909,39.0,22.0,45.0,9.0,24.0,https://en.wikipedia.org/wiki/Electorate_opinion_polling_and_projections_for_the_2025_Australian_federal_election,yes,2pp_LNP=61.0
fed2025,YouGov (MRP),2025-01-22,2025-02-12,seat,qld,Fairfax,8732,40.2,21.2,45.3,12.8,2.2,https://en.wikipedia.org/wiki/Electorate_opinion_polling_and_projections_for_the_2025_Australian_federal_election,yes,ONP=11.2;IND=7.3;2pp_LNP=59.8
fed2025,YouGov (MRP),2025-02-27,2025-03-26,seat,qld,Fairfax,10217,42.6,22.2,41.2,12.3,3.7,https://en.wikipedia.org/wiki/Electorate_opinion_polling_and_projections_for_the_2025_Australian_federal_election,yes,ONP=12.9;IND=7.7;2pp_LNP=57.4
fed2025,Accent/RedBridge (MRP),2024-10-29,2024-11-20,seat,qld,Fisher,4909,38.0,25.0,49.0,8.0,17.0,https://en.wikipedia.org/wiki/Electorate_opinion_polling_and_projections_for_the_2025_Australian_federal_election,yes,2pp_LNP=62.0
fed2025,YouGov (MRP),2025-01-22,2025-02-12,seat,qld,Fisher,8732,40.8,23.3,45.2,12.0,1.9,https://en.wikipedia.org/wiki/Electorate_opinion_polling_and_projections_for_the_2025_Australian_federal_election,yes,ONP=12.0;IND=5.7;2pp_LNP=59.2
fed2025,YouGov (MRP),2025-02-27,2025-03-26,seat,qld,Fisher,10217,41.8,21.2,41.6,13.1,3.3,https://en.wikipedia.org/wiki/Electorate_opinion_polling_and_projections_for_the_2025_Australian_federal_election,yes,ONP=14.4;IND=6.4;2pp_LNP=58.2
fed2025,Accent/RedBridge (MRP),2024-10-29,2024-11-20,seat,qld,Flynn,4909,42.0,32.0,45.0,5.0,18.0,https://en.wikipedia.org/wiki/Electorate_opinion_polling_and_projections_for_the_2025_Australian_federal_election,yes,2pp_LNP=58.0
fed2025,YouGov (MRP),2025-01-22,2025-02-12,seat,qld,Flynn,8732,43.5,27.3,38.2,6.6,2.1,https://en.wikipedia.org/wiki/Electorate_opinion_polling_and_projections_for_the_2025_Australian_federal_election,yes,ONP=19.2;IND=6.6;2pp_LNP=56.5
fed2025,YouGov (MRP),2025-02-27,2025-03-26,seat,qld,Flynn,10217,43.0,25.7,36.8,6.2,3.1,https://en.wikipedia.org/wiki/Electorate_opinion_polling_and_projections_for_the_2025_Australian_federal_election,yes,ONP=22.1;IND=6.2;2pp_LNP=57.0
fed2025,Accent/RedBridge (MRP),2024-10-29,2024-11-20,seat,qld,Forde,4909,47.0,26.0,37.0,16.0,21.0,https://en.wikipedia.org/wiki/Electorate_opinion_polling_and_projections_for_the_2025_Australian_federal_election,yes,2pp_LNP=53.0
fed2025,YouGov (MRP),2025-01-22,2025-02-12,seat,qld,Forde,8732,45.2,26.0,38.9,13.3,3.3,https://en.wikipedia.org/wiki/Electorate_opinion_polling_and_projections_for_the_2025_Australian_federal_election,yes,ONP=12.0;IND=6.3;2pp_LNP=54.8
fed2025,YouGov (MRP),2025-02-27,2025-03-26,seat,qld,Forde,10217,45.7,25.1,36.9,11.4,5.2,https://en.wikipedia.org/wiki/Electorate_opinion_polling_and_projections_for_the_2025_Australian_federal_election,yes,ONP=14.2;IND=7.2;2pp_LNP=54.3
fed2025,Accent/RedBridge (MRP),2024-10-29,2024-11-20,seat,qld,Griffith,4909,,26.0,29.0,34.0,10.0,https://en.wikipedia.org/wiki/Electorate_opinion_polling_and_projections_for_the_2025_Australian_federal_election,yes,2pp_GRN=59.0;2pp_LNP=41.0
fed2025,YouGov (MRP),2025-01-22,2025-02-12,seat,qld,Griffith,8732,52.9,31.9,29.3,30.7,1.0,https://en.wikipedia.org/wiki/Electorate_opinion_polling_and_projections_for_the_2025_Australian_federal_election,yes,ONP=3.5;IND=3.6;2pp_GRN=47.1
fed2025,Insightfully,2025-03-16,2025-03-16,seat,qld,Griffith,600,,22.6,38.6,31.3,5.9,https://en.wikipedia.org/wiki/Electorate_opinion_polling_and_projections_for_the_2025_Australian_federal_election,yes,IND=1.5
fed2025,YouGov (MRP),2025-02-27,2025-03-26,seat,qld,Griffith,10217,54.8,32.5,29.8,30.5,1.4,https://en.wikipedia.org/wiki/Electorate_opinion_polling_and_projections_for_the_2025_Australian_federal_election,yes,ONP=4.0;IND=1.8;2pp_GRN=45.2
fed2025,Accent/RedBridge (MRP),2025-02-03,2025-04-01,seat,qld,Griffith,9953,,25.0,31.0,35.0,9.0,https://en.wikipedia.org/wiki/Electorate_opinion_polling_and_projections_for_the_2025_Australian_federal_election,yes,2pp_GRN=59.0;2pp_LNP=41.0
fed2025,JWS Research,2025-04-17,2025-04-17,seat,qld,Griffith,,51.0,,,,,https://en.wikipedia.org/wiki/Electorate_opinion_polling_and_projections_for_the_2025_Australian_federal_election,yes,2pp_LNP=49.0
fed2025,YouGov (MRP),2025-04-01,2025-04-29,seat,qld,Griffith,10822,48.0,27.2,25.6,38.0,3.7,https://en.wikipedia.org/wiki/Electorate_opinion_polling_and_projections_for_the_2025_Australian_federal_election,yes,ONP=5.5;2pp_GRN=52.0
fed2025,Accent/RedBridge (MRP),2024-10-29,2024-11-20,seat,qld,Groom,4909,,24.0,46.0,7.0,24.0,https://en.wikipedia.org/wiki/Electorate_opinion_polling_and_projections_for_the_2025_Australian_federal_election,yes,2pp_LNP=55.0;2pp_IND=45.0
fed2025,YouGov (MRP),2025-01-22,2025-02-12,seat,qld,Groom,8732,37.1,18.2,45.3,7.3,1.2,https://en.wikipedia.org/wiki/Electorate_opinion_polling_and_projections_for_the_2025_Australian_federal_election,yes,IND=13.6;ONP=14.4;2pp_LNP=62.9
fed2025,YouGov (MRP),2025-02-27,2025-03-26,seat,qld,Groom,10217,38.8,19.3,43.6,8.4,1.7,https://en.wikipedia.org/wiki/Electorate_opinion_polling_and_projections_for_the_2025_Australian_federal_election,yes,IND=12.1;ONP=14.9;2pp_LNP=61.2
fed2025,Accent/RedBridge (MRP),2024-10-29,2024-11-20,seat,qld,Herbert,4909,38.0,23.0,49.0,9.0,19.0,https://en.wikipedia.org/wiki/Electorate_opinion_polling_and_projections_for_the_2025_Australian_federal_election,yes,2pp_LNP=62.0
fed2025,YouGov (MRP),2025-01-22,2025-02-12,seat,qld,Herbert,8732,39.3,21.1,45.2,9.8,4.3,https://en.wikipedia.org/wiki/Electorate_opinion_polling_and_projections_for_the_2025_Australian_federal_election,yes,ONP=11.8;IND=7.8;2pp_LNP=60.7
fed2025,YouGov (MRP),2025-02-27,2025-03-26,seat,qld,Herbert,10217,41.4,23.6,45.0,10.3,5.2,https://en.wikipedia.org/wiki/Electorate_opinion_polling_and_projections_for_the_2025_Australian_federal_election,yes,ONP=9.0;IND=6.8;2pp_LNP=58.6
fed2025,Accent/RedBridge (MRP),2024-10-29,2024-11-20,seat,qld,Hinkler,4909,41.0,29.0,49.0,7.0,15.0,https://en.wikipedia.org/wiki/Electorate_opinion_polling_and_projections_for_the_2025_Australian_federal_election,yes,2pp_LNP=59.0
fed2025,YouGov (MRP),2025-01-22,2025-02-12,seat,qld,Hinkler,8732,39.3,20.2,43.2,6.1,1.4,https://en.wikipedia.org/wiki/Electorate_opinion_polling_and_projections_for_the_2025_Australian_federal_election,yes,IND=15.8;ONP=13.4;2pp_LNP=60.7
fed2025,YouGov (MRP),2025-02-27,2025-03-26,seat,qld,Hinkler,10217,41.1,22.9,41.9,7.2,2.0,https://en.wikipedia.org/wiki/Electorate_opinion_polling_and_projections_for_the_2025_Australian_federal_election,yes,IND=11.0;ONP=15.0;2pp_LNP=58.9
fed2025,Accent/RedBridge (MRP),2024-10-29,2024-11-20,seat,qld,Kennedy,4909,,19.0,27.0,8.0,45.0,https://en.wikipedia.org/wiki/Electorate_opinion_polling_and_projections_for_the_2025_Australian_federal_election,yes,2pp_KAP=58.0;2pp_LNP=42.0
fed2025,YouGov (MRP),2025-01-22,2025-02-12,seat,qld,Kennedy,8732,,14.3,33.0,7.7,42.2,https://en.wikipedia.org/wiki/Electorate_opinion_polling_and_projections_for_the_2025_Australian_federal_election,yes,IND=2.9;2pp_KAP=60.7;2pp_LNP=39.3
fed2025,YouGov (MRP),2025-02-27,2025-03-26,seat,qld,Kennedy,10217,,15.6,27.5,7.8,46.5,https://en.wikipedia.org/wiki/Electorate_opinion_polling_and_projections_for_the_2025_Australian_federal_election,yes,IND=2.6;2pp_KAP=65.2;2pp_LNP=34.8
fed2025,Accent/RedBridge (MRP),2025-02-03,2025-04-01,seat,qld,Kennedy,9953,,17.0,29.0,6.0,48.0,https://en.wikipedia.org/wiki/Electorate_opinion_polling_and_projections_for_the_2025_Australian_federal_election,yes,2pp_KAP=62.0;2pp_LNP=38.0
fed2025,Accent/RedBridge (MRP),2024-10-29,2024-11-20,seat,qld,Leichhardt,4909,46.0,30.0,41.0,9.0,20.0,https://en.wikipedia.org/wiki/Electorate_opinion_polling_and_projections_for_the_2025_Australian_federal_election,yes,2pp_LNP=54.0
fed2025,YouGov (MRP),2025-01-22,2025-02-12,seat,qld,Leichhardt,8732,46.5,27.5,37.5,12.2,3.6,https://en.wikipedia.org/wiki/Electorate_opinion_polling_and_projections_for_the_2025_Australian_federal_election,yes,ONP=13.5;IND=5.6;2pp_LNP=53.5
fed2025,YouGov (MRP),2025-02-27,2025-03-26,seat,qld,Leichhardt,10217,46.7,26.1,37.1,12.5,7.1,https://en.wikipedia.org/wiki/Electorate_opinion_polling_and_projections_for_the_2025_Australian_federal_election,yes,ONP=11.8;IND=5.3;2pp_LNP=53.3
fed2025,Accent/RedBridge (MRP),2024-10-29,2024-11-20,seat,qld,Lilley,4909,60.0,44.0,34.0,17.0,5.0,https://en.wikipedia.org/wiki/Electorate_opinion_polling_and_projections_for_the_2025_Australian_federal_election,yes,2pp_LNP=40.0
fed2025,YouGov (MRP),2025-01-22,2025-02-12,seat,qld,Lilley,8732,55.7,36.8,32.6,15.2,1.9,https://en.wikipedia.org/wiki/Electorate_opinion_polling_and_projections_for_the_2025_Australian_federal_election,yes,ONP=7.5;IND=6.0;2pp_LNP=44.3
fed2025,YouGov (MRP),2025-02-27,2025-03-26,seat,qld,Lilley,10217,57.9,38.4,30.8,16.4,2.8,https://en.wikipedia.org/wiki/Electorate_opinion_polling_and_projections_for_the_2025_Australian_federal_election,yes,ONP=6.6;IND=5.0;2pp_LNP=42.1
fed2025,Accent/RedBridge (MRP),2024-10-29,2024-11-20,seat,qld,Longman,4909,47.0,31.0,42.0,10.0,16.0,https://en.wikipedia.org/wiki/Electorate_opinion_polling_and_projections_for_the_2025_Australian_federal_election,yes,2pp_LNP=53.0
fed2025,YouGov (MRP),2025-01-22,2025-02-12,seat,qld,Longman,8732,43.7,26.6,39.9,8.6,4.4,https://en.wikipedia.org/wiki/Electorate_opinion_polling_and_projections_for_the_2025_Australian_federal_election,yes,ONP=14.6;IND=6.0;2pp_LNP=56.3
fed2025,YouGov (MRP),2025-02-27,2025-03-26,seat,qld,Longman,10217,45.6,27.6,38.3,9.5,6.7,https://en.wikipedia.org/wiki/Electorate_opinion_polling_and_projections_for_the_2025_Australian_federal_election,yes,ONP=13.3;IND=4.6;2pp_LNP=54.4
fed2025,Accent/RedBridge (MRP),2024-10-29,2024-11-20,seat,qld,Maranoa,4909,27.0,14.0,54.0,4.0,29.0,https://en.wikipedia.org/wiki/Electorate_opinion_polling_and_projections_for_the_2025_Australian_federal_election,yes,2pp_LNP=73.0
fed2025,YouGov (MRP),2025-01-22,2025-02-12,seat,qld,Maranoa,8732,,16.9,51.8,5.9,2.2,https://en.wikipedia.org/wiki/Electorate_opinion_polling_and_projections_for_the_2025_Australian_federal_election,yes,ONP=18.3;IND=4.8;2pp_LNP=72.0;2pp_ONP=28.0
fed2025,YouGov (MRP),2025-02-27,2025-03-26,seat,qld,Maranoa,10217,,14.8,48.6,5.9,2.4,https://en.wikipedia.org/wiki/Electorate_opinion_polling_and_projections_for_the_2025_Australian_federal_election,yes,ONP=24.8;IND=3.5;2pp_LNP=67.7;2pp_ONP=32.3
fed2025,Accent/RedBridge (MRP),2024-10-29,2024-11-20,seat,qld,McPherson,4909,39.0,27.0,48.0,7.0,18.0,https://en.wikipedia.org/wiki/Electorate_opinion_polling_and_projections_for_the_2025_Australian_federal_election,yes,2pp_LNP=61.0
fed2025,YouGov (MRP),2025-01-22,2025-02-12,seat,qld,McPherson,8732,41.6,22.8,44.9,14.1,2.7,https://en.wikipedia.org/wiki/Electorate_opinion_polling_and_projections_for_the_2025_Australian_federal_election,yes,ONP=10.3;IND=5.3;2pp_LNP=58.4
fed2025,YouGov (MRP),2025-02-27,2025-03-26,seat,qld,McPherson,10217,43.2,23.0,41.5,13.4,4.5,https://en.wikipedia.org/wiki/Electorate_opinion_polling_and_projections_for_the_2025_Australian_federal_election,yes,ONP=12.0;IND=5.6;2pp_LNP=56.8
fed2025,Accent/RedBridge (MRP),2024-10-29,2024-11-20,seat,qld,Moncrieff,4909,39.0,22.0,48.0,11.0,18.0,https://en.wikipedia.org/wiki/Electorate_opinion_polling_and_projections_for_the_2025_Australian_federal_election,yes,2pp_LNP=61.0
fed2025,YouGov (MRP),2025-01-22,2025-02-12,seat,qld,Moncrieff,8732,40.6,22.6,45.7,12.6,3.1,https://en.wikipedia.org/wiki/Electorate_opinion_polling_and_projections_for_the_2025_Australian_federal_election,yes,ONP=10.7;IND=5.3;2pp_LNP=59.4
fed2025,YouGov (MRP),2025-02-27,2025-03-26,seat,qld,Moncrieff,10217,41.5,22.5,43.2,11.9,5.3,https://en.wikipedia.org/wiki/Electorate_opinion_polling_and_projections_for_the_2025_Australian_federal_election,yes,ONP=12.2;IND=4.9;2pp_LNP=58.5
fed2025,Accent/RedBridge (MRP),2024-10-29,2024-11-20,seat,qld,Moreton,4909,59.0,44.0,36.0,16.0,5.0,https://en.wikipedia.org/wiki/Electorate_opinion_polling_and_projections_for_the_2025_Australian_federal_election,yes,2pp_LNP=41.0
fed2025,YouGov (MRP),2025-01-22,2025-02-12,seat,qld,Moreton,8732,54.3,34.1,35.1,18.5,1.4,https://en.wikipedia.org/wiki/Electorate_opinion_polling_and_projections_for_the_2025_Australian_federal_election,yes,ONP=5.6;IND=5.3;2pp_LNP=45.7
fed2025,YouGov (MRP),2025-02-27,2025-03-26,seat,qld,Moreton,10217,56.1,35.5,33.2,19.1,2.4,https://en.wikipedia.org/wiki/Electorate_opinion_polling_and_projections_for_the_2025_Australian_federal_election,yes,ONP=6.4;IND=3.5;2pp_LNP=43.9
fed2025,Accent/RedBridge (MRP),2024-10-29,2024-11-20,seat,qld,Oxley,4909,59.0,40.0,29.0,17.0,13.0,https://en.wikipedia.org/wiki/Electorate_opinion_polling_and_projections_for_the_2025_Australian_federal_election,yes,2pp_LNP=41.0
fed2025,YouGov (MRP),2025-01-22,2025-02-12,seat,qld,Oxley,8732,56.2,38.1,31.5,14.2,1.5,https://en.wikipedia.org/wiki/Electorate_opinion_polling_and_projections_for_the_2025_Australian_federal_election,yes,ONP=9.1;IND=5.7;2pp_LNP=43.8
fed2025,YouGov (MRP),2025-02-27,2025-03-26,seat,qld,Oxley,10217,57.7,39.9,30.5,14.3,2.2,https://en.wikipedia.org/wiki/Electorate_opinion_polling_and_projections_for_the_2025_Australian_federal_election,yes,ONP=9.3;IND=3.8;2pp_LNP=42.3
fed2025,Accent/RedBridge (MRP),2024-10-29,2024-11-20,seat,qld,Petrie,4909,45.0,33.0,47.0,9.0,11.0,https://en.wikipedia.org/wiki/Electorate_opinion_polling_and_projections_for_the_2025_Australian_federal_election,yes,2pp_LNP=55.0
fed2025,YouGov (MRP),2025-01-22,2025-02-12,seat,qld,Petrie,8732,45.7,28.6,41.3,11.4,2.1,https://en.wikipedia.org/wiki/Electorate_opinion_polling_and_projections_for_the_2025_Australian_federal_election,yes,ONP=10.0;IND=6.5;2pp_LNP=54.3
fed2025,YouGov (MRP),2025-02-27,2025-03-26,seat,qld,Petrie,10217,47.3,30.0,40.7,12.3,4.1,https://en.wikipedia.org/wiki/Electorate_opinion_polling_and_projections_for_the_2025_Australian_federal_election,yes,ONP=8.1;IND=4.9;2pp_LNP=52.7
fed2025,Accent/RedBridge (MRP),2024-10-29,2024-11-20,seat,qld,Rankin,4909,59.0,42.0,31.0,16.0,11.0,https://en.wikipedia.org/wiki/Electorate_opinion_polling_and_projections_for_the_2025_Australian_federal_election,yes,2pp_LNP=41.0
fed2025,YouGov (MRP),2025-01-22,2025-02-12,seat,qld,Rankin,8732,54.5,37.0,31.6,12.4,2.1,https://en.wikipedia.org/wiki/Electorate_opinion_polling_and_projections_for_the_2025_Australian_federal_election,yes,ONP=12.0;IND=5.0;2pp_LNP=45.5
fed2025,YouGov (MRP),2025-02-27,2025-03-26,seat,qld,Rankin,10217,54.5,36.3,31.3,12.9,3.2,https://en.wikipedia.org/wiki/Electorate_opinion_polling_and_projections_for_the_2025_Australian_federal_election,yes,ONP=12.7;IND=3.6;2pp_LNP=45.5
fed2025,Accent/RedBridge (MRP),2024-10-29,2024-11-20,seat,qld,Ryan,4909,,21.0,37.0,33.0,8.0,https://en.wikipedia.org/wiki/Electorate_opinion_polling_and_projections_for_the_2025_Australian_federal_election,yes,2pp_GRN=54.0;2pp_LNP=46.0
fed2025,YouGov (MRP),2025-01-22,2025-02-12,seat,qld,Ryan,8732,52.4,27.1,37.1,26.1,1.8,https://en.wikipedia.org/wiki/Electorate_opinion_polling_and_projections_for_the_2025_Australian_federal_election,yes,ONP=3.9;IND=4.1;2pp_LNP=47.6
fed2025,Insightfully,2025-03-16,2025-03-16,seat,qld,Ryan,600,,21.9,39.6,27.4,3.9,https://en.wikipedia.org/wiki/Electorate_opinion_polling_and_projections_for_the_2025_Australian_federal_election,yes,IND=7.1;2pp_GRN=51.6;2pp_LNP=48.3
fed2025,YouGov (MRP),2025-02-27,2025-03-26,seat,qld,Ryan,10217,,26.5,37.0,27.1,4.4,https://en.wikipedia.org/wiki/Electorate_opinion_polling_and_projections_for_the_2025_Australian_federal_election,yes,ONP=3.0;IND=2.1;2pp_GRN=51.9;2pp_LNP=48.1
fed2025,Accent/RedBridge (MRP),2025-02-03,2025-04-01,seat,qld,Ryan,9953,,20.0,39.0,33.0,8.0,https://en.wikipedia.org/wiki/Electorate_opinion_polling_and_projections_for_the_2025_Australian_federal_election,yes,2pp_GRN=53.0;2pp_LNP=47.0
fed2025,JWS Research,2025-04-17,2025-04-17,seat,qld,Ryan,,43.0,,45.0,13.0,,https://en.wikipedia.org/wiki/Electorate_opinion_polling_and_projections_for_the_2025_Australian_federal_election,yes,2pp_LNP=57.0
fed2025,YouGov (MRP),2025-04-01,2025-04-29,seat,qld,Ryan,10822,,21.1,33.5,32.3,8.0,https://en.wikipedia.org/wiki/Electorate_opinion_polling_and_projections_for_the_2025_Australian_federal_election,yes,ONP=5.0;2pp_GRN=52.0;2pp_LNP=48.0
fed2025,Accent/RedBridge (MRP),2024-10-29,2024-11-20,seat,qld,Wide Bay,4909,37.0,24.0,49.0,7.0,20.0,https://en.wikipedia.org/wiki/Electorate_opinion_polling_and_projections_for_the_2025_Australian_federal_election,yes,2pp_LNP=63.0
fed2025,YouGov (MRP),2025-01-22,2025-02-12,seat,qld,Wide Bay,8732,39.4,20.2,43.8,9.3,1.9,https://en.wikipedia.org/wiki/Electorate_opinion_polling_and_projections_for_the_2025_Australian_federal_election,yes,ONP=13.6;IND=11.2;2pp_LNP=60.6
fed2025,YouGov (MRP),2025-02-27,2025-03-26,seat,qld,Wide Bay,10217,39.5,20.4,40.4,9.0,2.6,https://en.wikipedia.org/wiki/Electorate_opinion_polling_and_projections_for_the_2025_Australian_federal_election,yes,ONP=19.2;IND=8.4;2pp_LNP=60.5
fed2025,Accent/RedBridge (MRP),2024-10-29,2024-11-20,seat,qld,Wright,4909,36.0,21.0,46.0,7.0,26.0,https://en.wikipedia.org/wiki/Electorate_opinion_polling_and_projections_for_the_2025_Australian_federal_election,yes,2pp_LNP=64.0
fed2025,YouGov (MRP),2025-01-22,2025-02-12,seat,qld,Wright,8732,36.8,20.7,46.3,9.6,1.8,https://en.wikipedia.org/wiki/Electorate_opinion_polling_and_projections_for_the_2025_Australian_federal_election,yes,ONP=18.0;IND=3.6;2pp_LNP=63.2
fed2025,YouGov (MRP),2025-02-27,2025-03-26,seat,qld,Wright,10217,,18.3,41.4,10.1,3.5,https://en.wikipedia.org/wiki/Electorate_opinion_polling_and_projections_for_the_2025_Australian_federal_election,yes,ONP=23.3;IND=3.4;2pp_LNP=66.1;2pp_ONP=33.9
fed2025,Accent/RedBridge (MRP),2025-02-03,2025-04-01,seat,qld,Wright,9953,39.0,22.0,41.0,8.0,29.0,https://en.wikipedia.org/wiki/Electorate_opinion_polling_and_projections_for_the_2025_Australian_federal_election,yes,2pp_LNP=61.0
fed2025,Accent/RedBridge (MRP),2024-10-29,2024-11-20,seat,sa,Adelaide,4909,53.0,46.0,32.0,14.0,8.0,https://en.wikipedia.org/wiki/Electorate_opinion_polling_and_projections_for_the_2025_Australian_federal_election,yes,2pp_LIB=47.0
fed2025,YouGov (MRP),2025-01-22,2025-02-12,seat,sa,Adelaide,8732,55.7,33.7,32.8,19.9,1.6,https://en.wikipedia.org/wiki/Electorate_opinion_polling_and_projections_for_the_2025_Australian_federal_election,yes,ONP=5.7;IND=6.4;2pp_LIB=44.3
fed2025,YouGov (MRP),2025-02-27,2025-03-26,seat,sa,Adelaide,10217,58.1,38.1,31.3,18.3,2.4,https://en.wikipedia.org/wiki/Electorate_opinion_polling_and_projections_for_the_2025_Australian_federal_election,yes,ONP=5.8;IND=4.1;2pp_LIB=41.9
fed2025,Accent/RedBridge (MRP),2025-02-03,2025-04-01,seat,sa,Adelaide,9953,62.0,43.0,29.0,14.0,14.0,https://en.wikipedia.org/wiki/Electorate_opinion_polling_and_projections_for_the_2025_Australian_federal_election,yes,2pp_LIB=38.0
fed2025,YouGov (MRP),2025-04-01,2025-04-29,seat,sa,Adelaide,10822,61.9,41.3,26.6,19.2,7.7,https://en.wikipedia.org/wiki/Electorate_opinion_polling_and_projections_for_the_2025_Australian_federal_election,yes,ONP=5.2;2pp_LIB=38.1
fed2025,Accent/RedBridge (MRP),2024-10-29,2024-11-20,seat,sa,Barker,4909,32.0,15.0,47.0,5.0,33.0,https://en.wikipedia.org/wiki/Electorate_opinion_polling_and_projections_for_the_2025_Australian_federal_election,yes,2pp_LIB=68.0
fed2025,YouGov (MRP),2025-01-22,2025-02-12,seat,sa,Barker,8732,35.9,19.3,49.5,8.0,1.4,https://en.wikipedia.org/wiki/Electorate_opinion_polling_and_projections_for_the_2025_Australian_federal_election,yes,ONP=11.9;IND=9.9;2pp_LIB=64.1
fed2025,YouGov (MRP),2025-02-27,2025-03-26,seat,sa,Barker,10217,38.3,22.6,47.3,7.2,1.1,https://en.wikipedia.org/wiki/Electorate_opinion_polling_and_projections_for_the_2025_Australian_federal_election,yes,ONP=13.5;IND=8.4;2pp_LIB=61.7
fed2025,Accent/RedBridge (MRP),2025-02-03,2025-04-01,seat,sa,Barker,9953,33.0,16.0,50.0,8.0,26.0,https://en.wikipedia.org/wiki/Electorate_opinion_polling_and_projections_for_the_2025_Australian_federal_election,yes,2pp_LIB=67.0
fed2025,YouGov (MRP),2025-04-01,2025-04-29,seat,sa,Barker,10822,39.3,21.4,44.8,7.8,6.3,https://en.wikipedia.org/wiki/Electorate_opinion_polling_and_projections_for_the_2025_Australian_federal_election,yes,ONP=11.5;IND=8.2;2pp_LIB=60.7
fed2025,Accent/RedBridge (MRP),2024-10-29,2024-11-20,seat,sa,Boothby,4909,53.0,37.0,41.0,14.0,8.0,https://en.wikipedia.org/wiki/Electorate_opinion_polling_and_projections_for_the_2025_Australian_federal_election,yes,2pp_LIB=47.0
fed2025,YouGov (MRP),2025-01-22,2025-02-12,seat,sa,Boothby,8732,50.6,28.9,38.0,13.2,1.2,https://en.wikipedia.org/wiki/Electorate_opinion_polling_and_projections_for_the_2025_Australian_federal_election,yes,IND=13.2;ONP=5.6;2pp_LIB=49.4
fed2025,YouGov (MRP),2025-02-27,2025-03-26,seat,sa,Boothby,10217,52.7,31.9,36.1,15.8,1.7,https://en.wikipedia.org/wiki/Electorate_opinion_polling_and_projections_for_the_2025_Australian_federal_election,yes,IND=10.0;ONP=4.5;2pp_LIB=47.3
fed2025,Accent/RedBridge (MRP),2025-02-03,2025-04-01,seat,sa,Boothby,9953,55.0,38.0,38.0,14.0,10.0,https://en.wikipedia.org/wiki/Electorate_opinion_polling_and_projections_for_the_2025_Australian_federal_election,yes,2pp_LIB=45.0
fed2025,YouGov (MRP),2025-04-01,2025-04-29,seat,sa,Boothby,10822,51.9,32.8,35.0,15.2,11.0,https://en.wikipedia.org/wiki/Electorate_opinion_polling_and_projections_for_the_2025_Australian_federal_election,yes,ONP=6.0;2pp_LIB=48.1
fed2025,Accent/RedBridge (MRP),2024-10-29,2024-11-20,seat,sa,Grey,4909,39.0,20.0,46.0,8.0,26.0,https://en.wikipedia.org/wiki/Electorate_opinion_polling_and_projections_for_the_2025_Australian_federal_election,yes,2pp_LIB=61.0
fed2025,YouGov (MRP),2025-01-22,2025-02-12,seat,sa,Grey,8732,40.4,19.1,42.9,9.4,2.9,https://en.wikipedia.org/wiki/Electorate_opinion_polling_and_projections_for_the_2025_Australian_federal_election,yes,IND=15.1;ONP=10.6;2pp_LIB=59.6
fed2025,YouGov (MRP),2025-02-27,2025-03-26,seat,sa,Grey,10217,41.1,22.0,42.1,7.7,2.2,https://en.wikipedia.org/wiki/Electorate_opinion_polling_and_projections_for_the_2025_Australian_federal_election,yes,IND=12.6;ONP=13.4;2pp_LIB=58.9
fed2025,Accent/RedBridge (MRP),2025-02-03,2025-04-01,seat,sa,Grey,9953,40.0,22.0,46.0,8.0,24.0,https://en.wikipedia.org/wiki/Electorate_opinion_polling_and_projections_for_the_2025_Australian_federal_election,yes,2pp_LIB=60.0
fed2025,YouGov (MRP),2025-04-01,2025-04-29,seat,sa,Grey,10822,42.8,17.7,37.5,9.4,7.8,https://en.wikipedia.org/wiki/Electorate_opinion_polling_and_projections_for_the_2025_Australian_federal_election,yes,IND=15.4;ONP=12.2;2pp_LIB=57.2
fed2025,Accent/RedBridge (MRP),2024-10-29,2024-11-20,seat,sa,Hindmarsh,4909,53.0,39.0,37.0,14.0,10.0,https://en.wikipedia.org/wiki/Electorate_opinion_polling_and_projections_for_the_2025_Australian_federal_election,yes,2pp_LIB=47.0
fed2025,YouGov (MRP),2025-01-22,2025-02-12,seat,sa,Hindmarsh,8732,52.4,34.3,35.6,13.2,2.3,https://en.wikipedia.org/wiki/Electorate_opinion_polling_and_projections_for_the_2025_Australian_federal_election,yes,ONP=7.7;IND=7.0;2pp_LIB=47.6
fed2025,YouGov (MRP),2025-02-27,2025-03-26,seat,sa,Hindmarsh,10217,53.9,35.5,34.0,13.9,2.8,https://en.wikipedia.org/wiki/Electorate_opinion_polling_and_projections_for_the_2025_Australian_federal_election,yes,ONP=8.4;IND=5.4;2pp_LIB=46.1
fed2025,Accent/RedBridge (MRP),2025-02-03,2025-04-01,seat,sa,Hindmarsh,9953,58.0,41.0,34.0,14.0,11.0,https://en.wikipedia.org/wiki/Electorate_opinion_polling_and_projections_for_the_2025_Australian_federal_election,yes,2pp_LIB=42.0
fed2025,YouGov (MRP),2025-04-01,2025-04-29,seat,sa,Hindmarsh,10822,60.4,41.0,27.3,15.1,5.9,https://en.wikipedia.org/wiki/Electorate_opinion_polling_and_projections_for_the_2025_Australian_federal_election,yes,ONP=7.1;IND=3.7;2pp_LIB=39.6
fed2025,Accent/RedBridge (MRP),2024-10-29,2024-11-20,seat,sa,Kingston,4909,60.0,44.0,33.0,12.0,11.0,https://en.wikipedia.org/wiki/Electorate_opinion_polling_and_projections_for_the_2025_Australian_federal_election,yes,2pp_LIB=40.0
fed2025,YouGov (MRP),2025-01-22,2025-02-12,seat,sa,Kingston,8732,56.7,36.8,28.8,13.0,2.0,https://en.wikipedia.org/wiki/Electorate_opinion_polling_and_projections_for_the_2025_Australian_federal_election,yes,ONP=10.4;IND=9.1;2pp_LIB=43.3
fed2025,YouGov (MRP),2025-02-27,2025-03-26,seat,sa,Kingston,10217,58.9,40.4,28.1,13.0,2.1,https://en.wikipedia.org/wiki/Electorate_opinion_polling_and_projections_for_the_2025_Australian_federal_election,yes,ONP=9.8;IND=6.7;2pp_LIB=41.1
fed2025,Accent/RedBridge (MRP),2025-02-03,2025-04-01,seat,sa,Kingston,9953,63.0,44.0,28.0,12.0,16.0,https://en.wikipedia.org/wiki/Electorate_opinion_polling_and_projections_for_the_2025_Australian_federal_election,yes,2pp_LIB=37.0
fed2025,YouGov (MRP),2025-04-01,2025-04-29,seat,sa,Kingston,10822,64.2,47.5,22.6,13.0,6.2,https://en.wikipedia.org/wiki/Electorate_opinion_polling_and_projections_for_the_2025_Australian_federal_election,yes,ONP=10.7;2pp_LIB=35.8
fed2025,Accent/RedBridge (MRP),2024-10-29,2024-11-20,seat,sa,Makin,4909,57.0,42.0,33.0,10.0,15.0,https://en.wikipedia.org/wiki/Electorate_opinion_polling_and_projections_for_the_2025_Australian_federal_election,yes,2pp_LIB=43.0
fed2025,YouGov (MRP),2025-01-22,2025-02-12,seat,sa,Makin,8732,53.4,36.1,33.8,11.4,2.0,https://en.wikipedia.org/wiki/Electorate_opinion_polling_and_projections_for_the_2025_Australian_federal_election,yes,ONP=9.5;IND=7.1;2pp_LIB=46.6
fed2025,YouGov (MRP),2025-02-27,2025-03-26,seat,sa,Makin,10217,55.3,39.0,33.1,12.0,3.0,https://en.wikipedia.org/wiki/Electorate_opinion_polling_and_projections_for_the_2025_Australian_federal_election,yes,ONP=9.3;IND=3.7;2pp_LIB=44.7
fed2025,Accent/RedBridge (MRP),2025-02-03,2025-04-01,seat,sa,Makin,9953,57.0,42.0,34.0,11.0,14.0,https://en.wikipedia.org/wiki/Electorate_opinion_polling_and_projections_for_the_2025_Australian_federal_election,yes,2pp_LIB=43.0
fed2025,YouGov (MRP),2025-04-01,2025-04-29,seat,sa,Makin,10822,61.5,44.4,25.6,13.2,7.9,https://en.wikipedia.org/wiki/Electorate_opinion_polling_and_projections_for_the_2025_Australian_federal_election,yes,ONP=8.8;2pp_LIB=38.5
fed2025,Accent/RedBridge (MRP),2024-10-29,2024-11-20,seat,sa,Mayo,4909,,20.0,29.0,9.0,42.0,https://en.wikipedia.org/wiki/Electorate_opinion_polling_and_projections_for_the_2025_Australian_federal_election,yes,2pp_CA=59.0;2pp_LIB=41.0
fed2025,YouGov (MRP),2025-01-22,2025-02-12,seat,sa,Mayo,8732,,17.2,30.5,11.7,31.5,https://en.wikipedia.org/wiki/Electorate_opinion_polling_and_projections_for_the_2025_Australian_federal_election,yes,ONP=7.2;IND=1.9;2pp_CA=53.4;2pp_LIB=46.6
fed2025,YouGov (MRP),2025-02-27,2025-03-26,seat,sa,Mayo,10217,,16.3,28.8,12.7,36.5,https://en.wikipedia.org/wiki/Electorate_opinion_polling_and_projections_for_the_2025_Australian_federal_election,yes,ONP=3.5;IND=2.1;2pp_CA=62.1;2pp_LIB=37.9
fed2025,Accent/RedBridge (MRP),2025-02-03,2025-04-01,seat,sa,Mayo,9953,,19.0,35.0,9.0,37.0,https://en.wikipedia.org/wiki/Electorate_opinion_polling_and_projections_for_the_2025_Australian_federal_election,yes,2pp_CA=55.0;2pp_LIB=45.0
fed2025,YouGov (MRP),2025-04-01,2025-04-29,seat,sa,Mayo,10822,,15.0,21.9,11.4,44.2,https://en.wikipedia.org/wiki/Electorate_opinion_polling_and_projections_for_the_2025_Australian_federal_election,yes,ONP=7.5;2pp_CA=69.7;2pp_LIB=30.3
fed2025,Accent/RedBridge (MRP),2024-10-29,2024-11-20,seat,sa,Spence,4909,59.0,36.0,29.0,16.0,19.0,https://en.wikipedia.org/wiki/Electorate_opinion_polling_and_projections_for_the_2025_Australian_federal_election,yes,2pp_LIB=41.0
fed2025,YouGov (MRP),2025-01-22,2025-02-12,seat,sa,Spence,8732,55.1,36.6,28.4,12.3,1.8,https://en.wikipedia.org/wiki/Electorate_opinion_polling_and_projections_for_the_2025_Australian_federal_election,yes,ONP=16.4;IND=4.5;2pp_LIB=44.9
fed2025,YouGov (MRP),2025-02-27,2025-03-26,seat,sa,Spence,10217,56.1,38.0,28.6,12.5,2.4,https://en.wikipedia.org/wiki/Electorate_opinion_polling_and_projections_for_the_2025_Australian_federal_election,yes,ONP=15.5;IND=3.0;2pp_LIB=43.9
fed2025,Accent/RedBridge (MRP),2025-02-03,2025-04-01,seat,sa,Spence,9953,62.0,37.0,22.0,12.0,29.0,https://en.wikipedia.org/wiki/Electorate_opinion_polling_and_projections_for_the_2025_Australian_federal_election,yes,2pp_LIB=38.0
fed2025,YouGov (MRP),2025-04-01,2025-04-29,seat,sa,Spence,10822,59.9,38.5,21.1,11.9,6.6,https://en.wikipedia.org/wiki/Electorate_opinion_polling_and_projections_for_the_2025_Australian_federal_election,yes,ONP=16.0;IND=5.8;2pp_LIB=40.1
fed2025,Accent/RedBridge (MRP),2024-10-29,2024-11-20,seat,sa,Sturt,4909,50.0,33.0,42.0,14.0,11.0,https://en.wikipedia.org/wiki/Electorate_opinion_polling_and_projections_for_the_2025_Australian_federal_election,yes,2pp_LIB=50.0
fed2025,YouGov (MRP),2025-01-22,2025-02-12,seat,sa,Sturt,8732,40.4,28.6,42.7,14.7,1.6,https://en.wikipedia.org/wiki/Electorate_opinion_polling_and_projections_for_the_2025_Australian_federal_election,yes,ONP=5.2;IND=7.2;2pp_LIB=59.6
fed2025,YouGov (MRP),2025-02-27,2025-03-26,seat,sa,Sturt,10217,48.5,29.5,40.3,15.2,3.1,https://en.wikipedia.org/wiki/Electorate_opinion_polling_and_projections_for_the_2025_Australian_federal_election,yes,ONP=6.4;IND=5.5;2pp_LIB=51.5
fed2025,Accent/RedBridge (MRP),2025-02-03,2025-04-01,seat,sa,Sturt,9953,55.0,39.0,39.0,12.0,10.0,https://en.wikipedia.org/wiki/Electorate_opinion_polling_and_projections_for_the_2025_Australian_federal_election,yes,2pp_LIB=45.0
fed2025,YouGov (MRP),2025-04-01,2025-04-29,seat,sa,Sturt,10822,50.7,31.9,37.7,14.0,5.9,https://en.wikipedia.org/wiki/Electorate_opinion_polling_and_projections_for_the_2025_Australian_federal_election,yes,ONP=5.7;IND=4.8;2pp_LIB=49.3
fed2025,Accent/RedBridge (MRP),2024-10-29,2024-11-20,seat,tas,Bass,4909,46.0,27.0,44.0,12.0,17.0,https://en.wikipedia.org/wiki/Electorate_opinion_polling_and_projections_for_the_2025_Australian_federal_election,yes,2pp_LIB=54.0
fed2025,YouGov (MRP),2025-01-22,2025-02-12,seat,tas,Bass,8732,47.9,27.8,36.8,12.3,11.9,https://en.wikipedia.org/wiki/Electorate_opinion_polling_and_projections_for_the_2025_Australian_federal_election,yes,IND=9.9;ONP=11.2;2pp_LIB=52.1
fed2025,YouGov (MRP),2025-02-27,2025-03-26,seat,tas,Bass,10217,48.4,26.6,36.2,13.3,3.1,https://en.wikipedia.org/wiki/Electorate_opinion_polling_and_projections_for_the_2025_Australian_federal_election,yes,IND=11.0;ONP=9.9;2pp_LIB=51.6
fed2025,Accent/RedBridge (MRP),2025-02-03,2025-04-01,seat,tas,Bass,9953,53.0,30.0,33.0,11.0,25.0,https://en.wikipedia.org/wiki/Electorate_opinion_polling_and_projections_for_the_2025_Australian_federal_election,yes,2pp_LIB=47.0
fed2025,YouGov (MRP),2025-04-01,2025-04-29,seat,tas,Bass,10822,47.8,25.2,32.6,10.7,6.5,https://en.wikipedia.org/wiki/Electorate_opinion_polling_and_projections_for_the_2025_Australian_federal_election,yes,IND=10.3;ONP=14.8;2pp_LIB=52.2
fed2025,Accent/RedBridge (MRP),2024-10-29,2024-11-20,seat,tas,Braddon,4909,41.0,22.0,46.0,7.0,25.0,https://en.wikipedia.org/wiki/Electorate_opinion_polling_and_projections_for_the_2025_Australian_federal_election,yes,2pp_LIB=59.0
fed2025,YouGov (MRP),2025-01-22,2025-02-12,seat,tas,Braddon,8732,41.9,22.1,41.6,8.9,16.3,https://en.wikipedia.org/wiki/Electorate_opinion_polling_and_projections_for_the_2025_Australian_federal_election,yes,IND=12.9;ONP=11.1;2pp_LIB=58.1
fed2025,YouGov (MRP),2025-02-27,2025-03-26,seat,tas,Braddon,10217,44.3,25.3,40.7,9.3,4.5,https://en.wikipedia.org/wiki/Electorate_opinion_polling_and_projections_for_the_2025_Australian_federal_election,yes,IND=10.5;ONP=9.7;2pp_LIB=55.7
fed2025,Accent/RedBridge (MRP),2025-02-03,2025-04-01,seat,tas,Braddon,9953,46.0,26.0,42.0,10.0,22.0,https://en.wikipedia.org/wiki/Electorate_opinion_polling_and_projections_for_the_2025_Australian_federal_election,yes,2pp_LIB=54.0
fed2025,YouGov,2025-04-17,2025-04-24,seat,tas,Braddon,419,,33.2,30.6,9.7,6.2,https://en.wikipedia.org/wiki/Electorate_opinion_polling_and_projections_for_the_2025_Australian_federal_election,yes,IND=15.7;ONP=4.6
fed2025,YouGov (MRP),2025-04-01,2025-04-29,seat,tas,Braddon,10822,43.0,33.0,30.5,9.5,5.1,https://en.wikipedia.org/wiki/Electorate_opinion_polling_and_projections_for_the_2025_Australian_federal_election,yes,IND=16.9;ONP=5.0;2pp_LIB=57.0
fed2025,Accent/RedBridge (MRP),2024-10-29,2024-11-20,seat,tas,Clark,4909,32.0,27.0,10.0,13.0,51.0,https://en.wikipedia.org/wiki/Electorate_opinion_polling_and_projections_for_the_2025_Australian_federal_election,yes,2pp_IND=68.0
fed2025,YouGov (MRP),2025-01-22,2025-02-12,seat,tas,Clark,8732,44.0,22.8,17.9,15.4,0.4,https://en.wikipedia.org/wiki/Electorate_opinion_polling_and_projections_for_the_2025_Australian_federal_election,yes,IND=40.1;ONP=3.3;2pp_IND=56.0
fed2025,YouGov (MRP),2025-02-27,2025-03-26,seat,tas,Clark,10217,35.2,21.2,16.5,14.4,0.3,https://en.wikipedia.org/wiki/Electorate_opinion_polling_and_projections_for_the_2025_Australian_federal_election,yes,IND=43.5;ONP=4.0;2pp_IND=64.8
fed2025,Accent/RedBridge (MRP),2025-02-03,2025-04-01,seat,tas,Clark,9953,33.0,23.0,14.0,11.0,51.0,https://en.wikipedia.org/wiki/Electorate_opinion_polling_and_projections_for_the_2025_Australian_federal_election,yes,2pp_IND=67.0
fed2025,YouGov (MRP),2025-04-01,2025-04-29,seat,tas,Clark,10822,28.1,18.7,13.6,8.7,,https://en.wikipedia.org/wiki/Electorate_opinion_polling_and_projections_for_the_2025_Australian_federal_election,yes,IND=55.5;ONP=3.5;2pp_IND=71.9
fed2025,Accent/RedBridge (MRP),2024-10-29,2024-11-20,seat,tas,Franklin,4909,63.0,41.0,31.0,18.0,9.0,https://en.wikipedia.org/wiki/Electorate_opinion_polling_and_projections_for_the_2025_Australian_federal_election,yes,2pp_LIB=37.0
fed2025,YouGov (MRP),2025-01-22,2025-02-12,seat,tas,Franklin,8732,56.0,36.1,30.7,14.5,4.1,https://en.wikipedia.org/wiki/Electorate_opinion_polling_and_projections_for_the_2025_Australian_federal_election,yes,ONP=8.2;IND=6.4;2pp_LIB=44.0
fed2025,YouGov (MRP),2025-02-27,2025-03-26,seat,tas,Franklin,10217,57.1,33.6,29.2,18.1,6.7,https://en.wikipedia.org/wiki/Electorate_opinion_polling_and_projections_for_the_2025_Australian_federal_election,yes,ONP=6.0;IND=6.5;2pp_LIB=42.9
fed2025,Accent/RedBridge (MRP),2025-02-03,2025-04-01,seat,tas,Franklin,9953,64.0,42.0,28.0,13.0,17.0,https://en.wikipedia.org/wiki/Electorate_opinion_polling_and_projections_for_the_2025_Australian_federal_election,yes,2pp_LIB=36.0
fed2025,EMRS,2025-04-09,2025-04-10,seat,tas,Franklin,430,,38.0,19.0,13.0,,https://en.wikipedia.org/wiki/Electorate_opinion_polling_and_projections_for_the_2025_Australian_federal_election,yes,IND=20.0
fed2025,YouGov (MRP),2025-04-01,2025-04-29,seat,tas,Franklin,10822,58.6,31.9,25.5,16.8,,https://en.wikipedia.org/wiki/Electorate_opinion_polling_and_projections_for_the_2025_Australian_federal_election,yes,ONP=6.9;IND=18.9;2pp_LIB=41.4
fed2025,Accent/RedBridge (MRP),2024-10-29,2024-11-20,seat,tas,Lyons,4909,46.0,26.0,42.0,9.0,24.0,https://en.wikipedia.org/wiki/Electorate_opinion_polling_and_projections_for_the_2025_Australian_federal_election,yes,2pp_LIB=54.0
fed2025,YouGov (MRP),2025-01-22,2025-02-12,seat,tas,Lyons,8732,45.6,26.5,38.1,10.8,5.3,https://en.wikipedia.org/wiki/Electorate_opinion_polling_and_projections_for_the_2025_Australian_federal_election,yes,ONP=12.5;IND=6.8;2pp_LIB=54.4
fed2025,YouGov (MRP),2025-02-27,2025-03-26,seat,tas,Lyons,10217,47.5,28.0,37.7,11.7,5.9,https://en.wikipedia.org/wiki/Electorate_opinion_polling_and_projections_for_the_2025_Australian_federal_election,yes,ONP=10.0;IND=6.8;2pp_LIB=52.5
fed2025,Accent/RedBridge (MRP),2025-02-03,2025-04-01,seat,tas,Lyons,9953,52.0,31.0,37.0,11.0,21.0,https://en.wikipedia.org/wiki/Electorate_opinion_polling_and_projections_for_the_2025_Australian_federal_election,yes,2pp_LIB=48.0
fed2025,uComms,2025-04-10,2025-04-10,seat,tas,Lyons,712,50.9,27.2,29.5,14.6,5.8,https://en.wikipedia.org/wiki/Electorate_opinion_polling_and_projections_for_the_2025_Australian_federal_election,yes,ONP=4.1;2pp_LIB=49.1
fed2025,YouGov,2025-04-17,2025-04-24,seat,tas,Lyons,446,56.0,33.4,27.8,13.0,12.1,https://en.wikipedia.org/wiki/Electorate_opinion_polling_and_projections_for_the_2025_Australian_federal_election,yes,ONP=4.4;IND=9.3;2pp_LIB=44.0
fed2025,YouGov (MRP),2025-04-01,2025-04-29,seat,tas,Lyons,10822,47.7,33.4,27.8,13.0,12.1,https://en.wikipedia.org/wiki/Electorate_opinion_polling_and_projections_for_the_2025_Australian_federal_election,yes,ONP=4.4;IND=9.3;2pp_LIB=52.3
fed2025,Accent/RedBridge (MRP),2024-10-29,2024-11-20,seat,vic,Aston,4909,46.0,33.0,47.0,11.0,9.0,https://en.wikipedia.org/wiki/Electorate_opinion_polling_and_projections_for_the_2025_Australian_federal_election,yes,2pp_LIB=54.0
fed2025,YouGov (MRP),2025-01-22,2025-02-12,seat,vic,Aston,8732,46.3,29.0,42.5,12.8,1.9,https://en.wikipedia.org/wiki/Electorate_opinion_polling_and_projections_for_the_2025_Australian_federal_election,yes,ONP=7.0;IND=6.8;2pp_LIB=53.7
fed2025,YouGov (MRP),2025-02-27,2025-03-26,seat,vic,Aston,10217,47.3,28.2,40.7,13.8,4.6,https://en.wikipedia.org/wiki/Electorate_opinion_polling_and_projections_for_the_2025_Australian_federal_election,yes,ONP=6.2;IND=6.5;2pp_LIB=52.7
fed2025,Accent/RedBridge (MRP),2025-02-03,2025-04-01,seat,vic,Aston,9953,48.0,32.0,42.0,13.0,12.0,https://en.wikipedia.org/wiki/Electorate_opinion_polling_and_projections_for_the_2025_Australian_federal_election,yes,2pp_LIB=52.0
fed2025,YouGov (MRP),2025-04-01,2025-04-29,seat,vic,Aston,10822,48.0,29.8,39.6,11.4,5.8,https://en.wikipedia.org/wiki/Electorate_opinion_polling_and_projections_for_the_2025_Australian_federal_election,yes,ONP=6.5;IND=6.8;2pp_LIB=52.0
fed2025,Accent/RedBridge (MRP),2024-10-29,2024-11-20,seat,vic,Ballarat,4909,56.0,44.0,35.0,7.0,13.0,https://en.wikipedia.org/wiki/Electorate_opinion_polling_and_projections_for_the_2025_Australian_federal_election,yes,2pp_LIB=44.0
fed2025,YouGov (MRP),2025-01-22,2025-02-12,seat,vic,Ballarat,8732,56.4,35.0,29.2,15.5,2.8,https://en.wikipedia.org/wiki/Electorate_opinion_polling_and_projections_for_the_2025_Australian_federal_election,yes,ONP=9.3;IND=8.2;2pp_LIB=43.6
fed2025,YouGov (MRP),2025-02-27,2025-03-26,seat,vic,Ballarat,10217,58.3,38.4,28.2,14.6,2.6,https://en.wikipedia.org/wiki/Electorate_opinion_polling_and_projections_for_the_2025_Australian_federal_election,yes,ONP=9.9;IND=6.4;2pp_LIB=41.7
fed2025,Accent/RedBridge (MRP),2025-02-03,2025-04-01,seat,vic,Ballarat,9953,54.0,38.0,36.0,12.0,14.0,https://en.wikipedia.org/wiki/Electorate_opinion_polling_and_projections_for_the_2025_Australian_federal_election,yes,2pp_LIB=46.0
fed2025,YouGov,2025-04-17,2025-04-24,seat,vic,Ballarat,217,62.0,38.5,23.8,17.7,4.1,https://en.wikipedia.org/wiki/Electorate_opinion_polling_and_projections_for_the_2025_Australian_federal_election,yes,ONP=9.8;IND=6.1;2pp_LIB=38.0
fed2025,YouGov (MRP),2025-04-01,2025-04-29,seat,vic,Ballarat,10822,61.6,43.2,26.0,13.2,3.9,https://en.wikipedia.org/wiki/Electorate_opinion_polling_and_projections_for_the_2025_Australian_federal_election,yes,ONP=8.4;IND=5.2;2pp_LIB=38.4
fed2025,Accent/RedBridge (MRP),2024-10-29,2024-11-20,seat,vic,Bendigo,4909,57.0,40.0,34.0,12.0,14.0,https://en.wikipedia.org/wiki/Electorate_opinion_polling_and_projections_for_the_2025_Australian_federal_election,yes,2pp_LIB=43.0
fed2025,YouGov (MRP),2025-01-22,2025-02-12,seat,vic,Bendigo,8732,54.8,34.3,30.1,13.2,2.6,https://en.wikipedia.org/wiki/Electorate_opinion_polling_and_projections_for_the_2025_Australian_federal_election,yes,ONP=10.5;IND=9.3;2pp_LIB=45.2
fed2025,YouGov (MRP),2025-02-27,2025-03-26,seat,vic,Bendigo,10217,57.1,36.5,28.5,13.5,2.0,https://en.wikipedia.org/wiki/Electorate_opinion_polling_and_projections_for_the_2025_Australian_federal_election,yes,ONP=10.1;IND=9.5;2pp_LIB=42.9
fed2025,Accent/RedBridge (MRP),2025-02-03,2025-04-01,seat,vic,Bendigo,9953,56.0,38.0,30.0,12.0,20.0,https://en.wikipedia.org/wiki/Electorate_opinion_polling_and_projections_for_the_2025_Australian_federal_election,yes,2pp_LIB=44.0
fed2025,YouGov (MRP),2025-04-01,2025-04-29,seat,vic,Bendigo,10822,60.9,39.8,24.5,14.8,5.6,https://en.wikipedia.org/wiki/Electorate_opinion_polling_and_projections_for_the_2025_Australian_federal_election,yes,ONP=9.5;IND=5.8;2pp_LIB=39.1
fed2025,Accent/RedBridge (MRP),2024-10-29,2024-11-20,seat,vic,Bruce,4909,52.0,39.0,38.0,10.0,12.0,https://en.wikipedia.org/wiki/Electorate_opinion_polling_and_projections_for_the_2025_Australian_federal_election,yes,2pp_LIB=48.0
fed2025,YouGov (MRP),2025-01-22,2025-02-12,seat,vic,Bruce,8732,51.7,34.1,35.2,11.9,4.6,https://en.wikipedia.org/wiki/Electorate_opinion_polling_and_projections_for_the_2025_Australian_federal_election,yes,ONP=8.9;IND=5.4;2pp_LIB=48.3
fed2025,YouGov (MRP),2025-02-27,2025-03-26,seat,vic,Bruce,10217,52.4,34.1,34.5,12.8,5.4,https://en.wikipedia.org/wiki/Electorate_opinion_polling_and_projections_for_the_2025_Australian_federal_election,yes,ONP=9.0;IND=4.3;2pp_LIB=47.6
fed2025,Accent/RedBridge (MRP),2025-02-03,2025-04-01,seat,vic,Bruce,9953,51.0,37.0,41.0,11.0,11.0,https://en.wikipedia.org/wiki/Electorate_opinion_polling_and_projections_for_the_2025_Australian_federal_election,yes,2pp_LIB=49.0
fed2025,YouGov (MRP),2025-04-01,2025-04-29,seat,vic,Bruce,10822,55.2,37.9,29.6,11.1,10.8,https://en.wikipedia.org/wiki/Electorate_opinion_polling_and_projections_for_the_2025_Australian_federal_election,yes,ONP=10.6;2pp_LIB=44.8
fed2025,Accent/RedBridge (MRP),2024-10-29,2024-11-20,seat,vic,Calwell,4909,57.0,40.0,31.0,12.0,17.0,https://en.wikipedia.org/wiki/Electorate_opinion_polling_and_projections_for_the_2025_Australian_federal_election,yes,2pp_LIB=43.0
fed2025,YouGov (MRP),2025-01-22,2025-02-12,seat,vic,Calwell,8732,57.9,37.7,27.2,15.1,5.1,https://en.wikipedia.org/wiki/Electorate_opinion_polling_and_projections_for_the_2025_Australian_federal_election,yes,ONP=11.2;IND=3.8;2pp_LIB=42.1
fed2025,YouGov (MRP),2025-02-27,2025-03-26,seat,vic,Calwell,10217,55.4,34.6,28.6,14.5,6.0,https://en.wikipedia.org/wiki/Electorate_opinion_polling_and_projections_for_the_2025_Australian_federal_election,yes,ONP=12.6;IND=3.7;2pp_LIB=44.6
fed2025,Accent/RedBridge (MRP),2025-02-03,2025-04-01,seat,vic,Calwell,9953,57.0,38.0,29.0,11.0,21.0,https://en.wikipedia.org/wiki/Electorate_opinion_polling_and_projections_for_the_2025_Australian_federal_election,yes,2pp_LIB=43.0
fed2025,YouGov (MRP),2025-04-01,2025-04-29,seat,vic,Calwell,10822,58.5,37.2,22.1,12.0,14.2,https://en.wikipedia.org/wiki/Electorate_opinion_polling_and_projections_for_the_2025_Australian_federal_election,yes,ONP=12.0;IND=2.5;2pp_LIB=41.5
fed2025,Accent/RedBridge (MRP),2024-10-29,2024-11-20,seat,vic,Casey,4909,49.0,28.0,39.0,14.0,19.0,https://en.wikipedia.org/wiki/Electorate_opinion_polling_and_projections_for_the_2025_Australian_federal_election,yes,2pp_LIB=51.0
fed2025,YouGov (MRP),2025-01-22,2025-02-12,seat,vic,Casey,8732,45.8,22.7,39.2,14.9,3.2,https://en.wikipedia.org/wiki/Electorate_opinion_polling_and_projections_for_the_2025_Australian_federal_election,yes,IND=12.5;ONP=7.6;2pp_LIB=54.2
fed2025,YouGov (MRP),2025-02-27,2025-03-26,seat,vic,Casey,10217,47.4,22.0,35.2,13.7,4.6,https://en.wikipedia.org/wiki/Electorate_opinion_polling_and_projections_for_the_2025_Australian_federal_election,yes,IND=15.5;ONP=9.1;2pp_LIB=52.6
fed2025,Accent/RedBridge (MRP),2025-02-03,2025-04-01,seat,vic,Casey,9953,49.0,29.0,37.0,10.0,24.0,https://en.wikipedia.org/wiki/Electorate_opinion_polling_and_projections_for_the_2025_Australian_federal_election,yes,2pp_LIB=51.0
fed2025,YouGov (MRP),2025-04-01,2025-04-29,seat,vic,Casey,10822,47.3,22.0,35.3,14.0,8.6,https://en.wikipedia.org/wiki/Electorate_opinion_polling_and_projections_for_the_2025_Australian_federal_election,yes,IND=12.0;ONP=8.1;2pp_LIB=52.7
fed2025,Accent/RedBridge (MRP),2024-10-29,2024-11-20,seat,vic,Chisholm,4909,50.0,33.0,41.0,13.0,12.0,https://en.wikipedia.org/wiki/Electorate_opinion_polling_and_projections_for_the_2025_Australian_federal_election,yes,2pp_LIB=50.0
fed2025,YouGov (MRP),2025-01-22,2025-02-12,seat,vic,Chisholm,8732,48.0,29.9,41.8,13.4,2.1,https://en.wikipedia.org/wiki/Electorate_opinion_polling_and_projections_for_the_2025_Australian_federal_election,yes,IND=8.8;ONP=4.0;2pp_LIB=52.0
fed2025,YouGov (MRP),2025-02-27,2025-03-26,seat,vic,Chisholm,10217,50.7,30.9,38.3,14.8,3.2,https://en.wikipedia.org/wiki/Electorate_opinion_polling_and_projections_for_the_2025_Australian_federal_election,yes,IND=8.7;ONP=4.1;2pp_LIB=49.3
fed2025,Accent/RedBridge (MRP),2025-02-03,2025-04-01,seat,vic,Chisholm,9953,47.0,32.0,47.0,12.0,9.0,https://en.wikipedia.org/wiki/Electorate_opinion_polling_and_projections_for_the_2025_Australian_federal_election,yes,2pp_LIB=53.0
fed2025,YouGov (MRP),2025-04-01,2025-04-29,seat,vic,Chisholm,10822,53.1,32.6,35.0,16.4,5.6,https://en.wikipedia.org/wiki/Electorate_opinion_polling_and_projections_for_the_2025_Australian_federal_election,yes,IND=4.8;ONP=5.6;2pp_LIB=46.9
fed2025,Accent/RedBridge (MRP),2024-10-29,2024-11-20,seat,vic,Cooper,4909,62.0,43.0,23.0,25.0,9.0,https://en.wikipedia.org/wiki/Electorate_opinion_polling_and_projections_for_the_2025_Australian_federal_election,yes,2pp_GRN=38.0
fed2025,YouGov (MRP),2025-01-22,2025-02-12,seat,vic,Cooper,8732,57.7,39.2,21.8,26.9,2.7,https://en.wikipedia.org/wiki/Electorate_opinion_polling_and_projections_for_the_2025_Australian_federal_election,yes,ONP=4.8;IND=4.6;2pp_GRN=42.3
fed2025,YouGov (MRP),2025-02-27,2025-03-26,seat,vic,Cooper,10217,56.0,34.4,20.8,27.7,5.5,https://en.wikipedia.org/wiki/Electorate_opinion_polling_and_projections_for_the_2025_Australian_federal_election,yes,ONP=5.8;IND=5.9;2pp_GRN=44.0
fed2025,Accent/RedBridge (MRP),2025-02-03,2025-04-01,seat,vic,Cooper,9953,65.0,45.0,20.0,21.0,14.0,https://en.wikipedia.org/wiki/Electorate_opinion_polling_and_projections_for_the_2025_Australian_federal_election,yes,2pp_GRN=35.0
fed2025,YouGov (MRP),2025-04-01,2025-04-29,seat,vic,Cooper,10822,60.2,41.4,18.0,26.0,8.5,https://en.wikipedia.org/wiki/Electorate_opinion_polling_and_projections_for_the_2025_Australian_federal_election,yes,ONP=6.1;2pp_GRN=39.8
fed2025,Accent/RedBridge (MRP),2024-10-29,2024-11-20,seat,vic,Corangamite,4909,51.0,34.0,38.0,10.0,18.0,https://en.wikipedia.org/wiki/Electorate_opinion_polling_and_projections_for_the_2025_Australian_federal_election,yes,2pp_LIB=49.0
fed2025,YouGov (MRP),2025-01-22,2025-02-12,seat,vic,Corangamite,8732,52.4,34.2,35.7,13.4,2.6,https://en.wikipedia.org/wiki/Electorate_opinion_polling_and_projections_for_the_2025_Australian_federal_election,yes,ONP=7.5;IND=6.6;2pp_LIB=47.6
fed2025,YouGov (MRP),2025-02-27,2025-03-26,seat,vic,Corangamite,10217,54.9,35.5,34.0,15.9,3.3,https://en.wikipedia.org/wiki/Electorate_opinion_polling_and_projections_for_the_2025_Australian_federal_election,yes,ONP=6.0;IND=5.3;2pp_LIB=45.1
fed2025,Accent/RedBridge (MRP),2025-02-03,2025-04-01,seat,vic,Corangamite,9953,53.0,35.0,40.0,14.0,11.0,https://en.wikipedia.org/wiki/Electorate_opinion_polling_and_projections_for_the_2025_Australian_federal_election,yes,2pp_LIB=47.0
fed2025,YouGov (MRP),2025-04-01,2025-04-29,seat,vic,Corangamite,10822,57.5,38.1,30.2,14.3,6.5,https://en.wikipedia.org/wiki/Electorate_opinion_polling_and_projections_for_the_2025_Australian_federal_election,yes,ONP=5.9;IND=5.0;2pp_LIB=42.5
fed2025,Accent/RedBridge (MRP),2024-10-29,2024-11-20,seat,vic,Corio,4909,57.0,43.0,23.0,25.0,9.0,https://en.wikipedia.org/wiki/Electorate_opinion_polling_and_projections_for_the_2025_Australian_federal_election,yes,2pp_LIB=43.0
fed2025,YouGov (MRP),2025-01-22,2025-02-12,seat,vic,Corio,8732,56.9,36.9,29.2,14.5,4.1,https://en.wikipedia.org/wiki/Electorate_opinion_polling_and_projections_for_the_2025_Australian_federal_election,yes,ONP=9.2;IND=6.2;2pp_LIB=43.1
fed2025,YouGov (MRP),2025-02-27,2025-03-26,seat,vic,Corio,10217,57.5,35.1,28.2,16.0,5.7,https://en.wikipedia.org/wiki/Electorate_opinion_polling_and_projections_for_the_2025_Australian_federal_election,yes,ONP=7.5;IND=7.6;2pp_LIB=42.5
fed2025,Accent/RedBridge (MRP),2025-02-03,2025-04-01,seat,vic,Corio,9953,62.0,42.0,26.0,14.0,17.0,https://en.wikipedia.org/wiki/Electorate_opinion_polling_and_projections_for_the_2025_Australian_federal_election,yes,2pp_LIB=38.0
fed2025,YouGov (MRP),2025-04-01,2025-04-29,seat,vic,Corio,10822,60.2,38.2,25.4,17.8,5.7,https://en.wikipedia.org/wiki/Electorate_opinion_polling_and_projections_for_the_2025_Australian_federal_election,yes,ONP=9.7;IND=3.2;2pp_LIB=39.8
fed2025,Accent/RedBridge (MRP),2024-10-29,2024-11-20,seat,vic,Deakin,4909,47.0,33.0,45.0,10.0,11.0,https://en.wikipedia.org/wiki/Electorate_opinion_polling_and_projections_for_the_2025_Australian_federal_election,yes,2pp_LIB=53.0
fed2025,YouGov (MRP),2025-01-22,2025-02-12,seat,vic,Deakin,8732,48.5,30.3,40.5,13.8,1.7,https://en.wikipedia.org/wiki/Electorate_opinion_polling_and_projections_for_the_2025_Australian_federal_election,yes,ONP=5.8;IND=8.0;2pp_LIB=51.5
fed2025,YouGov (MRP),2025-02-27,2025-03-26,seat,vic,Deakin,10217,50.0,29.3,38.3,15.7,3.6,https://en.wikipedia.org/wiki/Electorate_opinion_polling_and_projections_for_the_2025_Australian_federal_election,yes,ONP=4.9;IND=8.1;2pp_LIB=50.0
fed2025,Accent/RedBridge (MRP),2025-02-03,2025-04-01,seat,vic,Deakin,9953,48.0,33.0,43.0,11.0,13.0,https://en.wikipedia.org/wiki/Electorate_opinion_polling_and_projections_for_the_2025_Australian_federal_election,yes,2pp_LIB=52.0
fed2025,YouGov (MRP),2025-04-01,2025-04-29,seat,vic,Deakin,10822,50.7,32.5,37.9,11.5,3.9,https://en.wikipedia.org/wiki/Electorate_opinion_polling_and_projections_for_the_2025_Australian_federal_election,yes,ONP=5.3;IND=8.9;2pp_LIB=49.3
fed2025,Accent/RedBridge (MRP),2024-10-29,2024-11-20,seat,vic,Dunkley,4909,52.0,37.0,37.0,10.0,15.0,https://en.wikipedia.org/wiki/Electorate_opinion_polling_and_projections_for_the_2025_Australian_federal_election,yes,2pp_LIB=48.0
fed2025,YouGov (MRP),2025-01-22,2025-02-12,seat,vic,Dunkley,8732,53.6,35.1,32.1,11.9,4.2,https://en.wikipedia.org/wiki/Electorate_opinion_polling_and_projections_for_the_2025_Australian_federal_election,yes,IND=6.5;ONP=10.1;2pp_LIB=46.4
fed2025,YouGov (MRP),2025-02-27,2025-03-26,seat,vic,Dunkley,10217,53.6,32.9,32.7,13.6,5.2,https://en.wikipedia.org/wiki/Electorate_opinion_polling_and_projections_for_the_2025_Australian_federal_election,yes,IND=8.2;ONP=7.4;2pp_LIB=46.4
fed2025,Accent/RedBridge (MRP),2025-02-03,2025-04-01,seat,vic,Dunkley,9953,54.0,36.0,34.0,12.0,19.0,https://en.wikipedia.org/wiki/Electorate_opinion_polling_and_projections_for_the_2025_Australian_federal_election,yes,2pp_LIB=46.0
fed2025,YouGov (MRP),2025-04-01,2025-04-29,seat,vic,Dunkley,10822,57.5,39.2,29.6,12.9,6.5,https://en.wikipedia.org/wiki/Electorate_opinion_polling_and_projections_for_the_2025_Australian_federal_election,yes,IND=4.0;ONP=7.8;2pp_LIB=42.5
fed2025,Accent/RedBridge (MRP),2024-10-29,2024-11-20,seat,vic,Flinders,4909,42.0,25.0,48.0,8.0,19.0,https://en.wikipedia.org/wiki/Electorate_opinion_polling_and_projections_for_the_2025_Australian_federal_election,yes,2pp_LIB=58.0
fed2025,YouGov (MRP),2025-01-22,2025-02-12,seat,vic,Flinders,8732,42.3,21.6,43.2,10.2,2.8,https://en.wikipedia.org/wiki/Electorate_opinion_polling_and_projections_for_the_2025_Australian_federal_election,yes,IND=15.3;ONP=7.0;2pp_LIB=57.7
fed2025,YouGov (MRP),2025-02-27,2025-03-26,seat,vic,Flinders,10217,44.2,22.2,40.4,11.4,3.3,https://en.wikipedia.org/wiki/Electorate_opinion_polling_and_projections_for_the_2025_Australian_federal_election,yes,IND=14.5;ONP=8.3;2pp_LIB=55.8
fed2025,Accent/RedBridge (MRP),2025-02-03,2025-04-01,seat,vic,Flinders,9953,45.0,24.0,43.0,8.0,24.0,https://en.wikipedia.org/wiki/Electorate_opinion_polling_and_projections_for_the_2025_Australian_federal_election,yes,2pp_LIB=55.0
fed2025,YouGov (MRP),2025-04-01,2025-04-29,seat,vic,Flinders,10822,45.1,20.5,38.1,8.6,6.6,https://en.wikipedia.org/wiki/Electorate_opinion_polling_and_projections_for_the_2025_Australian_federal_election,yes,IND=19.1;ONP=7.1;2pp_LIB=54.9
fed2025,Accent/RedBridge (MRP),2024-10-29,2024-11-20,seat,vic,Fraser,4909,64.0,37.0,28.0,23.0,12.0,https://en.wikipedia.org/wiki/Electorate_opinion_polling_and_projections_for_the_2025_Australian_federal_election,yes,2pp_LIB=36.0
fed2025,YouGov (MRP),2025-01-22,2025-02-12,seat,vic,Fraser,8732,61.3,39.2,27.0,19.7,3.0,https://en.wikipedia.org/wiki/Electorate_opinion_polling_and_projections_for_the_2025_Australian_federal_election,yes,ONP=5.5;IND=5.6;2pp_LIB=38.7
fed2025,YouGov (MRP),2025-02-27,2025-03-26,seat,vic,Fraser,10217,60.6,38.0,27.2,19.8,4.8,https://en.wikipedia.org/wiki/Electorate_opinion_polling_and_projections_for_the_2025_Australian_federal_election,yes,ONP=5.9;IND=4.3;2pp_LIB=39.4
fed2025,Accent/RedBridge (MRP),2025-02-03,2025-04-01,seat,vic,Fraser,9953,65.0,41.0,24.0,15.0,19.0,https://en.wikipedia.org/wiki/Electorate_opinion_polling_and_projections_for_the_2025_Australian_federal_election,yes,2pp_LIB=35.0
fed2025,YouGov (MRP),2025-04-01,2025-04-29,seat,vic,Fraser,10822,63.3,41.1,20.8,17.8,12.0,https://en.wikipedia.org/wiki/Electorate_opinion_polling_and_projections_for_the_2025_Australian_federal_election,yes,ONP=8.2;2pp_LIB=36.7
fed2025,Accent/RedBridge (MRP),2024-10-29,2024-11-20,seat,vic,Gellibrand,4909,55.0,38.0,31.0,11.0,20.0,https://en.wikipedia.org/wiki/Electorate_opinion_polling_and_projections_for_the_2025_Australian_federal_election,yes,2pp_LIB=45.0
fed2025,YouGov (MRP),2025-01-22,2025-02-12,seat,vic,Gellibrand,8732,57.8,37.4,30.3,17.4,3.0,https://en.wikipedia.org/wiki/Electorate_opinion_polling_and_projections_for_the_2025_Australian_federal_election,yes,ONP=6.9;IND=5.0;2pp_LIB=42.2
fed2025,YouGov (MRP),2025-02-27,2025-03-26,seat,vic,Gellibrand,10217,57.6,36.9,29.9,16.4,4.5,https://en.wikipedia.org/wiki/Electorate_opinion_polling_and_projections_for_the_2025_Australian_federal_election,yes,ONP=7.3;IND=5.1;2pp_LIB=42.4
fed2025,Accent/RedBridge (MRP),2025-02-03,2025-04-01,seat,vic,Gellibrand,9953,58.0,40.0,31.0,17.0,12.0,https://en.wikipedia.org/wiki/Electorate_opinion_polling_and_projections_for_the_2025_Australian_federal_election,yes,2pp_LIB=42.0
fed2025,YouGov (MRP),2025-04-01,2025-04-29,seat,vic,Gellibrand,10822,62.3,46.6,26.0,12.7,5.9,https://en.wikipedia.org/wiki/Electorate_opinion_polling_and_projections_for_the_2025_Australian_federal_election,yes,ONP=8.8;2pp_LIB=37.7
fed2025,Accent/RedBridge (MRP),2024-10-29,2024-11-20,seat,vic,Gippsland,4909,26.0,14.0,,7.0,34.0,https://en.wikipedia.org/wiki/Electorate_opinion_polling_and_projections_for_the_2025_Australian_federal_election,yes,NAT=45.0;2pp_NAT=74.0
fed2025,YouGov (MRP),2025-01-22,2025-02-12,seat,vic,Gippsland,8732,35.9,20.8,,7.8,1.2,https://en.wikipedia.org/wiki/Electorate_opinion_polling_and_projections_for_the_2025_Australian_federal_election,yes,NAT=49.2;ONP=14.6;IND=6.4;2pp_NAT=64.1
fed2025,YouGov (MRP),2025-02-27,2025-03-26,seat,vic,Gippsland,10217,37.6,21.5,,9.8,2.4,https://en.wikipedia.org/wiki/Electorate_opinion_polling_and_projections_for_the_2025_Australian_federal_election,yes,NAT=48.7;ONP=12.5;IND=4.9;2pp_NAT=62.4
fed2025,Accent/RedBridge (MRP),2025-02-03,2025-04-01,seat,vic,Gippsland,9953,29.0,16.0,,6.0,40.0,https://en.wikipedia.org/wiki/Electorate_opinion_polling_and_projections_for_the_2025_Australian_federal_election,yes,NAT=38.0;2pp_NAT=71.0
fed2025,YouGov (MRP),2025-04-01,2025-04-29,seat,vic,Gippsland,10822,38.5,24.2,,7.0,9.4,https://en.wikipedia.org/wiki/Electorate_opinion_polling_and_projections_for_the_2025_Australian_federal_election,yes,NAT=45.5;ONP=13.9;2pp_NAT=61.5
fed2025,Accent/RedBridge (MRP),2024-10-29,2024-11-20,seat,vic,Goldstein,4909,,11.0,44.0,7.0,37.0,https://en.wikipedia.org/wiki/Electorate_opinion_polling_and_projections_for_the_2025_Australian_federal_election,yes,2pp_IND=52.0;2pp_LIB=48.0
fed2025,YouGov (MRP),2025-01-22,2025-02-12,seat,vic,Goldstein,8732,,17.0,36.8,9.7,0.7,https://en.wikipedia.org/wiki/Electorate_opinion_polling_and_projections_for_the_2025_Australian_federal_election,yes,IND=32.6;ONP=3.1;2pp_IND=54.3;2pp_LIB=45.7
fed2025,Freshwater Strategy,2025-03-05,2025-03-07,seat,vic,Goldstein,830,,7.0,41.0,7.0,12.0,https://en.wikipedia.org/wiki/Electorate_opinion_polling_and_projections_for_the_2025_Australian_federal_election,yes,IND=33.0
fed2025,JWS Research,2025-03-12,2025-03-13,seat,vic,Goldstein,800,,21.0,44.0,5.0,6.0,https://en.wikipedia.org/wiki/Electorate_opinion_polling_and_projections_for_the_2025_Australian_federal_election,yes,IND=24.0;2pp_IND=46.0;2pp_LIB=54.0
fed2025,YouGov (MRP),2025-02-27,2025-03-26,seat,vic,Goldstein,10217,,16.8,36.1,9.8,0.5,https://en.wikipedia.org/wiki/Electorate_opinion_polling_and_projections_for_the_2025_Australian_federal_election,yes,IND=34.6;ONP=2.1;2pp_IND=54.5;2pp_LIB=45.5
fed2025,Accent/RedBridge (MRP),2025-02-03,2025-04-01,seat,vic,Goldstein,9953,,12.0,37.0,6.0,45.0,https://en.wikipedia.org/wiki/Electorate_opinion_polling_and_projections_for_the_2025_Australian_federal_election,yes,2pp_IND=51.0;2pp_LIB=49.0
fed2025,YouGov (MRP),2025-04-01,2025-04-29,seat,vic,Goldstein,10822,,12.3,29.4,7.2,0.8,https://en.wikipedia.org/wiki/Electorate_opinion_polling_and_projections_for_the_2025_Australian_federal_election,yes,IND=47.5;ONP=2.9;2pp_IND=63.5;2pp_LIB=36.5
fed2025,Accent/RedBridge (MRP),2024-10-29,2024-11-20,seat,vic,Gorton,4909,57.0,40.0,33.0,10.0,17.0,https://en.wikipedia.org/wiki/Electorate_opinion_polling_and_projections_for_the_2025_Australian_federal_election,yes,2pp_LIB=43.0
fed2025,YouGov (MRP),2025-01-22,2025-02-12,seat,vic,Gorton,8732,51.5,34.6,35.8,11.5,2.7,https://en.wikipedia.org/wiki/Electorate_opinion_polling_and_projections_for_the_2025_Australian_federal_election,yes,ONP=9.7;IND=5.8;2pp_LIB=48.5
fed2025,YouGov (MRP),2025-02-27,2025-03-26,seat,vic,Gorton,10217,52.2,33.4,33.4,11.4,5.5,https://en.wikipedia.org/wiki/Electorate_opinion_polling_and_projections_for_the_2025_Australian_federal_election,yes,ONP=10.2;IND=6.1;2pp_LIB=47.8
fed2025,Accent/RedBridge (MRP),2025-02-03,2025-04-01,seat,vic,Gorton,9953,62.0,42.0,29.0,16.0,13.0,https://en.wikipedia.org/wiki/Electorate_opinion_polling_and_projections_for_the_2025_Australian_federal_election,yes,2pp_LIB=38.0
fed2025,YouGov (MRP),2025-04-01,2025-04-29,seat,vic,Gorton,10822,56.2,37.8,27.8,12.5,10.2,https://en.wikipedia.org/wiki/Electorate_opinion_polling_and_projections_for_the_2025_Australian_federal_election,yes,ONP=11.8;2pp_LIB=43.8
fed2025,Accent/RedBridge (MRP),2024-10-29,2024-11-20,seat,vic,Hawke,4909,50.0,31.0,36.0,8.0,24.0,https://en.wikipedia.org/wiki/Electorate_opinion_polling_and_projections_for_the_2025_Australian_federal_election,yes,2pp_LIB=50.0
fed2025,YouGov (MRP),2025-01-22,2025-02-12,seat,vic,Hawke,8732,51.2,30.8,32.2,11.8,3.5,https://en.wikipedia.org/wiki/Electorate_opinion_polling_and_projections_for_the_2025_Australian_federal_election,yes,IND=9.1;ONP=12.6;2pp_LIB=48.8
fed2025,YouGov (MRP),2025-02-27,2025-03-26,seat,vic,Hawke,10217,51.9,30.2,31.1,11.7,4.2,https://en.wikipedia.org/wiki/Electorate_opinion_polling_and_projections_for_the_2025_Australian_federal_election,yes,IND=10.5;ONP=12.3;2pp_LIB=48.1
fed2025,Accent/RedBridge (MRP),2025-02-03,2025-04-01,seat,vic,Hawke,9953,50.0,31.0,39.0,13.0,18.0,https://en.wikipedia.org/wiki/Electorate_opinion_polling_and_projections_for_the_2025_Australian_federal_election,yes,2pp_LIB=50.0
fed2025,YouGov (MRP),2025-04-01,2025-04-29,seat,vic,Hawke,10822,54.1,36.4,29.8,11.5,9.5,https://en.wikipedia.org/wiki/Electorate_opinion_polling_and_projections_for_the_2025_Australian_federal_election,yes,ONP=12.7;2pp_LIB=45.9
fed2025,Accent/RedBridge (MRP),2024-10-29,2024-11-20,seat,vic,Holt,4909,52.0,35.0,37.0,14.0,14.0,https://en.wikipedia.org/wiki/Electorate_opinion_polling_and_projections_for_the_2025_Australian_federal_election,yes,2pp_LIB=48.0
fed2025,YouGov (MRP),2025-01-22,2025-02-12,seat,vic,Holt,8732,54.4,35.8,31.1,12.4,4.3,https://en.wikipedia.org/wiki/Electorate_opinion_polling_and_projections_for_the_2025_Australian_federal_election,yes,ONP=10.8;IND=5.7;2pp_LIB=45.6
fed2025,YouGov (MRP),2025-02-27,2025-03-26,seat,vic,Holt,10217,53.3,33.6,32.0,13.4,4.4,https://en.wikipedia.org/wiki/Electorate_opinion_polling_and_projections_for_the_2025_Australian_federal_election,yes,ONP=11.5;IND=5.1;2pp_LIB=46.7
fed2025,Accent/RedBridge (MRP),2025-02-03,2025-04-01,seat,vic,Holt,9953,52.0,36.0,38.0,13.0,13.0,https://en.wikipedia.org/wiki/Electorate_opinion_polling_and_projections_for_the_2025_Australian_federal_election,yes,2pp_LIB=48.0
fed2025,YouGov (MRP),2025-04-01,2025-04-29,seat,vic,Holt,10822,55.1,38.1,30.2,12.2,7.4,https://en.wikipedia.org/wiki/Electorate_opinion_polling_and_projections_for_the_2025_Australian_federal_election,yes,ONP=12.1;2pp_LIB=44.9
fed2025,Accent/RedBridge (MRP),2024-10-29,2024-11-20,seat,vic,Hotham,4909,59.0,42.0,35.0,14.0,8.0,https://en.wikipedia.org/wiki/Electorate_opinion_polling_and_projections_for_the_2025_Australian_federal_election,yes,2pp_LIB=41.0
fed2025,YouGov (MRP),2025-01-22,2025-02-12,seat,vic,Hotham,8732,56.2,37.4,32.7,15.0,3.0,https://en.wikipedia.org/wiki/Electorate_opinion_polling_and_projections_for_the_2025_Australian_federal_election,yes,ONP=5.5;IND=6.4;2pp_LIB=43.8
fed2025,YouGov (MRP),2025-02-27,2025-03-26,seat,vic,Hotham,10217,56.7,36.4,31.7,16.5,4.6,https://en.wikipedia.org/wiki/Electorate_opinion_polling_and_projections_for_the_2025_Australian_federal_election,yes,ONP=5.5;IND=5.4;2pp_LIB=43.3
fed2025,Accent/RedBridge (MRP),2025-02-03,2025-04-01,seat,vic,Hotham,9953,60.0,43.0,33.0,14.0,10.0,https://en.wikipedia.org/wiki/Electorate_opinion_polling_and_projections_for_the_2025_Australian_federal_election,yes,2pp_LIB=40.0
fed2025,YouGov (MRP),2025-04-01,2025-04-29,seat,vic,Hotham,10822,63.6,46.5,24.7,13.9,8.6,https://en.wikipedia.org/wiki/Electorate_opinion_polling_and_projections_for_the_2025_Australian_federal_election,yes,ONP=6.3;2pp_LIB=36.4
fed2025,Accent/RedBridge (MRP),2024-10-29,2024-11-20,seat,vic,Indi,4909,,8.0,37.0,3.0,52.0,https://en.wikipedia.org/wiki/Electorate_opinion_polling_and_projections_for_the_2025_Australian_federal_election,yes,2pp_IND=61.0;2pp_LIB=39.0
fed2025,YouGov (MRP),2025-01-22,2025-02-12,seat,vic,Indi,8732,,12.7,34.7,7.9,0.7,https://en.wikipedia.org/wiki/Electorate_opinion_polling_and_projections_for_the_2025_Australian_federal_election,yes,IND=37.4;ONP=6.5;2pp_IND=56.2;2pp_LIB=43.8
fed2025,YouGov (MRP),2025-02-27,2025-03-26,seat,vic,Indi,10217,,11.5,32.5,6.3,0.5,https://en.wikipedia.org/wiki/Electorate_opinion_polling_and_projections_for_the_2025_Australian_federal_election,yes,IND=42.5;ONP=6.8;2pp_IND=58.6;2pp_LIB=41.4
fed2025,Accent/RedBridge (MRP),2025-02-03,2025-04-01,seat,vic,Indi,9953,,10.0,33.0,4.0,53.0,https://en.wikipedia.org/wiki/Electorate_opinion_polling_and_projections_for_the_2025_Australian_federal_election,yes,2pp_IND=59.0;2pp_LIB=41.0
fed2025,YouGov (MRP),2025-04-01,2025-04-29,seat,vic,Indi,10822,,8.2,26.2,4.5,1.2,https://en.wikipedia.org/wiki/Electorate_opinion_polling_and_projections_for_the_2025_Australian_federal_election,yes,IND=53.2;ONP=6.7;2pp_IND=66.1;2pp_LIB=33.9
fed2025,Accent/RedBridge (MRP),2024-10-29,2024-11-20,seat,vic,Isaacs,4909,56.0,43.0,38.0,11.0,8.0,https://en.wikipedia.org/wiki/Electorate_opinion_polling_and_projections_for_the_2025_Australian_federal_election,yes,2pp_LIB=44.0
fed2025,YouGov (MRP),2025-01-22,2025-02-12,seat,vic,Isaacs,8732,55.3,37.7,33.1,13.1,2.9,https://en.wikipedia.org/wiki/Electorate_opinion_polling_and_projections_for_the_2025_Australian_federal_election,yes,ONP=7.1;IND=6.1;2pp_LIB=44.7
fed2025,YouGov (MRP),2025-02-27,2025-03-26,seat,vic,Isaacs,10217,56.3,36.5,31.6,14.5,5.2,https://en.wikipedia.org/wiki/Electorate_opinion_polling_and_projections_for_the_2025_Australian_federal_election,yes,ONP=6.0;IND=6.2;2pp_LIB=43.7
fed2025,Accent/RedBridge (MRP),2025-02-03,2025-04-01,seat,vic,Isaacs,9953,58.0,43.0,33.0,11.0,13.0,https://en.wikipedia.org/wiki/Electorate_opinion_polling_and_projections_for_the_2025_Australian_federal_election,yes,2pp_LIB=42.0
fed2025,YouGov (MRP),2025-04-01,2025-04-29,seat,vic,Isaacs,10822,60.0,42.7,27.9,14.0,8.1,https://en.wikipedia.org/wiki/Electorate_opinion_polling_and_projections_for_the_2025_Australian_federal_election,yes,ONP=7.3;2pp_LIB=40.0
fed2025,Accent/RedBridge (MRP),2024-10-29,2024-11-20,seat,vic,Jagajaga,4909,56.0,41.0,37.0,12.0,10.0,https://en.wikipedia.org/wiki/Electorate_opinion_polling_and_projections_for_the_2025_Australian_federal_election,yes,2pp_LIB=44.0
fed2025,YouGov (MRP),2025-01-22,2025-02-12,seat,vic,Jagajaga,8732,56.2,36.1,32.0,15.2,3.6,https://en.wikipedia.org/wiki/Electorate_opinion_polling_and_projections_for_the_2025_Australian_federal_election,yes,IND=8.0;ONP=5.2;2pp_LIB=43.8
fed2025,YouGov (MRP),2025-02-27,2025-03-26,seat,vic,Jagajaga,10217,58.2,37.0,30.2,16.9,3.4,https://en.wikipedia.org/wiki/Electorate_opinion_polling_and_projections_for_the_2025_Australian_federal_election,yes,IND=7.7;ONP=4.8;2pp_LIB=41.8
fed2025,Accent/RedBridge (MRP),2025-02-03,2025-04-01,seat,vic,Jagajaga,9953,61.0,43.0,32.0,13.0,12.0,https://en.wikipedia.org/wiki/Electorate_opinion_polling_and_projections_for_the_2025_Australian_federal_election,yes,2pp_LIB=39.0
fed2025,YouGov (MRP),2025-04-01,2025-04-29,seat,vic,Jagajaga,10822,60.8,38.8,27.2,17.6,4.3,https://en.wikipedia.org/wiki/Electorate_opinion_polling_and_projections_for_the_2025_Australian_federal_election,yes,IND=6.6;ONP=5.4;2pp_LIB=39.2
fed2025,Accent/RedBridge (MRP),2024-10-29,2024-11-20,seat,vic,Kooyong,4909,,11.0,42.0,9.0,37.0,https://en.wikipedia.org/wiki/Electorate_opinion_polling_and_projections_for_the_2025_Australian_federal_election,yes,2pp_IND=53.0;2pp_LIB=47.0
fed2025,YouGov (MRP),2025-01-22,2025-02-12,seat,vic,Kooyong,8732,,16.5,38.7,12.2,0.4,https://en.wikipedia.org/wiki/Electorate_opinion_polling_and_projections_for_the_2025_Australian_federal_election,yes,IND=29.4;ONP=2.7;2pp_IND=52.4;2pp_LIB=47.6
fed2025,Freshwater Strategy,2025-03-05,2025-03-07,seat,vic,Kooyong,830,,7.0,41.0,7.0,12.0,https://en.wikipedia.org/wiki/Electorate_opinion_polling_and_projections_for_the_2025_Australian_federal_election,yes,IND=33.0
fed2025,JWS Research,2025-03-12,2025-03-13,seat,vic,Kooyong,800,,11.0,40.0,9.0,8.0,https://en.wikipedia.org/wiki/Electorate_opinion_polling_and_projections_for_the_2025_Australian_federal_election,yes,IND=32.0;2pp_IND=51.0;2pp_LIB=49.0
fed2025,YouGov (MRP),2025-02-27,2025-03-26,seat,vic,Kooyong,10217,,16.9,39.0,11.6,0.4,https://en.wikipedia.org/wiki/Electorate_opinion_polling_and_projections_for_the_2025_Australian_federal_election,yes,IND=30.1;ONP=2.1;2pp_IND=51.2;2pp_LIB=48.8
fed2025,Accent/RedBridge (MRP),2025-02-03,2025-04-01,seat,vic,Kooyong,9953,,12.0,40.0,9.0,38.0,https://en.wikipedia.org/wiki/Electorate_opinion_polling_and_projections_for_the_2025_Australian_federal_election,yes,2pp_IND=48.0;2pp_LIB=52.0
fed2025,YouGov (MRP),2025-04-01,2025-04-29,seat,vic,Kooyong,10822,,12.7,32.8,8.1,0.7,https://en.wikipedia.org/wiki/Electorate_opinion_polling_and_projections_for_the_2025_Australian_federal_election,yes,IND=43.3;ONP=2.4;2pp_IND=60.1;2pp_LIB=39.9
fed2025,Accent/RedBridge (MRP),2024-10-29,2024-11-20,seat,vic,La Trobe,4909,40.0,24.0,42.0,9.0,25.0,https://en.wikipedia.org/wiki/Electorate_opinion_polling_and_projections_for_the_2025_Australian_federal_election,yes,2pp_LIB=60.0
fed2025,YouGov (MRP),2025-01-22,2025-02-12,seat,vic,La Trobe,8732,44.4,26.8,42.1,12.8,2.7,https://en.wikipedia.org/wiki/Electorate_opinion_polling_and_projections_for_the_2025_Australian_federal_election,yes,ONP=11.1;IND=4.5;2pp_LIB=55.6
fed2025,YouGov (MRP),2025-02-27,2025-03-26,seat,vic,La Trobe,10217,44.5,25.5,41.8,13.1,4.4,https://en.wikipedia.org/wiki/Electorate_opinion_polling_and_projections_for_the_2025_Australian_federal_election,yes,ONP=9.8;IND=5.4;2pp_LIB=55.5
fed2025,Accent/RedBridge (MRP),2025-02-03,2025-04-01,seat,vic,La Trobe,9953,42.0,26.0,45.0,11.0,18.0,https://en.wikipedia.org/wiki/Electorate_opinion_polling_and_projections_for_the_2025_Australian_federal_election,yes,2pp_LIB=58.0
fed2025,YouGov (MRP),2025-04-01,2025-04-29,seat,vic,La Trobe,10822,43.7,28.2,42.9,10.8,7.8,https://en.wikipedia.org/wiki/Electorate_opinion_polling_and_projections_for_the_2025_Australian_federal_election,yes,ONP=10.3;2pp_LIB=56.3
fed2025,Accent/RedBridge (MRP),2024-10-29,2024-11-20,seat,vic,Lalor,4909,58.0,40.0,32.0,13.0,14.0,https://en.wikipedia.org/wiki/Electorate_opinion_polling_and_projections_for_the_2025_Australian_federal_election,yes,2pp_LIB=42.0
fed2025,YouGov (MRP),2025-01-22,2025-02-12,seat,vic,Lalor,8732,56.9,37.1,29.1,13.8,4.4,https://en.wikipedia.org/wiki/Electorate_opinion_polling_and_projections_for_the_2025_Australian_federal_election,yes,ONP=9.3;IND=6.3;2pp_LIB=43.1
fed2025,YouGov (MRP),2025-02-27,2025-03-26,seat,vic,Lalor,10217,55.8,34.3,29.4,14.5,5.3,https://en.wikipedia.org/wiki/Electorate_opinion_polling_and_projections_for_the_2025_Australian_federal_election,yes,ONP=9.5;IND=7.0;2pp_LIB=44.2
fed2025,Accent/RedBridge (MRP),2025-02-03,2025-04-01,seat,vic,Lalor,9953,55.0,35.0,33.0,12.0,20.0,https://en.wikipedia.org/wiki/Electorate_opinion_polling_and_projections_for_the_2025_Australian_federal_election,yes,2pp_LIB=45.0
fed2025,YouGov (MRP),2025-04-01,2025-04-29,seat,vic,Lalor,10822,59.5,40.2,26.0,13.6,8.0,https://en.wikipedia.org/wiki/Electorate_opinion_polling_and_projections_for_the_2025_Australian_federal_election,yes,ONP=9.7;IND=2.6;2pp_LIB=40.5
fed2025,Accent/RedBridge (MRP),2024-10-29,2024-11-20,seat,vic,Macnamara,4909,58.0,35.0,21.0,35.0,9.0,https://en.wikipedia.org/wiki/Electorate_opinion_polling_and_projections_for_the_2025_Australian_federal_election,yes,2pp_LIB=42.0
fed2025,YouGov (MRP),2025-01-22,2025-02-12,seat,vic,Macnamara,8732,58.3,31.6,27.6,29.7,2.1,https://en.wikipedia.org/wiki/Electorate_opinion_polling_and_projections_for_the_2025_Australian_federal_election,yes,IND=5.8;ONP=3.2;2pp_LIB=41.7
fed2025,Insightfully,2025-03-16,2025-03-16,seat,vic,Macnamara,600,,25.9,37.6,27.9,,https://en.wikipedia.org/wiki/Electorate_opinion_polling_and_projections_for_the_2025_Australian_federal_election,yes,
fed2025,YouGov (MRP),2025-02-27,2025-03-26,seat,vic,Macnamara,10217,60.0,33.9,28.1,25.4,2.7,https://en.wikipedia.org/wiki/Electorate_opinion_polling_and_projections_for_the_2025_Australian_federal_election,yes,IND=5.6;ONP=4.4;2pp_LIB=40.0
fed2025,Accent/RedBridge (MRP),2025-02-03,2025-04-01,seat,vic,Macnamara,9953,58.0,35.0,32.0,20.0,12.0,https://en.wikipedia.org/wiki/Electorate_opinion_polling_and_projections_for_the_2025_Australian_federal_election,yes,2pp_LIB=42.0
fed2025,YouGov (MRP),2025-04-01,2025-04-29,seat,vic,Macnamara,10822,58.0,31.1,27.4,26.7,5.1,https://en.wikipedia.org/wiki/Electorate_opinion_polling_and_projections_for_the_2025_Australian_federal_election,yes,IND=4.7;ONP=5.0;2pp_LIB=42.0
fed2025,Accent/RedBridge (MRP),2024-10-29,2024-11-20,seat,vic,Mallee,4909,33.0,18.0,,6.0,30.0,https://en.wikipedia.org/wiki/Electorate_opinion_polling_and_projections_for_the_2025_Australian_federal_election,yes,NAT=46.0;2pp_NAT=67.0
fed2025,YouGov (MRP),2025-01-22,2025-02-12,seat,vic,Mallee,8732,35.8,15.4,,7.7,2.1,https://en.wikipedia.org/wiki/Electorate_opinion_polling_and_projections_for_the_2025_Australian_federal_election,yes,NAT=47.3;IND=14.8;ONP=12.8;2pp_NAT=64.2
fed2025,YouGov (MRP),2025-02-27,2025-03-26,seat,vic,Mallee,10217,37.3,18.1,,6.7,2.5,https://en.wikipedia.org/wiki/Electorate_opinion_polling_and_projections_for_the_2025_Australian_federal_election,yes,NAT=44.7;IND=13.5;ONP=14.5;2pp_NAT=62.7
fed2025,Accent/RedBridge (MRP),2025-02-03,2025-04-01,seat,vic,Mallee,9953,35.0,19.0,,6.0,30.0,https://en.wikipedia.org/wiki/Electorate_opinion_polling_and_projections_for_the_2025_Australian_federal_election,yes,NAT=44.0;2pp_NAT=65.0
fed2025,YouGov (MRP),2025-04-01,2025-04-29,seat,vic,Mallee,10822,35.4,19.0,,7.8,10.5,https://en.wikipedia.org/wiki/Electorate_opinion_polling_and_projections_for_the_2025_Australian_federal_election,yes,NAT=46.6;ONP=16.0;2pp_NAT=64.6
fed2025,Accent/RedBridge (MRP),2024-10-29,2024-11-20,seat,vic,Maribyrnong,4909,58.0,39.0,30.0,14.0,18.0,https://en.wikipedia.org/wiki/Electorate_opinion_polling_and_projections_for_the_2025_Australian_federal_election,yes,2pp_LIB=42.0
fed2025,YouGov (MRP),2025-01-22,2025-02-12,seat,vic,Maribyrnong,8732,56.6,36.6,31.9,16.4,3.3,https://en.wikipedia.org/wiki/Electorate_opinion_polling_and_projections_for_the_2025_Australian_federal_election,yes,ONP=5.7;IND=6.2;2pp_LIB=43.4
fed2025,YouGov (MRP),2025-02-27,2025-03-26,seat,vic,Maribyrnong,10217,57.4,36.2,30.5,16.7,5.8,https://en.wikipedia.org/wiki/Electorate_opinion_polling_and_projections_for_the_2025_Australian_federal_election,yes,ONP=5.0;IND=5.8;2pp_LIB=42.6
fed2025,Accent/RedBridge (MRP),2025-02-03,2025-04-01,seat,vic,Maribyrnong,9953,63.0,43.0,28.0,17.0,12.0,https://en.wikipedia.org/wiki/Electorate_opinion_polling_and_projections_for_the_2025_Australian_federal_election,yes,2pp_LIB=37.0
fed2025,YouGov (MRP),2025-04-01,2025-04-29,seat,vic,Maribyrnong,10822,63.5,47.3,28.1,16.9,,https://en.wikipedia.org/wiki/Electorate_opinion_polling_and_projections_for_the_2025_Australian_federal_election,yes,ONP=7.6;2pp_LIB=36.5
fed2025,Accent/RedBridge (MRP),2024-10-29,2024-11-20,seat,vic,McEwen,4909,49.0,32.0,40.0,16.0,13.0,https://en.wikipedia.org/wiki/Electorate_opinion_polling_and_projections_for_the_2025_Australian_federal_election,yes,2pp_LIB=51.0
fed2025,YouGov (MRP),2025-01-22,2025-02-12,seat,vic,McEwen,8732,49.7,31.8,37.3,13.4,2.6,https://en.wikipedia.org/wiki/Electorate_opinion_polling_and_projections_for_the_2025_Australian_federal_election,yes,ONP=10.2;IND=4.7;2pp_LIB=50.3
fed2025,YouGov (MRP),2025-02-27,2025-03-26,seat,vic,McEwen,10217,50.5,30.6,35.0,13.8,3.9,https://en.wikipedia.org/wiki/Electorate_opinion_polling_and_projections_for_the_2025_Australian_federal_election,yes,ONP=11.1;IND=5.5;2pp_LIB=49.5
fed2025,Accent/RedBridge (MRP),2025-02-03,2025-04-01,seat,vic,McEwen,9953,50.0,34.0,36.0,13.0,17.0,https://en.wikipedia.org/wiki/Electorate_opinion_polling_and_projections_for_the_2025_Australian_federal_election,yes,2pp_LIB=50.0
fed2025,YouGov (MRP),2025-04-01,2025-04-29,seat,vic,McEwen,10822,53.2,32.5,30.0,14.8,11.4,https://en.wikipedia.org/wiki/Electorate_opinion_polling_and_projections_for_the_2025_Australian_federal_election,yes,ONP=11.3;2pp_LIB=46.8
fed2025,Accent/RedBridge (MRP),2024-10-29,2024-11-20,seat,vic,Melbourne,4909,45.0,21.0,44.0,27.0,7.0,https://en.wikipedia.org/wiki/Electorate_opinion_polling_and_projections_for_the_2025_Australian_federal_election,yes,2pp_GRN=55.0
fed2025,YouGov (MRP),2025-01-22,2025-02-12,seat,vic,Melbourne,8732,45.0,29.8,18.8,42.2,2.5,https://en.wikipedia.org/wiki/Electorate_opinion_polling_and_projections_for_the_2025_Australian_federal_election,yes,IND=4.0;ONP=2.7;2pp_GRN=55.0
fed2025,Insightfully,2025-03-16,2025-03-16,seat,vic,Melbourne,600,,19.2,21.6,50.1,9.1,https://en.wikipedia.org/wiki/Electorate_opinion_polling_and_projections_for_the_2025_Australian_federal_election,yes,
fed2025,YouGov (MRP),2025-02-27,2025-03-26,seat,vic,Melbourne,10217,47.3,30.9,19.4,41.3,3.5,https://en.wikipedia.org/wiki/Electorate_opinion_polling_and_projections_for_the_2025_Australian_federal_election,yes,IND=2.8;ONP=2.1;2pp_GRN=52.7
fed2025,Accent/RedBridge (MRP),2025-02-03,2025-04-01,seat,vic,Melbourne,9953,43.0,22.0,21.0,43.0,14.0,https://en.wikipedia.org/wiki/Electorate_opinion_polling_and_projections_for_the_2025_Australian_federal_election,yes,2pp_GRN=57.0
fed2025,YouGov (MRP),2025-04-01,2025-04-29,seat,vic,Melbourne,10822,43.9,28.2,15.6,43.1,2.5,https://en.wikipedia.org/wiki/Electorate_opinion_polling_and_projections_for_the_2025_Australian_federal_election,yes,IND=6.4;ONP=4.2;2pp_GRN=56.1
fed2025,Accent/RedBridge (MRP),2024-10-29,2024-11-20,seat,vic,Menzies,4909,47.0,31.0,47.0,15.0,6.0,https://en.wikipedia.org/wiki/Electorate_opinion_polling_and_projections_for_the_2025_Australian_federal_election,yes,2pp_LIB=53.0
fed2025,YouGov (MRP),2025-01-22,2025-02-12,seat,vic,Menzies,8732,45.5,27.5,43.8,13.3,3.3,https://en.wikipedia.org/wiki/Electorate_opinion_polling_and_projections_for_the_2025_Australian_federal_election,yes,ONP=4.6;IND=7.4;2pp_LIB=54.5
fed2025,YouGov (MRP),2025-02-27,2025-03-26,seat,vic,Menzies,10217,47.4,27.6,40.4,14.0,6.5,https://en.wikipedia.org/wiki/Electorate_opinion_polling_and_projections_for_the_2025_Australian_federal_election,yes,ONP=4.9;IND=6.6;2pp_LIB=52.6
fed2025,Accent/RedBridge (MRP),2025-02-03,2025-04-01,seat,vic,Menzies,9953,47.0,33.0,47.0,12.0,7.0,https://en.wikipedia.org/wiki/Electorate_opinion_polling_and_projections_for_the_2025_Australian_federal_election,yes,2pp_LIB=53.0
fed2025,YouGov (MRP),2025-04-01,2025-04-29,seat,vic,Menzies,10822,50.3,30.5,36.3,12.7,9.7,https://en.wikipedia.org/wiki/Electorate_opinion_polling_and_projections_for_the_2025_Australian_federal_election,yes,ONP=5.1;IND=5.6;2pp_LIB=49.7
fed2025,Accent/RedBridge (MRP),2024-10-29,2024-11-20,seat,vic,Monash,4909,43.0,26.0,44.0,8.0,22.0,https://en.wikipedia.org/wiki/Electorate_opinion_polling_and_projections_for_the_2025_Australian_federal_election,yes,2pp_LIB=57.0
fed2025,YouGov (MRP),2025-01-22,2025-02-12,seat,vic,Monash,8732,44.0,22.3,39.1,10.9,1.7,https://en.wikipedia.org/wiki/Electorate_opinion_polling_and_projections_for_the_2025_Australian_federal_election,yes,IND=14.2;ONP=11.8;2pp_LIB=56.0
fed2025,YouGov (MRP),2025-02-27,2025-03-26,seat,vic,Monash,10217,44.7,22.3,36.4,10.9,2.4,https://en.wikipedia.org/wiki/Electorate_opinion_polling_and_projections_for_the_2025_Australian_federal_election,yes,IND=12.6;ONP=15.5;2pp_LIB=55.3
fed2025,Accent/RedBridge (MRP),2025-02-03,2025-04-01,seat,vic,Monash,9953,,20.0,32.0,6.0,42.0,https://en.wikipedia.org/wiki/Electorate_opinion_polling_and_projections_for_the_2025_Australian_federal_election,yes,2pp_LIB=48.0;2pp_IND=52.0
fed2025,YouGov (MRP),2025-04-01,2025-04-29,seat,vic,Monash,10822,,20.1,29.4,7.8,8.1,https://en.wikipedia.org/wiki/Electorate_opinion_polling_and_projections_for_the_2025_Australian_federal_election,yes,IND=24.9;ONP=9.6;2pp_LIB=45.9;2pp_IND=54.1
fed2025,Accent/RedBridge (MRP),2024-10-29,2024-11-20,seat,vic,Nicholls,4909,,18.0,,5.0,33.0,https://en.wikipedia.org/wiki/Electorate_opinion_polling_and_projections_for_the_2025_Australian_federal_election,yes,NAT=44.0;2pp_NAT=53.0;2pp_IND=47.0
fed2025,YouGov (MRP),2025-01-22,2025-02-12,seat,vic,Nicholls,8732,,14.4,,6.4,1.2,https://en.wikipedia.org/wiki/Electorate_opinion_polling_and_projections_for_the_2025_Australian_federal_election,yes,NAT=42.6;IND=23.1;ONP=12.2;2pp_NAT=55.4;2pp_IND=44.6
fed2025,YouGov (MRP),2025-02-27,2025-03-26,seat,vic,Nicholls,10217,,15.7,,6.2,1.3,https://en.wikipedia.org/wiki/Electorate_opinion_polling_and_projections_for_the_2025_Australian_federal_election,yes,NAT=41.9;IND=22.7;ONP=12.3;2pp_NAT=55.2;2pp_IND=44.8
fed2025,Accent/RedBridge (MRP),2025-02-03,2025-04-01,seat,vic,Nicholls,9953,,19.0,,6.0,33.0,https://en.wikipedia.org/wiki/Electorate_opinion_polling_and_projections_for_the_2025_Australian_federal_election,yes,NAT=42.0;2pp_NAT=55.0;2pp_IND=45.0
fed2025,YouGov (MRP),2025-04-01,2025-04-29,seat,vic,Nicholls,10822,33.6,21.0,,7.6,4.3,https://en.wikipedia.org/wiki/Electorate_opinion_polling_and_projections_for_the_2025_Australian_federal_election,yes,NAT=53.1;ONP=14.0;2pp_NAT=66.4
fed2025,Accent/RedBridge (MRP),2024-10-29,2024-11-20,seat,vic,Scullin,4909,61.0,44.0,31.0,13.0,11.0,https://en.wikipedia.org/wiki/Electorate_opinion_polling_and_projections_for_the_2025_Australian_federal_election,yes,2pp_LIB=39.0
fed2025,YouGov (MRP),2025-01-22,2025-02-12,seat,vic,Scullin,8732,56.1,35.8,29.7,14.8,5.6,https://en.wikipedia.org/wiki/Electorate_opinion_polling_and_projections_for_the_2025_Australian_federal_election,yes,ONP=9.2;IND=5.0;2pp_LIB=43.9
fed2025,YouGov (MRP),2025-02-27,2025-03-26,seat,vic,Scullin,10217,56.4,36.4,28.8,13.4,7.4,https://en.wikipedia.org/wiki/Electorate_opinion_polling_and_projections_for_the_2025_Australian_federal_election,yes,ONP=9.9;IND=4.1;2pp_LIB=43.6
fed2025,Accent/RedBridge (MRP),2025-02-03,2025-04-01,seat,vic,Scullin,9953,65.0,46.0,25.0,13.0,17.0,https://en.wikipedia.org/wiki/Electorate_opinion_polling_and_projections_for_the_2025_Australian_federal_election,yes,2pp_LIB=35.0
fed2025,YouGov (MRP),2025-04-01,2025-04-29,seat,vic,Scullin,10822,62.1,41.7,20.8,14.0,12.2,https://en.wikipedia.org/wiki/Electorate_opinion_polling_and_projections_for_the_2025_Australian_federal_election,yes,ONP=11.3;2pp_LIB=37.9
fed2025,Accent/RedBridge (MRP),2024-10-29,2024-11-20,seat,vic,Wannon,4909,,24.0,48.0,6.0,21.0,https://en.wikipedia.org/wiki/Electorate_opinion_polling_and_projections_for_the_2025_Australian_federal_election,yes,2pp_LIB=55.0;2pp_IND=45.0
fed2025,YouGov (MRP),2025-01-22,2025-02-12,seat,vic,Wannon,8732,,18.0,41.4,8.0,0.8,https://en.wikipedia.org/wiki/Electorate_opinion_polling_and_projections_for_the_2025_Australian_federal_election,yes,IND=25.3;ONP=6.6;2pp_LIB=52.1;2pp_IND=47.9
fed2025,YouGov (MRP),2025-02-27,2025-03-26,seat,vic,Wannon,10217,,18.6,37.7,7.4,0.6,https://en.wikipedia.org/wiki/Electorate_opinion_polling_and_projections_for_the_2025_Australian_federal_election,yes,IND=28.7;ONP=7.1;2pp_LIB=49.4;2pp_IND=50.6
fed2025,Accent/RedBridge (MRP),2025-02-03,2025-04-01,seat,vic,Wannon,9953,,22.0,45.0,7.0,27.0,https://en.wikipedia.org/wiki/Electorate_opinion_polling_and_projections_for_the_2025_Australian_federal_election,yes,2pp_LIB=54.0;2pp_IND=46.0
fed2025,YouGov,2025-04-17,2025-04-24,seat,vic,Wannon,,,12.2,33.2,5.2,6.8,https://en.wikipedia.org/wiki/Electorate_opinion_polling_and_projections_for_the_2025_Australian_federal_election,yes,IND=35.7;ONP=6.9;2pp_LIB=43.0;2pp_IND=57.0
fed2025,YouGov (MRP),2025-04-01,2025-04-29,seat,vic,Wannon,10822,,12.0,29.7,4.5,2.4,https://en.wikipedia.org/wiki/Electorate_opinion_polling_and_projections_for_the_2025_Australian_federal_election,yes,IND=46.1;ONP=5.3;2pp_LIB=38.1;2pp_IND=61.9
fed2025,Accent/RedBridge (MRP),2024-10-29,2024-11-20,seat,vic,Wills,4909,62.0,41.0,25.0,21.0,12.0,https://en.wikipedia.org/wiki/Electorate_opinion_polling_and_projections_for_the_2025_Australian_federal_election,yes,2pp_GRN=38.0
fed2025,YouGov (MRP),2025-01-22,2025-02-12,seat,vic,Wills,8732,53.8,35.0,22.7,30.8,3.7,https://en.wikipedia.org/wiki/Electorate_opinion_polling_and_projections_for_the_2025_Australian_federal_election,yes,ONP=4.1;IND=3.7;2pp_GRN=46.2
fed2025,Insightfully,2025-03-16,2025-03-16,seat,vic,Wills,600,53.7,,,33.1,,https://en.wikipedia.org/wiki/Electorate_opinion_polling_and_projections_for_the_2025_Australian_federal_election,yes,2pp_GRN=46.3
fed2025,YouGov (MRP),2025-02-27,2025-03-26,seat,vic,Wills,10217,53.9,32.9,20.7,29.9,7.0,https://en.wikipedia.org/wiki/Electorate_opinion_polling_and_projections_for_the_2025_Australian_federal_election,yes,ONP=4.7;IND=4.9;2pp_GRN=46.1
fed2025,Accent/RedBridge (MRP),2025-02-03,2025-04-01,seat,vic,Wills,9953,66.0,47.0,22.0,22.0,9.0,https://en.wikipedia.org/wiki/Electorate_opinion_polling_and_projections_for_the_2025_Australian_federal_election,yes,2pp_GRN=33.0
fed2025,YouGov (MRP),2025-04-01,2025-04-29,seat,vic,Wills,10822,55.5,36.5,17.2,29.8,11.2,https://en.wikipedia.org/wiki/Electorate_opinion_polling_and_projections_for_the_2025_Australian_federal_election,yes,ONP=5.2;2pp_GRN=44.5
fed2025,Accent/RedBridge (MRP),2024-10-29,2024-11-20,seat,wa,Brand,4909,61.0,48.0,30.0,9.0,14.0,https://en.wikipedia.org/wiki/Electorate_opinion_polling_and_projections_for_the_2025_Australian_federal_election,yes,2pp_LIB=39.0
fed2025,YouGov (MRP),2025-01-22,2025-02-12,seat,wa,Brand,8732,58.3,39.1,26.7,12.6,4.0,https://en.wikipedia.org/wiki/Electorate_opinion_polling_and_projections_for_the_2025_Australian_federal_election,yes,ONP=11.5;IND=6.1;2pp_LIB=41.7
fed2025,YouGov (MRP),2025-02-27,2025-03-26,seat,wa,Brand,10217,61.4,43.8,25.7,12.2,4.9,https://en.wikipedia.org/wiki/Electorate_opinion_polling_and_projections_for_the_2025_Australian_federal_election,yes,ONP=9.5;IND=4.0;2pp_LIB=38.6
fed2025,Accent/RedBridge (MRP),2025-02-03,2025-04-01,seat,wa,Brand,9953,62.0,42.0,26.0,15.0,17.0,https://en.wikipedia.org/wiki/Electorate_opinion_polling_and_projections_for_the_2025_Australian_federal_election,yes,2pp_LIB=38.0
fed2025,YouGov (MRP),2025-04-01,2025-04-29,seat,wa,Brand,10822,65.9,46.9,20.4,16.0,6.0,https://en.wikipedia.org/wiki/Electorate_opinion_polling_and_projections_for_the_2025_Australian_federal_election,yes,ONP=10.7;2pp_LIB=34.1
fed2025,Accent/RedBridge (MRP),2024-10-29,2024-11-20,seat,wa,Bullwinkel,4909,47.0,32.0,40.0,8.0,20.0,https://en.wikipedia.org/wiki/Electorate_opinion_polling_and_projections_for_the_2025_Australian_federal_election,yes,2pp_LIB=53.0
fed2025,JWS Research,2025-02-11,2025-02-12,seat,wa,Bullwinkel,,,15.0,41.0,,,https://en.wikipedia.org/wiki/Electorate_opinion_polling_and_projections_for_the_2025_Australian_federal_election,yes,NAT=22.0
fed2025,YouGov (MRP),2025-01-22,2025-02-12,seat,wa,Bullwinkel,8732,49.2,30.5,37.2,12.2,2.9,https://en.wikipedia.org/wiki/Electorate_opinion_polling_and_projections_for_the_2025_Australian_federal_election,yes,ONP=9.1;IND=8.1;2pp_LIB=50.8
fed2025,YouGov (MRP),2025-02-27,2025-03-26,seat,wa,Bullwinkel,10217,52.0,33.7,34.8,11.9,3.6,https://en.wikipedia.org/wiki/Electorate_opinion_polling_and_projections_for_the_2025_Australian_federal_election,yes,ONP=9.1;IND=6.8;2pp_LIB=48.0
fed2025,Accent/RedBridge (MRP),2025-02-03,2025-04-01,seat,wa,Bullwinkel,9953,50.0,33.0,40.0,12.0,15.0,https://en.wikipedia.org/wiki/Electorate_opinion_polling_and_projections_for_the_2025_Australian_federal_election,yes,2pp_LIB=50.0
fed2025,YouGov,2025-04-17,2025-04-24,seat,wa,Bullwinkel,,,32.0,32.0,,28.0,https://en.wikipedia.org/wiki/Electorate_opinion_polling_and_projections_for_the_2025_Australian_federal_election,yes,NAT=8.0
fed2025,YouGov (MRP),2025-04-01,2025-04-29,seat,wa,Bullwinkel,10822,54.1,34.9,32.2,15.5,8.3,https://en.wikipedia.org/wiki/Electorate_opinion_polling_and_projections_for_the_2025_Australian_federal_election,yes,ONP=9.0;2pp_LIB=45.9
fed2025,Accent/RedBridge (MRP),2024-10-29,2024-11-20,seat,wa,Burt,4909,60.0,47.0,32.0,12.0,10.0,https://en.wikipedia.org/wiki/Electorate_opinion_polling_and_projections_for_the_2025_Australian_federal_election,yes,2pp_LIB=40.0
fed2025,YouGov (MRP),2025-01-22,2025-02-12,seat,wa,Burt,8732,56.4,37.2,28.9,13.0,4.5,https://en.wikipedia.org/wiki/Electorate_opinion_polling_and_projections_for_the_2025_Australian_federal_election,yes,ONP=10.9;IND=5.5;2pp_LIB=43.6
fed2025,YouGov (MRP),2025-02-27,2025-03-26,seat,wa,Burt,10217,57.9,39.5,28.0,12.1,4.8,https://en.wikipedia.org/wiki/Electorate_opinion_polling_and_projections_for_the_2025_Australian_federal_election,yes,ONP=11.0;IND=4.6;2pp_LIB=42.1
fed2025,Accent/RedBridge (MRP),2025-02-03,2025-04-01,seat,wa,Burt,9953,64.0,48.0,26.0,15.0,10.0,https://en.wikipedia.org/wiki/Electorate_opinion_polling_and_projections_for_the_2025_Australian_federal_election,yes,2pp_LIB=36.0
fed2025,YouGov (MRP),2025-04-01,2025-04-29,seat,wa,Burt,10822,63.3,45.5,21.5,11.3,8.9,https://en.wikipedia.org/wiki/Electorate_opinion_polling_and_projections_for_the_2025_Australian_federal_election,yes,ONP=10.9;IND=1.9;2pp_LIB=36.7
fed2025,Accent/RedBridge (MRP),2024-10-29,2024-11-20,seat,wa,Canning,4909,43.0,24.0,41.0,7.0,28.0,https://en.wikipedia.org/wiki/Electorate_opinion_polling_and_projections_for_the_2025_Australian_federal_election,yes,2pp_LIB=57.0
fed2025,YouGov (MRP),2025-01-22,2025-02-12,seat,wa,Canning,8732,44.1,25.6,41.6,9.9,3.1,https://en.wikipedia.org/wiki/Electorate_opinion_polling_and_projections_for_the_2025_Australian_federal_election,yes,ONP=9.2;IND=10.7;2pp_LIB=55.9
fed2025,YouGov (MRP),2025-02-27,2025-03-26,seat,wa,Canning,10217,48.4,32.2,39.2,9.1,4.1,https://en.wikipedia.org/wiki/Electorate_opinion_polling_and_projections_for_the_2025_Australian_federal_election,yes,ONP=8.5;IND=6.9;2pp_LIB=51.6
fed2025,Accent/RedBridge (MRP),2025-02-03,2025-04-01,seat,wa,Canning,9953,44.0,27.0,44.0,10.0,19.0,https://en.wikipedia.org/wiki/Electorate_opinion_polling_and_projections_for_the_2025_Australian_federal_election,yes,2pp_LIB=56.0
fed2025,YouGov (MRP),2025-04-01,2025-04-29,seat,wa,Canning,10822,49.8,32.7,36.6,13.1,7.0,https://en.wikipedia.org/wiki/Electorate_opinion_polling_and_projections_for_the_2025_Australian_federal_election,yes,ONP=10.6;2pp_LIB=50.2
fed2025,Accent/RedBridge (MRP),2024-10-29,2024-11-20,seat,wa,Cowan,4909,57.0,43.0,36.0,11.0,11.0,https://en.wikipedia.org/wiki/Electorate_opinion_polling_and_projections_for_the_2025_Australian_federal_election,yes,2pp_LIB=43.0
fed2025,YouGov (MRP),2025-01-22,2025-02-12,seat,wa,Cowan,8732,54.8,35.8,32.2,13.2,4.2,https://en.wikipedia.org/wiki/Electorate_opinion_polling_and_projections_for_the_2025_Australian_federal_election,yes,ONP=7.9;IND=6.7;2pp_LIB=45.2
fed2025,YouGov (MRP),2025-02-27,2025-03-26,seat,wa,Cowan,10217,56.1,39.8,32.3,11.4,3.8,https://en.wikipedia.org/wiki/Electorate_opinion_polling_and_projections_for_the_2025_Australian_federal_election,yes,ONP=8.3;IND=4.4;2pp_LIB=43.9
fed2025,Accent/RedBridge (MRP),2025-02-03,2025-04-01,seat,wa,Cowan,9953,60.0,44.0,33.0,15.0,9.0,https://en.wikipedia.org/wiki/Electorate_opinion_polling_and_projections_for_the_2025_Australian_federal_election,yes,2pp_LIB=40.0
fed2025,YouGov (MRP),2025-04-01,2025-04-29,seat,wa,Cowan,10822,59.4,39.7,25.2,12.0,7.2,https://en.wikipedia.org/wiki/Electorate_opinion_polling_and_projections_for_the_2025_Australian_federal_election,yes,ONP=10.3;IND=5.5;2pp_LIB=40.6
fed2025,Accent/RedBridge (MRP),2024-10-29,2024-11-20,seat,wa,Curtin,4909,,19.0,39.0,12.0,31.0,https://en.wikipedia.org/wiki/Electorate_opinion_polling_and_projections_for_the_2025_Australian_federal_election,yes,2pp_IND=49.0;2pp_LIB=51.0
fed2025,JWS Research,2025-02-11,2025-02-12,seat,wa,Curtin,,,,56.0,,,https://en.wikipedia.org/wiki/Electorate_opinion_polling_and_projections_for_the_2025_Australian_federal_election,yes,IND=28.0;2pp_IND=35.0;2pp_LIB=65.0
fed2025,YouGov (MRP),2025-01-22,2025-02-12,seat,wa,Curtin,8732,,17.6,37.4,12.4,0.5,https://en.wikipedia.org/wiki/Electorate_opinion_polling_and_projections_for_the_2025_Australian_federal_election,yes,IND=29.4;ONP=2.7;2pp_IND=53.4;2pp_LIB=46.6
fed2025,Freshwater Strategy,2025-03-05,2025-03-07,seat,wa,Curtin,830,,7.0,41.0,7.0,12.0,https://en.wikipedia.org/wiki/Electorate_opinion_polling_and_projections_for_the_2025_Australian_federal_election,yes,IND=33.0
fed2025,YouGov (MRP),2025-02-27,2025-03-26,seat,wa,Curtin,10217,,18.5,38.2,11.8,0.7,https://en.wikipedia.org/wiki/Electorate_opinion_polling_and_projections_for_the_2025_Australian_federal_election,yes,IND=28.4;ONP=2.4;2pp_IND=51.2;2pp_LIB=48.8
fed2025,Accent/RedBridge (MRP),2025-02-03,2025-04-01,seat,wa,Curtin,9953,,18.0,38.0,9.0,34.0,https://en.wikipedia.org/wiki/Electorate_opinion_polling_and_projections_for_the_2025_Australian_federal_election,yes,2pp_IND=53.0;2pp_LIB=47.0
fed2025,YouGov (MRP),2025-04-01,2025-04-29,seat,wa,Curtin,10822,,16.4,34.5,10.2,1.0,https://en.wikipedia.org/wiki/Electorate_opinion_polling_and_projections_for_the_2025_Australian_federal_election,yes,IND=33.8;ONP=4.2;2pp_IND=55.7;2pp_LIB=44.3
fed2025,Accent/RedBridge (MRP),2024-10-29,2024-11-20,seat,wa,Durack,4909,38.0,21.0,44.0,6.0,28.0,https://en.wikipedia.org/wiki/Electorate_opinion_polling_and_projections_for_the_2025_Australian_federal_election,yes,2pp_LIB=62.0
fed2025,YouGov (MRP),2025-01-22,2025-02-12,seat,wa,Durack,8732,44.8,27.2,40.8,11.8,2.9,https://en.wikipedia.org/wiki/Electorate_opinion_polling_and_projections_for_the_2025_Australian_federal_election,yes,ONP=12.4;IND=4.9;2pp_LIB=55.2
fed2025,YouGov (MRP),2025-02-27,2025-03-26,seat,wa,Durack,10217,44.6,27.4,40.9,10.5,3.6,https://en.wikipedia.org/wiki/Electorate_opinion_polling_and_projections_for_the_2025_Australian_federal_election,yes,ONP=12.8;IND=4.7;2pp_LIB=55.4
fed2025,Accent/RedBridge (MRP),2025-02-03,2025-04-01,seat,wa,Durack,9953,42.0,23.0,43.0,9.0,24.0,https://en.wikipedia.org/wiki/Electorate_opinion_polling_and_projections_for_the_2025_Australian_federal_election,yes,2pp_LIB=58.0
fed2025,YouGov (MRP),2025-04-01,2025-04-29,seat,wa,Durack,10822,45.1,28.7,39.3,10.4,8.3,https://en.wikipedia.org/wiki/Electorate_opinion_polling_and_projections_for_the_2025_Australian_federal_election,yes,ONP=13.3;2pp_LIB=54.9
fed2025,Accent/RedBridge (MRP),2024-10-29,2024-11-20,seat,wa,Forrest,4909,42.0,25.0,44.0,9.0,22.0,https://en.wikipedia.org/wiki/Electorate_opinion_polling_and_projections_for_the_2025_Australian_federal_election,yes,2pp_LIB=58.0
fed2025,YouGov (MRP),2025-01-22,2025-02-12,seat,wa,Forrest,8732,,25.3,43.2,13.0,2.7,https://en.wikipedia.org/wiki/Electorate_opinion_polling_and_projections_for_the_2025_Australian_federal_election,yes,ONP=8.9;IND=7.0;2pp_LIB=56.2;2pp_IND=43.8
fed2025,YouGov (MRP),2025-02-27,2025-03-26,seat,wa,Forrest,10217,46.2,28.1,40.8,12.4,4.6,https://en.wikipedia.org/wiki/Electorate_opinion_polling_and_projections_for_the_2025_Australian_federal_election,yes,ONP=9.2;IND=4.9;2pp_LIB=53.8
fed2025,Accent/RedBridge (MRP),2025-02-03,2025-04-01,seat,wa,Forrest,9953,44.0,26.0,42.0,9.0,23.0,https://en.wikipedia.org/wiki/Electorate_opinion_polling_and_projections_for_the_2025_Australian_federal_election,yes,2pp_LIB=56.0
fed2025,uComms,2025-04-09,2025-04-10,seat,wa,Forrest,,,,34.0,,,https://en.wikipedia.org/wiki/Electorate_opinion_polling_and_projections_for_the_2025_Australian_federal_election,yes,IND=20.0;2pp_LIB=49.0;2pp_IND=51.0
fed2025,YouGov (MRP),2025-04-01,2025-04-29,seat,wa,Forrest,10822,46.1,21.4,36.1,12.3,8.2,https://en.wikipedia.org/wiki/Electorate_opinion_polling_and_projections_for_the_2025_Australian_federal_election,yes,ONP=8.8;IND=13.2;2pp_LIB=53.9
fed2025,Accent/RedBridge (MRP),2024-10-29,2024-11-20,seat,wa,Fremantle,4909,65.0,44.0,29.0,18.0,9.0,https://en.wikipedia.org/wiki/Electorate_opinion_polling_and_projections_for_the_2025_Australian_federal_election,yes,2pp_LIB=35.0
fed2025,YouGov (MRP),2025-01-22,2025-02-12,seat,wa,Fremantle,8732,57.9,36.4,29.5,17.8,3.9,https://en.wikipedia.org/wiki/Electorate_opinion_polling_and_projections_for_the_2025_Australian_federal_election,yes,ONP=6.6;IND=5.8;2pp_LIB=42.1
fed2025,YouGov (MRP),2025-02-27,2025-03-26,seat,wa,Fremantle,10217,59.1,37.0,27.8,17.4,5.0,https://en.wikipedia.org/wiki/Electorate_opinion_polling_and_projections_for_the_2025_Australian_federal_election,yes,ONP=7.0;IND=5.8;2pp_LIB=40.9
fed2025,Accent/RedBridge (MRP),2025-02-03,2025-04-01,seat,wa,Fremantle,9953,68.0,49.0,24.0,13.0,14.0,https://en.wikipedia.org/wiki/Electorate_opinion_polling_and_projections_for_the_2025_Australian_federal_election,yes,2pp_LIB=32.0
fed2025,YouGov (MRP),2025-04-01,2025-04-29,seat,wa,Fremantle,10822,62.2,37.6,22.1,16.9,5.8,https://en.wikipedia.org/wiki/Electorate_opinion_polling_and_projections_for_the_2025_Australian_federal_election,yes,ONP=7.3;IND=10.2;2pp_LIB=37.8
fed2025,Accent/RedBridge (MRP),2024-10-29,2024-11-20,seat,wa,Hasluck,4909,55.0,41.0,37.0,11.0,11.0,https://en.wikipedia.org/wiki/Electorate_opinion_polling_and_projections_for_the_2025_Australian_federal_election,yes,2pp_LIB=45.0
fed2025,YouGov (MRP),2025-01-22,2025-02-12,seat,wa,Hasluck,8732,52.4,32.8,34.3,13.5,2.9,https://en.wikipedia.org/wiki/Electorate_opinion_polling_and_projections_for_the_2025_Australian_federal_election,yes,ONP=8.3;IND=8.3;2pp_LIB=47.6
fed2025,YouGov (MRP),2025-02-27,2025-03-26,seat,wa,Hasluck,10217,55.9,38.9,32.3,11.8,3.4,https://en.wikipedia.org/wiki/Electorate_opinion_polling_and_projections_for_the_2025_Australian_federal_election,yes,ONP=8.1;IND=5.6;2pp_LIB=44.1
fed2025,Accent/RedBridge (MRP),2025-02-03,2025-04-01,seat,wa,Hasluck,9953,57.0,41.0,35.0,13.0,10.0,https://en.wikipedia.org/wiki/Electorate_opinion_polling_and_projections_for_the_2025_Australian_federal_election,yes,2pp_LIB=43.0
fed2025,YouGov (MRP),2025-04-01,2025-04-29,seat,wa,Hasluck,10822,60.0,43.0,28.3,14.1,6.6,https://en.wikipedia.org/wiki/Electorate_opinion_polling_and_projections_for_the_2025_Australian_federal_election,yes,ONP=8.0;2pp_LIB=40.0
fed2025,Accent/RedBridge (MRP),2024-10-29,2024-11-20,seat,wa,Moore,4909,47.0,31.0,43.0,11.0,14.0,https://en.wikipedia.org/wiki/Electorate_opinion_polling_and_projections_for_the_2025_Australian_federal_election,yes,2pp_LIB=53.0
fed2025,YouGov (MRP),2025-01-22,2025-02-12,seat,wa,Moore,8732,44.2,26.4,44.5,13.1,2.9,https://en.wikipedia.org/wiki/Electorate_opinion_polling_and_projections_for_the_2025_Australian_federal_election,yes,ONP=6.4;IND=6.7;2pp_LIB=55.8
fed2025,YouGov (MRP),2025-02-27,2025-03-26,seat,wa,Moore,10217,48.3,29.7,39.5,12.4,4.6,https://en.wikipedia.org/wiki/Electorate_opinion_polling_and_projections_for_the_2025_Australian_federal_election,yes,ONP=6.5;IND=7.4;2pp_LIB=51.7
fed2025,Accent/RedBridge (MRP),2025-02-03,2025-04-01,seat,wa,Moore,9953,46.0,33.0,45.0,10.0,12.0,https://en.wikipedia.org/wiki/Electorate_opinion_polling_and_projections_for_the_2025_Australian_federal_election,yes,2pp_LIB=54.0
fed2025,YouGov (MRP),2025-04-01,2025-04-29,seat,wa,Moore,10822,49.7,30.4,36.9,13.3,6.8,https://en.wikipedia.org/wiki/Electorate_opinion_polling_and_projections_for_the_2025_Australian_federal_election,yes,ONP=7.6;IND=5.0;2pp_LIB=50.3
fed2025,Accent/RedBridge (MRP),2024-10-29,2024-11-20,seat,wa,O'Connor,4909,46.0,31.0,42.0,8.0,19.0,https://en.wikipedia.org/wiki/Electorate_opinion_polling_and_projections_for_the_2025_Australian_federal_election,yes,2pp_LIB=54.0
fed2025,YouGov (MRP),2025-01-22,2025-02-12,seat,wa,O'Connor,8732,41.7,23.3,43.9,12.1,3.6,https://en.wikipedia.org/wiki/Electorate_opinion_polling_and_projections_for_the_2025_Australian_federal_election,yes,ONP=11.0;IND=6.1;2pp_LIB=58.3
fed2025,YouGov (MRP),2025-02-27,2025-03-26,seat,wa,O'Connor,10217,42.2,24.3,41.2,10.1,4.2,https://en.wikipedia.org/wiki/Electorate_opinion_polling_and_projections_for_the_2025_Australian_federal_election,yes,ONP=15.9;IND=4.3;2pp_LIB=57.8
fed2025,Accent/RedBridge (MRP),2025-02-03,2025-04-01,seat,wa,O'Connor,9953,46.0,26.0,33.0,6.0,35.0,https://en.wikipedia.org/wiki/Electorate_opinion_polling_and_projections_for_the_2025_Australian_federal_election,yes,2pp_LIB=54.0
fed2025,YouGov (MRP),2025-04-01,2025-04-29,seat,wa,O'Connor,10822,44.9,24.9,38.2,13.6,12.0,https://en.wikipedia.org/wiki/Electorate_opinion_polling_and_projections_for_the_2025_Australian_federal_election,yes,ONP=11.2;2pp_LIB=55.1
fed2025,Accent/RedBridge (MRP),2024-10-29,2024-11-20,seat,wa,Pearce,4909,55.0,36.0,34.0,15.0,14.0,https://en.wikipedia.org/wiki/Electorate_opinion_polling_and_projections_for_the_2025_Australian_federal_election,yes,2pp_LIB=45.0
fed2025,YouGov (MRP),2025-01-22,2025-02-12,seat,wa,Pearce,8732,51.1,32.7,34.8,12.7,3.5,https://en.wikipedia.org/wiki/Electorate_opinion_polling_and_projections_for_the_2025_Australian_federal_election,yes,ONP=10.9;IND=5.4;2pp_LIB=48.9
fed2025,YouGov (MRP),2025-02-27,2025-03-26,seat,wa,Pearce,10217,52.9,34.4,33.0,12.3,5.0,https://en.wikipedia.org/wiki/Electorate_opinion_polling_and_projections_for_the_2025_Australian_federal_election,yes,ONP=10.9;IND=4.5;2pp_LIB=47.1
fed2025,Accent/RedBridge (MRP),2025-02-03,2025-04-01,seat,wa,Pearce,9953,58.0,40.0,32.0,15.0,13.0,https://en.wikipedia.org/wiki/Electorate_opinion_polling_and_projections_for_the_2025_Australian_federal_election,yes,2pp_LIB=42.0
fed2025,YouGov (MRP),2025-04-01,2025-04-29,seat,wa,Pearce,10822,56.0,37.3,28.7,13.9,8.3,https://en.wikipedia.org/wiki/Electorate_opinion_polling_and_projections_for_the_2025_Australian_federal_election,yes,ONP=11.8;2pp_LIB=44.0
fed2025,Accent/RedBridge (MRP),2024-10-29,2024-11-20,seat,wa,Perth,4909,65.0,44.0,28.0,19.0,9.0,https://en.wikipedia.org/wiki/Electorate_opinion_polling_and_projections_for_the_2025_Australian_federal_election,yes,2pp_LIB=35.0
fed2025,YouGov (MRP),2025-01-22,2025-02-12,seat,wa,Perth,8732,58.9,36.5,29.6,21.0,2.3,https://en.wikipedia.org/wiki/Electorate_opinion_polling_and_projections_for_the_2025_Australian_federal_election,yes,ONP=5.7;IND=4.9;2pp_LIB=41.1
fed2025,YouGov (MRP),2025-02-27,2025-03-26,seat,wa,Perth,10217,59.5,36.5,28.5,20.6,3.5,https://en.wikipedia.org/wiki/Electorate_opinion_polling_and_projections_for_the_2025_Australian_federal_election,yes,ONP=5.9;IND=4.9;2pp_LIB=40.5
fed2025,Accent/RedBridge (MRP),2025-02-03,2025-04-01,seat,wa,Perth,9953,63.0,45.0,28.0,12.0,15.0,https://en.wikipedia.org/wiki/Electorate_opinion_polling_and_projections_for_the_2025_Australian_federal_election,yes,2pp_LIB=37.0
fed2025,YouGov (MRP),2025-04-01,2025-04-29,seat,wa,Perth,10822,62.6,41.1,25.8,22.7,,https://en.wikipedia.org/wiki/Electorate_opinion_polling_and_projections_for_the_2025_Australian_federal_election,yes,ONP=10.4;2pp_LIB=37.4
fed2025,Accent/RedBridge (MRP),2024-10-29,2024-11-20,seat,wa,Swan,4909,59.0,41.0,32.0,14.0,13.0,https://en.wikipedia.org/wiki/Electorate_opinion_polling_and_projections_for_the_2025_Australian_federal_election,yes,2pp_LIB=41.0
fed2025,YouGov (MRP),2025-01-22,2025-02-12,seat,wa,Swan,8732,53.9,33.6,33.7,16.2,3.2,https://en.wikipedia.org/wiki/Electorate_opinion_polling_and_projections_for_the_2025_Australian_federal_election,yes,ONP=7.1;IND=6.2;2pp_LIB=46.1
fed2025,YouGov (MRP),2025-02-27,2025-03-26,seat,wa,Swan,10217,55.9,36.2,32.6,15.9,4.2,https://en.wikipedia.org/wiki/Electorate_opinion_polling_and_projections_for_the_2025_Australian_federal_election,yes,ONP=6.1;IND=4.9;2pp_LIB=44.1
fed2025,Accent/RedBridge (MRP),2025-02-03,2025-04-01,seat,wa,Swan,9953,63.0,46.0,30.0,14.0,10.0,https://en.wikipedia.org/wiki/Electorate_opinion_polling_and_projections_for_the_2025_Australian_federal_election,yes,2pp_LIB=37.0
fed2025,YouGov (MRP),2025-04-01,2025-04-29,seat,wa,Swan,10822,58.5,39.4,28.8,16.3,7.1,https://en.wikipedia.org/wiki/Electorate_opinion_polling_and_projections_for_the_2025_Australian_federal_election,yes,ONP=8.4;2pp_LIB=41.5
fed2025,Accent/RedBridge (MRP),2024-10-29,2024-11-20,seat,wa,Tangney,4909,53.0,38.0,40.0,14.0,8.0,https://en.wikipedia.org/wiki/Electorate_opinion_polling_and_projections_for_the_2025_Australian_federal_election,yes,2pp_LIB=47.0
fed2025,JWS Research,2025-02-11,2025-02-12,seat,wa,Tangney,,44.0,35.0,41.0,,,https://en.wikipedia.org/wiki/Electorate_opinion_polling_and_projections_for_the_2025_Australian_federal_election,yes,2pp_LIB=56.0
fed2025,YouGov (MRP),2025-01-22,2025-02-12,seat,wa,Tangney,8732,52.5,31.4,42.1,11.1,3.4,https://en.wikipedia.org/wiki/Electorate_opinion_polling_and_projections_for_the_2025_Australian_federal_election,yes,ONP=5.3;IND=6.7;2pp_LIB=47.5
fed2025,YouGov (MRP),2025-02-27,2025-03-26,seat,wa,Tangney,10217,52.1,36.2,38.6,12.1,3.4,https://en.wikipedia.org/wiki/Electorate_opinion_polling_and_projections_for_the_2025_Australian_federal_election,yes,ONP=4.6;IND=5.1;2pp_LIB=47.9
fed2025,Accent/RedBridge (MRP),2025-02-03,2025-04-01,seat,wa,Tangney,9953,54.0,41.0,39.0,10.0,10.0,https://en.wikipedia.org/wiki/Electorate_opinion_polling_and_projections_for_the_2025_Australian_federal_election,yes,2pp_LIB=46.0
fed2025,KJC Research,2025-04-24,2025-04-24,seat,wa,Tangney,600,45.0,,,,,https://en.wikipedia.org/wiki/Electorate_opinion_polling_and_projections_for_the_2025_Australian_federal_election,yes,2pp_LIB=49.0
fed2025,YouGov (MRP),2025-04-01,2025-04-29,seat,wa,Tangney,10822,53.5,37.4,37.0,14.8,5.3,https://en.wikipedia.org/wiki/Electorate_opinion_polling_and_projections_for_the_2025_Australian_federal_election,yes,ONP=5.5;2pp_LIB=46.5
fed2025,Resolve Strategic,2024-11-05,2024-11-10,state,nsw,,515,50.5,30.0,38.0,10.0,3.0,https://en.wikipedia.org/wiki/Opinion_polling_for_the_2025_Australian_federal_election,yes,ONP=6.0;IND=13.0;2pp_L/NP=49.5
fed2025,Newspoll,2024-10-07,2024-12-06,state,nsw,,1193,50.0,32.0,40.0,10.0,11.0,https://en.wikipedia.org/wiki/Opinion_polling_for_the_2025_Australian_federal_election,yes,ONP=7.0;2pp_L/NP=50.0
fed2025,Resolve Strategic,2024-12-04,2024-12-08,state,nsw,,509,47.5,27.0,38.0,13.0,2.0,https://en.wikipedia.org/wiki/Opinion_polling_for_the_2025_Australian_federal_election,yes,ONP=9.0;IND=11.0;2pp_L/NP=52.5
fed2025,Resolve Strategic,2025-01-15,2025-01-21,state,nsw,,513,47.5,27.0,39.0,13.0,5.0,https://en.wikipedia.org/wiki/Opinion_polling_for_the_2025_Australian_federal_election,yes,ONP=5.0;IND=10.0;2pp_L/NP=52.5
fed2025,RedBridge/Accent,2025-02-04,2025-02-11,state,nsw,,305,47.0,33.0,43.0,10.0,14.0,https://en.wikipedia.org/wiki/Opinion_polling_for_the_2025_Australian_federal_election,yes,2pp_L/NP=53.0
fed2025,Resolve Strategic,2025-02-18,2025-02-23,state,nsw,,478,45.5,24.0,38.0,13.0,3.0,https://en.wikipedia.org/wiki/Opinion_polling_for_the_2025_Australian_federal_election,yes,ONP=11.0;IND=10.0;2pp_L/NP=54.5
fed2025,YouGov,2025-02-21,2025-02-27,state,nsw,,506,48.5,26.0,35.0,15.0,12.0,https://en.wikipedia.org/wiki/Opinion_polling_for_the_2025_Australian_federal_election,yes,ONP=12.0;2pp_L/NP=51.5
fed2025,YouGov,2025-02-28,2025-03-06,state,nsw,,475,50.0,29.0,35.0,15.0,14.0,https://en.wikipedia.org/wiki/Opinion_polling_for_the_2025_Australian_federal_election,yes,ONP=7.0;2pp_L/NP=50.0
fed2025,Newspoll,2025-01-20,2025-03-07,state,nsw,,1149,50.0,31.0,38.0,12.0,12.0,https://en.wikipedia.org/wiki/Opinion_polling_for_the_2025_Australian_federal_election,yes,ONP=7.0;2pp_L/NP=50.0
fed2025,YouGov,2025-03-07,2025-03-13,state,nsw,,482,49.5,28.0,36.0,15.5,13.5,https://en.wikipedia.org/wiki/Opinion_polling_for_the_2025_Australian_federal_election,yes,ONP=7.0;2pp_L/NP=50.5
fed2025,Freshwater Strategy,2025-01-17,2025-03-15,state,nsw,,947,48.0,30.0,42.0,13.0,15.0,https://en.wikipedia.org/wiki/Opinion_polling_for_the_2025_Australian_federal_election,yes,2pp_L/NP=52.0
fed2025,YouGov,2025-03-14,2025-03-19,state,nsw,,773,49.5,28.0,36.0,16.0,13.0,https://en.wikipedia.org/wiki/Opinion_polling_for_the_2025_Australian_federal_election,yes,ONP=7.0;2pp_L/NP=50.5
fed2025,DemosAU,2025-03-24,2025-03-26,state,nsw,,1013,49.0,30.0,38.0,12.0,11.0,https://en.wikipedia.org/wiki/Opinion_polling_for_the_2025_Australian_federal_election,yes,ONP=9.0;2pp_L/NP=51.0
fed2025,Resolve Strategic,2025-03-26,2025-03-30,state,nsw,,1027,47.0,30.0,40.0,11.0,4.0,https://en.wikipedia.org/wiki/Opinion_polling_for_the_2025_Australian_federal_election,yes,ONP=6.0;IND=10.0;2pp_L/NP=53.0
fed2025,YouGov,2025-03-28,2025-04-03,state,nsw,,513,50.0,29.0,35.0,17.0,14.0,https://en.wikipedia.org/wiki/Opinion_polling_for_the_2025_Australian_federal_election,yes,ONP=5.0;2pp_L/NP=50.0
fed2025,YouGov,2025-04-04,2025-04-10,state,nsw,,495,51.0,30.0,32.0,17.0,11.0,https://en.wikipedia.org/wiki/Opinion_polling_for_the_2025_Australian_federal_election,yes,ONP=10.0;2pp_L/NP=49.0
fed2025,Resolve Strategic,2025-04-09,2025-04-13,state,nsw,,522,50.0,31.0,34.0,12.0,3.0,https://en.wikipedia.org/wiki/Opinion_polling_for_the_2025_Australian_federal_election,yes,ONP=6.0;IND=14.0;2pp_L/NP=50.0
fed2025,YouGov,2025-04-11,2025-04-15,state,nsw,,487,54.0,32.0,33.0,17.0,13.0,https://en.wikipedia.org/wiki/Opinion_polling_for_the_2025_Australian_federal_election,yes,ONP=5.0;2pp_L/NP=46.0
fed2025,Newspoll,2025-03-27,2025-04-17,state,nsw,,1591,52.0,34.0,36.0,11.0,12.0,https://en.wikipedia.org/wiki/Opinion_polling_for_the_2025_Australian_federal_election,yes,ONP=7.0;2pp_L/NP=48.0
fed2025,YouGov,2025-04-18,2025-04-22,state,nsw,,440,57.0,35.0,26.0,16.0,13.0,https://en.wikipedia.org/wiki/Opinion_polling_for_the_2025_Australian_federal_election,yes,ONP=10.0;2pp_L/NP=43.0
fed2025,Spectre Strategy/Dynata,2025-04-24,2025-04-28,state,nsw,,,50.0,30.0,34.0,14.0,12.0,https://en.wikipedia.org/wiki/Opinion_polling_for_the_2025_Australian_federal_election,yes,ONP=10.0;2pp_L/NP=50.0
fed2025,Resolve Strategic,2025-04-23,2025-04-28,state,nsw,,638,51.0,33.0,34.0,11.0,4.0,https://en.wikipedia.org/wiki/Opinion_polling_for_the_2025_Australian_federal_election,yes,ONP=7.0;IND=11.0;2pp_L/NP=49.0
fed2025,RedBridge Group,2025-04-24,2025-04-29,state,nsw,,321,51.0,34.0,35.0,8.0,23.0,https://en.wikipedia.org/wiki/Opinion_polling_for_the_2025_Australian_federal_election,yes,2pp_L/NP=49.0
fed2025,DemosAU,2025-04-27,2025-04-30,state,nsw,,1291,50.0,31.0,35.0,10.0,15.0,https://en.wikipedia.org/wiki/Opinion_polling_for_the_2025_Australian_federal_election,yes,ONP=9.0;2pp_L/NP=50.0
fed2025,YouGov,2025-04-24,2025-05-01,state,nsw,,915,51.0,30.0,32.0,14.0,15.0,https://en.wikipedia.org/wiki/Opinion_polling_for_the_2025_Australian_federal_election,yes,ONP=9.0;2pp_L/NP=49.0
fed2025,Resolve Strategic,2024-11-05,2024-11-10,state,qld,,330,44.0,29.0,43.0,8.0,6.0,https://en.wikipedia.org/wiki/Opinion_polling_for_the_2025_Australian_federal_election,yes,ONP=6.0;IND=8.0;2pp_LNP=56.0
fed2025,Newspoll,2024-10-07,2024-12-06,state,qld,,790,47.0,29.0,41.0,12.0,10.0,https://en.wikipedia.org/wiki/Opinion_polling_for_the_2025_Australian_federal_election,yes,ONP=8.0;2pp_LNP=53.0
fed2025,Resolve Strategic,2024-12-04,2024-12-08,state,qld,,326,45.0,25.0,38.0,13.0,7.0,https://en.wikipedia.org/wiki/Opinion_polling_for_the_2025_Australian_federal_election,yes,ONP=9.0;IND=8.0;2pp_LNP=55.0
fed2025,Resolve Strategic,2025-01-15,2025-01-21,state,qld,,329,43.5,26.0,42.0,11.0,6.0,https://en.wikipedia.org/wiki/Opinion_polling_for_the_2025_Australian_federal_election,yes,ONP=7.0;IND=7.0;2pp_LNP=56.5
fed2025,RedBridge/Accent,2025-02-04,2025-02-11,state,qld,,190,49.0,29.0,42.0,16.0,13.0,https://en.wikipedia.org/wiki/Opinion_polling_for_the_2025_Australian_federal_election,yes,2pp_LNP=51.0
fed2025,DemosAU,2025-02-10,2025-02-14,state,qld,,1004,47.0,31.0,39.0,12.0,8.0,https://en.wikipedia.org/wiki/Opinion_polling_for_the_2025_Australian_federal_election,yes,ONP=10.0;2pp_LNP=53.0
fed2025,Resolve Strategic,2025-02-18,2025-02-23,state,qld,,306,43.5,25.0,41.0,12.0,4.0,https://en.wikipedia.org/wiki/Opinion_polling_for_the_2025_Australian_federal_election,yes,ONP=8.0;IND=9.0;2pp_LNP=56.5
fed2025,YouGov,2025-02-21,2025-02-27,state,qld,,302,39.5,23.0,47.0,8.0,12.0,https://en.wikipedia.org/wiki/Opinion_polling_for_the_2025_Australian_federal_election,yes,ONP=10.0;2pp_LNP=60.5
fed2025,YouGov,2025-02-28,2025-03-06,state,qld,,307,53.0,33.0,34.0,17.0,8.0,https://en.wikipedia.org/wiki/Opinion_polling_for_the_2025_Australian_federal_election,yes,ONP=8.0;2pp_LNP=47.0
fed2025,Newspoll,2025-01-20,2025-03-07,state,qld,,786,43.0,28.0,45.0,11.0,9.0,https://en.wikipedia.org/wiki/Opinion_polling_for_the_2025_Australian_federal_election,yes,ONP=7.0;2pp_LNP=57.0
fed2025,YouGov,2025-03-07,2025-03-13,state,qld,,312,49.5,29.5,34.0,15.5,10.5,https://en.wikipedia.org/wiki/Opinion_polling_for_the_2025_Australian_federal_election,yes,ONP=10.5;2pp_LNP=50.5
fed2025,Freshwater Strategy,2025-01-17,2025-03-15,state,qld,,665,44.5,25.0,42.0,15.0,18.0,https://en.wikipedia.org/wiki/Opinion_polling_for_the_2025_Australian_federal_election,yes,2pp_LNP=55.5
fed2025,YouGov,2025-03-14,2025-03-19,state,qld,,378,37.0,27.0,55.0,6.0,7.0,https://en.wikipedia.org/wiki/Opinion_polling_for_the_2025_Australian_federal_election,yes,ONP=5.0;2pp_LNP=63.0
fed2025,Resolve Strategic,2025-03-26,2025-03-30,state,qld,,658,43.5,25.0,39.0,13.0,6.0,https://en.wikipedia.org/wiki/Opinion_polling_for_the_2025_Australian_federal_election,yes,ONP=12.0;IND=6.0;2pp_LNP=56.5
fed2025,YouGov,2025-03-28,2025-04-03,state,qld,,332,44.0,24.0,38.0,13.0,13.0,https://en.wikipedia.org/wiki/Opinion_polling_for_the_2025_Australian_federal_election,yes,ONP=12.0;2pp_LNP=56.0
fed2025,YouGov,2025-04-04,2025-04-10,state,qld,,317,42.0,25.0,42.0,11.0,15.0,https://en.wikipedia.org/wiki/Opinion_polling_for_the_2025_Australian_federal_election,yes,ONP=7.0;2pp_LNP=58.0
fed2025,Resolve Strategic,2025-04-09,2025-04-13,state,qld,,334,47.0,29.0,38.0,13.0,4.0,https://en.wikipedia.org/wiki/Opinion_polling_for_the_2025_Australian_federal_election,yes,ONP=8.0;IND=8.0;2pp_LNP=53.0
fed2025,YouGov,2025-04-11,2025-04-15,state,qld,,293,42.5,30.0,41.0,7.0,14.0,https://en.wikipedia.org/wiki/Opinion_polling_for_the_2025_Australian_federal_election,yes,ONP=8.0;2pp_LNP=57.5
fed2025,Newspoll,2025-03-27,2025-04-17,state,qld,,1053,46.0,29.0,40.0,12.0,11.0,https://en.wikipedia.org/wiki/Opinion_polling_for_the_2025_Australian_federal_election,yes,ONP=8.0;2pp_LNP=54.0
fed2025,YouGov,2025-04-18,2025-04-22,state,qld,,320,46.0,25.0,37.0,12.0,13.0,https://en.wikipedia.org/wiki/Opinion_polling_for_the_2025_Australian_federal_election,yes,ONP=13.0;2pp_LNP=54.0
fed2025,Spectre Strategy/Dynata,2025-04-24,2025-04-28,state,qld,,,47.0,28.0,36.0,15.0,10.0,https://en.wikipedia.org/wiki/Opinion_polling_for_the_2025_Australian_federal_election,yes,ONP=11.0;2pp_LNP=53.0
fed2025,Resolve Strategic,2025-04-23,2025-04-28,state,qld,,409,46.0,26.0,37.0,15.0,5.0,https://en.wikipedia.org/wiki/Opinion_polling_for_the_2025_Australian_federal_election,yes,ONP=9.0;IND=8.0;2pp_LNP=54.0
fed2025,RedBridge Group,2025-04-24,2025-04-29,state,qld,,206,43.0,27.0,43.0,10.0,20.0,https://en.wikipedia.org/wiki/Opinion_polling_for_the_2025_Australian_federal_election,yes,2pp_LNP=57.0
fed2025,DemosAU,2025-04-27,2025-04-30,state,qld,,858,46.0,26.0,39.0,13.0,15.0,https://en.wikipedia.org/wiki/Opinion_polling_for_the_2025_Australian_federal_election,yes,ONP=7.0;2pp_LNP=54.0
fed2025,YouGov,2025-04-24,2025-05-01,state,qld,,631,49.0,27.0,35.0,17.0,14.0,https://en.wikipedia.org/wiki/Opinion_polling_for_the_2025_Australian_federal_election,yes,ONP=7.0;2pp_LNP=51.0
fed2025,Newspoll,2024-10-07,2024-12-06,state,sa,,280,53.0,35.0,37.0,9.0,12.0,https://en.wikipedia.org/wiki/Opinion_polling_for_the_2025_Australian_federal_election,yes,ONP=7.0;2pp_L/NP=47.0
fed2025,Resolve Strategic,2024-10-01,2024-12-08,state,sa,,359,49.5,27.0,34.0,12.0,19.0,https://en.wikipedia.org/wiki/Opinion_polling_for_the_2025_Australian_federal_election,yes,ONP=8.0;2pp_L/NP=50.5
fed2025,DemosAU,2025-02-18,2025-02-23,state,sa,,440,53.0,34.0,35.0,11.0,14.0,https://en.wikipedia.org/wiki/Opinion_polling_for_the_2025_Australian_federal_election,yes,ONP=6.0;2pp_L/NP=47.0
fed2025,Newspoll,2025-01-20,2025-03-07,state,sa,,271,50.0,32.0,37.0,11.0,9.0,https://en.wikipedia.org/wiki/Opinion_polling_for_the_2025_Australian_federal_election,yes,ONP=11.0;2pp_L/NP=50.0
fed2025,YouGov,2025-03-07,2025-03-13,state,sa,,113,51.0,33.0,33.5,9.5,16.0,https://en.wikipedia.org/wiki/Opinion_polling_for_the_2025_Australian_federal_election,yes,ONP=8.0;2pp_L/NP=49.0
fed2025,YouGov,2025-03-14,2025-03-19,state,sa,,307,50.5,32.5,33.5,10.0,16.0,https://en.wikipedia.org/wiki/Opinion_polling_for_the_2025_Australian_federal_election,yes,ONP=8.0;2pp_L/NP=49.5
fed2025,YouGov,2025-03-28,2025-04-03,state,sa,,120,51.0,35.0,34.0,8.0,16.0,https://en.wikipedia.org/wiki/Opinion_polling_for_the_2025_Australian_federal_election,yes,ONP=7.0;2pp_L/NP=49.0
fed2025,YouGov,2025-04-04,2025-04-10,state,sa,,126,51.0,32.0,30.0,13.0,13.0,https://en.wikipedia.org/wiki/Opinion_polling_for_the_2025_Australian_federal_election,yes,ONP=12.0;2pp_L/NP=49.0
fed2025,YouGov,2025-04-11,2025-04-15,state,sa,,113,50.0,35.0,30.0,8.0,11.0,https://en.wikipedia.org/wiki/Opinion_polling_for_the_2025_Australian_federal_election,yes,ONP=16.0;2pp_L/NP=50.0
fed2025,Newspoll,2025-03-27,2025-04-17,state,sa,,373,55.0,34.0,31.0,12.0,14.0,https://en.wikipedia.org/wiki/Opinion_polling_for_the_2025_Australian_federal_election,yes,ONP=9.0;2pp_L/NP=45.0
fed2025,YouGov,2025-04-18,2025-04-22,state,sa,,126,60.0,45.0,21.0,10.0,9.0,https://en.wikipedia.org/wiki/Opinion_polling_for_the_2025_Australian_federal_election,yes,ONP=15.0;2pp_L/NP=40.0
fed2025,YouGov,2025-04-24,2025-05-01,state,sa,,241,53.0,35.0,24.0,11.0,15.0,https://en.wikipedia.org/wiki/Opinion_polling_for_the_2025_Australian_federal_election,yes,ONP=15.0;2pp_L/NP=47.0
fed2025,Resolve Strategic,2024-11-05,2024-11-10,state,vic,,409,52.5,31.0,38.0,14.0,2.0,https://en.wikipedia.org/wiki/Opinion_polling_for_the_2025_Australian_federal_election,yes,ONP=4.0;IND=10.0;2pp_L/NP=47.5
fed2025,Newspoll,2024-10-07,2024-12-06,state,vic,,947,50.0,30.0,39.0,14.0,12.0,https://en.wikipedia.org/wiki/Opinion_polling_for_the_2025_Australian_federal_election,yes,ONP=5.0;2pp_L/NP=50.0
fed2025,Resolve Strategic,2024-12-04,2024-12-08,state,vic,,404,48.0,26.0,38.0,12.0,7.0,https://en.wikipedia.org/wiki/Opinion_polling_for_the_2025_Australian_federal_election,yes,ONP=5.0;IND=12.0;2pp_L/NP=52.0
fed2025,Resolve Strategic,2025-01-15,2025-01-21,state,vic,,407,47.5,25.0,38.0,13.0,6.0,https://en.wikipedia.org/wiki/Opinion_polling_for_the_2025_Australian_federal_election,yes,ONP=6.0;IND=12.0;2pp_L/NP=52.5
fed2025,RedBridge/Accent,2025-02-04,2025-02-11,state,vic,,261,42.0,31.0,51.0,8.0,10.0,https://en.wikipedia.org/wiki/Opinion_polling_for_the_2025_Australian_federal_election,yes,2pp_L/NP=58.0
fed2025,Resolve Strategic,2025-02-18,2025-02-23,state,vic,,380,48.0,24.0,38.0,15.0,6.0,https://en.wikipedia.org/wiki/Opinion_polling_for_the_2025_Australian_federal_election,yes,ONP=6.0;IND=11.0;2pp_L/NP=52.0
fed2025,RedBridge/Accent,2025-02-20,2025-02-25,state,vic,,,43.0,,,,,https://en.wikipedia.org/wiki/Opinion_polling_for_the_2025_Australian_federal_election,yes,2pp_L/NP=57.0
fed2025,YouGov,2025-02-21,2025-02-27,state,vic,,352,50.0,31.0,37.0,14.0,13.0,https://en.wikipedia.org/wiki/Opinion_polling_for_the_2025_Australian_federal_election,yes,ONP=5.0;2pp_L/NP=50.0
fed2025,YouGov,2025-02-28,2025-03-06,state,vic,,379,48.0,30.0,39.0,9.0,16.0,https://en.wikipedia.org/wiki/Opinion_polling_for_the_2025_Australian_federal_election,yes,ONP=6.0;2pp_L/NP=52.0
fed2025,Newspoll,2025-01-20,2025-03-07,state,vic,,943,51.0,30.0,39.0,15.0,12.0,https://en.wikipedia.org/wiki/Opinion_polling_for_the_2025_Australian_federal_election,yes,ONP=4.0;2pp_L/NP=49.0
fed2025,YouGov,2025-03-07,2025-03-13,state,vic,,384,47.5,28.5,41.5,13.0,12.0,https://en.wikipedia.org/wiki/Opinion_polling_for_the_2025_Australian_federal_election,yes,ONP=5.0;2pp_L/NP=52.5
fed2025,Freshwater Strategy,2025-01-17,2025-03-15,state,vic,,842,50.0,29.0,37.0,15.0,19.0,https://en.wikipedia.org/wiki/Opinion_polling_for_the_2025_Australian_federal_election,yes,2pp_L/NP=50.0
fed2025,YouGov,2025-03-14,2025-03-19,state,vic,,474,47.5,29.0,42.0,13.0,11.0,https://en.wikipedia.org/wiki/Opinion_polling_for_the_2025_Australian_federal_election,yes,ONP=5.0;2pp_L/NP=52.5
fed2025,DemosAU,2025-03-17,2025-03-21,state,vic,,1006,51.0,29.0,34.0,15.0,14.0,https://en.wikipedia.org/wiki/Opinion_polling_for_the_2025_Australian_federal_election,yes,ONP=8.0;2pp_L/NP=49.0
fed2025,Resolve Strategic,2025-03-26,2025-03-30,state,vic,,817,49.5,27.0,35.0,14.0,7.0,https://en.wikipedia.org/wiki/Opinion_polling_for_the_2025_Australian_federal_election,yes,ONP=6.0;IND=10.0;2pp_L/NP=50.5
fed2025,YouGov,2025-03-28,2025-04-03,state,vic,,409,50.0,34.0,37.0,10.0,14.0,https://en.wikipedia.org/wiki/Opinion_polling_for_the_2025_Australian_federal_election,yes,ONP=5.0;2pp_L/NP=50.0
fed2025,YouGov,2025-04-04,2025-04-10,state,vic,,350,51.0,34.0,35.0,13.0,13.0,https://en.wikipedia.org/wiki/Opinion_polling_for_the_2025_Australian_federal_election,yes,ONP=5.0;2pp_L/NP=49.0
fed2025,Resolve Strategic,2025-04-09,2025-04-13,state,vic,,414,49.5,29.0,36.0,13.0,9.0,https://en.wikipedia.org/wiki/Opinion_polling_for_the_2025_Australian_federal_election,yes,ONP=4.0;IND=9.0;2pp_L/NP=50.5
fed2025,YouGov,2025-04-11,2025-04-15,state,vic,,408,50.0,30.0,35.0,14.0,17.0,https://en.wikipedia.org/wiki/Opinion_polling_for_the_2025_Australian_federal_election,yes,ONP=4.0;2pp_L/NP=50.0
fed2025,RedBridge/Accent,2025-04-04,2025-04-15,state,vic,,478,49.0,30.0,40.0,13.0,17.0,https://en.wikipedia.org/wiki/Opinion_polling_for_the_2025_Australian_federal_election,yes,2pp_L/NP=51.0
fed2025,Newspoll,2025-03-27,2025-04-17,state,vic,,1263,53.0,33.0,38.0,13.0,11.0,https://en.wikipedia.org/wiki/Opinion_polling_for_the_2025_Australian_federal_election,yes,ONP=5.0;2pp_L/NP=47.0
fed2025,YouGov,2025-04-18,2025-04-22,state,vic,,381,52.0,31.0,35.0,17.0,10.0,https://en.wikipedia.org/wiki/Opinion_polling_for_the_2025_Australian_federal_election,yes,ONP=7.0;2pp_L/NP=48.0
fed2025,Spectre Strategy/Dynata,2025-04-24,2025-04-28,state,vic,,,49.0,31.0,35.0,13.0,11.0,https://en.wikipedia.org/wiki/Opinion_polling_for_the_2025_Australian_federal_election,yes,ONP=10.0;2pp_L/NP=51.0
fed2025,Resolve Strategic,2025-04-23,2025-04-28,state,vic,,507,52.0,29.0,33.0,16.0,6.0,https://en.wikipedia.org/wiki/Opinion_polling_for_the_2025_Australian_federal_election,yes,ONP=7.0;IND=9.0;2pp_L/NP=48.0
fed2025,RedBridge Group,2025-04-24,2025-04-29,state,vic,,255,53.0,32.0,35.0,15.0,18.0,https://en.wikipedia.org/wiki/Opinion_polling_for_the_2025_Australian_federal_election,yes,2pp_L/NP=47.0
fed2025,DemosAU,2025-04-27,2025-04-30,state,vic,,1029,53.0,31.0,32.0,12.0,16.0,https://en.wikipedia.org/wiki/Opinion_polling_for_the_2025_Australian_federal_election,yes,ONP=9.0;2pp_L/NP=47.0
fed2025,YouGov,2025-04-24,2025-05-01,state,vic,,800,52.0,29.0,31.0,15.0,17.0,https://en.wikipedia.org/wiki/Opinion_polling_for_the_2025_Australian_federal_election,yes,ONP=8.0;2pp_L/NP=48.0
fed2025,DemosAU,2024-10-30,2024-11-04,state,wa,,948,52.0,34.0,38.0,14.0,8.0,https://en.wikipedia.org/wiki/Opinion_polling_for_the_2025_Australian_federal_election,yes,ONP=6.0;2pp_L/NP=48.0
fed2025,Newspoll,2024-10-07,2024-12-06,state,wa,,376,54.0,38.0,37.0,11.0,9.0,https://en.wikipedia.org/wiki/Opinion_polling_for_the_2025_Australian_federal_election,yes,ONP=5.0;2pp_L/NP=46.0
fed2025,Resolve Strategic,2024-10-01,2024-12-08,state,wa,,460,50.0,30.0,37.0,12.0,16.0,https://en.wikipedia.org/wiki/Opinion_polling_for_the_2025_Australian_federal_election,yes,ONP=5.0;2pp_L/NP=50.0
fed2025,DemosAU,2025-03-04,2025-03-05,state,wa,,1126,52.0,36.0,38.0,11.0,9.0,https://en.wikipedia.org/wiki/Opinion_polling_for_the_2025_Australian_federal_election,yes,ONP=6.0;2pp_L/NP=48.0
fed2025,Newspoll,2025-01-20,2025-03-07,state,wa,,374,54.0,37.0,34.0,11.0,9.0,https://en.wikipedia.org/wiki/Opinion_polling_for_the_2025_Australian_federal_election,yes,ONP=9.0;2pp_L/NP=46.0
fed2025,YouGov,2025-03-07,2025-03-13,state,wa,,155,54.0,42.5,34.5,8.0,6.0,https://en.wikipedia.org/wiki/Opinion_polling_for_the_2025_Australian_federal_election,yes,ONP=9.0;2pp_L/NP=46.0
fed2025,Freshwater Strategy,2025-01-17,2025-03-15,state,wa,,318,52.0,33.0,35.0,15.0,17.0,https://en.wikipedia.org/wiki/Opinion_polling_for_the_2025_Australian_federal_election,yes,2pp_L/NP=48.0
fed2025,YouGov,2025-03-14,2025-03-19,state,wa,,111,54.0,43.0,34.0,8.0,6.0,https://en.wikipedia.org/wiki/Opinion_polling_for_the_2025_Australian_federal_election,yes,ONP=9.0;2pp_L/NP=46.0
fed2025,YouGov,2025-03-28,2025-04-03,state,wa,,166,49.0,30.0,36.0,12.0,13.0,https://en.wikipedia.org/wiki/Opinion_polling_for_the_2025_Australian_federal_election,yes,ONP=9.0;2pp_L/NP=51.0
fed2025,YouGov,2025-04-04,2025-04-10,state,wa,,144,56.0,39.0,29.0,8.0,13.0,https://en.wikipedia.org/wiki/Opinion_polling_for_the_2025_Australian_federal_election,yes,ONP=11.0;2pp_L/NP=44.0
fed2025,YouGov,2025-04-11,2025-04-15,state,wa,,128,57.0,37.0,27.0,12.0,10.0,https://en.wikipedia.org/wiki/Opinion_polling_for_the_2025_Australian_federal_election,yes,ONP=14.0;2pp_L/NP=43.0
fed2025,Newspoll,2025-03-27,2025-04-17,state,wa,,501,54.0,36.0,34.0,11.0,10.0,https://en.wikipedia.org/wiki/Opinion_polling_for_the_2025_Australian_federal_election,yes,ONP=9.0;2pp_L/NP=46.0
fed2025,YouGov,2025-04-18,2025-04-22,state,wa,,149,58.0,40.0,28.0,12.0,9.0,https://en.wikipedia.org/wiki/Opinion_polling_for_the_2025_Australian_federal_election,yes,ONP=11.0;2pp_L/NP=42.0
fed2025,Spectre Strategy/Dynata,2025-04-24,2025-04-28,state,wa,,,54.0,36.0,32.0,17.0,8.0,https://en.wikipedia.org/wiki/Opinion_polling_for_the_2025_Australian_federal_election,yes,ONP=7.0;2pp_L/NP=46.0
fed2025,DemosAU,2025-04-27,2025-04-30,state,wa,,409,56.0,34.0,31.0,15.0,9.0,https://en.wikipedia.org/wiki/Opinion_polling_for_the_2025_Australian_federal_election,yes,ONP=11.0;2pp_L/NP=44.0
fed2025,YouGov,2025-04-24,2025-05-01,state,wa,,287,50.0,32.0,35.0,15.0,6.0,https://en.wikipedia.org/wiki/Opinion_polling_for_the_2025_Australian_federal_election,yes,ONP=12.0;2pp_L/NP=50.0
