{"type":"Topology","arcs":[[[28596,15737],[-3,19],[7,25],[-1,25],[-15,30],[-5,24],[-2,30],[-11,0],[-9,-16],[-26,-19],[-11,-13],[-19,1],[-17,30],[-13,-41],[-15,9],[-25,29],[-7,14],[-3,26],[4,37],[-15,-1],[-11,-23],[-24,-12],[-20,-24],[-12,5],[-3,18],[11,32],[-7,46],[9,11],[15,3],[15,-8],[10,16],[-19,50],[-13,14],[-15,-7],[-6,-10],[-2,-29],[-12,-28],[-18,-7],[-4,-45],[-11,-9],[-15,11],[-3,-9],[4,-27],[-11,-7],[-27,28],[-20,2],[-10,10],[0,25],[14,24],[12,8],[3,15],[-7,11],[-26,-9],[-13,-11],[-9,-35],[-16,-14],[-22,9],[-14,29],[-7,2],[-15,-15],[0,-26],[8,-3],[25,-23],[6,-18],[-6,-32],[-18,-11],[-8,5],[-16,22],[-18,-7],[-23,20],[-19,-8],[-8,1],[-7,17],[0,26],[-4,48],[-11,-3],[10,-28],[-8,-30],[-7,-4],[-33,10],[-22,-6],[-17,25],[-3,29],[2,18],[-6,66],[1,26],[-3,15],[-14,26],[-12,5],[3,-48],[-3,-20],[-12,-11],[-13,3],[-18,34],[-7,-3],[-14,-20],[-9,9],[-25,62],[-12,5],[-9,-6],[-8,-16],[-22,-12],[-24,-33],[-15,-57],[-10,-8],[-13,1],[-18,28],[-17,10],[-16,-17],[-4,-22],[-7,-13],[-58,-44],[-26,-9],[-28,16],[-16,25],[-7,1],[-12,-18],[-2,-28],[-8,-23],[-9,1],[-13,23],[0,13],[10,26],[12,21],[-12,24],[-19,-2],[-14,-15],[-11,-18],[-11,-5],[-13,14],[-4,16],[0,23],[22,52],[12,18],[-4,20],[-21,2],[-9,9],[-9,21],[-25,16],[3,45],[-3,37],[-13,4],[-5,-13],[-13,1],[-9,38],[9,24],[13,-3],[12,14],[-2,31],[-20,46],[-13,12],[-3,22],[5,18],[25,12],[11,-6],[17,8],[1,19],[-10,17],[-38,-3]],[[27319,16514],[5,9],[82,826],[40,399],[51,517],[8,87],[45,452],[-15,3],[29,304],[-26,7],[3,39],[-13,3],[7,85],[-63,16],[24,246],[74,-18],[10,104],[6,50],[-55,15],[7,74],[55,-12],[13,127],[-74,17],[12,130],[97,-23],[16,150],[-73,21],[4,34],[38,-11],[8,69],[-11,21],[14,132],[9,7],[17,167],[12,-2],[4,49],[7,-2],[4,41],[19,-5],[6,62],[-13,7],[5,49],[-48,13],[7,84],[52,-14],[1,32],[5,43],[-28,6],[22,250],[48,-12],[28,276],[48,493],[18,200],[21,230],[28,312],[66,674],[-15,20],[-14,32],[-12,-8],[-7,-25],[-11,0],[-8,18],[-16,-9],[-2,-16],[-19,-18],[-5,12],[-2,33],[-17,-5],[-7,49],[-14,2],[-11,-14],[-4,18],[-25,3],[-12,-21],[-9,-2],[-11,-20],[-10,13],[-5,51],[-17,12],[-9,24],[-24,0],[-12,35],[-15,-1],[-6,-8],[-14,-1],[-22,-22],[-20,-30],[-18,-2],[-9,20],[-17,22],[-9,30],[-8,5],[18,31],[-5,10],[-12,3],[-5,23],[10,23],[-12,11],[5,25],[-13,30],[9,25],[12,9],[-6,20],[-11,-12],[-17,22],[-6,15],[-14,9],[-5,15],[-21,-15],[-10,-14],[-22,9],[-16,-16],[-23,8],[-5,33],[-11,11],[6,34],[11,35],[15,4],[17,-11],[21,16],[-12,13],[-4,31],[-17,-13],[-6,20],[-21,6],[-6,28],[27,18],[-2,18],[11,0],[6,16],[-1,15],[-13,26],[26,1],[2,12],[-19,30],[21,25],[11,-10],[2,-26],[21,-23],[9,8],[-6,33],[9,15],[-23,22],[0,29],[15,1],[-1,16],[10,18],[-10,25],[9,29],[8,2],[4,-23],[8,0],[0,25],[6,14],[14,7],[6,20],[-9,18],[-5,32],[4,20],[15,15],[10,-17],[13,-34],[32,13],[4,30],[-17,34],[-22,33],[10,19],[4,24],[13,31],[13,-4],[-10,-26],[6,-8],[16,8],[17,-5],[15,23],[7,3],[3,-23],[24,0],[-7,17],[1,12],[23,21],[9,0],[3,-21],[10,-20],[-4,-38],[5,-24],[21,15],[16,-8],[10,24],[10,3],[5,20],[-16,30],[-25,17],[-11,23],[-1,37],[24,2],[20,-29],[8,-4],[16,19],[-5,11],[-14,58],[19,17],[6,-19],[38,0],[-3,35],[-158,295],[-6,11],[15,163],[2,0],[10,102],[-24,6],[-12,17],[18,4],[15,33],[-9,15],[-18,0],[-13,10],[3,19],[7,3],[15,-8],[3,18],[13,15],[2,18],[-5,38],[3,8],[20,-3],[4,38],[57,613],[8,89],[36,-35],[33,14],[84,254],[-42,139],[-7,21],[56,176],[-36,74],[69,500],[-24,66],[27,152],[15,17],[28,-30],[40,110],[-6,12],[-60,15],[33,189],[347,-103],[44,105],[37,-40]],[[28458,27849],[221,-234],[49,115],[7,12],[171,410],[135,-144],[28,65],[39,-42],[52,-7],[2,-6],[161,-100],[-2,-20],[48,-11],[-6,-59],[101,-24],[-2,-30],[120,-28],[-2,-19],[74,-16],[160,-148],[201,-187],[307,-286],[340,-314],[3,-5],[338,-315],[10,0],[4,-12],[208,-192],[103,-95],[29,59],[5,3],[50,-11],[20,-8],[-13,-129]],[[31419,26071],[-3,-26],[-54,-75],[-89,-124],[-11,-12],[-12,-5],[-29,3],[-25,-14],[-20,-16],[-55,-35],[-32,-31],[-20,-15],[5,-11],[-48,-99],[-12,-11],[0,-25],[-18,-1],[-17,19],[-12,-5],[-16,12],[1,-20],[-7,-4],[-10,12],[-9,-6],[4,-37],[-13,3],[-4,19],[-27,-23],[-13,4],[-39,-6],[-59,9],[-23,-9],[-22,-18],[-158,-205],[-70,-86],[-68,-83],[-49,-55],[-52,-65],[-94,-116],[-47,-56],[-83,-105],[4,37],[-21,5],[-8,-74],[-135,-171],[-10,-20],[-39,-40],[-134,-171],[-16,-168],[151,-33],[-54,-577],[-63,16],[-21,-213],[-87,20],[-17,-173],[-32,-6],[-10,-92],[-44,-443],[56,-13],[4,-4],[20,-52],[0,-36],[32,-78],[34,-9],[-6,-62],[61,-151],[4,-17],[1,-34],[10,-5],[18,-28],[16,-16],[24,-49],[9,-53],[96,-221],[46,-105],[4,38],[210,-53],[-2,-22],[118,-30],[1,6],[171,-49],[3,2],[96,-22],[-3,-39],[26,-11],[2,18],[57,-15],[-3,-30],[33,-15],[0,-8],[27,-2],[220,-97],[6,-1],[351,-155],[-1,-1],[-13,-184],[-16,3],[-11,-112],[66,-15],[-7,-65],[32,-7],[18,-11],[5,6],[92,-19],[13,-32],[55,-17],[12,0],[54,-15],[114,-29],[104,-28],[71,-18],[13,-20],[97,-21],[9,93],[407,-102],[5,51],[89,-23],[14,136],[16,-4],[2,13],[36,-9],[1,4],[51,59],[8,77],[45,-8],[13,11],[171,204],[0,36],[14,-4],[-1,21],[37,-8],[25,32],[10,-1],[13,16],[10,0],[13,-10],[16,-22],[16,9],[6,64],[51,-13],[10,101],[-13,3],[18,191],[57,-15],[-2,-15],[71,-19],[56,61],[29,29],[5,-8],[40,21],[12,25],[-4,17],[10,25],[25,9],[21,47],[0,26],[16,15],[14,-8],[16,31],[21,4],[12,23],[28,39],[1,25],[-7,19],[7,11],[-6,27],[15,0],[30,14],[26,9],[23,3],[52,-22],[11,-20],[10,-2],[26,20],[19,-12],[9,-23],[17,11],[19,-17],[14,-5],[14,9],[8,-28],[7,-40],[11,-22],[19,-7],[20,-32],[14,1],[11,12],[14,-4],[13,4],[11,-14],[18,6],[15,-1],[18,-11],[19,-3],[12,50],[21,28],[4,30],[10,24],[30,21],[18,-24],[32,60],[24,32],[17,-40],[33,-26],[-6,-17],[-4,-62],[15,-29],[2,-14],[17,-10],[55,-40],[14,-21],[21,9],[6,9],[40,-5],[19,-23],[9,15],[15,7],[8,21],[10,-16],[13,6],[9,-5],[-2,-22],[11,-9],[16,-46],[23,-106],[26,-31],[64,27],[22,-38],[11,11],[20,-5],[9,-9],[4,-16],[24,2],[11,-19],[10,-50],[22,5],[11,-7],[9,8],[13,-15],[10,0],[2,21],[8,29],[7,9],[27,-2],[14,-40],[23,3],[8,-7],[23,-6],[17,-19],[33,-16],[15,-2],[14,-12],[6,-23],[13,-24],[7,-4],[19,9],[7,-10],[13,6],[22,-13],[7,-9],[25,-9],[15,0],[23,-28],[15,-7],[17,16],[26,-32],[2,-21],[14,0],[42,-74],[-5,-55],[32,11],[22,-20],[1,-11],[-18,-27],[17,-28],[0,-20],[-15,-25],[-5,-37],[-5,-18],[-6,-38],[21,-37],[2,-36],[-8,-17],[23,-27],[13,-20],[24,45],[-4,10],[1,38],[18,35],[16,11],[6,16],[5,41],[5,9],[23,13],[19,29],[12,42],[16,26],[13,7],[24,-11],[9,-20],[10,-33],[16,26],[15,-11],[14,12],[16,-5],[7,23],[28,55],[39,-13],[26,4],[9,-30],[30,-24],[22,-34],[75,-64],[15,3],[25,-8],[-2,30],[3,22],[24,53],[3,32],[11,30],[29,17],[3,61],[4,7],[-7,56],[-12,7],[-1,26],[11,54],[16,15],[17,10],[66,101],[8,33],[-26,56],[9,23],[12,13],[10,25],[9,9],[5,-18],[12,4],[13,-38],[9,-13],[-3,-29],[18,-7],[6,-13],[14,11],[4,-19],[16,4],[33,-17],[7,-25],[14,8],[13,-21],[12,-4],[14,-32],[-1,-14],[4,-29],[18,-15],[7,-17],[24,-13],[12,4],[8,-27],[-3,-14],[4,-27],[20,-5],[35,15],[12,-7],[14,-28],[6,-26],[17,-23],[4,-17],[24,5],[7,-35],[16,-3],[17,-15],[-1,-22],[7,-23],[14,-11],[17,-36],[4,-23],[34,-19],[16,-15],[10,4],[15,-6],[16,-13],[6,-22],[15,4],[21,-14],[17,13],[9,-2],[16,33],[10,8],[4,14],[22,23],[24,0],[30,-18],[17,-31],[10,-12],[33,-16],[12,-12],[21,-40],[39,-38],[9,-24],[24,241],[291,-74],[11,16],[6,21],[-1,29],[-9,6],[-14,35],[103,-26],[-6,-26],[-4,-34],[-2,-45],[5,-15],[140,-30],[-2,-23],[55,-14],[13,-5],[4,45],[7,-26],[10,-7],[62,-20],[4,29],[25,-6],[1,7],[128,-35],[-1,-6],[57,-15],[10,104],[82,-21],[7,66],[162,-39],[-10,-96],[114,-27],[19,-19],[1,-24],[10,-8],[23,18],[5,-26],[-7,-43],[-10,-24],[80,-21],[1,10],[119,-30],[8,-4],[40,35],[16,-16],[25,5],[14,-32],[6,-2],[10,19],[17,-2],[13,11],[22,-2],[16,15],[11,-3],[-3,-20],[12,-4],[22,9],[22,-19],[15,2],[8,-23],[19,2],[-1,27],[17,30],[8,-2],[1,21],[15,8],[11,-27],[20,22],[17,4],[16,16],[26,-14],[13,14],[13,4],[8,13],[10,-16],[12,14],[14,34],[28,-8],[11,8],[11,14],[22,-19],[8,11],[-2,13],[68,-17],[0,5],[118,-31],[-6,-60],[-17,-53],[2,-23],[17,-64],[3,-36],[-3,-25],[-15,-30],[-3,-30],[2,-18],[23,-37],[-3,-45],[8,-38],[-2,-33],[-15,-34],[22,-5],[22,55],[-1,37],[22,6],[15,14],[33,3],[15,-11],[20,-22],[5,-16],[18,6],[24,35],[16,15],[22,-6],[7,-35],[1,-39],[9,-32],[-1,-17],[9,-13],[6,-24],[14,-27],[-3,-26],[1,-67],[-5,-33],[23,-83],[5,-34],[15,-32],[4,-27],[-18,-7],[-28,12],[-1,-15],[8,-27],[4,-48],[-27,-17],[-3,-16],[13,-48],[35,-56],[-10,-42],[0,-36],[-5,-44],[5,-11],[18,-5],[0,-24],[16,-16],[19,0],[6,-7],[-4,-38],[7,-31],[11,-2],[118,5],[9,-11],[6,-50],[7,-8],[16,2],[19,11],[14,-12],[26,-74],[8,-11],[42,-13],[8,-15],[4,-76],[-4,-11],[0,-27],[-5,-27],[26,-48],[16,-9],[9,4],[10,33],[39,-11],[18,24],[16,3],[23,13],[7,10],[4,31],[6,16],[15,9],[7,20],[15,17],[11,-17],[17,-19],[116,-32],[-13,10],[-11,16],[2,40],[-4,29],[7,42],[13,26],[0,14],[-21,46],[-21,8],[-19,28],[2,16],[95,-28],[-10,-96],[53,-15],[19,177],[9,-5],[17,20],[10,22],[28,22],[29,12],[14,2],[18,-8],[16,11],[20,-6],[7,3],[14,25],[11,-1],[1,-17],[-9,-27],[12,-23],[0,-20],[-6,-16],[-15,-17],[-1,-8],[23,-15],[4,-37],[-20,-44],[-3,-23],[6,-19],[12,-10],[18,2],[9,-24],[-8,-23],[3,-19],[21,-12],[20,-26],[4,-12],[-7,-24],[-10,-11],[-27,-14],[-8,-13],[-1,-20],[10,-4],[16,8],[19,31],[16,-5],[4,-20],[-3,-20],[5,-13],[15,-11],[11,-38],[-6,-53],[-16,-44],[-9,-36],[5,-22],[18,-14],[24,8],[-9,-75],[10,-16],[26,10],[21,-3],[3,-23],[-11,-7],[1,-20],[15,-40],[12,-26],[19,6],[13,16],[9,-9],[11,2],[6,-11],[-2,-24],[7,-13],[2,-26],[16,-13],[15,-1],[0,-32],[11,-11],[5,16],[22,-5],[6,-8],[-2,-38],[12,-11],[5,-27],[13,-1],[1,-25],[15,-5],[8,-21],[8,2],[9,18],[21,-26],[9,-4],[12,-30],[17,-7],[-1,-13],[-9,-14],[9,-14],[10,9],[28,10],[22,-22],[14,-36],[5,-28],[14,-24],[1,-35],[-5,-26],[10,-23],[5,27],[21,-20],[5,-13],[28,8],[15,-17],[24,-6],[4,40],[16,16],[0,21],[6,6],[19,-19],[9,-21],[26,-19],[16,-33],[9,-8],[18,6],[35,-25]],[[41251,18069],[0,-62],[12,-19],[-27,-28],[-17,-9],[-17,-17],[-1,-12],[-16,-39],[3,-16],[-5,-19],[-15,-26],[-8,-40],[4,-38],[-8,-65],[-1,-18],[-8,-5],[-6,-31],[-8,-1],[-3,-17],[11,-24],[6,-5],[4,-38],[-3,-7],[2,-63],[-12,0],[-15,-19],[-1,-13],[4,-41],[-7,-30],[-13,-21],[-14,-39],[0,-36],[3,-13],[-8,-34],[-5,-42],[6,-17],[18,-9],[11,-14],[1,-25],[15,-10],[20,-3],[24,6],[40,-22],[7,-19],[41,-59],[7,-35],[-10,-26],[-2,-20],[5,-22],[-4,-32],[-1,-105],[-5,-13],[-4,-34],[12,-14],[16,-27],[41,3],[9,-9],[10,-37],[18,-29],[-4,-33],[38,-35],[-1,-55],[4,-19],[19,-30],[20,-18],[22,1],[22,-11],[8,-15],[17,-12],[3,-55],[11,-26],[15,-5],[19,-20],[25,-13],[13,-27],[13,-37],[13,-6],[8,-12],[1,-27],[-11,-14],[-6,-18],[11,-23],[18,7],[35,-8],[29,0],[10,-6],[21,17],[12,-7],[7,-18],[11,-38],[-9,-25],[-1,-57],[-4,-29],[-6,-5],[4,-27],[9,-8],[2,-41],[-15,-38],[-7,-82],[1,-33],[-10,-14],[-4,-28],[11,-31],[15,-50],[15,-30],[0,-42],[4,-13],[22,-55],[18,-12],[6,-29],[-5,-30],[-15,-26],[0,-28],[-10,-22],[-21,-34],[-33,-24],[-9,-23],[28,-38],[19,-6],[18,-29],[6,-23],[-1,-33],[-25,-61],[1,-41],[-7,-5],[-16,9],[-18,-14],[-16,7],[-9,27],[-65,33],[-32,39],[-27,70],[-8,14],[-21,-25],[-40,26],[-11,2],[-119,-136],[-19,0],[-9,21],[-23,-23],[-8,-39],[-21,-21],[3,-37],[8,-26],[0,-16],[-34,-28],[-9,-14],[-2,-15],[-12,-10],[-16,1],[-26,16],[-7,-7],[-4,-35],[-12,-23],[-15,-17],[-1,-18],[20,-34],[3,-19],[-2,-31],[3,-16],[-8,-24],[10,-11],[7,-40],[6,-10],[-17,-38],[-28,-8],[-22,-73],[-12,-59],[-8,-5],[-3,-18],[-14,-49],[-8,-43],[-36,-25],[-22,-9],[-11,-19],[15,-10],[21,-22],[11,-19],[6,-23],[3,-29],[-4,-29],[-2,-57],[-9,-42],[-4,-38],[-15,-7],[-23,0],[-12,-13],[-6,-54],[1,-25],[6,-24],[0,-20],[-9,-48],[21,-65],[0,-51],[-4,-30],[12,-24],[21,-19],[7,-17],[-5,-39],[0,-66],[-7,-28],[-2,-25],[-6,-28],[-15,-39],[-13,-21],[-12,-3],[-20,14],[-24,-22],[-5,-19],[-11,-18],[-11,-37],[0,-35],[-5,-44],[-6,-12],[-21,-2],[-5,-29],[-14,-20],[-4,-23],[-25,-51],[-10,-1],[-20,25],[-29,-8],[-17,-10],[-30,31],[-19,-2],[-8,-17],[-2,-41],[-5,-29],[-12,-30],[0,-26],[24,-34],[7,-21],[0,-37],[-5,-18],[-3,-35],[-6,-11],[0,-40],[5,-25],[2,-36],[-14,-14],[-12,9],[-6,-35],[-9,-14],[4,-15],[-1,-40],[6,-45],[-33,-14],[-23,-1],[-5,-17],[1,-20],[-12,-41],[-5,-4],[7,-38],[-8,-20],[-5,-28],[-8,-16],[-26,-13],[-1,-35],[-5,-24],[-13,-14],[-1,-24],[-21,-19],[-13,-17],[-11,22],[-12,-7],[-7,-37],[3,-24],[-6,-50],[-10,-31],[-16,-16],[-22,-6],[-22,-31],[-14,-38],[0,-14],[-26,17],[-19,-13],[-12,-30],[-3,-64],[-10,-25],[-17,-14],[-21,-32],[-24,-18],[-12,-4],[-9,8],[-4,-57],[-13,-40],[-22,-25],[-4,-39],[-32,-92],[-11,-36],[0,-16],[-8,-11],[-2,-32],[-6,-34],[-12,-31],[-10,-36],[-10,-11],[-5,-42],[23,-17],[26,0],[9,-11],[0,-31],[-12,-15],[-6,-29],[9,-28],[-13,-19],[5,-44],[-4,-19],[4,-12],[4,-45],[-30,4],[-10,-17],[-2,-35],[-17,-43],[-7,-63],[-7,-16],[9,-28],[-11,-14],[-32,-4],[-7,-9],[-7,-44],[-9,-37],[4,-19],[16,-25],[21,-23],[7,-27],[9,-15],[16,-44],[4,-40],[-7,-29],[-14,-34],[-32,-64],[-6,-29],[5,-23],[13,-14],[36,-20],[46,-6],[10,-19],[-3,-40],[7,-49],[7,-9],[28,-6],[5,-6],[13,-35],[25,-31],[14,-20],[12,-30],[9,-32],[24,-67],[2,-40],[7,-29],[12,-24],[13,-15],[38,-30],[14,-20],[-23,-16],[-19,-21],[-5,-19],[1,-20],[7,-74],[-10,-2],[-41,13],[-29,-7],[-18,-36],[-9,-13],[-36,-36],[-17,-14],[-15,-5],[-38,16],[-12,-8],[-12,1],[-14,14],[-9,0],[-13,-21],[-12,-52],[-15,-19],[-3,-23],[3,-16],[-5,-32],[-1,-31],[-7,-23],[-1,-33],[-6,-26],[-2,-64],[-3,-23],[-8,-24],[-9,-10],[-1,-40],[-9,-19],[2,-18],[-10,-31],[9,-12],[14,5],[20,-33],[-3,-9],[10,-21],[9,-90],[9,-19],[7,-35],[-5,-42],[7,-9],[1,-27],[7,-2],[-17,-155],[-34,9],[-5,-6],[-18,4],[-15,-16],[-1,-97],[-4,-29],[-10,-33],[1,-27],[21,-34],[5,-23],[-10,-23],[-6,-26],[-15,-28],[-8,-22],[-3,-23],[1,-30],[-2,-24],[-5,-9],[-45,-11],[-27,-23],[-42,-22],[-13,-15],[-8,-21],[6,-28],[-5,-27],[3,-24],[-5,-19],[-12,-23],[-18,-52],[-3,-79],[8,-58],[-6,-27],[-5,-44],[1,-25],[7,-22],[0,-20],[-8,-13]],[[39770,7558],[-32,25],[-17,-22],[-12,-35],[-20,-30],[-20,-5],[-5,38],[-5,6],[1,24],[-7,24],[-11,-7],[-22,12],[-13,13],[-7,18],[-17,-1],[-14,-19],[-16,27],[-7,-9],[-10,1],[-12,31],[-22,-28],[-19,5],[2,-19],[-26,-19],[-31,10],[-24,-1],[1,-17],[-16,-2],[-9,11],[-20,-10],[2,-39],[-3,-13],[-22,2],[-12,-51],[-12,12],[-1,12],[-12,17],[-11,2],[-2,17],[-24,-4],[-5,17],[14,12],[-10,12],[-6,30],[-6,3],[-8,33],[-9,-4],[-10,13],[-10,-15],[-11,44],[5,5],[16,-22],[11,9],[10,35],[-4,46],[23,41],[-2,14],[12,15],[2,28],[10,34],[17,27],[19,0],[12,10],[7,35],[12,9],[-1,16],[-25,-5],[-5,11],[8,28],[27,27],[12,3],[9,31],[11,-13],[6,6],[3,41],[-7,20],[14,15],[12,46],[-6,21],[-12,5],[-14,17],[18,38],[11,-10],[17,6],[10,29],[11,11],[6,35],[10,22],[14,14],[4,23],[14,1],[16,-7],[22,35],[16,13],[4,9],[-1,32],[10,9],[10,-2],[11,-28],[7,0],[12,23],[5,19],[5,72],[6,16],[22,25],[16,24],[2,33],[22,20],[22,44],[-19,5],[9,19],[-13,6],[1,22],[24,46],[1,38],[33,28],[16,-1],[5,25],[-17,24],[7,38],[32,26],[-15,40],[17,23],[-5,18],[6,14],[14,-3],[9,26],[17,8],[2,28],[-9,9],[-3,15],[12,25],[2,35],[20,1],[1,16],[-13,13],[-9,46],[9,-1],[9,-15],[8,40],[-1,20],[15,13],[9,20],[-5,22],[-1,44],[-7,9],[-12,-14],[-10,1],[3,18],[8,18],[-14,13],[-2,16],[6,29],[-20,-14],[-36,-2],[-8,10],[4,18],[18,19],[6,-22],[13,7],[6,35],[11,13],[9,0],[3,19],[-14,17],[-1,12],[13,5],[12,15],[-22,33],[-12,6],[1,18],[-11,9],[-15,-12],[-14,23],[-3,31],[14,17],[-14,8],[-8,-18],[-9,4],[-21,23],[-11,-5],[-26,17],[-3,25],[2,24],[7,23],[-8,12],[-23,-21],[-21,-4],[-9,-12],[-9,3],[-9,21],[-8,3],[-19,-10],[-7,15],[-2,28],[-5,8],[-18,-7],[-1,-25],[-5,-17],[-11,-12],[-13,-4],[-1,19],[5,10],[7,34],[-2,15],[-30,8],[11,58],[-1,7],[-22,23],[-16,27],[-5,24],[-9,2],[1,-29],[-13,-21],[-33,-23],[-18,0],[-12,-22],[-13,5],[-3,17],[3,21],[-9,16],[-3,28],[-37,89],[10,30],[16,23],[-2,48],[26,20],[4,16],[-5,14],[3,28],[15,14],[-1,19],[19,59],[-17,45],[-9,12],[-18,42],[-11,34],[-8,39],[-3,51],[3,21],[-16,21],[2,16],[-26,30],[-20,14],[8,9],[5,33],[21,20],[14,40],[0,14],[-36,19],[23,23],[5,12],[1,25],[-9,24],[3,23],[-8,17],[12,66],[-5,20],[-13,18],[-18,2],[-14,22],[-28,22],[-12,-1],[-16,9],[-21,-9],[-14,17],[-9,1],[-25,21],[-21,8],[-8,8],[1,40],[-6,38],[4,13],[-4,52],[8,12],[-8,58],[-5,8],[-18,12],[-7,42],[-11,10],[-1,15],[6,20],[-20,36],[-20,9],[-8,-1],[-8,12],[-16,-1],[-24,14],[-12,-4],[-13,20],[-8,27],[-11,21],[-1,12],[20,19],[-5,18],[5,21],[-3,26],[-27,20],[-18,-1],[-15,29],[-2,57],[-22,-14],[-22,10],[-7,19],[4,17],[15,23],[23,28],[1,20],[-18,10],[-20,18],[2,9],[20,17],[6,24],[-15,14],[-1,12],[14,23],[2,17],[13,2],[0,14],[-20,-11],[-23,-3],[-1,14],[14,30],[12,37],[-2,30],[14,36],[21,-22],[2,16],[-8,20],[-11,10],[8,20],[8,6],[-3,26],[14,33],[2,16],[17,8],[2,15],[-9,17],[6,33],[12,13],[-2,14],[-16,27],[-5,17],[-2,38],[4,15],[19,11],[15,3],[4,21],[-3,20],[-19,20],[-9,-5],[-10,-16],[-12,-4],[-12,6],[3,13],[-6,22],[-18,20],[-18,-13],[-11,4],[-16,36],[8,39],[9,21],[14,-9],[11,21],[-10,51],[-19,40],[-10,43],[19,-15],[5,17],[-8,26],[7,11],[-7,16],[8,15],[-3,11],[-15,-10],[-15,26],[8,34],[-14,43],[12,24],[-12,51],[6,19],[-3,14],[15,7],[1,15],[15,14],[-4,37],[-11,21],[-10,9],[8,29],[-10,27],[-9,11],[-9,-1],[-11,25],[6,15],[-5,17],[21,32],[13,3],[-7,33],[5,44],[-16,9],[-1,36],[-11,13],[-1,13],[-15,10],[-4,27],[7,19],[8,-12],[15,42],[8,11],[1,20],[11,-1],[11,24],[8,5],[-10,34],[2,11],[15,7],[4,18],[-6,36],[-7,16],[4,46],[-14,-2],[-8,24],[9,7],[-9,22],[-17,-3],[2,14],[-13,11],[-4,31],[-22,-6],[-5,7],[6,20],[-5,8],[-1,27],[-11,10],[4,21],[-7,31],[1,18],[8,14],[8,-18],[9,15],[-5,21],[-10,10],[8,31],[7,4],[14,-7],[3,25],[9,20],[15,-2],[4,22],[-19,15],[-21,-7],[-14,27],[-3,33],[-9,26],[34,-16],[1,21],[13,19],[5,20],[8,-26],[9,-2],[2,22],[-8,24],[7,14],[-4,24],[16,27],[-1,14],[-16,-6],[-4,-12],[-14,1],[-7,-19],[-13,11],[3,17],[-15,16],[-11,1],[-11,-20],[-10,2],[-7,24],[-14,2],[-11,18],[-13,-19],[-8,34],[-11,-19],[5,-12],[-7,-19],[-19,6],[-13,51],[7,29],[-3,18],[-14,16],[-5,20],[8,30],[-7,11],[-14,-10],[-12,19],[-14,-1],[-8,25],[25,21],[-13,15],[4,10],[17,-4],[3,18],[-20,-10],[-7,9],[1,28],[-7,18],[6,15],[17,5],[1,23],[-10,17],[21,10],[-11,16],[7,25],[-17,1],[1,12],[10,17],[-3,23],[-10,7],[-2,-24],[-8,4],[-2,22],[13,11],[-6,14],[-18,-10],[-15,7],[1,12],[-11,6],[-14,25],[-9,1],[-2,23],[17,17],[4,18],[-11,15],[-4,31],[8,10],[21,-20],[11,13],[-1,33],[17,-1],[5,16],[-12,17],[8,18],[-14,5],[7,42],[21,6],[-17,18],[16,12],[10,15],[8,26],[10,7],[-8,15],[-4,19],[4,24],[-6,25],[5,32],[11,10],[-9,11],[-10,-23],[-20,-6],[-6,-14],[5,-22],[-9,-6],[-10,14],[-8,-13],[-8,17],[-1,15],[7,22],[-11,11],[-6,15],[4,13],[13,-8],[3,15],[-19,0],[-12,-19],[-9,35],[-2,-43],[-9,-13],[-18,-3],[-9,6],[-1,17],[6,16],[-6,30],[-10,-24],[-12,-8],[-13,5],[-6,-9],[5,-21],[-14,-10],[-21,13],[-6,16],[-14,-2],[-2,14],[14,4],[1,17],[-22,-10],[-14,-22],[-15,4],[-4,-27],[-12,4],[-16,-5],[-6,27],[-17,1],[-13,13],[-2,-44],[-20,-11],[-18,36],[-32,15],[-7,10],[10,44],[-8,12],[6,15],[20,-1],[12,-11],[5,13],[-14,12],[-10,33],[-18,20],[-15,2],[-18,14],[-16,-8],[-16,13],[1,22],[11,5],[3,21],[-22,5],[10,21],[16,-1],[2,12],[-14,5],[0,24],[20,60],[-12,10],[-5,13],[13,36],[-11,37],[-15,-11],[-17,15],[5,13],[9,4],[15,18],[-5,29],[-28,-6],[-15,7],[-15,29],[-38,-4],[14,-14],[7,-17],[-3,-31],[-15,-10],[-10,14],[-30,9],[-22,-12],[8,-21],[-18,-11],[-6,12],[-2,23],[3,20],[-14,11],[-21,31],[-16,18],[-9,-22],[-9,-5],[-7,13],[0,18],[-10,10],[-9,-3],[-12,-26],[-8,5],[1,40],[-14,10],[-7,-15],[-15,-6],[-16,2],[-14,-6],[-5,11],[4,25],[-8,25],[10,0],[12,12],[-5,13],[-26,-1],[-18,-8],[-5,24],[-7,-3],[2,-38],[-44,51],[-6,-9],[-34,8],[-9,-9],[-13,15],[-6,-8],[-18,-2],[-17,18],[-7,22],[15,34],[-14,13],[-7,15],[-5,31],[-30,24],[-20,-2],[-32,15],[-15,-6],[-13,-21],[-17,-10],[-28,17],[-20,-10],[-3,-15],[-11,-7],[-9,11],[-12,27],[-13,4],[-11,-7],[-9,8],[-3,18],[7,19],[12,8],[19,5],[-4,13],[-52,-1],[-14,17],[-7,18],[-11,8],[-15,-11],[-30,-17],[-10,-1],[-35,11],[-15,16],[-29,40],[-14,26],[-12,14],[-16,5],[-24,2],[-15,15],[-7,13],[-3,20],[6,27],[-1,14],[-25,45],[-11,46],[-16,16],[-27,-19],[-15,-22],[-26,-29],[-27,-24],[-25,-14],[-37,-62],[-23,-2],[-9,4],[-10,19],[-43,-13],[-20,5],[-40,-10],[-38,-20],[-25,-42],[-2,-34],[-14,-52],[1,-21],[-7,-18],[-10,-11],[-14,-5],[-15,-13],[-32,-10],[-8,-16],[-21,-11],[-30,-42],[-27,-25],[-24,-35],[-27,-19],[-21,28],[1,32],[4,11],[-20,29],[-35,1],[-14,6],[-16,14],[-8,-2],[-12,-20],[4,-26],[-6,-23],[-19,-7],[-10,12],[-3,15],[6,25],[-4,10],[-14,3],[-22,-9],[-12,5],[-2,13],[16,21],[-12,7],[-18,-34],[-21,6],[-26,15],[-11,18],[-11,4],[-3,-19],[2,-26],[17,-17],[-3,-18],[-16,-14],[-4,-11],[-1,-39],[4,-6],[41,41],[10,18],[11,7],[16,-17],[16,-47],[20,8],[13,-4],[51,5],[13,-21],[7,-53],[-1,-11],[-23,-30],[-15,-12],[-42,-19],[-18,-38],[-25,-40],[-35,-49],[-18,-9],[-17,8],[-6,18],[-4,34],[-7,16],[-21,9],[-24,23],[-39,47],[-12,28],[-14,8],[-20,-9],[-6,7],[-8,35],[4,22],[-6,25],[-13,9],[-10,21],[16,41],[8,9],[7,35],[12,17],[15,15],[-1,19],[-11,20],[-38,27],[-7,-1],[-16,-36],[-7,5],[-21,41],[-1,29],[-11,29],[-22,19],[-8,16],[-6,29],[-25,33],[-15,-6],[-15,-48],[-25,1],[-16,-6],[-1,25],[-7,10],[-5,32],[-12,-9],[-32,3],[-14,-6],[-24,-3],[-30,-35],[-3,-16],[-20,-28],[9,-67],[-15,-27],[-15,-5],[-14,6],[-17,18],[-9,29],[-8,5],[-10,-7],[-24,21],[-4,11],[-23,1],[-10,14],[-25,14],[-15,16],[-23,2],[-12,17],[-21,-12],[-19,0],[-7,12],[-1,21],[-14,17],[-13,-11],[-15,-21],[-12,-6],[-9,-22],[-10,0],[-8,15],[-11,-20],[2,-16],[12,-32],[-7,-23],[-17,-8],[-7,-22],[10,-9],[21,9],[8,-15],[-8,-21],[-15,-2],[-10,-9],[3,-27],[18,-37],[2,-11],[-4,-37],[-38,18],[-6,-1],[-42,-43],[2,-11],[-12,-25],[3,-28],[-22,0],[-21,-30],[-4,-15],[-31,-27],[-14,-24],[-3,-32],[-24,-65],[1,-19],[8,-11],[4,-18],[-1,-45],[-3,-11],[-14,-6],[-20,-26],[-17,-60],[3,-24],[-1,-36],[16,-33],[15,-13],[7,-22],[-4,-18],[-15,-21],[-15,-33],[-16,-50],[-13,-18],[-42,-25],[-13,-19],[-7,-50],[-6,-20],[-17,-16],[-9,-16],[-16,-10],[-5,-22],[-15,1],[-2,21],[3,36],[-15,15],[-15,8],[-9,-15],[18,-22],[6,-17],[-1,-18],[-14,-19],[-9,2],[-9,20],[-15,22],[-1,39],[-18,19],[-7,23],[15,13],[-4,12],[-13,-5],[-8,26],[-15,-14],[-6,20],[-22,10],[-10,11],[-18,-8],[-6,15],[-4,27],[-16,-5],[-13,-33],[-48,23],[-21,15],[-23,4],[-17,-10],[-41,-14],[-15,0],[-38,29],[-7,3],[-18,-50],[-5,-4],[-30,14],[-5,-4],[-31,-56],[-13,-9],[-19,3],[-29,18],[-44,-36],[-16,2],[-48,64],[-9,-12],[-13,6],[-22,23],[-3,15],[3,29],[-20,-2],[-38,28],[-46,29],[-11,17],[-15,8],[-14,-3],[-13,-28],[-12,-16],[-11,-6],[-23,34],[-8,6],[-7,-19],[-4,-22],[-11,-22],[-8,3],[-6,20],[10,33],[0,14],[-9,18],[-13,12],[-19,-1],[-36,54],[0,40],[-16,13],[-3,18],[5,15],[0,47],[-17,27],[10,25],[-2,12],[-17,8],[-3,12],[12,22],[0,23],[-11,18],[10,18],[-14,8],[-5,-50],[-9,-11],[-16,23],[-19,-22],[1,-16],[11,-18],[5,-30],[-2,-12],[-15,-8],[-10,5],[-24,35],[-6,-17],[1,-19],[21,-11],[-3,-32],[-9,-9],[-16,23],[-16,-3],[-23,9],[1,-23],[33,7],[11,-18],[0,-33],[-9,-25],[-20,-13],[-5,23],[0,22],[-15,-2],[5,-25],[-6,-46],[10,-14],[2,-16],[-9,-28],[-9,-2],[-13,20],[-9,-12],[3,-15],[31,-29],[26,-7],[1,-22],[-16,-16],[-3,-34],[-19,4],[2,-21],[10,-8],[4,-14],[-3,-18],[-8,-25],[-16,-4],[-3,33],[-13,-1],[1,-28],[16,-20],[7,-18],[-2,-27],[-16,2],[-5,31],[-10,0],[-6,-32],[-6,-7],[-14,9],[-10,-11],[-13,-2],[0,-15],[20,0],[1,-15],[-24,3],[-9,-12],[1,-17],[-7,-16],[-10,-6],[-7,-34],[-16,7],[-13,31],[-6,0],[-10,-39],[6,-32],[-4,-15],[-13,3],[-6,31],[-10,-13],[-11,-79],[7,-40],[12,-28],[0,-23],[-12,-18],[-17,-16],[10,-28],[-10,-19],[-25,0],[-5,-5],[-1,-30],[-10,-57],[28,-13],[1,-15],[-15,-70],[-14,4],[-9,39],[-29,-2],[-10,-17],[7,-28],[-13,-30],[-21,-22],[-8,-19],[-16,6],[-2,36],[-9,23],[-23,36],[-8,35],[-11,24],[-14,9],[-11,-13],[-3,-25],[2,-17],[-4,-18],[-11,-5],[-11,18],[-1,16],[11,35],[-11,29],[-1,25],[4,16],[14,26],[-1,15],[-22,17],[-17,-16],[-11,1],[-5,15],[12,31],[-3,12],[-23,0],[-14,-28],[-13,-8],[-37,15],[-17,-13],[-11,-22],[-15,-51],[-19,-8],[-13,21],[-10,50],[-1,31],[-6,1],[-15,31],[-7,1],[-17,-18],[-9,1],[-14,34],[-7,-17],[-15,6],[-3,21],[-13,15],[-7,-11],[7,-24],[11,-22],[-2,-18],[-21,-36],[7,-19],[11,-5],[1,-14],[-15,-9],[-20,4],[-9,-21],[8,-39],[-2,-24],[-15,-10],[-2,-19],[4,-39],[14,-15],[3,-30],[-12,-19],[-12,-5],[-13,-25],[-11,-5],[-10,6],[-15,25],[-33,25],[-2,17],[-26,35],[-3,36],[12,32],[-5,18],[-13,7],[-11,-6],[-14,-25],[-2,-16],[16,-18],[4,-42],[-10,-16],[-10,-1],[-22,7],[-5,-33],[-10,-15],[-8,-2],[-31,16],[-10,18],[-3,27],[6,5],[30,4],[2,17],[-15,21],[-5,34],[-12,10],[-15,-2],[-3,12],[15,57],[-3,27],[-12,16],[-2,15],[22,21],[-10,12],[-18,8],[-9,-6],[-4,-15],[-12,-9],[-12,2],[-26,-25],[-13,0],[-15,11],[-27,-5],[-20,49],[-2,31],[-13,33],[-7,35],[-8,-1],[-35,9],[-6,-14],[11,-27],[-7,-16],[-13,0],[-13,17],[7,22],[-7,9],[-10,-11],[-8,-29],[3,-10],[15,-10],[6,-24],[-6,-21],[-19,-16],[-12,1],[-14,12],[-8,-7],[-9,-23],[-12,1],[-15,24],[-15,-1],[-20,24],[-7,0],[-12,-41],[-6,-6],[-15,6],[-10,-7],[-15,-23],[-23,21],[-2,24],[6,23],[11,11],[16,35],[-1,17],[-16,4],[-3,15],[12,24],[-1,18],[-12,13],[-16,-28],[-22,-25],[-10,19],[0,26],[6,9],[14,6],[-9,17],[-13,-9],[-9,10],[9,36],[-19,17],[-23,11],[-15,32],[0,32],[-6,0],[-5,-20],[-11,-14],[-14,11],[-11,0],[-11,-30],[3,-15],[22,-4],[2,-22],[-13,-11],[-10,0],[-14,17],[-26,-9],[-1,19],[10,17],[-5,18],[-20,0],[-11,-6],[-6,-16],[10,-9],[3,-15],[-16,-10],[-20,49],[-29,20],[-16,-11],[-5,7],[-4,30],[-9,-8],[-1,-25],[-8,-10],[-20,17],[-1,24],[15,26],[-8,18],[-12,-8],[-13,9],[-5,-13],[14,-23],[-5,-18],[-25,2],[16,-20],[-12,-24],[-18,-8],[-14,11],[-5,20],[5,60],[15,25],[-1,16],[5,38],[10,26],[-6,17],[-9,-1],[-12,-17],[-6,-30],[-14,-20],[-15,10],[-7,16],[-9,-1],[-17,-29],[-6,4],[-9,21],[-15,13],[2,49],[6,20],[14,10],[3,14],[-11,12],[-4,41],[-14,-2],[-8,18],[7,23],[18,8],[-3,24],[-9,6],[-19,-32],[-30,-21],[-16,5],[-13,19],[-23,-29],[-16,0],[-8,-12],[1,-21],[10,-19],[-11,-19],[-12,0],[-14,20],[-23,3],[-15,27],[-21,-2],[-13,11],[-7,-13],[11,-13],[16,1],[6,-17],[-13,-28],[-15,-18],[0,-18],[-10,-8],[-13,5],[-18,17],[-14,49],[0,15],[16,27],[-5,14],[-21,-10],[-13,6],[3,25],[27,10],[6,15],[-5,16],[-14,15],[-23,1],[-6,-8],[-7,-36],[-7,2],[-13,36],[-1,23],[4,18],[-6,9],[-11,-10],[-4,-14],[7,-44],[11,-17],[8,-24],[-24,-12],[-9,1],[-10,27],[-12,5],[-19,-5],[-9,19],[17,25],[-10,13],[-15,-8],[-16,13],[-3,24],[10,13],[21,-8],[11,3],[5,12],[-5,28],[-29,-11],[-16,16],[-3,26],[9,35],[-12,6],[-19,-7],[-8,14],[-2,19],[-10,4],[-1,-16],[6,-21],[-5,-18],[-8,1],[-12,28],[-13,18],[-22,10],[-5,18],[17,21],[-5,12],[-17,-9],[-14,11],[-4,27],[-9,0],[-6,-21],[-11,-10],[-8,12],[10,34],[-10,14],[-16,-2],[-9,-27],[-7,0],[-10,21],[3,32],[-5,16],[-17,9],[-7,11],[-2,22],[42,35],[-2,21],[-14,-2],[-8,6],[1,17],[10,12],[21,9],[10,13],[-21,17],[-13,16],[-10,3],[-15,-23],[-8,0],[-13,14],[-9,-23],[-12,4],[-5,47],[-18,-31],[-9,-7],[-29,3],[-13,-10],[-18,-3],[3,-30],[15,-37],[-3,-18],[-14,-7],[-21,13],[-10,29],[-13,16],[-35,-9],[-8,14],[1,24],[-11,7],[-22,-19],[-3,15],[6,34],[17,17],[-14,20],[-25,-25],[0,-20],[10,-27],[-16,-38],[-13,7],[-16,-6],[-2,-15],[15,-25],[-6,-28],[-20,-1],[2,-23],[11,-4],[10,7],[9,-7],[-1,-16],[-9,-12],[-25,-20],[-13,20],[-16,18],[-20,36],[-14,10],[-5,27],[-16,-24],[-12,1],[-4,23],[5,67],[-25,34],[-8,24],[-24,-1],[-14,10],[0,30],[12,25],[1,11],[-10,26],[-13,3],[-10,-29],[-22,-8],[-29,44],[-23,20],[-8,-2],[2,-49],[-3,-19],[-14,-19],[-5,-14],[2,-25],[-9,-33],[7,-25],[16,-28],[-6,-28],[-14,-9],[-21,-29],[3,-20],[28,3],[20,30],[9,-24],[2,-18],[-3,-22],[-20,-18],[-32,-6],[-16,2],[-16,13],[-3,41],[-13,14],[-34,-3],[-18,28],[-9,-14],[-15,7],[-21,-15],[-9,16],[-2,32],[18,22],[5,17],[-44,62],[0,18],[6,24],[-7,18],[-9,1],[-12,-16],[-9,-3],[-6,12],[-3,30],[-10,3],[-12,-19],[-18,-8],[-5,-54],[-9,-50],[-16,-16],[-16,21],[-2,57],[-15,24],[-40,13],[-17,17],[-23,-19],[-2,-15],[21,-61],[-7,-13],[-10,-2],[-9,11],[-8,-5],[0,-20],[9,-23],[-9,-11],[-13,7],[-4,21],[-10,2],[6,-30],[-2,-12],[-12,-13],[13,-14],[3,-19],[-15,-14],[-37,-22],[-18,-14],[-12,-45],[-13,-33],[-3,-37],[10,-44],[0,-27],[-8,-20],[-17,8],[-22,5],[-20,-7],[-15,-16],[-22,-39],[-6,-24],[-7,-88],[6,-54],[9,-23],[23,-21],[11,-20],[-3,-29],[-24,-30],[-26,15],[-9,-2],[0,-17],[17,-25],[2,-26],[-7,-10],[-29,-9],[-18,-44],[-16,6],[-17,36],[-16,42],[-17,22],[-16,5],[-9,-7],[-8,-18],[-11,9],[-15,37],[-2,51],[-6,44],[-32,30],[-11,3],[-22,-14],[-17,10],[-2,-11],[-13,-20],[-7,-29],[-10,-12],[11,-20],[21,-4],[4,-17],[-12,-28],[1,-32],[-13,-2],[-19,18],[-19,-13],[-7,6],[-8,32],[-15,-2],[0,-62],[-11,-6],[-14,30],[-8,37],[-11,-2],[-4,-25],[-8,-15],[-17,12],[-5,28],[0,31],[-15,-18],[-6,-15],[5,-30],[-6,-16],[8,-7],[12,10],[9,-12],[-12,-30],[-8,-2],[-23,17],[-13,14],[-5,15],[1,29],[-6,21],[-15,-9],[-11,-21],[-15,5],[4,32],[13,17],[26,2],[3,11],[-20,15],[-8,12],[0,24],[7,9],[25,-5],[7,8],[-6,28],[1,21],[-37,-29],[-15,8],[-5,30],[4,12],[19,18],[26,17],[-13,23],[-1,24],[-18,14],[-17,-24],[-13,-3],[-5,11],[4,28],[18,9],[4,9],[-42,-6],[-4,-15],[8,-29],[-1,-24],[-11,-17],[5,-13],[16,-12],[-5,-21],[-24,-28],[-11,2],[-17,14],[2,29],[-6,16],[-17,-9],[-16,3],[-3,15],[7,39],[-19,17],[-11,17],[-16,-19],[-6,-37],[-6,-12],[-10,3],[-10,23],[-16,-10],[0,-23],[7,-11],[21,-3],[6,-15],[-13,-17],[-38,12],[-1,-12],[12,-20],[2,-14],[-11,-14],[-14,11],[-24,1],[-13,-12],[-3,-29],[-7,-20],[-6,-3],[-10,14],[3,29],[-6,11],[-36,-16],[-3,-18],[4,-39],[-10,-13],[-28,10],[-13,-29],[-10,2],[2,33],[10,14],[18,4],[2,10],[-13,35],[-14,6],[-10,-31],[-13,-26],[-8,-6],[0,-42],[-4,-4],[-32,22],[0,46],[-5,31],[-15,-23],[-9,-36],[-11,-9],[-19,-56],[-12,-6],[-11,8],[-11,22],[-20,14],[-2,12],[22,21],[-6,16],[-20,-7]],[[55316,38500],[-15,8],[-33,9],[-17,-2],[-15,12]],[[55236,38527],[-27,49],[-7,7],[8,73],[-4,1],[22,216]],[[55228,38873],[74,-77],[-6,39],[6,54],[8,5],[-7,22],[10,42],[-7,33],[13,38],[0,23],[-4,16],[12,26],[-7,39],[2,42],[5,43],[8,17]],[[55335,39235],[14,6],[15,25],[6,-5],[25,-3],[15,-22],[14,-5],[30,-32],[19,-15],[31,-53],[6,0],[18,-27],[-3,-13],[57,-57]],[[55582,39034],[-19,-48],[3,-34],[-24,-8],[25,-21],[24,-62],[15,-83]],[[55606,38778],[1,-24],[-6,-8],[-33,1],[-68,-31],[2,-13],[-55,-7],[-11,-106],[-5,-62],[5,-7],[-3,-21],[-14,-11],[-11,-2],[-19,-15],[-13,9],[-22,8],[-12,-2],[-26,13]],[[54400,38761],[-13,23],[-24,27]],[[54363,38811],[-10,16],[-13,8],[-29,-11],[-29,2],[-39,-52],[-11,-3],[-16,12],[-10,1],[-37,-12],[-70,-3],[-52,13],[-26,23],[-74,19],[5,-17],[-13,-27],[13,-11],[-5,-23],[4,-27],[-12,1],[-5,-8],[9,-23],[13,8],[11,-7],[-2,-44],[4,-16],[-14,-5],[10,-22],[-13,-23],[-7,1],[-21,-27],[-5,-19],[10,-12],[-10,-16],[-2,-21],[-13,20],[-11,-27],[4,-8],[-19,-26],[6,-45],[8,-9],[0,-20],[-9,-20],[4,-18],[0,-26],[8,-12],[1,-17],[-11,-7],[9,-27],[0,-22],[-17,0],[1,-13],[-9,-11],[-9,-23],[9,-26],[-5,-7],[6,-32],[-2,-23],[2,-29],[-7,-16],[8,-31],[2,-32],[-5,-24],[4,-19],[-9,-48],[11,-3],[6,-50],[-10,-7],[-2,-18],[8,-16],[1,-59],[-4,-11],[1,-20],[6,-6],[2,-24],[-4,-27],[7,-47],[-2,-63],[-8,-21],[1,-24],[13,-31],[52,-107]],[[53941,37354],[-15,-27],[-16,-46],[-60,13],[-21,12],[-16,19],[-12,27],[-17,0],[-28,-14],[-12,5],[-17,20],[-20,5],[-1,-27],[-42,10],[-33,-14],[-33,-9],[-53,-4],[9,56],[3,34],[-11,2],[-16,22],[-15,-2],[-6,16],[-16,7],[-15,31],[-14,-6],[-6,22],[2,40],[-12,39],[-18,13],[-12,-22],[-12,12]],[[53406,37588],[5,30],[-2,18],[-10,15],[-16,6],[-23,-11],[-33,-3],[-20,5],[-12,11],[-27,58],[-15,19],[-20,17],[-28,20],[-22,11],[-8,13],[-1,22],[12,118],[-4,14],[-9,2],[-16,-32],[-16,4],[-13,16],[-8,29],[-1,29],[10,58],[26,80],[16,53],[29,54],[11,10],[25,-7],[-1,18],[24,25],[10,18],[7,33],[14,41],[0,29],[-26,47],[-28,5],[-5,7],[-6,33],[-14,31],[-2,34],[1,125],[1,17],[19,28],[3,12],[7,52],[-5,34],[3,28],[-15,60],[10,45],[-13,61],[-9,7],[-12,-19],[-7,-34],[-14,-12],[-19,-3],[-13,29],[-28,9],[-1,31],[-55,17],[-3,-32]],[[53059,39023],[-54,-2],[-14,5],[-16,24],[-13,50],[-7,32],[-1,22],[7,34],[11,72],[18,51],[15,31],[14,14],[51,37],[33,45],[26,46],[18,56],[19,47],[9,31],[28,63],[19,74],[23,73],[3,20]],[[53248,39848],[37,75],[7,-10],[28,55],[-6,11],[31,42],[24,-36],[42,-64],[31,-40],[28,-29],[24,-17],[39,-23],[61,-22]],[[53594,39790],[39,-6],[31,1],[84,21],[34,6],[54,6],[51,-1],[62,-9],[38,-9],[56,-21],[87,-38],[27,-7],[31,-4],[2,5]],[[54190,39734],[53,3],[34,-1],[47,-17],[62,-36],[30,-10]],[[54416,39673],[2,-14]],[[54418,39659],[-11,-109],[-3,-39],[4,-36],[3,-63],[38,-3],[50,-25],[18,-5],[26,-19],[2,-10],[23,-16],[22,6],[0,-21],[-9,2],[-10,-63],[-14,4],[-12,-46],[-13,-8],[3,-20],[-5,-19],[-4,-32]],[[54526,39137],[-6,-16],[-18,-14],[2,-29],[11,-52],[-12,-18],[-4,-15],[-21,-23],[3,-13],[-7,-13],[-53,15],[-7,-70],[-2,-2],[-12,-126]],[[68944,91079],[-8,-2],[-17,-18],[-18,-1],[-21,5],[-26,-20],[-15,2],[-25,23],[-11,-15],[-55,-39],[-25,-10],[-18,-3],[-17,-15],[-7,-18]],[[68681,90968],[-19,5],[-30,-6],[-16,5],[-13,25],[-6,64],[-11,14],[-55,41],[-11,15],[-6,22],[0,27],[-6,11],[-20,22],[-30,44],[-24,32],[-16,39],[-9,66],[-2,32],[-8,32],[-51,15],[31,336],[34,-8],[7,70],[-22,7],[3,41],[-21,6],[4,43],[-21,6],[5,48],[-56,15],[-16,29],[-9,39],[7,16],[-18,14],[1,13],[9,10],[8,20],[-11,10],[-3,15],[12,7],[-3,20],[-7,9],[-2,17],[13,64],[5,-8],[13,12],[-2,42],[17,17],[3,14],[10,6],[7,14],[0,13],[10,22],[9,-10],[13,10],[0,15],[-8,13],[11,10],[3,13],[-17,7],[12,29],[0,15],[-8,11],[22,17],[9,-3],[7,17],[8,0],[10,-15],[14,13],[-6,9],[-8,40],[6,8],[16,-13],[12,14],[1,13],[-10,36],[12,30],[-17,33],[-19,10],[-6,12],[10,12],[-11,25],[-10,5],[10,28],[-10,12],[-2,29],[3,14],[15,25],[-6,15],[5,40],[-7,18],[-9,1],[-22,22],[1,38],[-10,3],[4,46],[7,6],[4,26],[13,15],[14,28],[25,16],[11,-1],[12,9],[5,13],[15,21],[6,27],[57,-15],[-5,-63],[84,-23],[-9,30],[3,14],[-7,16],[-1,24],[2,34],[14,-6],[11,-22],[8,11],[1,29],[18,0],[8,-11],[15,7],[2,20],[6,15],[16,0],[9,27],[-2,21],[9,5],[6,14],[-5,29],[-6,6],[-11,44],[-2,34],[15,11],[15,24],[1,28],[20,20],[6,-26],[1,-27],[21,-4],[11,-23],[5,4],[8,-20],[15,3],[22,40],[14,-18],[12,-6],[7,21],[6,2],[8,25],[-11,18],[16,28],[4,34],[18,-2],[-6,-27],[11,-19],[16,-8],[20,18],[-7,22],[3,43],[-8,7],[-11,-7],[-9,24],[-5,28],[11,13],[-3,11],[-19,9],[-3,12],[11,16],[14,-2],[22,14],[-1,10],[-26,21],[-2,27],[12,15],[3,23],[-18,5],[2,16],[-19,5],[5,42],[15,-17],[11,4],[14,26],[4,22],[-5,18],[-44,10],[8,85],[-56,15],[-9,0],[-11,-16],[-4,17],[5,36],[26,15],[10,18],[-10,30],[4,5],[15,-23],[12,2],[7,12],[-3,31],[11,24],[1,34],[14,24],[1,35],[-5,12],[-1,20],[-9,8],[-20,29],[-12,39],[19,5],[-8,16],[0,30],[6,15],[3,35],[14,-10],[0,-38],[19,-4],[21,5],[11,36],[3,25],[-6,20],[-17,18],[-7,25],[-30,9],[-4,-42],[-10,14],[1,35],[-12,32],[-14,7],[-19,0],[6,14],[10,3],[1,18],[-11,4],[-10,36],[-8,14],[4,27],[10,33],[1,25],[-4,12],[-13,12],[2,9],[20,12],[1,13],[-15,25],[-14,4],[-8,26],[-1,23],[-5,28],[19,11],[-1,21],[-12,3],[-3,12],[8,9],[0,42],[6,7],[-2,21],[17,6],[-5,20],[-12,25],[-13,3],[-14,-10],[-6,-19],[-6,6],[0,27],[-24,-1],[-7,4],[-1,24],[-10,11],[16,23],[2,18],[-10,35],[2,17],[14,4],[0,18],[20,0],[1,42],[5,33],[29,-19],[6,33],[34,-8],[5,-8],[18,13],[17,187],[-8,1],[-20,-43],[-7,0],[-16,-14],[-8,8],[-14,4],[-15,-1],[-8,11],[-9,40],[-15,37],[-12,-147],[-30,9],[0,-21],[-31,8],[9,105],[-20,12],[-12,-8],[-31,7],[-5,-18],[-23,6],[-6,14],[-16,2],[4,33],[-14,4],[2,15],[-9,34],[-27,30],[-9,29],[-7,33],[10,17],[-1,10],[14,13],[21,3],[14,-4],[2,26],[-9,21],[-9,3],[-9,19],[-16,18],[-14,10],[-20,40],[-6,27],[5,35],[1,26],[-22,-17],[-12,-17],[-30,16],[-8,18],[-17,0],[-9,16],[-8,29],[1,23],[6,31],[-6,9],[-17,0],[-12,11],[-22,8],[-18,-7],[-31,18],[-13,33],[-12,3],[-7,17],[5,36],[-1,37],[-4,26],[12,19],[0,20],[12,45],[8,46],[-9,37],[2,16],[-8,12],[10,26],[157,-38],[13,-2],[13,-21],[9,95]],[[68529,96664],[60,-17],[3,32],[79,-22],[-4,-39],[92,-26],[-3,-27],[43,-13],[0,5],[48,-14],[4,37],[37,-10],[9,14],[47,-12],[6,8],[12,121],[106,-29],[3,18],[-7,19],[2,20],[17,17],[-3,-35],[130,-35],[-4,-48],[41,-11],[-2,-23],[82,-22]],[[69327,96572],[0,-75],[-4,-20],[-2,-143],[3,-136],[1,-69],[2,-98],[3,-43],[6,-35],[16,-34],[0,-63],[9,-116],[11,-109],[12,-90],[16,-103],[13,-69],[13,-56],[22,-73],[20,-61],[21,-59],[45,-116],[36,-72],[22,-37],[13,-17],[33,-36],[38,-22],[13,-11],[28,2],[6,16],[15,17],[7,30],[22,-6],[12,8],[8,18],[14,7],[-1,-24],[-9,-53],[2,-21],[-15,0],[-26,-72],[-29,-119],[-26,-119],[-12,-71],[-17,-124],[-6,-76],[0,-44],[4,-27],[8,-18],[18,-8],[-11,-48],[4,-8],[-4,-27],[5,-18],[-10,-12],[-1,-16],[15,-32],[-18,-37],[1,-28],[-11,-5],[-10,-31],[-14,-66],[-23,-97],[-16,-103],[-7,-32],[-22,-133],[-6,-46],[1,-14],[-4,-39],[-2,-50],[-2,-93],[6,-58],[3,-20],[14,-17],[12,-24],[18,-15],[12,-33],[-4,-13],[3,-21],[-10,-34],[-2,-25],[3,-29],[18,-18],[-7,-15],[4,-14],[2,-37],[-1,-29],[-7,-3],[-4,-23],[-5,-49],[3,-31],[12,-20],[-23,-53],[-12,-33],[-13,-47],[3,-30],[-28,-65],[0,-21],[-15,-44],[-9,-40],[-29,24],[-11,15],[-7,23],[-10,8],[-10,-4],[5,29],[-5,37],[6,12],[-6,33],[-16,31],[-5,62],[-11,13],[3,50],[17,7],[-2,21],[-21,-12],[-27,-36],[-15,-27],[2,-12],[15,2],[4,10],[10,-4],[5,-29],[7,-13],[-5,-32],[-2,-35],[4,-24],[-1,-43],[3,-13],[11,-23],[19,-23],[-5,-10],[-18,-19],[-30,-16],[-23,4],[-24,30],[-30,19],[-24,10],[-32,-4],[-45,-20],[-9,-1],[-19,-13],[-15,-16],[-2,-10],[16,-40],[6,-3],[17,9],[18,4],[11,-13],[23,-4],[22,16],[15,-4],[12,-13],[17,3],[17,-17],[7,-17],[8,0],[13,-17],[19,-16],[18,-8],[12,3],[14,72],[14,4],[19,26],[15,1],[13,-8],[0,-13],[-30,-44],[-52,-94],[-55,-107],[-23,-54],[-41,-82],[-10,-17],[-19,-44],[-25,-50],[-9,-23],[-49,-109],[-44,-92],[-32,-76],[-17,-37],[-37,-89],[-4,-12],[-30,-63],[-29,-76],[-58,-147]],[[56029,38674],[-2,28],[2,53],[28,94],[3,14]],[[56060,38863],[7,14],[1,26],[6,22],[14,6],[17,14],[5,25],[17,0],[4,20],[22,20],[10,4],[-3,32],[12,0],[3,18],[13,-2],[20,18],[19,44],[10,-7],[15,-24],[26,-23],[-29,-6],[21,-35],[24,26],[6,-3],[10,-27],[5,-26],[-26,-3],[-5,-15],[-23,-3],[-29,-26],[-12,-29],[40,33],[4,-3],[-10,-42],[-5,-10],[-21,-12],[-4,3],[-37,-18],[10,-15],[11,-3],[18,17],[9,-10],[14,13],[8,-22],[10,-6],[8,-23],[16,19]],[[56291,38844],[25,-11],[30,-97]],[[56346,38736],[-5,-2],[-76,-6],[-35,-10],[-51,-21],[-49,-8],[-21,6],[-58,-22],[-22,1]],[[55606,38778],[8,-45],[-13,-37],[-2,-29],[4,-37],[12,-60],[10,-36],[29,-49]],[[55654,38485],[-9,-25],[-12,-16],[-44,-66],[3,-6],[36,-121],[8,-60],[17,-82]],[[55653,38109],[2,-13]],[[55655,38096],[-68,1],[-47,7],[-91,22]],[[55449,38126],[3,46],[-10,29],[-14,-7],[-47,9],[-25,-24],[-1,11],[-19,6],[3,27],[7,0],[6,62],[13,-1],[10,90],[-5,0],[-64,18],[-1,8],[11,100]],[[50510,78048],[1,-18],[9,-21],[-5,-33],[9,-17],[9,-8],[5,-22],[14,3],[20,-24],[11,-4],[23,6],[23,-72],[-2,-18],[8,-23],[1,-36],[4,-18],[-3,-21],[25,-44],[0,-37],[5,-15],[-14,-34],[-1,-44],[4,-22],[12,-29],[8,-52],[-16,-15],[-17,-7],[-6,-46],[-13,-24],[16,-10],[16,-37],[6,-6],[22,14],[16,-8],[8,-13],[7,-40],[12,-11],[-3,-37],[14,-31],[18,-11],[8,-14],[12,-3],[-37,-43],[-19,5],[-3,-29],[10,-35],[18,-31],[8,-22],[23,-92],[-1,-27],[8,-24],[-5,-29],[-15,-25],[2,-25],[14,-34],[-3,-14],[0,-78],[5,-17],[5,-40],[-5,-24],[-20,-70],[-13,-30],[-2,-27],[10,-21],[0,-18],[12,-30],[35,-57],[13,-26],[14,-12],[22,13],[33,13],[17,-6],[15,8],[7,10],[20,6],[4,-15],[14,-24],[8,-21],[19,-14],[20,-7],[15,-38],[-5,-27],[-26,-33],[-31,-36],[-12,-35],[0,-33],[3,-20],[22,-30],[9,-4],[33,1],[10,9],[15,-24],[20,-24],[19,-60],[21,-25],[17,1],[42,-20],[23,-23],[14,-30],[25,-8],[17,-31],[8,-37],[23,-33],[37,21],[10,10],[9,-2],[11,-23],[17,2],[4,-22],[7,-6],[18,13],[15,-3],[23,42],[19,-12],[13,11],[15,26],[4,21],[10,15],[-1,14],[6,12],[-2,21],[1,32],[-15,39],[14,44],[15,10],[20,39],[12,-12],[10,-34],[-5,-23],[18,-14],[8,-33],[13,-19],[10,11],[9,19],[14,1],[16,-32],[10,2],[12,-34],[-1,-15],[10,-55],[11,-3],[3,-33],[16,-28],[12,-4],[11,-23],[-2,-31],[5,-78],[4,-25],[-9,-53],[-8,-36],[-13,-6],[-8,-17],[-21,-15],[-9,-1],[-3,-17],[4,-63],[-11,-25],[-13,-8],[-6,-14],[1,-39],[23,3],[31,28],[16,3],[9,13],[12,4],[24,-17],[-18,-206],[-26,-10],[-24,-32],[-13,9],[-9,-10],[-6,7],[-7,-14],[-3,-29],[79,-20],[-21,-220],[-13,-7],[-9,-90],[76,-20],[-14,-143],[153,-39],[-15,-12],[-13,-30],[-1,-27],[7,-16],[4,-28],[-12,-24],[19,-33],[-6,-68],[-57,15],[-42,13],[6,59],[-74,19],[-2,-32],[-7,-45],[6,-36],[12,-18],[1,-25],[12,4],[12,-20],[20,-8],[-11,-37],[-1,-22],[-17,-18],[13,-22],[16,-13],[10,-24],[-5,-35],[3,-25],[13,-20],[7,-24],[10,-8],[6,-35],[6,-3],[29,10],[-3,-39],[16,21],[18,-11],[6,-17],[-11,-40],[-8,-15],[6,-51],[-6,-21],[-20,-21],[-26,-13],[-11,-17],[-12,-27],[-21,-12],[-21,-27],[-12,-5],[-17,-27],[-53,-13],[-19,-24],[-2,-15],[6,-16],[27,-103],[3,-19],[-13,-130],[-13,-7],[-13,2],[-8,-19],[-9,-2],[-33,9],[-11,-116],[-13,-1],[-7,-15],[-18,2],[-11,7],[-15,-3],[-7,-11],[-109,30],[-2,-22],[-50,14],[-7,-71],[-10,3],[-7,-70],[11,-3],[-15,-151],[29,28],[38,49],[-38,-384],[-61,17],[-2,-10],[-8,-73],[-33,8],[-5,-54],[-40,11],[-24,-247],[-108,36],[-310,81],[1,11],[-150,43],[-7,-71],[-63,17],[-1,27],[-29,5],[-68,18],[-4,-45],[-109,30],[7,-20],[-24,-237],[-3,-42],[-29,-307],[-137,36],[-1,-17],[-133,35],[-49,272],[-49,13],[12,128],[-39,10],[12,120],[5,78],[-24,6],[-4,-10],[-27,22],[-20,-4],[-9,14],[-38,34],[-7,-5],[-10,-53],[-27,-9],[0,-20],[11,-49],[-11,-24],[-11,1],[-27,-27],[-6,1],[-14,-18],[-23,-48],[-19,-22],[-7,-26],[1,-15],[20,-27],[14,-28],[-2,-33],[-6,-7],[-18,0],[-19,-17],[-10,25],[-1,13],[-15,24],[-9,-2],[-4,-16],[-12,-17],[-84,21],[-182,47],[-24,-2],[-11,12],[-182,47],[7,79],[-125,33],[-12,-136],[-2,-1],[-201,55],[-6,-76],[16,-4],[-14,-152],[-7,-23],[-83,21],[-18,-192],[-11,-116],[92,-24],[-18,-198],[-13,-8],[-112,28],[-29,-323],[-150,39],[-15,-175],[-148,37],[-213,52],[-18,-21],[-11,13],[-23,17],[-13,-3],[-9,13],[-15,-8],[-26,11],[-10,-3],[-15,-23],[-5,-46],[-15,-22],[-29,2],[-10,-39],[-4,-63],[13,-30],[0,-21],[-8,-19],[-8,-2],[1,-30],[-23,-12],[-26,32],[-23,-4],[-9,7],[-7,-16],[-18,-2],[-6,-36],[0,-52],[-9,-30],[5,-22],[-6,-11],[8,-42],[10,-35],[-2,-18],[-27,-37],[-1,-11],[318,-75],[42,92],[75,-24],[-4,-50],[8,-6],[-10,-121],[8,-13],[173,-48],[7,96],[14,-11],[19,-2],[12,-17],[10,1],[22,18],[2,7],[262,-67],[103,-27],[19,209],[61,-15],[-16,-171],[2,-3],[61,-16],[-9,-112],[-44,-477],[-8,-86],[-32,-348],[-38,9],[12,-48],[24,-6],[-19,-203],[2,-14],[-13,-34],[-24,-240],[149,-40],[1,4],[43,-11],[-1,-6],[274,-72],[1,-19],[-11,3],[-13,-24],[-21,-19],[-10,-29],[-20,-31],[6,-57],[6,-13],[-5,-12],[-17,-13],[-5,-14],[4,-15],[11,-5],[10,11],[8,-29],[-32,-57],[4,-18],[9,-2],[4,-20],[-6,-26],[2,-17],[18,-28],[-8,-10],[-7,5],[-1,-28],[-4,-50],[3,-20],[16,2],[6,-20],[-4,-16],[3,-21],[-16,-19],[-2,-14],[-17,-17],[-1,-8],[23,-55],[6,-40],[-9,-13],[-12,-8],[-10,-20],[0,-35],[-11,-22],[1,-14],[15,-31],[-6,-23],[-12,-12],[1,-21],[-8,-17],[3,-20],[-12,-1],[6,-19],[-7,-17],[-11,0],[3,-38],[-11,10],[-14,-13],[22,-46],[4,-29],[-7,-9],[-159,44],[-10,16],[-26,8],[-16,-158],[-60,17],[-12,-110],[-5,2],[-9,-90],[-105,29],[-61,19],[-4,-50],[3,-1],[-7,-74],[-3,2],[-14,-158],[-5,1],[6,-80],[7,-47],[-1,-32],[-5,-25],[-15,-28],[1,-41],[5,-64],[-3,-39],[2,-9],[-4,-33],[8,-15],[-2,-67],[-3,-26],[-6,-121],[12,-72],[73,4],[50,-17],[-54,-592],[9,-12],[19,0],[24,-9],[12,-13],[78,-19],[25,-5],[81,-20],[1,17],[74,-18],[11,4],[16,-6],[16,17],[11,21],[15,7],[17,-1],[13,17],[6,21],[18,-23],[-2,-18],[5,-14],[1,-22],[-17,-58],[6,-22],[16,-11],[4,-21],[0,-28],[9,-22],[17,-16],[0,-24],[-10,-16],[2,-18],[15,-3],[5,-9],[0,-41],[7,-43],[-3,-43],[17,-46],[2,-15],[-4,-34],[15,-27],[11,-3],[18,-16],[12,-23],[13,-8],[4,-18],[-10,-38],[1,-62],[20,-44],[6,-6],[4,-20],[-5,-18],[1,-42],[-85,24],[-6,1],[-75,-10],[-23,-243],[-65,-669],[42,-11],[2,27],[5,9],[92,-24],[-12,20],[78,-17],[-6,-11],[7,-37],[7,-14],[-1,-13],[-14,-15],[17,-27],[14,-28],[11,-13],[11,-42],[-1,-15],[12,-27],[-1,-41],[-9,0],[-4,-34],[10,-16],[-1,-18],[5,-11],[-5,-21],[-15,-4],[5,-19],[-2,-27],[-22,7],[-1,-19],[-7,-10],[-11,2],[-4,-26],[-11,-29],[-12,1],[-13,-38],[-13,-19],[-10,-31],[3,-12],[-5,-19],[13,-33],[1,-17],[9,-26],[-4,-29],[7,-30],[-11,-11],[10,-18],[-9,-26],[19,-43],[-12,-32],[22,-32],[2,-13],[-77,20],[1,15],[-84,21],[-47,15],[-2,-22],[-33,9],[1,7],[-91,24],[11,-39],[20,-29],[9,0],[8,-16],[10,-51],[10,-15],[27,-18],[13,-26],[23,-23],[5,-18],[-3,-31],[-11,-26],[19,-87],[-9,-39],[-3,-56],[2,-43],[-6,-32],[0,-24],[9,-36],[9,-64],[19,-43],[41,-3],[7,-23],[4,-40],[-5,-29],[27,-29],[35,-10],[7,-24],[7,-7],[26,-1],[11,-12],[7,-23],[24,-53],[17,-6],[26,2],[37,9],[15,14],[15,32],[4,18],[16,23],[10,-3],[3,-21],[8,-16],[-2,-19],[9,-16],[19,-13],[13,-1],[1,-35],[13,-14],[12,7],[7,14],[-5,29],[15,44],[40,6],[3,8],[19,8],[40,-8],[5,-12],[30,-43],[-1,-36],[13,-32],[20,-29],[4,-17],[14,-22],[6,-46],[-13,-30],[3,-19],[12,7],[10,-10],[53,66],[-10,38],[-1,19],[-7,27],[29,-8],[38,76],[5,41],[5,13],[31,-48],[21,24],[-1,77],[40,13],[10,17],[26,15],[6,28],[9,-1],[21,-25],[25,-12],[18,22],[4,-20],[10,-18],[44,-29],[-9,-24],[8,-38],[-10,-1],[-14,-44],[-17,-26],[6,-34],[32,-76],[14,-6],[15,22],[4,0],[11,-35],[20,-30],[36,-83],[11,-10],[19,-57],[20,-20],[24,6],[22,-12],[24,3],[15,17],[21,-2],[26,2],[14,9],[-6,-37],[22,-15],[14,-18]],[[50317,61605],[-2,-30],[-24,5],[-13,-7],[-21,0],[-12,-10],[-19,-26],[-26,-21],[-28,-44],[-16,-10],[-26,-31],[-13,-3],[-25,-31],[-4,-18],[2,-39],[-4,-22],[-19,-30],[-20,-13],[-38,-57],[-4,-12],[-14,-28],[-9,-3],[-13,-44],[-8,-66],[-26,-19],[-5,-33],[3,-32],[-9,-41],[-17,-40],[-3,-27],[-9,-27],[-25,-38],[-21,-47],[-8,-35],[-32,-31],[-9,-25],[-9,-11],[-12,-1],[-7,-22],[-11,-8],[-18,19],[-13,-10],[-10,-21],[-2,-13],[-27,-27],[-6,-12],[-8,13],[-8,-5],[-9,-19],[0,-14],[-12,-13],[-18,-31],[-25,-27],[-5,11],[-12,-23],[-5,-40],[-27,-8],[-1,-17],[-13,0],[-10,-20],[-10,6],[-12,-13],[-30,-12],[-3,-17],[-14,-4],[-13,-15],[0,-14],[-14,-20],[-13,8],[-12,-32],[4,-20],[-13,-23],[-12,-13],[-7,-16],[-45,-31],[-9,4],[-10,-10],[-9,6],[-20,-48],[-12,11],[-16,-17],[4,-23],[-8,-12],[-1,-13],[9,-18],[-4,-12],[-14,-9],[-17,-17],[0,-27],[-24,-22],[-18,-33],[-20,-13],[8,-13],[-18,-29],[-4,-21],[-18,-21],[2,-24],[7,-12],[1,-20],[-17,-39],[-12,-16],[-14,-35],[-11,9],[-6,-15],[3,-25],[-6,-13],[-5,-35],[-17,-2],[3,-20],[-3,-18],[-9,-8],[-18,-4],[-10,-33],[-19,-20],[-6,-14],[4,-23],[-6,-26],[-13,-7],[-1,-33],[-16,-35],[1,-30],[-2,-19],[-14,1],[-9,-18],[-3,-19],[-23,-14],[-9,-18],[6,-23],[-10,-7],[-20,-3],[-4,-17],[-11,0],[-2,-14],[4,-14],[-7,-12],[-10,2],[4,-26],[-3,-26],[-14,-5],[-7,-13],[-1,-29],[-8,0],[-8,-22],[103,-23],[6,74],[92,-20],[-10,-122],[49,-11],[-16,-32],[-34,-130],[-3,-16],[4,-38],[-4,-20],[10,-129],[-35,9],[7,69],[-55,13],[-8,-84],[-10,4],[-37,48],[-14,-11],[-37,-45],[-72,-36],[-10,-33],[-21,-13],[-47,-13],[-19,-1],[-10,5],[-16,-170],[-16,4],[3,-34],[-29,4],[-11,-5]],[[48578,58268],[-14,-22],[-6,-29],[0,-38],[-21,-2],[-15,-42],[-16,-6],[-7,-37],[-16,-33],[2,-51],[-7,-28],[2,-58],[-2,-12],[-31,6],[-22,-2],[-13,13],[-15,7],[-12,-14],[-1,-12],[-13,-7],[-13,-33],[-1,-10],[-21,-34],[5,-23],[-10,-7],[-1,-24],[14,-18],[-14,-145],[-159,40],[0,-5],[-55,15],[-1,2],[-104,28],[-4,-43],[-61,16],[4,40],[-11,-9],[-5,-30],[-20,-20],[-5,-12],[0,-30],[-15,-14],[-8,6],[-21,0],[-8,29],[-25,7],[-8,-17],[-6,20],[-7,-4],[-14,30],[-9,8],[-13,-3],[-20,-17],[-9,-18],[-7,17],[-2,24],[-29,16],[-9,-17],[2,-17],[-21,-8],[-7,11],[-23,2],[-19,-19],[-16,-10],[-15,4],[-7,-36],[-6,-20],[-9,-4],[-31,5],[1,-11],[-10,-16],[-15,-13],[-11,-3],[-14,22],[-10,1],[-5,18],[-21,18],[-1,26],[-8,26],[-17,7],[-10,21],[-8,0],[-23,32],[-1,36],[-4,12],[-14,5],[-4,57],[4,15],[-10,20],[1,12],[-10,12],[6,53],[-7,3],[-3,32],[-12,4],[-15,-9],[-4,24],[-38,9],[-2,-16],[-30,-13],[-18,-20],[-9,3],[-6,14],[-24,3],[-3,-20],[-18,1],[-12,5],[-13,-12],[-23,0],[-18,16],[-1,8],[-20,-2],[-16,14],[-14,6],[-18,38],[-23,37],[-1,25],[-11,6],[-3,11],[-54,15],[-16,-176],[-14,-133],[-84,-72],[-5,1],[0,72],[8,84],[-43,9],[-9,-109],[-132,31],[4,40],[-84,19],[-1,-15],[-27,7],[-2,-13],[-66,16],[-11,-23],[1,-28],[-6,-17],[1,-45],[8,-29],[18,-28],[0,-40],[25,-17],[14,-35],[23,-43],[1,-64],[-3,-38],[7,-20],[-7,-19],[-83,18],[-6,-28],[7,-29],[12,-62],[-1,-18],[12,-50],[1,-26],[-8,-52],[-15,-163],[-23,6],[-5,8],[-4,-41],[-59,13],[-3,-37],[-12,3],[-5,-14],[-25,-23],[-3,-53],[3,-31],[-22,-19],[-46,23],[-18,11],[-2,-34],[5,-22],[1,-27],[-3,-63],[12,-14],[-10,-71],[7,-22],[-6,-23],[-11,2],[-27,-11],[-17,-38],[-15,-3],[-7,-34],[2,-20],[-9,-35],[-9,-22],[-3,-43],[-19,-14],[-7,6],[-29,-26],[-3,-86],[-19,-70],[-15,-41],[-14,1],[-27,-18],[-14,-3],[-18,-22],[-6,-61],[5,-20],[2,-41],[7,-31],[19,-34],[21,-71],[-3,-11],[-12,-4],[-17,-36],[-11,-5],[-8,12],[-27,19],[-22,-45],[-10,-17],[-1,-31],[-6,-11],[-7,-30],[-15,3],[-15,-13],[4,-24],[-12,-21],[-11,-3],[-21,10],[-22,-1],[-15,13],[-10,23],[-14,43],[-7,41],[-15,42],[-18,-5],[-10,11],[-15,-18],[-10,-32],[-12,-21],[-25,23],[-3,13],[-17,-4],[-3,-23],[-37,-21],[-25,10],[-15,-2],[-10,-9],[-34,-16],[-2,-17],[-20,-1],[-25,25],[5,37],[-29,-7],[-11,-14],[-213,52],[32,341],[-16,4],[22,237],[12,-3],[12,132],[4,-1],[10,113],[-68,17],[10,108],[22,-4],[1,33],[9,22],[4,29],[-6,40],[5,42],[20,-5],[2,15],[14,-3],[4,32],[69,-17],[9,17],[0,23],[-14,33],[-14,44],[-23,32],[8,24],[-3,25],[-9,25],[-2,20],[11,16],[-3,24],[6,37],[-7,52],[-9,11],[-25,4],[-10,24],[0,17],[-9,8],[-12,-17],[-9,1],[-1,17],[5,15],[8,56],[5,20],[2,26],[-5,38],[-22,43],[-3,11],[4,20],[28,29],[-5,42],[-12,-12],[-18,30],[13,15],[2,25],[-5,9],[-14,4],[-7,15],[3,36],[-24,5],[-7,-7],[-15,-1],[-17,26],[-1,17],[-10,7],[-17,-13],[4,-21],[-4,-22],[-33,-13],[-4,36],[-8,2],[-10,-29],[-7,-36],[-1,-49],[3,-26],[18,-32],[19,-17],[6,-11],[-2,-15],[-15,-19],[-13,13],[-9,-9],[-27,3],[-11,11],[-31,15],[-7,38],[11,17],[-12,7],[-15,-17],[-23,-9],[-24,2],[-18,10],[-25,38],[-12,4],[-7,12],[-23,58],[-16,56],[-13,4],[-2,-11],[9,-23],[-7,-24],[-21,-23],[-13,16],[-9,-9],[-10,-29],[-13,0],[-5,34],[-7,26],[-7,1],[-10,-30],[6,-23],[-5,-33],[-14,-18],[-8,-4],[-26,5],[-16,33],[6,24],[-4,8],[-34,21],[-29,10],[-6,19],[-11,19],[-18,1],[-11,-14],[-14,5],[-1,18],[6,53],[-18,39],[-32,32],[-15,24],[-20,-15],[10,-34],[6,-50],[-19,-35],[-27,-8],[-13,-22],[-17,-9],[-15,18],[-19,10],[-18,18],[-17,-6],[-10,-29],[-14,-24],[1,-22],[-17,-21],[-33,-1],[21,228],[-9,27],[-7,8],[-6,34],[-16,33],[-1,19],[-9,20],[-5,20],[1,14],[-18,48],[-8,7],[-15,62],[3,25],[-18,30],[0,37],[-10,36],[2,43],[-10,21],[-7,36],[-13,25],[78,-21],[42,430],[71,802],[-60,16],[-50,-71],[-48,-79],[-24,14],[-8,21],[-18,-2],[-6,7],[-3,22],[-22,24],[-17,-7],[-25,21],[-9,51],[0,25],[-8,44],[-36,5],[-51,17],[-241,63],[-117,30],[-1,-7],[-26,7],[1,9],[-190,41],[-160,38],[-2,-10],[-41,8],[1,8],[-65,18],[-322,70],[-61,15],[-46,-79],[-108,27],[-51,-42],[-99,57],[-2,-1],[-246,-87],[-80,-26],[-10,-38],[-28,-134],[3,-91],[-249,-207],[-1,-2],[-201,-165],[-309,-414],[-38,-53],[-9,-9],[-188,-136],[-116,32],[-103,158],[-17,33],[-28,66],[-9,10],[-94,174],[-1,-1],[-28,56],[-74,248],[-18,27],[-6,4],[-36,53],[-11,199],[-8,32],[3,41],[-65,356],[-23,67],[-26,24],[-6,13],[-42,121],[-56,503],[-11,33],[13,154],[-4,14],[-120,31],[1,13],[-27,7],[12,137],[-86,24],[-11,-122],[-20,5],[-30,-37],[-1,-14],[-272,-333],[-2,5],[-75,-88],[-7,5],[-13,-6],[-20,-20],[-5,11],[3,65],[21,-30],[24,13],[0,19],[-15,15],[-24,0],[-14,8],[-6,17],[-17,3],[-22,18],[-32,-11],[-4,12],[7,15],[0,14],[-11,5],[-19,-15],[-7,48],[13,-4],[10,19],[-12,9],[-19,-13],[-1,14],[8,17],[11,9],[-7,16],[-26,-19],[-30,5],[-26,10],[3,36],[-5,7],[-22,-23],[1,-34],[-11,-7],[5,-27],[-20,-8],[-25,-14],[-15,-4],[-21,-41],[-218,-378],[-14,3],[-3,-32],[-77,-135],[-61,-142],[-21,-227],[-19,-18],[-13,14],[-2,34],[-3,6],[-14,-14],[-11,-1],[-3,18],[8,15],[11,32],[-2,14],[-21,-4],[-16,-23],[-5,-32],[-15,4],[2,27],[13,15],[5,13],[-4,16],[-26,34],[6,37],[-4,51],[-5,11],[-18,-1],[-4,9],[4,21],[-7,16],[-20,-6],[-6,-42],[-19,-12],[-12,4],[-7,20],[-18,30],[-10,10],[-21,-7],[-15,13],[-16,27],[-6,-12],[-36,-44],[-121,30],[-126,35],[-272,-372],[-251,-341],[-52,75],[-19,-35],[-19,21],[-234,-440],[13,-38],[31,-46],[12,-88],[-74,17],[-19,-9],[-16,-169],[-110,29],[-2,-24],[-11,19],[-88,90],[-52,-140],[-85,-227],[17,-27],[-106,-154],[-3,-9],[-152,-229],[-116,-182],[-142,-212],[-1,-5],[-62,-79],[-113,-143],[-32,-42],[-44,-52],[-95,-120],[-176,-221],[-137,-172],[-12,-14],[-78,-105],[23,-74],[-7,-16],[14,-8],[-3,-16],[-4,-48],[2,-36],[9,-9],[-2,-27],[-7,-25],[13,-20],[12,-5],[13,-19],[7,2],[14,-18],[6,-29],[19,-4],[9,-18],[31,-42],[16,-31],[14,10],[15,-21],[24,4],[15,-27],[0,-25],[12,-6],[4,-22],[-3,-15],[17,-4],[9,-14],[28,6],[27,-3],[25,4],[13,-9],[-1,-19],[13,-1],[18,-32],[25,-28],[3,-17],[10,-21],[17,-13],[9,-41],[30,-29],[10,11],[12,-17],[4,-14],[11,-13],[6,-21],[10,-10],[21,8],[18,-15],[13,6],[29,-25],[13,-3],[14,-11],[20,-9],[3,-36],[26,-31],[-6,-18],[11,-6],[5,-14],[-3,-36],[16,-24],[12,27],[6,-25],[8,2],[-5,-43],[7,-24],[14,-7],[-3,-17],[7,-22],[31,-33],[12,1],[9,17],[31,-4],[1,-21],[8,-9],[34,13],[22,-19],[11,-19],[8,2],[16,-18],[23,-9],[17,-25],[5,-13],[23,-24],[18,-2],[7,-10],[10,10],[9,-5],[-1,-22],[7,-22],[-10,-10],[9,-17],[-2,-16],[8,-17],[1,-21],[15,-17],[-4,-34],[10,-23],[-10,-38],[-19,-14],[0,-19],[-9,0],[1,-39],[-9,-13],[13,-11],[-1,-34],[11,-8],[-4,-14],[17,-11],[7,-12],[14,-7],[6,-22],[-9,-42],[11,-14],[-6,-23],[1,-32],[6,-7],[-5,-27],[3,-24]],[[36985,54939],[-235,-293],[1,-2],[-90,-113],[-6,-5],[-135,-165],[2,-15],[14,-12],[-6,-20],[-9,-74],[-5,-70],[-116,26],[-5,4],[-37,-46],[-117,-143],[-5,1],[-22,-280],[-6,-5],[0,-30],[-21,-243],[-36,-455],[-1,-13],[91,-21],[-5,-63],[-25,6],[-15,-188],[-17,-196],[2,-33],[11,-39],[91,-21],[1,6],[66,-15],[-24,-33],[-7,-23],[0,-21],[-10,-24],[-13,-4],[-12,-14],[-26,1],[0,-22],[-7,-28],[-18,-19],[-6,-18],[-3,-32],[-9,-26],[-3,-37],[3,-35],[6,-27],[-3,-36],[3,-42],[6,-22],[-12,-50],[-18,-220],[132,-28],[-18,-219],[-33,-420],[166,-35],[16,-30],[6,-31],[-14,-190],[24,-7],[-22,-270],[-13,-158],[-29,-357],[-30,6],[-24,-303],[0,-3],[-24,-311],[2,0],[-25,-353],[-14,-181],[-4,-70],[-79,16],[-4,-72],[-30,-357],[-12,3],[-10,-111],[-20,-233],[89,-20],[-23,-280],[-209,47],[-88,22],[-171,39],[-5,-72],[-69,16],[3,38],[-74,17],[-4,-38],[-207,47],[-4,-7],[-38,-468],[-3,-15],[-50,-601],[-17,5],[-9,13],[-13,7],[-2,15],[7,10],[0,24],[19,-6],[5,25],[-8,7],[-31,-4],[-15,11],[-5,-25],[-21,19],[-6,-22],[-11,2],[-12,32],[-15,8],[-5,15],[-4,32],[-7,10],[-14,-10],[-7,26],[-11,-4],[-10,11],[-6,-39],[-9,-6],[-23,2],[-13,7],[-8,-4],[-13,11],[-3,22],[14,21],[1,42],[-3,12],[-28,17],[-20,-3],[-24,6],[-12,10],[-16,-8],[-22,-21],[-11,-36],[-5,2],[-22,53],[-8,33],[1,69],[-11,0],[-12,-17],[-26,-314],[-7,-72],[-29,-333],[6,-11],[-3,-36],[8,-10],[6,-21],[18,-8],[15,12],[2,-19],[-13,-33],[-8,10],[-9,-42],[-7,-11],[-12,5],[3,-52],[8,-22],[10,15],[9,-12],[1,-21],[13,-2],[31,10],[9,-57],[-10,-19],[-15,-8],[7,-23],[-3,-24],[34,9],[1,17],[23,-4],[1,-21],[12,1],[12,-15],[12,2],[6,-17],[-4,-17],[13,-7],[5,-27],[15,-1],[12,11],[10,-3],[7,-14],[17,14],[7,15],[8,-14],[15,-6],[16,-16],[11,1],[5,-15],[-20,-20],[-4,-25],[10,0],[4,14],[24,11],[9,-29],[3,-26],[14,-6],[23,3],[2,17],[7,5],[2,24],[15,6],[1,25],[10,-2],[11,-13],[23,-10],[5,27],[22,-13],[0,-18],[14,-4],[11,15],[15,-2],[5,-11],[18,-11],[13,-1],[18,-15],[11,-2],[20,19],[16,-12],[20,-37],[16,-9],[20,0],[26,-19],[5,11],[15,-9],[15,7],[5,22],[28,23],[11,-5],[22,13],[17,-5],[14,-12],[-1,-21],[-11,-13],[-3,-39],[15,-9],[18,7],[11,16],[-2,18],[8,11],[22,7],[10,-1],[7,-22],[12,1],[22,8],[6,-11],[-4,-30],[-11,-15],[-1,-16],[9,-18],[19,-15],[18,-34],[5,-21],[0,-26],[31,4],[5,-17],[10,10],[16,-3],[11,-13],[-1,-15],[-14,-34],[4,-53],[-9,-11],[4,-13],[12,-1],[10,8],[18,-13],[4,14],[20,9],[20,-12],[-9,-46],[7,-28],[12,12],[11,-6],[19,5],[-7,23],[11,17],[2,-24],[12,-20],[8,1],[15,14],[12,-6],[-63,-688],[-17,-187],[-2,-3],[-31,-322],[-18,-201],[-28,-310],[-11,3],[-19,-200],[-88,22],[-212,55],[-15,-151],[-9,2],[-34,-180],[-15,-158],[2,0],[-11,-114],[12,-30],[3,-37],[-36,9],[-22,-335]],[[35367,42550],[-19,-15],[-230,37],[-86,-105],[-2,-22],[-19,-209],[-92,21],[-11,-139],[-233,54],[-11,-133],[-31,8],[-42,5],[-94,22],[-17,-213],[-458,107],[-5,5],[-35,7],[-80,18],[-164,38],[-6,-20],[-17,-1],[-282,58],[-139,34],[-28,9],[-82,20],[-2,-4],[-118,29],[11,127],[-6,1],[-241,57],[-2,-2],[-401,96],[-29,11],[-86,21],[-20,1],[-23,9],[-63,15],[-5,-60],[-40,73],[-12,32],[-34,-21],[19,-76],[21,-4],[-10,-115],[-6,-35],[-38,-432],[-3,-9],[-12,-153],[-211,49],[-83,19],[-67,15],[-120,28],[-136,32],[-17,8],[-12,-1],[-76,18],[-413,97],[-281,63],[-81,20],[-95,20],[-107,27],[-308,68],[-26,460],[-10,-8],[-235,-108],[-3,-3],[-483,-232],[-453,-219],[1,14],[-125,-56],[-129,-55],[-358,-164],[-114,-49]],[[28142,41740],[-95,562],[-61,365],[-71,436],[39,602],[33,519],[4,23],[13,-6],[4,6],[-9,58],[-13,46],[3,29],[21,-9],[8,18],[-10,58],[10,34],[10,21],[9,65],[10,-2],[7,-13],[6,37],[27,-20],[5,14],[-9,9],[-6,22],[8,24],[3,44],[14,10],[5,15],[-10,25],[4,27],[12,4],[5,16],[-21,50],[-8,4],[-8,-13],[-14,65],[22,14],[-13,28],[-10,7],[7,17],[9,-4],[9,-20],[8,-2],[10,22],[-4,27],[-11,10],[-11,0],[-8,18],[21,17],[3,16],[-5,30],[-14,14],[5,17],[12,-2],[19,-22],[6,2],[0,24],[-10,14],[17,10],[-8,11],[16,19],[-1,19],[-11,17],[1,13],[12,6],[-8,17],[12,14],[-103,340],[-97,348],[55,84],[137,159],[-104,310],[-239,712],[-322,30],[-375,32],[8,98],[-189,41],[-10,-123],[-316,19],[-325,20],[-378,6],[-227,19],[55,658],[25,305],[49,582],[-92,6],[76,954],[35,432],[-472,102],[51,625],[-216,48],[-12,-29],[-11,-141],[1,-71],[-21,-100],[48,-10],[20,98],[44,-10],[-47,-252],[-54,-109],[-71,90],[35,69],[3,15],[-224,56],[11,183],[23,269],[-237,57],[-290,-416],[-13,-155],[-453,99],[75,900],[-480,121],[-44,-569],[-466,102],[-30,-345],[-61,-767],[-62,-772],[-55,-681],[-47,10],[-56,-786],[-6,-70],[-441,126],[-4,-47],[-92,20],[-13,-118],[-90,20],[10,119],[-47,10],[-3,-46],[17,-5],[-29,-395],[23,-36],[-3,-41],[-27,-27],[-9,-115],[-88,19],[-4,-57],[-119,27],[6,69],[-184,42],[23,270],[-372,81],[-262,58],[-58,-707],[-54,-655],[-7,20],[-5,39],[-7,5],[-23,-3],[-6,-13],[4,-19],[-10,-9],[-17,14],[-8,-3],[0,-26],[-7,-2],[-11,27],[-2,42],[-17,9],[-2,7],[8,28],[-20,-6],[-10,-22],[-4,-17],[6,-34],[-9,-15],[-21,0],[1,-41],[12,-22],[-1,-39],[-6,-4],[-34,11],[6,-24],[-9,-11],[-47,-618],[-157,34],[0,-3],[-328,65],[-16,-200],[-168,35],[-16,-198],[-63,13],[-13,-160],[-85,18],[-15,-177],[0,-40],[-156,34],[-13,-155],[-89,18],[-3,18],[-216,39],[-14,-80],[-93,16],[-1,83],[-210,38],[-1,77],[-95,15],[-11,-80],[-302,49],[-535,97],[9,105],[75,95],[-157,30],[-73,17],[52,631],[32,382],[-615,135],[-333,76],[-388,85],[-220,48],[-352,77],[-43,-488],[-326,72],[-124,184],[-148,-122],[-381,90],[-8,-93],[-25,-59],[-135,-95],[-91,-77],[-41,-90],[-9,3],[-91,212],[-68,13],[6,84],[-468,101],[56,684],[56,686],[166,57],[280,-57],[44,611],[50,107],[7,49],[-478,104],[37,491],[-228,42],[-247,55],[-35,-453],[-338,77],[-18,2],[-15,18],[-85,20],[35,438],[50,621],[-509,103],[-390,80],[9,119],[-82,17],[-1020,207],[-389,75],[-202,40],[-112,-1519],[-366,70],[-475,92],[-480,93],[-289,56],[-314,62],[-444,88],[59,-485],[85,-689],[45,-366],[12,-2],[-22,-273],[-258,48],[-424,79],[19,280],[-284,58],[-7,-11],[-21,-12],[4,-21],[12,-14],[-1,-16],[-10,-9],[9,-45],[2,-40],[-10,-76],[40,-8],[6,-14],[-6,-20],[9,-10],[12,17],[7,-8],[-3,-19],[-10,-35],[-23,-35],[-15,-58],[-12,-19],[-27,-6],[-14,-10],[-17,-84],[14,-28],[-2,-8],[-33,17],[-9,-3],[1,-68],[-5,-11],[-28,17],[-7,-9],[-11,-32],[-27,-8],[-16,-41],[-21,-22],[-16,-28],[-20,-3],[-17,-30],[-18,-9],[-33,13],[-22,-4],[-8,-23],[0,-15],[8,-35],[1,-16],[-9,-75],[-7,-26],[-9,-13],[-18,-16],[-24,-48],[-23,-18],[-23,-28],[-23,-33],[-12,-34],[0,-24],[5,-8],[45,-40],[27,-2],[-5,-21],[-26,-6],[-5,-18],[7,-28],[3,-32],[-8,-13],[-7,4],[-10,23],[-7,-7],[-2,-45],[-19,-24],[3,-13],[31,2],[9,-10],[-8,-77],[-6,-7],[-14,1],[-14,12],[-14,3],[-22,-5],[-12,5],[-9,11],[-11,24],[-8,-10],[2,-18],[10,-20],[22,-35],[0,-21],[-15,-15],[-15,2],[-5,26],[-12,14],[-9,-7],[-3,-29],[-82,18],[1,11],[-54,9],[-9,-122],[-118,21],[19,26],[9,3],[-6,47],[-6,19],[-130,24],[-125,26],[-1,-10],[-28,-5],[-24,2],[-348,44],[12,239],[-469,57],[85,-633],[-228,44],[-408,78],[-213,41],[-137,25],[-576,112],[-130,25],[-508,99],[-437,86],[69,970],[-472,96],[-471,96],[-78,-1002],[-26,-345],[-36,-492],[-82,-1124],[-79,-1091],[-233,45],[16,225],[-233,44],[-14,-198],[-531,106],[-914,180]],[[17,44672],[-1,2859],[0,1380],[-1,988],[0,1544],[-1,699],[-1,3059],[0,1355],[-1,1240],[0,380],[0,942],[-1,496],[0,414],[0,689],[-1,1554],[0,985],[-1,998],[-1,1711],[-1,1482],[1,1147],[-1,693],[1,622],[0,525],[0,819],[0,311],[0,620],[0,530],[-1,2197],[0,703],[0,1823],[-1,877],[0,1428],[-2,557],[1,1011],[0,1031],[0,804],[-2,2786],[0,310],[0,804],[0,409],[-1,1335],[-2,2201],[252,0],[364,0],[493,1],[552,-1],[408,0],[437,0],[259,1],[502,0],[267,-1],[336,0],[552,0],[552,0],[292,0],[365,0],[456,1],[497,-1],[260,0],[339,0],[552,1],[553,-1],[552,1],[552,-1],[552,1],[613,-1],[497,2],[968,-1],[276,-1],[357,0],[364,0],[239,1],[287,-1],[265,0],[552,0],[481,0],[350,0],[202,0],[350,0],[540,-1],[287,0],[277,0],[183,0],[460,1],[460,0],[454,0],[459,0],[359,0],[540,0],[551,0],[384,0],[475,0],[225,0],[284,0],[912,0],[440,0],[466,0],[462,0],[456,0],[430,0],[482,0],[453,0],[445,0],[470,0],[456,0],[456,0],[456,0],[219,0],[419,0],[274,0],[456,0],[255,0],[383,0],[274,0],[456,0],[456,0],[497,0],[506,-1],[364,1],[456,0],[274,-1],[386,0],[252,0],[273,0],[407,0],[231,0],[274,0],[365,0],[273,0],[456,0],[331,0],[252,0],[391,0],[293,0],[357,0],[290,0],[274,0],[365,0],[309,0],[512,1],[364,0],[355,0],[281,0],[351,0],[471,0],[463,0],[267,0],[414,0],[783,0],[228,0],[328,0]],[[43952,90990],[-1,-32],[-12,-7],[3,-14],[12,-14],[-1,-20],[-20,14],[-5,-15],[4,-39],[-9,0],[-11,15],[-2,-28],[-13,12],[-7,-9],[4,-18],[-9,-20],[-8,-40],[-8,-8],[-3,-25],[3,-13],[-7,-13],[-18,5],[-13,-2],[-9,22],[-12,-26],[-14,3],[-13,-10],[-24,3],[-1,21],[-8,16],[-19,11],[-8,-27],[-5,4],[-1,27],[-16,-21],[-22,-9],[5,20],[-21,-6],[3,-28],[-10,-18],[-7,27],[5,22],[-13,8],[-11,-5],[-7,14],[-16,-37],[8,-16],[4,-29],[-21,6],[-11,-10],[3,-37],[-22,0],[1,-25],[-16,-24],[-9,17],[-5,30],[-31,-5],[-4,-6],[-1,-42],[6,-4],[6,-23],[-6,-29],[-12,-17],[-11,17],[-13,-11],[-8,-19],[-9,7],[1,22],[-7,8],[-16,-18],[-4,-33],[-18,10],[-6,-21],[13,-9],[-12,-12],[-1,-21],[-25,5],[-12,-19],[-10,3],[7,-31],[-10,-10],[-12,4],[1,-25],[11,-14],[-4,-54],[-10,-15],[-11,4],[-7,-10],[2,-13],[-18,-29],[-9,1],[-21,25],[-9,1],[-8,23],[-14,-1],[-16,-21],[-11,5],[-5,-15],[-1,-42],[-11,-16],[-4,-26],[-14,4],[-19,-52],[-8,-11],[-8,-34],[16,-36],[0,-32],[12,-11],[-2,-16],[-21,-7],[-14,26],[-14,-21],[-9,-36],[-10,-23],[-4,-28],[5,-27],[10,-11],[-17,-46],[14,-5],[3,-25],[-16,-17],[0,-10],[17,-16],[-2,-56],[-9,15],[-6,0],[-4,-21],[-10,-15],[-3,-36],[-10,-30],[2,-8],[17,6],[2,-20],[-12,-17],[10,-14],[-5,-19],[11,-6],[-4,-15],[-13,8],[-7,-13],[-10,11],[-4,-23],[6,-22],[-3,-12],[9,-13],[-2,-23],[4,-16],[-10,-22],[6,-15],[-9,-32],[-1,-17],[7,-10],[12,9],[6,-14],[-14,-12],[-1,-11],[8,-36],[-8,-13],[-2,-15],[20,-17],[6,9],[14,-30],[-1,-14],[13,1],[-5,-27],[12,-27],[-3,-22],[-11,10],[-13,3],[-1,-13],[8,-41],[-2,-16],[-14,-1],[-9,-24],[-5,-22],[-15,-4],[-3,39],[5,14],[-11,6],[-4,-14],[-13,-31],[-13,4],[-8,12],[-16,-15],[-18,20],[-8,-22],[-1,-23],[-16,-7],[-9,-15],[-7,17],[-3,29],[-20,1],[-1,-13],[-10,-33],[-9,-12],[-9,0],[-5,-41],[-8,-15],[6,-25],[13,-4],[0,-13],[-17,-4],[1,-13],[13,-3],[2,-26],[7,-22],[-1,-10],[-17,-5],[-8,26],[-8,5],[-17,-35],[4,-12],[14,-17],[-7,-44],[-15,-13],[-22,-1],[6,-25],[8,-22],[-3,-10],[-16,2],[-3,-25],[-9,1],[0,-29],[-6,-31],[14,-5],[-1,-12],[-15,0],[-9,-18],[10,-17],[2,-29],[-8,-8],[-7,9],[-28,-28],[-2,-15],[5,-18],[-7,-31],[1,-25],[-15,0],[-10,9],[-8,-19],[9,-11],[0,-18],[-10,-13],[-14,13],[-1,-17],[8,-30],[13,-25],[17,-19],[5,-16],[-13,-12],[3,-12],[-3,-34],[-4,-2],[-13,36],[-13,12],[-8,-44],[13,0],[-3,-36],[0,-39],[-7,-20],[-7,1],[-8,21],[-10,-2],[-10,-28],[-6,-29],[-15,-7],[-5,-15],[17,-52],[2,-27],[-3,-20],[2,-24],[10,-23],[10,-36],[-4,-15],[-8,0],[-5,27],[-10,25],[-7,6],[-22,-3],[-16,-16],[10,-14],[0,-22],[15,-26],[10,-27],[-1,-39],[-10,-19],[18,-44],[-10,-27],[-8,-1],[-5,17],[-29,24],[-2,-19],[8,-26],[-7,-38],[-6,-11],[-13,10],[-8,-4],[7,-25],[-2,-25],[-8,-11],[-6,-34],[-10,-8],[-14,7],[-14,28],[-7,21],[-9,-1],[1,-19],[7,-23],[-7,-29],[5,-21],[-3,-40],[1,-26],[8,-46],[-1,-15],[-9,-29],[-11,-3],[-13,32],[-9,-3],[-10,-34],[-1,-20],[3,-13],[16,11],[9,-34],[1,-31],[25,-5],[28,-23],[-3,-24],[-21,-5],[-19,-15],[-15,2],[-3,-15],[9,-15],[10,-39],[0,-15],[7,-15],[-7,-18],[-20,2],[-8,-22],[-12,-11],[-10,-41],[-16,-38],[-3,-28],[6,-8],[18,26],[7,-8],[10,6],[6,-13],[16,-7],[4,-35],[12,-9],[10,36],[2,21],[10,-4],[20,-30],[14,-47],[2,-21],[-7,-25],[-1,-25],[13,-43],[20,-39],[8,-32],[-13,-10],[-21,2],[3,-23],[15,-18],[18,1],[5,-41],[-6,-17],[-20,-20],[-17,-34],[-8,-1],[-11,23],[-7,-2],[-1,-44],[-3,-13],[-18,-17],[-7,27],[-20,-19],[0,-13],[15,-20],[4,-11],[-3,-31],[5,-14],[-22,-17],[-12,-30],[2,-18],[24,-6],[3,-13],[-5,-23],[-12,-7],[-6,5],[-17,-5],[10,-13],[4,-18],[-19,-11],[-10,-25],[-4,-25],[-19,-46],[-3,-45],[3,-16],[10,-25],[-9,-13],[-12,7],[-7,-13],[-4,-32],[2,-19],[10,-39],[11,-18],[12,-3],[6,-10],[-2,-29],[3,-65],[-3,-20],[-10,6],[-11,-4],[-2,-19],[15,-9],[0,-20],[-21,-16],[-10,-23],[-5,-52],[-11,-15],[19,-18],[14,2],[-5,24],[12,-1],[7,33],[6,5],[25,-20],[4,26],[7,-8],[-5,-17],[-14,-17],[5,-21],[11,-3],[2,24],[10,-4],[2,-19],[7,-7],[12,8],[11,-31],[19,-16],[4,13],[12,-19],[12,3],[12,24],[1,16],[10,13],[11,-14],[11,3],[6,10],[13,-3],[11,8],[-2,-22],[4,-9],[31,4],[9,7],[3,14],[-12,19],[10,6],[9,22],[15,19],[13,-10],[-1,22],[11,-6],[9,-20],[12,4],[9,16],[4,-21],[10,4],[3,-25],[15,4],[15,-19],[17,31],[-6,29],[20,2],[1,-31],[21,33],[4,34],[18,-12],[6,-19],[19,7],[4,-19],[18,-11],[15,15],[15,-16],[25,14],[2,18],[12,11],[7,-21],[6,-34],[10,23],[19,2],[-5,23],[6,8],[14,-8],[5,-14],[19,-10],[-1,23],[10,3],[6,14],[2,24],[32,27],[18,3],[5,11],[-12,14],[20,10],[1,28],[24,-25],[5,-18],[30,-21],[1,19],[35,2],[19,-9],[0,-10],[27,-8],[13,6],[17,1],[9,18],[6,-16],[35,6],[-1,16],[15,7],[11,-2],[15,19],[9,-6],[17,6],[9,-25],[6,21],[-11,8],[2,21],[-4,12],[7,21],[24,-17],[6,6],[12,25],[14,11],[18,3],[6,17],[4,32],[11,-40],[7,9],[13,-1],[7,26],[-6,14],[18,12],[6,-23],[14,3],[5,16],[13,-15],[-16,-194],[-6,-78],[-46,-543],[-62,-724],[21,-5],[-6,-69],[15,-12],[391,-306],[176,-133],[2,-1],[187,-143],[225,-174],[158,-123],[-33,-389],[3,-5],[112,-16],[288,-81],[134,-32],[261,-57],[126,-37],[59,-16],[128,-30],[112,-28],[12,-7],[158,-41],[136,-26],[158,-43],[13,-17],[11,-2],[11,10],[4,33],[3,7],[41,18],[16,-1],[21,-16],[11,1],[12,12],[7,-7],[8,-30],[2,-21],[12,-12],[5,4],[7,30],[10,3],[15,-6],[11,-14],[11,9],[8,-10],[32,-22],[8,10],[24,-20],[10,-17],[14,-2],[29,15],[9,-13],[16,9],[20,-3],[11,4],[17,-7],[17,-25],[5,-19],[15,-1],[19,-8],[23,11],[2,24],[24,7],[22,-34],[23,-26],[20,-11],[10,-11],[15,-5],[10,7],[11,-18],[5,-16],[10,0],[14,-27],[-7,-14],[35,-59],[11,-2],[23,12],[11,-7],[12,9],[16,-8],[9,18],[9,10],[28,-12],[6,-11],[8,9],[8,-6],[17,7],[15,-33],[27,-19],[13,9],[24,7],[27,-17],[7,60],[8,-7],[11,14],[19,-16],[5,8],[8,29],[17,2],[15,-4],[15,4],[2,43],[-2,23],[7,10],[19,-4],[16,28],[20,10],[9,-7],[8,-18],[9,-3],[11,9],[14,-6],[13,31],[2,17],[14,12],[14,2],[5,16],[-4,16],[0,27],[18,29],[17,2],[9,-18],[18,-1],[5,7],[-1,25],[8,12],[11,-12],[19,13],[18,20],[14,9],[-4,23],[7,8],[11,-6],[13,15],[9,-4],[18,4],[11,33],[-5,-54],[92,-25],[-23,-253],[181,-49],[-13,-137],[13,13],[17,-8],[10,14],[10,3],[13,-5],[-2,20],[6,18],[15,-1],[8,-26],[14,0],[2,22],[7,9],[18,-4],[36,382],[7,-2],[4,43],[207,-52],[-3,-57],[-12,-149],[-19,-223],[16,-4],[23,-53],[17,-32],[14,-3],[84,-7],[31,-46],[15,-5],[4,-415],[160,-43],[5,51],[326,-86],[27,30],[149,-41],[-12,-153],[-1,-39],[-6,-76],[-26,-119],[-16,-2],[20,-117],[82,-22],[-14,-147],[65,-16],[-2,-24],[-7,-5],[-10,-112],[250,-167],[94,-32],[-3,-25],[131,-41],[7,19],[111,-27],[30,-82],[-24,-23],[-5,-32],[-11,-21],[13,-18],[45,44],[92,-250],[-31,-342],[47,-12],[4,-55],[9,-45],[3,-38],[15,-12],[4,-37],[4,-12],[-2,-39],[3,-22],[-20,-76],[8,-23],[11,-5],[7,-13],[10,-57],[23,-24],[9,-15],[-3,-38],[8,-29],[-4,-31],[-2,-37],[-4,-6],[9,-23],[2,-34],[8,-26],[-13,-61],[0,-34],[9,-19],[-12,-48],[11,-25],[15,-11],[9,5],[7,-25],[7,-38],[-1,-30],[11,-27],[2,-45],[18,-28],[7,-27],[3,-42],[-9,-39],[6,-19],[-3,-18],[12,-31],[2,-16],[9,-15],[12,-37],[7,-15],[5,-34],[16,-27],[1,-19],[7,-23],[19,-16],[30,-10],[18,11],[12,-13],[28,-6],[20,-9],[16,-28],[4,-35],[6,-13],[15,-3],[5,15],[16,13],[13,-8],[33,-9],[4,-71]],[[53079,47484],[6,-46],[-17,-1],[-13,-21],[1,-22],[19,20],[14,5],[9,-13],[-11,-22],[-6,-41],[3,-26],[-10,-16],[5,-20],[11,-20],[5,-23],[-10,-4],[-16,4],[-10,-5],[3,-15],[16,-4],[10,-13],[-8,-31],[0,-34],[-21,-24],[-15,13],[-15,-7],[5,-13],[19,-16],[20,12],[40,-17],[7,-9],[0,-20],[9,-40],[-11,-3],[-7,7],[-15,-4],[-21,18],[-4,-39],[4,-24],[11,-7],[4,-33],[-6,-15],[-18,-4],[-10,-51],[-8,-5],[-13,25],[-10,-1],[-12,-20],[4,-35],[14,-16],[17,-33],[23,-17],[7,-11],[7,-37],[-9,-46],[-14,-17],[-17,-31],[-9,3],[-22,18],[-18,1],[-14,-24],[-8,-3],[-21,4],[-9,-12],[1,-34],[10,-61],[9,-31],[-7,-11],[-17,-5],[-6,-16],[6,-29],[-8,-20],[-16,-6],[-24,8],[-32,-11],[-8,10],[3,35],[15,35],[2,32],[-3,15],[-16,10],[-16,-14],[-7,-37],[-14,-17],[-18,13],[-24,-4],[-8,-13],[6,-36],[-2,-24],[-14,-31],[18,-33],[-3,-38],[-14,-63],[-21,-1],[-28,-18],[-5,-35],[-20,10],[-12,-44],[-30,7],[-19,-30],[-22,-3],[5,-17],[17,-6],[11,-14],[5,-16],[-1,-31],[11,-48],[3,-39],[5,-12],[30,-17],[11,-17],[12,-39],[3,-27],[-7,-15],[-28,-7],[-12,1],[-18,-6],[-12,-25],[-3,-22],[2,-39],[-3,-26],[-20,-33],[-3,-12],[9,-23],[34,0],[6,-36],[8,-23],[12,-8],[10,-18],[10,-55],[13,-29],[30,-15],[13,7],[10,22],[10,4],[28,-28],[6,-19],[8,-57],[-5,-23],[-37,8],[-5,-3],[-6,-23],[-5,-43],[9,-50],[19,-44],[38,-27],[36,-42],[26,-27],[-6,-7],[-46,-6],[-25,19],[-11,-3],[-12,-15],[-6,-28],[12,-21],[32,-21],[6,-15],[8,-75],[-5,-22],[-9,-20],[-22,-30],[-13,-2],[-25,17],[-13,-9],[2,-37],[15,-32],[18,-15],[22,-9],[44,-1],[28,-19],[34,18],[17,-13],[9,-23],[1,-13],[-19,-44],[0,-13],[6,-20],[16,-22],[18,-10],[11,-20],[1,-21],[-5,-35],[-12,-11],[-19,10],[-12,-4],[-5,-13],[-6,-36],[1,-40],[-22,-8],[-7,-22],[-4,-35],[-5,-6],[-37,26],[-8,-10],[3,-36],[-8,-6],[-17,-1],[-10,-12],[-6,-46],[-22,0],[-23,-28],[-9,-1]],[[52740,44248],[1,41],[-13,14],[-7,-29],[-9,0],[-9,24],[-10,5],[-3,-17],[4,-24],[-12,-4],[-15,15],[-11,-28],[-33,-19],[-6,-15],[-4,-34],[-9,-2],[-20,18],[-13,-14],[-9,-27],[-7,2],[-13,28],[-10,-6],[-7,-30],[-7,-10],[-11,14],[-9,25],[-6,-2],[-18,-27],[-13,13],[-13,-1],[-14,-22],[-6,0],[-17,18],[-8,-2],[3,-34],[-7,-11],[-22,-3],[-8,-18],[21,-14],[10,-13],[-1,-12],[-17,-19],[-7,-38],[11,-27],[1,-17],[-9,-9],[-20,11],[-17,-7],[-6,-22],[17,-26],[3,-21],[-11,-9],[14,-41],[1,-19],[-8,-24],[8,-26],[-1,-15],[-11,-26],[8,-28],[-11,-15],[4,-29],[-8,-21],[12,-27],[-16,-26],[-13,-5],[0,-26],[-5,-12],[-1,-22],[-8,-9],[-16,-30],[-3,-16],[-11,-5],[-31,-53],[0,-12],[16,-10],[15,-2],[9,-11],[5,-18],[-16,-26],[-11,-6],[-9,11],[-12,-17],[-22,4],[-25,-19],[-3,-28],[2,-22],[-4,-13],[3,-19],[-11,-18],[5,-26],[-9,-12],[-1,-16],[8,-19],[-6,-23],[-16,-4],[3,-18],[13,-10],[-5,-12],[-31,-14],[-7,20],[-15,-12],[-6,13],[-21,-4],[-5,-9],[-18,9],[-22,-4],[-10,-9],[-6,-18],[-9,-9],[-5,-18],[-13,0],[0,13],[-14,40],[-4,-14],[-19,-1],[-9,22],[12,10],[1,17],[-9,48],[-8,6],[-10,-14],[-2,-35],[-18,11],[-13,-29],[-16,0],[-2,-14],[4,-17],[12,3],[5,-10],[-9,-16],[8,-27],[-2,-17],[-10,-5],[-11,22],[-18,2],[-13,24],[-9,1],[-2,18],[4,16],[-14,22],[-15,-4],[-4,-9],[1,-27],[-7,-12],[7,-26],[-10,-10],[-14,12],[-7,-8],[-12,11],[-21,-19],[-10,6],[-5,-11],[6,-19],[-5,-8],[-24,-2],[-6,22],[-13,9],[-12,-10],[-3,25],[-12,13],[-11,0],[-2,-21],[6,-4],[-11,-27],[-16,-21],[-6,-18],[9,-8],[18,11],[7,-21],[-10,-35],[-10,11],[-12,-23],[-14,14],[-2,-33],[12,-31],[-5,-41],[-11,-9],[-10,2],[-13,-27],[-11,9],[-8,-15],[-17,7],[-13,-62],[-7,-48],[-7,-3],[-104,25],[15,168],[-72,17],[0,6],[-137,33],[1,16],[-23,5],[-11,-4],[-55,14],[1,16],[-23,5],[-12,-118],[6,-1],[-13,-136],[23,-6],[-18,-196],[1,-1],[-21,-223],[-52,13],[-4,-39],[-23,7],[-5,-24],[-52,16],[9,106],[-5,12],[-62,16],[-10,-103],[-9,-10],[70,-19],[4,-22],[11,-12],[-5,-49],[-6,-38],[18,-5],[-4,-31],[40,-11],[-4,-39],[5,-18],[22,-5],[-14,-122],[44,-13],[-9,-85],[39,-11],[-7,-61],[62,-17],[-7,-72],[69,-18],[-4,-41],[-24,7],[-2,-45],[8,-30],[-3,-25],[-16,5],[-12,-112],[-118,33],[-15,-135],[11,-3],[10,-32],[11,-13],[18,-6],[8,-22],[-3,-21],[2,-36],[-21,-19],[-7,9],[-65,17],[-13,-139],[-53,13],[-1,-7],[-24,6],[-3,-18],[-37,-342],[-144,43],[0,-21],[7,-29],[10,-9],[-3,-19],[-7,-4],[-12,-24],[-15,-10],[-5,-38],[4,-23],[12,-15],[10,-1],[22,21],[14,0],[14,15],[9,37],[17,30],[22,-6],[-2,-36],[6,-10],[12,-4],[6,23],[16,20],[9,-10],[7,-32],[17,-31],[0,-12],[-12,-40],[-7,-8],[-19,-2],[-15,-18],[-14,4],[-7,-8],[-11,-41],[-13,-19],[-14,16],[-11,-8],[-6,-26],[-21,-26],[-4,-19],[-26,-34],[2,-26],[32,-53],[6,7],[20,6],[7,-7],[2,-26],[8,-18],[10,-32],[2,-19],[-14,-35],[2,-17],[11,-25],[-8,-23],[-17,-16],[-5,-22],[1,-30],[-8,-15],[-28,-20],[-33,1],[-3,-21],[11,-23],[-1,-20],[-7,-23],[-18,-19],[-15,0],[-5,-33],[5,-20],[-18,-24],[3,-16],[15,-22],[14,5],[20,14],[7,0],[7,-34],[3,-26],[-4,-35],[-14,-40],[-2,-17],[-10,-17],[-13,-45],[5,-45],[-10,-24],[-15,-18],[-3,-16],[16,-50],[14,-29],[8,-4],[14,42],[23,6],[6,-22],[8,-66],[-17,-38],[-4,-35],[2,-32],[-10,-19],[-25,-34],[3,-82],[-10,-19],[-30,-7],[-16,-17],[8,-35],[6,-9],[11,-39],[6,-5],[11,11],[18,-3],[13,-12],[4,-14],[16,-25],[13,-39]],[[50729,38774],[-22,-5],[-12,6],[2,-25],[-8,-17],[-11,-15],[-16,0],[-3,-20],[-14,-3],[-8,-13],[-18,7],[-5,22],[-30,-17],[-17,-55],[2,-15],[17,-32],[11,3],[25,-4],[4,-13],[14,-2],[-3,-15],[9,-22],[-2,-19],[-11,-33],[1,-12],[-7,-25],[-9,-18],[1,-32],[14,-22],[6,-21],[1,-26],[12,-87],[-3,-47],[8,-27],[17,-23],[2,-66],[26,-3],[5,-6],[7,-40],[37,-9],[50,38],[28,35],[10,26],[27,42],[13,11],[13,1],[23,-23],[-10,-100],[114,-29],[19,-16],[-17,-42],[-14,-43],[-10,-10],[-2,-13],[21,-36],[-3,-8],[-19,-11],[-6,-8],[1,-36],[-7,-13],[-15,-14],[-1,-20],[2,-31],[-7,-8],[-17,-1],[-32,-52],[-10,-32],[-13,-14],[-15,-7],[-14,-47],[3,-34],[-2,-9],[-25,-30],[-12,1],[-3,-44],[-5,-7],[-32,4],[-12,-8],[-8,-18],[-6,-32],[-23,-1],[-18,-16],[-3,-12],[3,-36],[-11,-21],[-25,21],[-9,-3],[-15,-36],[-4,-31],[-8,2],[-4,20],[-12,-5],[-10,-23],[7,-13],[15,-12],[-5,-24],[-25,-15],[-17,-4],[-8,-15],[2,-14],[28,-13],[14,7],[6,-23],[-35,-26],[-11,0],[-9,32],[-9,7],[-10,-12],[-3,-44],[4,-17],[-11,-25],[-20,-9],[-14,11],[-11,-7],[11,-15],[-2,-28],[-8,-12],[-15,-2],[-9,-24],[9,-34],[5,-40],[-3,-64],[2,-14],[12,-24],[4,-27],[-2,-12],[-19,-21],[-12,9],[-5,15],[-10,-5],[-1,-30],[-13,2],[-17,14],[-11,-6],[-11,-24],[7,-24],[10,-7],[16,-20],[-9,-19],[-26,24],[-13,18],[-6,24],[-6,4],[-13,-19],[-21,-8],[-5,-23],[6,-59],[9,-32],[0,-23],[-10,-12],[-10,18],[-2,21],[2,23],[-16,19],[-17,-4],[6,-25],[15,-15],[-3,-14],[-29,-2],[4,-32],[23,-20],[-4,-12],[5,-35],[-4,-14],[9,-21],[-14,-34],[-10,2],[-10,-26],[-11,-14],[-3,-46],[3,-5],[3,-45],[26,-65],[15,-25],[-14,-42],[9,-27],[-2,-16],[10,-22],[-4,-16],[3,-17],[8,-7],[41,-3],[8,-5],[2,-16],[-5,-12],[12,-57],[-11,-5],[-33,-5],[-12,-10],[-13,35],[-27,16],[0,17],[-17,31],[7,24],[-3,11],[-35,4],[-21,9],[-26,42],[-9,25],[-1,16],[5,42],[-12,24],[-11,30],[-18,-5],[-22,-58],[-15,-16],[-24,-39],[-10,2],[-27,25],[-14,6],[-12,-5],[-27,15],[-2,16],[-21,5],[-19,17],[-18,35],[-14,4],[-21,-4]],[[49914,36203],[-12,8],[-22,35],[-13,6],[-28,7],[-49,46],[-19,16],[2,34],[-7,12],[-11,3],[-19,21],[-15,73],[2,33],[12,31],[12,55],[-26,15],[-20,-2],[-24,16],[-57,5],[-13,16],[-18,3],[-10,-5],[-32,31],[-14,-13],[-28,-8],[-3,25],[-9,-2],[-9,-16],[-10,-36],[-19,-41],[-15,-3],[-9,6],[-29,-59],[-52,66],[-12,30],[-24,38],[-1,-15],[10,-17],[12,-32],[2,-16],[-3,-43],[-5,-9],[8,-41],[12,-20],[-2,-41],[-12,-7],[-7,-30],[-2,-53],[5,-10],[-5,-53],[4,-16],[11,-4],[15,6],[30,-8],[0,-10],[16,-37],[5,-22],[20,-9],[-12,-46],[3,-22],[-10,-46],[-11,-35],[-3,-24],[6,-34],[-11,-18],[-7,-21],[-2,-23],[-15,-18],[-6,-49],[1,-13],[-6,-44],[8,-12],[-5,-44],[5,-21],[-13,-5],[-10,12],[-5,-11],[4,-25],[-7,-8],[-20,-8],[10,-18],[-5,-12],[-16,14],[-7,-10],[-1,-22],[-11,-22],[-16,-4],[2,-22],[-12,-16],[-8,14],[-33,-17],[-37,15],[-2,-19],[-12,-1],[2,-21],[-4,-15],[-15,20],[-3,18],[-37,12],[-10,20],[-10,0],[-8,-27],[-9,-13],[-15,-12],[-19,6],[-3,-23],[-25,-12],[-7,6],[1,25],[-12,-12],[-25,20],[-12,-15],[-6,-27],[-6,-4],[-4,29],[-22,-12],[-10,20],[-13,2],[-13,18],[-9,-27],[-27,3],[-27,-19],[-17,-18],[-1,-12],[-13,-1],[-5,-34],[-8,-4],[-11,14],[-4,-19],[1,-25],[-19,4],[0,-12],[-14,-9],[-3,-9],[-17,-16],[-13,1],[-3,27],[-7,9],[-15,-25],[-22,17],[-6,-8],[-12,1],[5,-31],[-3,-10],[-26,-1],[-8,-28],[-17,-4],[-11,22],[0,33],[-11,10],[-22,-1],[-34,19],[-10,-11],[-10,13],[24,22],[-3,8],[-28,7],[-20,9],[-7,10],[-5,22],[-9,8],[-14,-6],[-6,-25],[-8,-13],[-13,-5],[-8,21],[-13,10],[-6,13],[7,31],[-12,4],[-11,-18],[-27,-4],[-17,-23],[-9,21],[-14,11],[-6,-24],[7,-16],[12,-6],[0,-19],[-16,-6],[-24,9],[-11,-10],[-8,-24],[-20,45],[-6,27],[-8,9],[-7,-13],[2,-26],[-3,-56],[-10,-3],[-9,39],[-6,12],[-9,-18],[-12,51],[-10,-35],[-14,-5],[-4,-15],[6,-18],[-14,-5],[-14,27],[-17,-32],[-7,1],[-10,16],[-17,-5],[-9,-37],[-9,-19],[-9,3],[5,87],[-3,20],[-13,-7],[0,-15],[-8,-29],[-9,-14],[-37,-7],[-8,22],[-13,16],[12,12],[5,33],[-16,11],[-2,31],[-12,13],[-2,13],[7,17],[-3,13],[-10,1],[-5,13],[8,48],[12,19],[-8,19],[-20,5],[-11,-20],[-14,4],[0,22],[-17,-13],[-8,15],[6,27],[3,34],[-7,18],[-10,-7],[-6,-23],[-13,-32],[-8,-5],[-3,33],[3,21],[13,29],[-2,30],[-9,8],[-38,-2],[-8,14],[19,44],[7,23],[-1,22],[-27,34],[-8,-13],[-8,0],[-15,17],[19,51],[-1,11],[-18,7],[-8,-8],[-10,14],[16,24],[3,19],[-16,3],[-15,-11],[-6,17],[0,23],[-15,31],[15,1],[9,26],[-5,25],[-20,34],[-13,47],[-11,30],[-13,-5],[0,-44],[3,-69],[-7,-29],[-11,-13],[-12,12],[4,11],[3,25],[-11,58],[-18,2],[-4,7],[9,18],[21,12],[3,26],[-8,32],[-4,34],[-5,14],[-14,1],[-18,-44],[-9,-66],[-14,-44],[-20,-31],[-17,-2],[-8,12],[0,46],[-31,62],[-9,8],[-21,-4],[-22,22],[9,35],[-13,11],[-18,-25],[-9,2],[0,24],[-21,25],[-6,21],[4,13],[0,29],[13,23],[-5,20],[-9,-2],[-19,-36],[-16,7],[0,29],[-7,20],[-20,27],[-17,7],[-2,-40],[8,-8],[4,-18],[-6,-23],[-13,4],[-10,15],[-2,22],[-9,26],[-19,18],[-7,-13],[6,-24],[-6,-22],[-7,-3],[-8,16],[5,70],[-4,15],[-15,-10],[-7,7],[2,20],[-4,27],[-8,23],[-17,21],[23,27],[0,26],[-12,21],[-6,-1],[-8,-26],[-9,-4],[-16,40],[-2,20],[8,25],[-3,17],[-15,-1],[-16,14],[-20,5],[-14,34],[8,19],[14,3],[6,11],[-6,15],[-18,-8],[-12,18],[-23,-1],[-19,-8],[-5,25],[-15,30],[9,20],[4,21],[17,19],[3,14],[-14,33],[-15,66],[-10,-12],[-4,-35],[-9,-3],[-17,53],[-26,29],[-13,9],[-24,-18],[-12,12],[-1,18],[8,32],[-2,18],[-14,9],[-17,-6],[-21,3],[-14,30],[-6,39],[-32,13],[-36,26],[-11,12],[-10,-1],[-7,-18],[-9,-9],[-14,0],[1,-37],[-3,-20],[-10,-29],[-3,-33],[2,-46],[-6,-9],[-11,23],[-14,10],[-23,-3],[-5,9],[-6,30],[-29,5],[-25,-3],[-18,24],[-50,54],[-9,27],[-17,15],[-25,-1],[-6,11],[6,24],[-26,-2],[-8,17],[-21,9],[-1,23],[-11,26],[1,37],[-13,25],[-10,1],[-8,-17],[-11,-1],[-7,14],[-26,32],[-13,23],[-10,46],[3,50],[-3,26],[-9,3],[-9,-10],[-11,-39],[-14,-5],[-13,10],[-12,20],[0,38],[-9,15],[-23,-11],[-11,8],[-3,33],[9,39],[0,11],[-19,-1],[-16,-16],[-20,-13],[-14,8],[1,77],[7,33],[2,25],[-7,20],[-14,-10],[-8,8],[1,29],[-5,9],[-19,-5],[-21,9],[-18,-6],[-14,11],[-10,16],[-8,-1],[-19,-28],[-26,-25],[-28,22],[-19,-29],[-10,4],[-7,23],[-17,15],[-16,2],[-18,-15],[-9,15],[3,35],[-5,25],[-10,8],[-10,-16],[-12,-33],[-13,-18],[-15,-2],[-15,29],[-20,11],[-22,5],[-10,-35],[-15,-36],[5,-31],[-9,-17],[-35,-4],[-10,-4],[-16,-39],[-11,-3],[-19,7],[-8,-5],[-9,-25],[-21,-3],[-20,-21],[-18,-12],[-11,2],[-26,21],[-13,3],[-12,-15],[-2,-28],[7,-22],[17,-33],[1,-24],[-7,-9],[-15,14],[-10,32],[-6,8],[-17,1],[-8,13],[8,32],[1,28],[-8,13],[-11,-14],[-10,-4],[-8,9],[2,20],[-13,19],[-8,-5],[-5,-35],[-16,-36],[-14,-7],[-4,19],[-14,14],[-25,-8],[-8,-20],[-7,-41],[0,-37],[-5,-61],[-8,-11],[-102,3],[-10,15],[-8,39],[-16,31],[-18,11],[-20,-26],[-7,2],[-10,63],[-6,15],[-13,13],[-23,9],[-16,17],[-15,30],[-3,15],[-11,17],[-16,35],[-2,13],[14,22],[-17,41],[-5,24],[-13,33],[7,19],[33,50],[29,23],[3,6],[1,44],[9,41],[-4,24],[-7,13],[-25,70],[-5,43],[-11,14],[-25,9],[-13,11],[-8,15],[1,27],[8,19],[1,26],[-16,15],[-31,6],[-4,9],[8,37],[0,14],[-13,26],[-48,50],[-3,6]],[[44846,38695],[-7,28],[-8,10],[2,14],[12,-11],[24,12],[-4,20],[-22,6],[-4,19],[16,19],[2,14],[-19,37],[-1,16],[11,-2],[1,24],[26,14],[11,-8],[19,6],[13,-13],[10,-2],[6,27],[8,10],[-7,25],[22,25],[-6,8],[-14,-4],[-6,7],[15,21],[8,-8],[30,36],[8,18],[-13,17],[11,16],[19,9],[8,-3],[-2,-19],[15,-8],[16,1],[11,-28],[12,11],[17,-26],[12,-2],[11,8],[-7,37],[9,-4],[17,-33],[13,-8],[-9,-33],[13,1],[12,-7],[-7,36],[15,-14],[16,6],[8,-7],[7,27],[-5,19],[11,10],[-11,33],[-7,-11],[-20,0],[-23,25],[11,9],[-3,29],[-17,41],[24,-7],[8,4],[4,23],[9,-7],[15,4],[5,9],[-19,13],[8,26],[-4,28],[7,12],[-13,27],[6,24],[-14,20],[9,41],[-6,9],[18,16],[0,34],[-14,23],[14,14],[0,18],[-6,8],[0,35],[15,1],[7,13],[-11,30],[15,19],[-2,20],[8,8],[12,-13],[16,-6],[10,10],[20,4],[14,-31],[20,-9],[2,19],[20,-4],[18,30],[11,10],[11,19],[6,-1],[22,34],[1,32],[5,24],[12,3],[8,24],[-3,17],[11,40],[7,8],[3,50],[8,13],[2,29],[10,9],[8,49],[14,43],[34,-6],[7,6],[15,43],[13,19],[18,40],[11,18],[7,42],[5,16],[13,19],[1,9],[-91,24],[-20,-14],[-6,18],[-5,47],[-17,37],[-28,31],[-13,11],[-6,-21],[-10,-22],[-14,19],[-13,-2],[-14,-42],[-18,5],[-2,7],[-26,26],[-5,-16],[-185,46],[5,48],[-21,6],[-5,-13],[-14,-15],[-6,-18],[-12,-11],[-35,-47],[-37,6],[-19,-18],[-1,-11],[-26,-58],[0,-24],[-9,-13],[-10,-30],[-14,-30],[-9,-7],[-1,-18],[9,-16],[-4,-54],[16,-4],[9,-33],[-42,11],[-5,-58],[-122,34],[-7,-78],[-7,-2],[-15,11],[-22,23],[-10,-8],[-31,8],[-17,-168],[31,-9],[-13,-125],[-135,38],[-5,-44],[10,-2],[-19,-192],[-129,32],[4,40],[-88,24],[18,26],[8,21],[3,38],[-13,24],[-52,15],[-5,-50],[-60,17],[12,116],[-116,32],[8,80],[-47,14],[16,152],[-57,17],[6,51],[96,-25],[-18,42],[-12,14],[-14,4],[-16,-4],[-21,-14],[-12,3],[13,131],[7,-2],[5,26],[8,8],[25,53],[35,31],[7,22],[1,29],[-4,15],[-13,6],[-33,43],[1,19],[-19,11],[-1,-10],[-63,31],[-11,2],[3,29],[-21,-8],[-14,13],[-6,21],[-10,7],[-7,19],[3,29],[-3,16],[13,39],[-1,18],[-8,11],[-7,22],[2,19],[-8,11],[-19,-3],[-12,-10],[-26,25],[-7,-9],[-13,19],[-16,15],[-13,18],[-16,-16],[-8,-26],[-22,-13],[-12,9],[-11,16],[-13,6],[-17,-2],[-14,18],[-10,1],[-7,-11],[-14,12],[-5,21],[-3,35],[-9,17],[-1,21],[-5,17],[4,34],[6,11],[-2,44],[-6,20],[3,22],[-6,6],[0,21],[11,18],[0,32],[7,20],[-5,40],[8,16],[-5,28],[12,35],[-4,21],[2,16],[-4,48],[15,32],[-6,36],[0,20],[9,27],[-4,19],[1,25],[6,20],[18,17],[5,70],[-1,37],[-10,26],[4,10],[13,-9],[11,27],[-1,8],[-14,23],[-9,27],[-12,-16],[-8,-1],[-19,13],[-1,35],[5,20],[-8,11],[2,32],[-15,14],[-9,-6],[-18,4],[-20,51],[-5,4],[-24,-7],[-12,-24],[-14,-8],[-32,5],[-9,-9],[-4,-28],[-1,-33],[-16,-12],[-13,-46],[-13,-2],[-8,31],[5,50],[5,23],[-7,31],[8,27],[-2,38],[-9,25],[-11,-3],[-8,-12],[-14,-47],[-16,-9],[-16,7],[-19,20],[-23,14],[-11,-8],[1,-28],[-4,-5],[-17,9],[-7,33],[9,46],[-3,19],[-12,11],[-31,2]],[[43295,42110],[15,16],[6,24],[-2,20],[15,-1],[15,14],[17,1],[24,11],[1,27],[15,9],[0,35],[-5,34],[-8,29],[7,13],[-11,15],[16,25],[11,0],[0,14],[-11,12],[29,11],[28,4],[11,22],[-3,28],[24,28],[0,29],[13,16],[-5,18],[1,13],[10,14],[6,18],[3,31],[15,17],[8,38],[1,16],[16,20],[6,39],[-3,12],[1,37],[18,30],[-4,19],[3,21],[8,5],[9,38],[-8,9],[9,14],[5,20],[2,69],[16,-8],[8,16],[4,24],[20,50],[8,39],[-6,4],[14,64],[-5,9],[10,17],[4,24],[19,24],[3,31],[14,7],[1,31],[33,34],[13,-4],[5,-17],[10,8],[3,-18],[29,25],[11,39],[29,-10],[99,-25],[19,-3],[1,13],[179,-47],[-3,-16],[6,-14],[-7,-28],[111,-29],[0,6],[212,-60],[3,21],[12,41],[16,15],[1,26],[5,19],[6,38],[3,50],[5,9],[-2,49],[-4,25],[1,19],[-5,26],[-4,75],[10,7],[20,-2],[16,18],[3,26],[78,-22],[2,12],[198,-58],[24,-11],[1,8],[48,-14],[1,11],[74,-22],[6,8],[-1,20],[27,-7],[-1,-10],[29,-7],[1,14],[17,-5],[-2,-23],[37,-10],[0,-4],[35,-10],[8,4],[44,-13],[19,0],[-5,-48],[15,-4],[3,31],[8,19],[1,16],[-3,33],[88,-25],[-5,-48],[33,-10],[-3,-24],[15,10],[35,16],[12,116],[-5,33],[45,-12],[8,1],[26,-27],[16,-11],[20,-33],[13,-13],[-10,-101],[74,-21],[0,8],[73,-20],[-2,-10],[191,-50],[136,-38],[3,26],[94,-26],[-3,-30],[23,-6],[-4,-45],[29,-2],[6,11],[29,24],[26,48],[16,6],[-3,15],[-12,6],[-10,12],[-22,-3],[-5,11],[-19,7],[-18,-3],[-5,16],[-29,7],[5,46],[-15,4],[11,102],[-33,-2],[-59,11],[-46,15],[-97,26],[5,58],[11,109],[22,-6],[22,208],[1,-1],[22,212],[24,236],[-31,9],[18,24],[5,37],[14,24],[50,50],[24,36],[6,44],[11,8],[7,19],[-3,30],[-19,57],[-8,47],[5,19],[-15,23],[-11,29],[-4,31],[5,24],[-4,22],[-12,34],[-1,28],[-7,33],[5,38],[7,20],[-19,27],[-12,38],[-13,-5],[-10,16],[-16,6],[-5,25],[-8,14],[-2,17],[7,6],[-4,17],[7,13],[17,17],[4,10],[18,18],[9,20],[2,39],[-13,58],[-9,25],[-2,27],[6,26],[0,31],[-12,23],[-7,3],[-7,43],[3,22],[113,-29],[24,11],[18,-15],[12,15],[4,39],[-15,82],[-2,41],[2,25],[40,397],[-28,7],[33,348],[-184,48],[31,319],[-26,35],[-11,54],[-2,68],[-5,15],[2,50],[3,14],[0,45],[10,35],[-1,38],[10,39],[0,43],[5,28],[2,34],[19,37],[3,11],[-3,43],[-5,27]],[[45967,47559],[15,1],[11,-12],[24,-63],[17,-14],[8,27],[17,6],[8,12],[14,7],[10,22],[-3,23],[10,7],[6,15],[5,38],[16,4],[8,10],[-2,12],[10,25],[-4,43],[-5,19],[6,39],[-4,29],[12,2],[18,19],[21,6],[10,26],[-11,13],[2,17],[-1,60],[2,22],[8,9],[19,4],[13,11],[5,13],[3,29],[-4,17],[11,3],[9,31],[12,-5],[9,13],[0,21],[12,38],[3,25],[-4,13],[8,36],[11,20],[-2,18],[9,11],[21,-32],[23,-12],[11,1],[16,-18],[6,-22],[17,6],[10,113],[-15,4],[12,127],[92,-24],[10,-12],[0,-27],[12,-25],[17,-14],[15,34],[16,9],[7,17],[0,15],[26,64],[20,24],[13,38],[7,-9],[18,27],[8,-5],[11,25],[9,6],[2,16],[14,17],[5,47],[-10,35],[3,36],[8,-6],[-1,-30],[15,-64],[26,-5],[6,10],[12,-1],[18,-23],[8,4],[-1,18],[9,3],[15,-18],[5,-19],[14,-3],[10,9],[12,-4],[-5,-22],[9,-3],[2,-38],[11,-11],[15,-34],[20,-6],[6,-40],[-4,-28],[9,-26],[10,5],[6,24],[1,17],[10,4],[5,-21],[15,3],[-5,-20],[8,-4],[8,26],[20,-2],[10,-10],[24,-11],[16,-2],[20,10],[14,16],[5,-24],[18,3],[9,14],[8,-2],[12,12],[3,38],[23,5],[-3,-33],[5,-11],[24,-9],[23,-3],[6,-33],[19,-9],[10,-15],[18,-15],[5,10],[27,2],[13,17],[7,-39],[110,-30],[-5,-59],[53,-14],[2,24],[30,-8],[28,-2],[43,-12],[8,87],[137,-37],[9,15],[-13,36],[11,6],[37,-13],[9,-17],[16,10],[10,18],[18,12],[-6,24],[6,13],[8,91],[-1,2],[13,133],[47,-12],[6,58],[56,-15],[2,29],[15,13],[17,1],[1,-38],[14,-2],[14,30],[12,17],[1,14],[-12,22],[10,33],[-2,41],[14,3],[10,13],[-11,24],[-7,26],[1,27],[13,30],[49,20],[7,17],[6,-20],[13,-16],[6,17],[27,13],[12,-15],[8,2],[12,-11],[23,4],[3,17],[-11,18],[0,16],[13,1],[7,-22],[9,5],[1,24],[9,11],[20,-14],[9,4],[-16,36],[4,47],[24,-5],[12,2],[4,17],[8,-3],[12,51],[19,9],[20,26],[-24,6],[4,38],[9,-3],[4,40],[5,-1],[5,66],[-29,8],[2,24],[-36,10],[3,31],[7,10],[-7,23],[-5,42],[-3,40],[4,30],[5,5],[8,48],[30,59],[15,5],[12,12],[10,44],[7,49],[14,28],[2,22],[13,35],[-5,47],[8,23],[0,25],[17,36],[13,-5],[14,14],[16,-18],[5,18],[11,-2],[4,20],[26,30],[10,-13],[7,18],[8,6],[19,0],[15,28],[2,28],[16,13],[11,18],[7,-14],[16,10],[12,32],[7,6],[8,30],[13,7],[4,28],[19,17],[14,-15],[9,-2],[27,18],[-3,40],[1,22],[8,26],[13,18],[24,17],[0,14],[-10,20],[-16,22],[24,253],[3,-1],[16,186],[33,350],[10,-2],[20,194],[5,-2],[5,54],[-6,2],[11,110],[-13,4],[4,39],[21,-6],[14,21],[15,29],[-12,23],[9,22],[-9,47],[-32,8],[14,146],[-21,19],[-13,-7],[-6,38],[10,9],[5,52],[18,-4],[5,52],[25,-6],[7,73],[-11,3],[16,169],[5,-1],[4,40],[7,-2],[13,124],[4,28],[10,-3],[13,23],[4,46],[-4,1],[10,105],[23,-6],[3,31],[50,-13],[2,37],[15,149],[-28,7],[15,167],[10,1],[11,-8],[10,100],[9,5],[16,-34],[0,-13],[34,-51],[13,-16],[16,6],[12,-4],[21,-36],[15,-36],[14,-13],[10,-33],[12,-28],[13,-12],[13,-26],[18,-21],[5,-57],[-8,-25],[11,-36],[1,-22],[22,-8],[17,-23],[4,-15],[15,-20],[28,-24],[28,-8],[6,-7],[7,-32],[6,-9],[21,-5],[12,-8],[22,-3],[23,24],[17,2],[11,13],[11,-2],[8,18],[11,11],[8,-2],[14,12],[12,-4],[18,-43],[7,-7],[17,1],[36,37],[53,23],[35,24],[9,14],[13,40],[20,54],[12,68],[3,42],[23,55],[7,26],[19,43],[-2,15],[-38,59],[-32,35],[-11,24],[-13,45],[-32,57],[-7,34],[7,30],[-7,5],[16,33],[-12,14],[0,11],[15,24],[10,-6],[25,28],[-2,45],[6,19],[-3,59],[8,10],[-1,22],[-8,36],[4,11],[-4,28],[-12,17],[-10,28],[6,14],[-25,38],[-13,29],[5,12],[14,8],[5,12],[-4,47],[5,26],[14,15],[12,3],[11,50],[17,20],[-13,10],[5,58],[-6,25],[8,25],[3,22],[-9,26],[-2,23],[13,37],[9,10],[2,18],[12,8],[3,26],[-9,45],[0,26],[-3,15],[1,26],[-16,39],[1,19],[8,15],[3,28],[7,10],[13,-3],[8,10],[17,-8],[12,-17],[20,-18],[11,-5],[40,7],[13,5],[5,14],[18,16],[1,17],[-4,39],[7,7],[2,29],[9,30],[1,20],[12,28],[10,10],[2,25],[-8,32],[-31,18],[-3,15],[-21,45],[0,17],[-14,14],[1,28],[4,23],[9,22],[3,28],[15,9],[11,33],[3,19],[8,9],[23,-1],[14,11],[11,-1],[10,18],[-1,15],[7,11],[19,-5],[7,73],[-37,8]],[[50089,55096],[-3,25],[-16,55],[-1,25],[9,11],[36,-11],[19,5],[10,9],[41,14],[27,2],[33,-7],[27,-2],[28,13],[31,6],[28,17],[13,-4],[28,-17],[17,10],[14,31],[12,7],[32,-40],[17,-10],[17,17],[7,27],[17,25],[5,13],[7,45],[13,22],[24,17],[7,-6],[0,-47],[8,-25],[8,-2],[15,31],[1,28],[-7,29],[-2,41],[3,14],[21,-8],[10,-20],[4,-18],[31,-10],[12,-22],[4,-61],[10,-8],[17,14],[14,-3],[7,-19],[-1,-35],[-5,-20],[-3,-43],[1,-39],[3,-14],[10,-13],[6,4],[2,38],[9,41],[21,34],[3,17],[-3,28],[4,20],[14,1],[35,-5],[7,-9],[-2,-39],[13,-18],[21,9],[19,3],[10,7],[2,13],[-11,22],[-6,22],[2,29],[-13,21],[-28,11],[-9,28],[3,29],[6,25],[12,12],[8,-2],[7,-36],[11,-21],[13,7],[6,13],[10,42],[1,14],[12,19],[28,0],[23,4],[8,14],[12,44],[19,6],[13,-18],[10,-23],[12,-11],[8,12],[6,39],[10,28],[10,7],[18,22],[6,-12],[-15,-40],[0,-21],[8,-23],[15,-31],[22,2],[6,-25],[-19,-13],[-15,-16],[-20,-33],[-4,-16],[5,-13],[39,-22],[10,8],[10,25],[24,39],[10,1],[9,-29],[-4,-19],[-14,-18],[-4,-12],[-23,-47],[-13,-21],[-4,-51],[9,-39],[-5,-33],[9,-29],[-3,-34],[4,-14],[9,-8],[-3,-23],[-19,-1],[-7,-18],[6,-20],[8,0],[12,-13],[9,-38],[1,-45],[5,-15],[11,-12],[1,-13],[-8,-36],[5,-20],[18,-4],[13,-26],[10,-10],[9,2],[13,57],[10,10],[17,5],[12,-16],[8,-23],[-1,-22],[-8,-14],[-23,-16],[3,-21],[11,-16],[19,-4],[44,27],[12,41],[14,21],[9,37],[12,16],[12,-6],[4,-15],[-4,-55],[15,-58],[12,-2],[16,10],[14,1],[13,-24],[3,-20],[-2,-16],[-17,-12],[-7,-13],[-1,-17],[6,-38],[-4,-32],[6,-34],[14,-26],[2,-16],[-7,-14],[-14,-2],[-26,7],[-5,-52],[-25,-16],[-12,2],[-10,-17],[-7,-26],[-22,-10],[-24,-5],[-19,-18],[-25,21],[-21,-19],[0,-32],[-4,-18],[4,-22],[-20,-27],[-2,-13],[7,-18],[-5,-19],[-16,3],[-13,-47],[6,-9],[-14,-32],[-1,-36],[-10,-21],[-23,-26],[-27,-26],[-21,-36],[-22,-15],[-10,-13],[-10,0],[-8,28],[-26,-10],[-7,2],[-19,17],[-2,22],[-7,6],[-26,-18],[-13,2],[-5,-34],[3,-18],[-2,-25],[26,-23],[19,-36],[2,-11],[17,-36],[-9,-35],[6,-17],[-2,-22],[16,-9],[20,6],[12,-5],[8,-25],[-4,-30],[-1,-28],[-10,-26],[-13,-15],[-10,-25],[-2,-42],[8,-14],[8,-48],[-3,-23],[-7,-33],[1,-36],[7,-20],[23,-45],[10,-51],[-2,-10],[-26,-19],[-4,-16],[2,-45],[-8,-69],[10,-30],[-5,-18],[5,-16],[-6,-17],[3,-19],[19,-11],[5,-8],[-2,-19],[-10,-22],[-15,-42],[-12,-49],[-16,-52],[-3,-38],[-1,-40],[162,-39],[-5,-10],[0,-24],[-15,-41],[-4,-29],[0,-34],[-6,-54],[-7,-22],[-22,-26],[-15,-7],[-30,6],[-12,-3],[-8,-11],[-22,0],[-15,-46],[-3,-28],[-24,-12],[-24,-29],[129,-32],[333,-338],[49,-11],[-7,-76],[8,-3],[-6,-59],[-7,1],[-16,-25],[-10,-10],[-11,2],[-18,-15],[-4,-17],[3,-18],[-10,-28],[1,-35],[-8,-43],[6,-19],[-19,-31],[-10,-34],[-4,-37],[-9,-16],[-8,-4],[-33,-313],[-6,-13],[-21,-28],[-21,-38],[-12,-11],[-15,-29],[-4,-25],[1,-29],[4,-29],[-6,-19],[1,-40],[-6,-25],[19,-51],[16,-32],[4,-25],[27,-57],[6,-22],[15,-8],[13,9],[21,-25],[10,-29],[5,-24],[11,-18],[29,-17],[10,-19],[18,-14],[9,-14],[18,-47],[18,10],[24,-27],[6,3],[6,21],[10,-3],[18,-49],[13,-15],[9,5],[10,-10],[10,-36],[9,-9],[-17,-36],[1,-16],[8,-25],[-14,-24],[6,-52],[8,-16],[14,-48],[10,-13],[27,-20],[7,-41],[2,-60],[13,-56],[8,-46],[9,-40],[33,-47],[2,-15],[-3,-30],[-7,-35],[3,-21],[-3,-23],[-10,-31],[12,-52],[3,-31],[-9,-14],[-18,1],[-25,-20],[-13,-5],[-35,9],[-16,-10],[-1,-49],[-25,-51],[-3,-19],[5,-26],[12,-13],[10,-22],[19,-1],[10,-11],[9,-20],[-3,-50],[2,-18],[16,-38],[3,-26],[-8,-47],[0,-21],[21,-5],[2,-45],[10,-24],[1,-13],[-12,-41],[0,-22],[17,-23],[18,2],[4,-23],[13,-42],[-6,-19],[2,-13],[26,-22],[11,-36],[0,-36],[-5,-4],[3,-48],[-6,-29],[5,-33],[23,-8],[2,-24],[18,-15],[5,-36],[-5,-29],[-13,-5],[-11,-31],[2,-20],[-23,-3],[-5,-18],[13,-35],[0,-21],[11,-23],[0,-12],[14,-42],[16,-65],[-5,-24],[4,-20],[-3,-23],[2,-23],[-10,-23],[0,-25],[5,-30],[-8,-9],[-17,-45],[-2,-29],[8,-19],[21,-14],[23,-41],[6,-42],[7,-11],[27,-14],[18,-33],[15,-45],[-1,-26],[6,-28],[29,51],[8,12],[12,45],[8,18],[5,31],[14,6],[32,2],[32,-43],[19,-12],[15,2],[6,-22],[26,-52],[17,7],[27,-1],[9,-15],[9,-6],[33,18],[7,-5],[7,-29],[5,-8],[20,7],[8,-7],[24,-8],[18,-13],[1,-50],[12,-7],[21,15],[5,-9],[25,-11],[9,5],[34,-17],[26,0],[19,23],[4,15],[-6,13],[24,60],[4,22],[36,5],[8,-15],[15,-2],[8,-8],[12,0],[2,19],[51,8],[20,-29],[37,4],[5,-6],[10,-46],[27,-7],[16,23],[9,-4],[9,-14],[1,-18],[11,-1],[11,-26],[1,-27],[19,-22],[3,-17],[0,-73],[18,2],[12,-9],[11,1],[11,9],[19,1],[8,-6],[13,9],[14,1],[17,-23],[26,-26],[18,4],[10,-8],[23,8],[7,-27],[18,-9],[13,5],[11,-15],[17,-6],[15,-19],[11,-1],[19,11],[8,28]],[[49575,0],[-552,414],[-453,342],[-375,283],[-269,204],[-472,356],[-242,185],[-316,241],[-270,206],[-473,361]],[[46153,2592],[53,335],[88,555],[109,688],[-16,964],[-7,32],[1,17],[50,48],[23,37],[32,36],[7,32],[-2,48],[-4,16],[-43,7],[-40,-26],[-20,-6],[-12,2],[-10,20],[2,23],[9,24],[7,38],[-3,28],[-17,59],[4,19],[22,15],[-35,36],[-33,17],[-16,3],[-9,10],[-3,17],[6,29],[-9,35],[-2,23],[-14,15],[1,17],[-17,39],[5,45],[12,43],[-3,29],[16,24],[7,23],[-3,11],[7,31],[-7,9],[0,22],[9,46],[-1,38],[3,16],[-3,13],[2,26],[-2,47],[8,12],[8,36],[13,9],[-12,16],[-6,38],[-14,-2],[-3,17],[-8,11],[-2,38],[10,24],[-4,23],[7,8],[0,18],[-12,4],[-7,29],[16,16],[-1,17],[-8,28],[3,52],[11,33],[-10,14],[-20,35],[36,10],[17,15],[18,-13],[16,-3],[10,8],[11,-1],[13,-14],[10,3],[-4,20],[8,25],[10,14],[6,26],[0,25],[17,21],[7,2],[13,-20],[17,-7],[9,35],[16,16],[19,-10],[20,15],[1,11],[19,-6],[4,-9],[42,14],[28,-10],[10,-13],[2,-14],[18,8],[4,33],[-7,28],[2,21],[12,14],[15,5],[14,20],[14,3],[21,18],[13,0],[14,-12],[8,-17],[7,-32],[8,-8],[14,11],[20,8],[-2,28],[3,17],[11,-2],[9,11],[23,-1],[15,-11],[14,7],[11,22],[21,-15],[8,10],[29,6],[6,24],[-4,36],[11,19],[6,25],[23,54],[-16,30],[-8,30],[-9,9],[-2,18],[-7,15],[-10,-5],[-14,15],[-18,-18],[-20,40],[-16,-5],[-11,-17],[-11,12],[-2,33],[-7,31],[-13,42],[11,23],[10,61],[-2,8],[16,55],[-2,15],[-10,7],[4,44],[-34,-23],[-6,-11],[-31,-13],[-22,61],[-6,37],[-1,47],[-10,8],[-16,-9],[-9,-28],[-31,11],[-12,18],[-15,6],[-22,-3],[-11,-8],[-16,5],[-20,44],[-1,29],[32,34],[16,24],[-4,13],[-16,13],[1,24],[-6,23],[-17,30],[-1,18],[16,21],[16,32],[15,9],[-5,26],[10,18],[-3,14],[10,26],[19,9],[26,49],[4,24],[-1,41],[-10,23],[-22,-1],[-2,86],[15,5],[4,24],[6,10],[18,13],[-6,33],[5,26],[-51,13],[-16,24],[1,20],[-14,27],[-12,-4],[-23,28],[28,15],[11,13],[20,46],[7,31],[0,20],[16,12],[24,13],[-11,12],[-6,26],[3,21],[-5,23],[-1,21],[12,22],[11,33],[-24,32],[11,43],[20,37],[6,6],[19,2],[-13,38],[0,10],[15,12],[-19,38],[-6,28],[6,13],[-2,16],[-31,-5],[-17,13],[-14,-20],[-4,11],[-14,-1],[-11,-10],[-14,-4],[-8,-10],[-17,10],[-14,13],[2,21],[-31,-9],[-11,-10],[-11,6],[-32,-18],[-25,-37],[-7,19],[-22,75],[19,28],[4,15],[-7,52],[-9,27],[-27,21],[-6,19],[-20,7],[-19,35],[-4,20],[9,7],[13,35],[-8,42],[-17,17],[2,24],[-13,46],[-1,16],[-14,3],[-24,28],[-4,24],[-36,24],[-11,21],[0,22],[20,14],[21,26],[5,20],[-4,44],[7,27],[1,35],[5,11],[-11,11],[1,20],[-6,10],[-6,28],[1,21],[-4,32],[7,28],[12,6],[14,24],[2,21],[25,21],[7,15],[2,25],[-5,23],[4,15],[12,-11],[10,1],[6,-15],[24,5],[6,17],[19,-4],[8,4],[11,18],[14,8],[13,13],[20,-5],[27,27],[22,-20],[15,-4],[6,23],[-9,20],[30,25],[8,33],[-7,10],[11,13],[-5,16],[10,23],[23,3],[4,20],[7,1],[21,-21],[15,-9],[5,6],[12,50],[14,12],[8,44],[-7,17],[9,20],[1,16],[-12,11],[0,17],[15,20],[27,6],[7,32],[13,16],[0,32],[-7,54],[-3,13],[-1,42],[4,20],[-9,8],[5,18],[-8,20],[-9,7],[-19,-6],[-30,5],[26,52],[11,24],[-3,9],[5,37],[5,-2],[20,23],[8,30],[21,16],[-3,13],[-21,28],[-3,17],[12,53],[-5,15],[4,16],[10,8],[12,38],[-12,21],[14,24],[24,60],[7,24],[-1,22],[9,34],[5,4],[5,27],[8,9],[15,-2],[0,17],[9,18],[12,-14],[17,3],[9,-17],[11,33],[0,9],[22,6],[5,12],[27,43],[20,18],[17,-11],[37,15],[20,16],[13,87],[8,12],[0,14],[16,24],[22,9],[15,20],[15,7],[1,21],[10,26],[-2,25],[-31,42],[-7,14],[7,25],[1,25],[-6,16],[10,20],[-6,21],[9,82],[-8,31],[28,19],[19,7],[38,7],[25,21],[25,11],[25,0],[11,4],[22,22],[5,40],[19,30],[24,18],[10,23],[1,17],[28,39],[13,8],[31,1],[12,5],[14,22],[6,31],[-4,19],[-209,731],[-151,445],[5,11],[17,-15],[11,5],[27,0],[13,28],[-1,22],[15,37],[-14,63],[-5,7],[-5,39],[9,11],[17,-5],[19,12],[10,-8],[21,7],[12,16],[29,5],[6,14],[0,48],[-8,22],[1,20],[8,19],[-3,39],[11,15],[13,42],[0,90],[-4,16],[-17,28],[-1,23],[7,20],[-7,17],[16,22],[-2,48],[10,29],[-1,28],[4,8],[20,-4],[13,30],[0,48],[13,18],[-197,286],[7,18],[-10,38],[-18,22],[-5,24],[9,26],[7,4],[11,-11],[16,-5],[2,49],[4,14],[-2,22],[19,22],[17,-20],[12,12],[14,-6],[0,24],[18,20],[9,1],[3,42],[10,14],[15,-3],[14,8],[9,-9],[21,0],[-5,29],[1,17],[11,1],[10,22],[-14,26],[-11,6],[-4,41],[-11,13],[19,21],[11,26],[-19,26],[-14,5],[-1,14],[-14,13],[-8,-2],[-5,28],[6,10],[-4,30],[13,16],[8,20],[-6,25],[1,74],[-9,15],[-1,30],[-9,13],[-1,55],[-3,63],[2,23],[-9,26],[5,10],[-12,30],[-1,12],[5,43],[1,60],[8,-5],[17,5],[33,17],[21,-2],[13,19],[6,19],[-3,27],[-13,37],[-1,20],[5,42],[20,17],[24,-7],[40,1],[10,-6],[30,71],[3,24],[11,52],[-7,33],[-1,34],[5,45],[12,14],[17,5],[19,11],[19,27],[21,-18],[16,-32],[7,-27],[18,-29],[40,-39],[23,-3],[28,13],[9,-10],[9,-44],[6,-17],[11,-10],[20,-34],[14,-14],[12,0],[17,7],[17,-1],[28,-22],[3,30],[14,34],[11,3],[4,13],[-1,23],[10,27],[-1,19],[5,33],[-1,29],[3,34],[5,20],[-6,40],[0,27],[17,5],[10,19],[0,37],[-6,29],[15,37],[2,32],[-10,35],[-2,38],[3,37],[13,39],[7,9],[-5,17],[8,24],[4,29],[1,27],[-5,13],[-1,69],[11,33],[-9,26],[-2,31],[-16,37],[5,73],[-7,42],[-2,46],[-8,31],[0,27],[-16,44],[-1,17],[-24,28],[-3,57],[6,19],[-6,25],[9,20],[1,15],[-4,56],[-6,14],[3,21],[-6,23],[6,29],[-2,10],[13,36],[4,22],[-17,16],[-11,29],[-2,55],[1,28],[6,22],[9,12],[-2,38],[5,19],[1,39],[8,2],[13,25],[12,36],[2,16],[-9,30],[9,27],[35,59],[35,23],[10,12],[16,11],[6,10],[17,54],[7,9],[13,-3],[21,-13],[30,-10],[25,-3],[14,-12],[2,19],[117,-36],[14,-1],[8,-19],[5,-33],[29,5],[8,34],[8,14],[20,12],[12,27],[31,47],[42,18],[7,15],[21,23],[29,10],[25,18],[4,34],[9,23],[10,13],[4,24],[6,11],[8,34],[9,5],[12,24],[21,16],[19,4],[0,28],[14,-4],[0,46],[7,10],[11,39],[-11,13],[-3,45],[-15,18],[-6,18],[21,30],[8,0],[8,-13],[10,2],[14,60],[17,22],[8,18],[-4,25],[6,16],[47,-27],[6,11],[-8,44],[2,25],[12,17],[18,-27],[10,-2],[18,28],[12,-13],[1,-30],[13,-14],[16,8],[8,26],[24,34],[-7,7],[0,19],[78,247],[82,235],[76,235],[24,79],[40,-11],[11,26],[22,8],[3,31],[-4,16],[-8,78],[10,22],[1,27],[12,28],[17,22],[38,24],[5,11],[-5,17],[-4,77],[5,20],[11,54],[-17,78],[-9,17],[-7,47],[-8,32],[1,16],[9,50],[-3,25],[-2,49],[4,14],[31,29],[10,-4],[12,-19],[11,-1],[21,-21],[4,21],[9,22],[-39,11],[9,79],[18,-3],[18,4],[14,14],[-1,16],[-14,7],[7,21],[3,27],[28,10],[-4,20],[-22,0],[-12,21],[-6,30],[6,46],[-3,13],[4,29],[44,-13],[14,112],[23,208],[17,-12],[18,14],[11,-15],[15,-10],[22,5]],[[49591,21423],[12,-19],[1,-16],[-7,-37],[7,-11],[16,-1],[15,-43],[4,-27],[13,-14],[21,-32],[0,-32],[7,0],[2,-21],[12,-27],[-1,-18],[22,-26],[-5,-40],[10,-26],[-2,-26],[8,-20],[13,-13],[14,-49],[8,-3],[9,-28],[18,11],[8,-2],[17,-31],[22,-2],[2,-30],[12,-6],[-4,-29],[9,-7],[7,7],[17,0],[18,-11],[13,-1],[15,-18],[15,-28],[16,-14],[11,-2],[6,-32],[18,-3],[-2,-18],[4,-24],[19,-21],[11,-3],[11,11],[22,3],[21,13],[9,-9],[-10,-36],[23,-9],[6,2],[4,25],[11,12],[4,16],[15,-5],[3,-16],[-12,-11],[8,-18],[40,-12],[21,9],[15,-1],[8,-13],[11,55],[10,-16],[12,1],[7,20],[38,11],[5,9],[0,24],[25,0],[9,-28],[17,-1],[3,-22],[7,-6],[20,32],[28,19],[5,16],[12,6],[0,28],[5,34],[12,3],[11,-11],[4,-16],[-8,-27],[12,-13],[14,8],[7,-8],[-2,-20],[8,-18],[19,-9],[31,3],[1,23],[15,-6],[16,22],[12,-21],[12,-34],[19,33],[10,11],[7,-21],[14,4],[10,-30],[14,18],[33,24],[7,13],[0,23],[-7,29],[-3,34],[13,33],[30,31],[8,22],[10,11],[-2,14],[9,18],[11,-37],[14,-11],[11,16],[-7,28],[11,16],[7,20],[14,10],[-6,20],[5,8],[12,-3],[10,-38],[25,-23],[12,16],[-1,34],[34,-46],[6,-17],[11,17],[-7,29],[11,8],[30,-51],[15,-1],[13,-42],[10,5],[4,22],[-4,17],[8,7],[10,-29],[0,-33],[12,-10],[-3,-21],[17,-18],[9,8],[4,-36],[17,-20],[11,-24],[14,17],[2,-36],[10,5],[7,-29],[-9,-55],[23,-80],[-11,-17],[-7,-69],[-4,-20],[-14,-36],[8,-47],[10,-30],[-5,-36],[-2,-107],[-22,-72],[-1,-18],[3,-36],[-13,-27],[13,-8],[6,24],[33,25],[2,49],[20,17],[17,4],[-8,24],[13,17],[17,-3],[-9,-65],[6,-12],[15,3],[0,-20],[-3,-30],[16,-31],[-9,-19],[12,-33],[16,-1],[3,-11],[-8,-21],[4,-9],[15,9],[21,25],[-2,10],[-13,11],[19,20],[18,11],[21,-18],[9,-14],[-23,-6],[-7,-6],[-11,10],[-2,-23],[13,-24],[11,-8],[21,-38],[9,18],[34,46],[14,6],[16,-6]],[[51405,19967],[0,-23],[-23,-17],[-22,-52],[-9,-31],[-8,-43],[2,-31],[6,-26],[-6,-8],[4,-30],[18,-23],[5,-21],[7,-9],[14,13],[12,-21],[-17,-24],[3,-14],[-14,-2],[-5,-30],[17,-21],[2,-29],[-23,19],[-6,-8],[11,-20],[12,-40],[-6,-4],[-13,18],[-11,-10],[-8,-24],[1,-61],[6,-25],[-9,-17],[-19,30],[-17,-12],[0,-23],[-6,-14],[-9,-1],[-7,-45],[-10,-12],[-12,7],[-10,-20],[7,-31],[0,-23],[-10,-19],[-6,7],[-11,-6],[1,-43],[4,-12],[0,-33],[-8,-46],[-11,22],[-8,26],[-15,0],[-15,-14],[-3,-17],[-8,-7],[0,-29],[-5,-3],[-5,36],[-8,13],[-5,44],[-20,-11],[2,18],[-18,5],[-9,-35],[-13,4],[5,23],[-3,48],[-15,20],[-21,8],[-17,0],[-2,14],[-18,17],[-1,20],[-23,20],[-26,4],[-17,-8],[-31,-22],[-41,-38],[0,-26],[-21,5],[3,30],[1,33],[4,28],[-44,16],[-11,-15],[-11,8],[-18,-20],[-11,-22],[-9,8],[-29,5],[-22,-6],[-13,31],[-15,-13],[14,-61],[24,-30],[5,2],[54,-64],[21,-18],[-5,-44],[2,-36],[7,-33],[13,-20],[15,-4],[18,24],[-2,-51],[12,-37],[18,-14],[-3,-28],[9,-8],[7,11],[8,-21],[2,-24],[-17,-31],[18,-26],[-5,-13],[-11,12],[-11,-14],[3,-33],[-7,-21],[3,-27],[13,-24],[15,-2],[21,-13],[5,-22],[-1,-16],[7,-15],[12,-2],[7,-10],[-2,-18],[15,-6],[16,7],[16,-15],[-18,-7],[-2,-13],[20,-8],[0,-16],[10,-28],[-17,-7],[-1,-18],[13,0],[3,-14],[-11,-10],[11,-12],[5,-20],[-11,-8],[5,-26],[9,-17],[-24,4],[-8,-5],[-6,-25],[5,-23],[7,-17],[-7,-8],[1,-21],[-5,-13],[18,-8],[8,15],[10,-4],[-8,-30],[-11,7],[-15,-4],[-19,9],[-6,-18],[11,-13],[-23,-25],[4,-11],[13,-3],[-8,-26],[1,-20],[9,-28],[8,4],[8,-24],[-20,-1],[1,-37],[-11,-30],[0,-33],[17,-15],[11,3],[5,-13],[18,-23],[3,-18],[-9,-23],[-14,7],[-20,37],[-23,4],[-16,9],[-7,-11],[-7,15],[-34,-9],[-11,-17],[-5,17],[-19,7],[-8,13],[-25,11],[-20,-8],[-4,-15],[-18,-6],[-3,-11],[-23,-8],[-7,-22],[-5,-51],[-6,-6],[-2,-20],[-11,-6],[-7,5],[-10,-15],[-4,-53],[7,-51],[15,-31],[16,-9],[12,7],[-1,16],[13,-3],[11,8],[9,-26],[-5,-36],[-10,-7],[-12,12],[-23,11],[-1,14],[-15,-12],[-1,-25],[-9,-2],[-10,23],[-12,-1],[-29,-35],[-21,-33],[-29,-60],[-21,-60],[-21,-77],[-13,-76],[-3,-45],[0,-41],[7,-61],[4,-2],[4,-32],[30,-7],[9,13],[12,-7],[-3,-20],[-13,-16],[-10,-60],[-1,-44],[5,-60],[7,-31],[11,-37],[-9,-17],[-15,-50],[-5,-29],[-3,-40],[1,-23],[7,-32],[20,-39],[-24,-66],[-11,-53],[0,-32],[-7,-17],[-4,-24],[1,-20],[-5,-46],[5,-49],[8,-16],[-4,-41],[7,-32],[6,-10],[19,3],[17,-14],[10,12],[3,-16],[-23,-29],[-7,-40],[5,-25],[-11,-17],[0,-38],[8,-42],[11,-16],[-8,-24],[-13,-16],[-25,-67],[-18,-57],[-28,-114],[-16,-106],[0,-43],[18,-39],[-11,-4],[-4,-32],[-5,-11],[3,-22],[-16,0],[-7,-24],[-16,-1],[-1,-18],[4,-19],[-11,-85],[-2,-56],[14,-12],[-8,-11],[11,-16],[-10,-17],[0,-27],[13,-35],[14,8],[14,-26],[-21,-20],[-6,-45],[10,-22],[-11,-21],[-6,-2],[-26,-95],[-3,-33],[-6,-14],[-15,-111],[-8,-88],[-2,-49],[3,-79],[-2,-31],[3,-65],[8,-41],[21,-10],[-2,-13],[5,-18],[14,0],[1,-17],[-8,-9],[5,-14],[14,-11],[-1,-23],[-14,-17],[1,-42],[-6,-41],[7,-41],[-5,-8],[-1,-24],[5,-45],[-7,-24],[0,-32],[-4,-11],[5,-17],[-1,-43],[6,-46],[26,-64],[14,-4],[3,-14],[10,-9],[-9,-30],[1,-31],[4,-38],[9,-26],[4,-32],[10,-8],[-1,-15],[7,-36],[-11,-31],[-7,-59],[-1,-33],[5,-26],[9,-22],[-8,-27],[1,-36],[16,-29],[3,-35],[-1,-14],[-13,-9],[-11,-25],[-18,-31],[-19,-45],[-9,-38],[-14,-32],[-11,-51],[14,-29],[-9,-27],[9,-11],[7,-41],[-5,-26],[4,-16],[14,-14],[-3,-30],[-8,-16],[3,-10],[-5,-27],[-13,-20],[-5,-28],[-12,-5],[-10,-19],[0,-20],[-8,-7],[-11,6],[-12,-13],[-29,-52],[-5,-18],[-24,-29],[-54,-100],[-14,-33],[-32,-67],[-18,-43],[-37,-103],[-12,-51],[-9,-11],[6,-17],[14,-9],[-12,-30],[-1,-33],[-21,-22],[-24,-69],[-11,-34],[-21,-104],[-8,-82],[0,-37],[4,-51],[8,-27],[0,-20],[9,-23],[11,-14],[9,-2],[31,-25],[18,25],[14,-40],[-2,-9],[4,-24],[-24,-34],[-15,-12],[-16,-58],[6,-26],[-8,-19],[-10,-5],[5,-24],[-10,-19],[2,-29],[5,-9],[-8,-19],[9,-16],[6,-27],[-10,-33],[-13,-2],[-27,-54],[-24,-71],[-21,-87],[-5,-56],[6,-17],[-12,-8],[-1,-50],[3,-28],[7,-18],[7,3],[15,-9],[-13,-41],[8,-20],[11,-10],[-4,-15],[8,-10],[-6,-27],[-9,-2],[-1,-21],[5,-21],[-3,-13],[6,-18],[-7,-28],[6,-13],[-1,-54],[-15,-14],[-7,-26],[-5,-38],[-1,-55],[3,-42],[7,-25],[30,-9],[5,-20],[13,-12],[2,-23],[9,-25],[3,-21],[-11,-13],[-13,3],[-14,-28],[-6,-34],[0,-20],[-11,-33],[-8,-40],[-6,-11],[-4,-28],[7,-26],[1,-24],[8,-17],[-13,-30],[-11,-1],[4,-20],[-18,0],[-15,-19],[-7,-1],[-15,-26],[-5,-20],[8,-21],[-3,-16],[-12,-5],[-10,-30],[3,-15],[-11,-11],[-6,-27],[-6,-14],[3,-24],[-12,-2],[-26,-70],[-8,-61],[2,-10],[-13,-20],[-3,-15],[-11,-11],[-2,-15],[-11,-15],[-17,-63],[-4,-9],[-20,-89],[6,-11],[-2,-23],[-18,-16],[-13,-38],[-21,-71],[-21,-52],[-13,-45],[-5,-34],[-19,-62],[-5,-32],[2,-36],[8,-13],[13,-3],[3,-41],[-32,-1],[-6,-17],[2,-31],[6,-11],[13,3],[4,-10],[-41,-31],[11,-19],[-12,-7],[-10,-22],[-15,-3],[-9,-20],[-4,-24],[-19,-80],[-4,-56],[0,-28],[5,-34],[10,-30],[15,-23],[13,11],[9,-2],[18,20],[5,-12],[-12,-37],[7,-9],[-4,-16],[-9,-13],[-14,-30],[-5,-29],[-14,-9],[1,-29],[7,2],[4,-21],[-12,-11],[9,-34],[-11,-13],[1,-39],[6,-13],[-10,-18],[2,-16],[-7,-7],[-10,-75],[-19,-70],[-8,-23],[0,-15],[-9,-34],[-12,-21],[4,-18],[-14,-27],[-3,-18],[-28,-29],[3,-11],[-7,-22],[-15,3],[-5,16],[-18,-13],[-18,-33],[-21,-46],[-19,-53],[-15,-51],[-17,-89],[-1,-41],[4,-13],[-16,-57],[-8,-45],[-5,-45],[-3,-56],[4,-49],[5,-13],[16,-9],[8,-37],[32,-18],[-8,-29],[-13,-6],[-18,-28],[-9,-21],[-19,-56],[-16,-81],[-4,-32],[-1,-51],[10,-36],[17,1],[-11,-46],[-14,-10],[-3,-29],[1,-31],[4,-21],[23,-31],[8,4],[8,-12],[3,-24],[-24,-4],[-15,12],[-26,46],[-14,10],[-10,16],[-15,-6],[-17,-18],[-16,-26],[-17,-39],[-18,-61],[-10,-48],[-5,-55],[-1,-46],[3,-53],[5,-35],[9,-50],[18,-62],[7,-6],[8,-21],[30,-39],[19,6],[8,10],[0,30],[18,5],[12,14],[15,-24],[6,-23],[19,-6],[12,-17],[16,0],[7,-10],[-17,-16],[-8,-15],[-16,-47],[-20,-85],[-8,-49],[-3,-50],[-4,-11],[-7,-69],[-4,-112],[2,-53],[3,-43],[10,-54],[17,-37],[12,-11],[8,11],[12,-2],[8,-25],[-10,-10],[7,-36],[5,-7],[18,-5],[22,2],[-2,-21],[-19,4],[5,-36],[-6,-18],[-1,-21],[-10,-13],[-7,-47],[8,-23],[-7,-19],[2,-12],[-6,-28],[3,-10],[25,-22],[-12,-16],[-5,-15],[18,-47],[0,-34],[-4,-36],[-32,39],[-5,21],[-7,4],[-15,-9],[-28,23],[-21,26],[-14,-13],[-17,-24],[-22,-44],[-19,-57],[-8,-32],[1,-30],[15,-24],[-14,-19],[2,-24],[25,2],[12,-22],[-10,-12],[-4,-19],[-12,-3],[-15,7],[-4,43],[-11,7],[-15,-9],[-9,24],[-11,-3],[-21,-29],[-2,-11],[-20,-1],[-26,-34],[-30,3],[-13,-9],[-10,3],[-7,-12],[-6,-29],[-11,-15],[-8,-2],[-1,-50],[6,-11],[-1,-27],[-8,-8],[11,-58],[9,-25],[13,-22],[14,-15],[29,-14],[8,7],[15,28],[10,28],[8,8],[6,-23],[19,-45],[16,-29],[20,-25],[30,-29],[15,-9],[5,24],[15,2],[10,-8],[21,-3],[14,-12],[24,10],[9,18],[-6,8],[3,36],[-9,15],[0,20],[9,13],[21,14],[17,5],[23,-34],[2,-19],[12,-16],[10,14],[24,0],[6,13],[19,15],[-5,-49],[-6,-15],[19,-25],[8,-3],[10,-22],[6,-30],[9,6],[3,-27],[20,9],[6,-23],[13,15],[13,-18],[-3,-45],[-11,-21],[0,-13],[10,-20],[24,9],[7,-8],[4,-26],[18,-4],[26,-82],[13,-9],[1,-24],[32,25],[14,-2],[29,-33],[18,4],[4,-14],[-2,-40],[9,-3],[6,-37],[-7,-15],[5,-27],[8,-79],[-17,3],[-4,-17],[-11,-10],[3,-20],[-2,-29],[11,-22],[11,1],[17,-11],[-2,-24],[14,-31],[2,-17],[-3,-24],[20,-10],[4,-15],[18,-12],[7,-16],[0,-19],[-6,-37],[-7,-6],[0,-40],[5,-26],[-13,-17],[-8,-2],[2,-24],[19,0],[8,-13],[-3,-25],[11,-23],[-4,-21],[10,-31],[-26,-3],[-7,-18],[-13,-4],[5,-20],[20,11],[7,-33],[29,-28],[9,-18],[2,-25],[11,-26],[-2,-22],[7,-48],[8,-11],[-6,-35],[12,-1],[12,-19],[3,-32],[7,-32],[19,-14],[8,-41],[13,-26],[17,-26],[1,-10],[13,-30],[4,-35],[-13,-1],[-10,24],[-13,19],[-20,9],[-19,-1],[-17,15],[-14,-3],[-11,11],[-2,-21],[-15,-10],[-3,14],[-25,10],[-7,12],[-25,11],[-19,-6],[-15,40],[1,17],[-21,3],[-6,19],[-16,-4],[-7,12],[-25,23],[-16,-1],[-15,45],[-9,12],[-17,-4],[-16,-9],[-32,-23],[-34,-35],[-29,-37],[5,-9],[-15,-20],[-29,-46],[-32,-61],[-27,-74],[-19,-61],[-10,-58],[-1,-20],[18,-32],[15,-13],[12,-18],[4,-48],[-8,-14],[3,-16],[18,-12],[8,-15],[13,-10],[15,-23],[7,-23],[8,-6],[13,-37],[20,-19],[-5,-23],[-8,-16],[7,-27],[-1,-25],[12,-30],[3,-38],[7,-17],[1,-31],[-17,-11],[-3,-16],[7,-35],[-5,-20],[-11,-18],[-9,-2],[-15,-37],[-21,-66],[-11,-45],[-6,-34],[-13,-52],[-12,-66],[-7,-48],[-1,-43],[8,-14],[0,-16],[11,-33],[9,-56],[-3,-7],[5,-27],[-5,-21],[-3,-41],[6,-21],[2,-40],[-4,-22],[6,-25],[-10,-25],[1,-25],[7,-25],[-3,-21],[8,-10],[4,-43],[-5,-15],[5,-31],[9,-29],[14,-4],[-1,-25],[14,-21],[1,-35],[19,-17],[3,-13],[-8,-17],[4,-15],[13,-24],[16,11],[11,-6],[-10,-22],[5,-14],[11,-2],[1,-14],[-9,-12],[8,-24],[-4,-33],[14,-44],[-4,-15],[-13,-14],[-7,-51],[0,-31],[3,-22],[6,-5],[11,-28],[3,-19],[-8,-82],[-8,-10],[9,-18],[-3,-20],[10,-70],[-1,-18],[-9,-3],[-5,-39],[22,-43],[-4,-24],[-6,-6]],[[51134,18759],[1,-14],[-17,6],[-1,10],[12,11],[5,-13]],[[51144,18800],[10,-16],[-13,-5],[3,21]],[[50997,18042],[-1,16],[18,2],[-9,-22],[-8,4]],[[50980,13483],[-8,-6],[2,-20],[-12,-1],[16,-49],[-2,-25],[-7,-9],[5,-30],[-11,-19],[-8,6],[-17,28],[5,30],[-4,24],[7,28],[-3,22],[6,36],[22,4],[9,-19]],[[54776,40292],[-2,-30],[-31,-307],[28,-31],[13,-9],[26,-8]],[[54810,39907],[-10,-16],[-12,-25],[4,-84],[-8,-27],[-2,-26],[-74,20],[-11,-120],[-37,25],[-7,-44],[-36,5],[-5,19],[-13,-10],[-32,-3],[-55,9],[-1,-5],[-54,16],[-39,18]],[[54416,39673],[5,11],[5,48],[-2,23],[47,-20],[-6,26],[-4,39],[9,11],[3,52],[12,24],[-10,32],[-1,27],[-48,-46],[-30,37],[-13,28],[-5,43],[7,79],[-1,30],[-10,31],[20,186],[3,9],[-11,20],[-10,36]],[[54376,40399],[-6,30],[-1,86],[57,19],[35,-6],[22,0]],[[54483,40528],[-4,-30],[6,-19],[15,-11],[0,-21],[-8,-22],[32,-30],[1,-22],[-7,-1],[-5,-19],[30,-14],[28,-5],[12,7],[5,-12],[44,-5],[11,4],[57,-11],[57,-17],[19,-8]],[[53059,39023],[22,-7],[-11,-28],[-32,-38],[-25,-22],[-10,-22],[-14,-20],[-14,8],[0,-24],[-10,-27],[-24,-22],[-8,-1],[-16,13],[-7,23],[-31,10],[-21,-25],[-18,-17],[-7,-22],[-5,-5],[0,-25],[-6,-11],[10,-43],[-10,-21],[-18,-12],[-3,-29],[-12,-9],[-12,2],[-35,-24],[-17,3],[-5,-11],[-17,-4],[-16,24],[4,31],[-6,17],[4,12],[-3,21],[-33,66],[-10,10],[-12,21],[-22,-9],[-13,4],[-16,16],[-9,18],[-1,19],[-28,32],[-15,2],[-5,8],[-20,-1],[-25,36],[-13,-16],[-24,-21],[-26,-30],[-7,-14],[-1,-23],[21,-15],[3,-16],[-5,-16],[6,-22],[-8,-36],[-5,-7],[-21,13],[-23,-34],[-7,-3],[-20,13],[-11,-9],[0,-26],[-11,-12],[-12,-29],[-3,-19],[-20,-47],[-20,-13],[-17,12],[-7,25],[-7,9],[-5,38],[-27,36],[-15,3],[-6,28],[-22,5],[-7,20],[-17,3],[-28,-7],[-38,2],[-21,21],[-2,58],[-23,9],[-7,15],[1,23],[-6,15],[-26,24],[-10,22],[-18,5],[-18,43],[0,68],[16,41],[1,11],[-8,28],[2,19],[16,20],[16,49],[-6,64],[-12,55],[16,44],[4,26],[17,60],[12,25],[2,32],[-3,18],[-8,15],[-249,63],[-37,11],[-8,-8],[-3,-29],[-9,-4],[-2,-23],[-12,-3],[0,-12],[17,-6],[14,-12],[-7,-20],[-3,-38],[-16,-4],[5,-24],[-11,-43],[-11,-26],[1,-45],[-8,-37],[-9,-17],[23,-6],[8,-13],[-2,-15],[-10,-2],[-10,10],[-9,-11],[5,-27],[-1,-18],[-8,-3],[-11,12],[-19,-30],[-21,12],[-10,-22],[-15,13],[-4,-31],[-26,-10],[21,-19],[6,-10],[3,-36],[6,-29],[-35,8],[-31,-11],[-22,7],[-22,17],[-4,15],[8,32],[-10,9],[-20,-22],[-20,-4],[-15,25],[-16,36],[-10,7],[-18,-1],[-46,-43],[-16,-26],[-9,-2],[-51,14],[-20,-37],[-18,-52],[-17,-9],[-18,11],[-6,-29],[4,-25],[-8,-20],[-29,-32],[-34,-34],[-29,33],[-7,-16],[0,-38],[-5,-42],[-24,-13],[-8,3],[-13,-15],[-6,-36],[-19,-10],[-14,8],[-53,11],[-22,0],[-21,5],[-16,-8],[-16,-23],[-14,9],[-19,29],[-5,18],[-16,23],[-11,-1],[-13,-25],[-9,-31],[-1,-14],[-8,-17],[-15,10],[-5,39],[-6,11]],[[52740,44248],[-12,-1],[-25,-45],[-5,-34],[-22,-1],[-17,-36],[-4,-29],[-14,-5],[-7,-25],[-21,-26],[15,-23],[-1,-14],[-25,-4],[-9,-9],[-7,-20],[-3,-30],[-9,-34],[3,-58],[-8,-39],[-11,-16],[-32,-62],[-16,-8],[-19,-27],[-13,-7],[-15,-60],[8,-21],[-33,-71],[-11,-65],[-14,-15],[-10,-20],[-15,-1],[-11,-18],[7,-18],[1,-49],[7,-20],[-5,-23],[0,-29],[-11,-19],[-1,-16],[5,-30],[-6,-39],[13,-68],[-4,-17],[0,-45],[9,-7],[2,-41],[-6,-20],[-8,-5],[-12,-23],[-5,-21],[-15,-11],[-6,-44],[-17,-2],[-4,-13],[-20,-12],[-12,-12],[-14,-3],[-11,-11],[-5,-14],[-4,-34],[-17,-4],[-14,-17],[-4,-28],[-7,-12],[-31,-3],[-5,5],[-20,-214],[0,-24],[-5,-29],[-14,-8],[-15,1],[-37,-13],[22,-35],[7,-44],[-4,-25],[15,-43],[4,-31],[10,-10],[12,-33],[7,-11],[8,-28],[7,-16],[10,-58],[-3,-28],[14,-18],[14,5],[10,-6],[17,11],[7,-4],[17,-25],[13,0],[3,-31],[14,-21],[4,-34],[27,3],[16,8],[34,36],[16,-5],[14,-34],[39,14],[19,17],[15,-11],[25,-2],[22,-14],[13,-1],[18,10],[0,30],[5,21],[18,30],[16,40],[12,10],[26,1],[10,4],[22,43],[0,25],[-10,26],[4,32],[11,11],[22,-2],[25,-8],[4,-11],[0,-34],[15,-16],[13,-27],[-2,-16],[-14,-23],[-1,-26],[17,-16],[19,4],[23,17],[25,-6],[14,-42],[1,-9],[-15,-38],[2,-70],[11,-28],[-7,-30],[-20,-26],[-8,-24],[1,-22],[11,-67],[8,-44],[12,-18],[15,-11],[45,-15],[27,1],[0,-41],[3,-36],[7,-27],[15,11],[7,23],[12,17],[26,1],[10,5],[26,25],[17,8],[31,-34],[25,25],[20,11],[-54,-519],[27,-8],[-1,-11],[25,-6],[3,32],[45,-12],[1,13],[47,-13],[5,48],[96,-25],[36,-7],[-5,-42],[-5,1],[-13,-125],[-1,-41],[6,-2],[-4,-38],[30,-8]],[[53346,40859],[4,-79],[-6,-99]],[[53344,40681],[2,-41],[-6,-83],[-12,-34],[-34,10],[-7,-63],[-24,7],[-8,-96],[25,-7],[-4,-38],[-12,3],[-9,-84],[-6,-23],[-5,-42],[18,-14],[6,-24],[-2,-18],[-16,-46],[5,-32],[-3,-35],[7,-30],[-6,-46],[4,-34],[-3,-21],[-15,-34],[9,-8]],[[55100,38465],[-14,24],[-6,-5],[3,-26]],[[55083,38458],[-12,-8],[-18,-1],[-29,38],[-15,28],[3,10],[15,12],[17,-2],[0,25],[-14,15],[-25,1],[-32,-36],[-21,-33]],[[54952,38507],[-6,6],[2,26],[-23,-29],[-17,5],[-2,18],[-16,-11],[-10,7],[-3,-15],[-11,-1],[-24,-26],[-23,4],[-13,17],[-26,-3],[-8,18],[-12,-31],[0,-15],[-21,0],[-4,-17],[-12,-28],[-3,-19],[-19,22],[-18,13],[-9,17],[-10,52],[-15,59],[-13,31],[-22,35],[-37,45],[-25,7],[-18,10],[-50,38],[-14,1],[-48,-5],[-9,4],[-13,19]],[[54526,39137],[17,-21],[4,-29],[17,-10],[37,-12],[55,16],[6,-51],[-4,-83],[1,-18],[18,-72]],[[54677,38857],[11,-27],[43,-70],[23,-6],[-21,-30],[-4,-14],[129,-35],[6,4],[30,71],[20,-13],[-1,-23],[8,-6],[7,16],[15,11],[14,-1],[34,29],[7,-7],[0,-29],[24,-25],[-20,-19],[4,-16],[23,-2],[17,8],[9,-27],[-2,-19],[3,-27],[21,-15],[3,-27],[35,-61],[-11,-30],[-4,-2]],[[53785,36445],[-50,15],[-9,-79],[-17,5],[-10,-92],[-15,0],[-52,37],[-8,-37],[-63,42],[1,19],[-3,28],[-10,25],[-6,64],[2,53],[-116,33],[-5,-18],[-69,24],[-43,29],[-22,24],[13,61],[14,51],[14,-1],[19,12],[12,37],[-28,24],[0,26],[10,51],[-3,20],[10,10],[4,39],[8,22],[9,39],[1,29],[13,27],[-1,28],[16,20],[2,43],[15,27],[-15,30],[-12,-17],[-19,0],[-17,10],[-13,28],[-6,31],[-7,19],[-16,18],[-8,22],[-2,30],[-6,20],[-1,32],[6,17],[20,23],[35,49],[12,27],[37,67]],[[53941,37354],[15,25],[13,29],[73,122],[15,33],[20,-52],[27,-63],[-10,-23],[-1,-16],[12,-17],[-3,-24],[-11,0],[-35,-38],[4,-23],[14,-8],[5,-19],[-12,-8],[-2,-29],[5,-42],[5,-7],[-2,-60]],[[54073,37134],[-18,41],[-26,-87],[7,-7],[-20,-45],[24,-28],[10,-9],[-11,-25],[-2,-23],[-10,-10],[-7,-25],[10,-34],[-3,-16],[-21,-31],[-12,-29],[-1,-28],[-8,-35],[-21,-26],[-25,-57],[-16,4],[-6,-9],[-112,-24],[-6,-27],[0,-27],[-4,-43],[-4,-71],[-6,-18]],[[54258,37148],[6,-37],[16,-39],[7,-31],[0,-33],[21,-10],[10,-13],[10,-25],[11,18],[19,67],[82,-42],[32,23],[19,23],[-6,-50],[5,-9],[18,13],[11,1],[12,15],[6,-16],[10,-5],[8,18],[17,16],[0,21],[6,26],[8,-10],[13,4],[6,-34],[20,7],[10,-12],[11,32],[-21,18],[-19,50],[-3,17]],[[54603,37151],[29,-8],[19,-25],[25,-6],[22,19],[15,6],[7,-20],[27,-5],[35,-12],[120,-33]],[[54902,37067],[-2,-26],[-13,-30],[-2,-32],[-11,-19],[1,-27],[7,-20],[-11,-23],[-4,-26],[6,-17],[3,-32],[8,-12],[-10,-41],[13,-25],[-4,-12],[-3,-40],[-18,-24],[4,-34],[-11,-38],[-12,-14],[-25,-20],[-12,-20],[10,-39],[63,-19],[-17,-153],[-4,-7],[-17,-1],[-9,-28],[-1,-25],[-15,-13],[9,-37],[11,-23],[3,-22],[-8,-17],[-19,-4],[-9,-14],[-3,-17],[6,-24],[-4,-25],[-15,-20],[-10,-28],[1,-20],[8,-26],[-6,-13],[0,-26],[-20,-47],[8,-24],[-14,-71],[-20,-27],[-19,-31],[-4,-26],[1,-36],[-6,-22],[-2,-45],[-6,-44],[3,-23],[-6,-25],[-21,-16],[-1,-30],[-77,22],[-11,-5],[-22,12],[-25,-6],[-6,21],[-13,30],[-9,11],[-13,-6],[-16,1],[-8,-6],[-20,17],[-9,-8],[0,-64],[3,-18],[-5,-33],[9,-12],[11,14],[11,4],[6,-11],[0,-38],[6,-39],[15,-3],[11,12],[19,1],[26,-30],[5,-13],[7,-52],[26,-41],[30,-22],[7,-16],[3,-32],[7,-26],[-13,-80],[11,-20],[24,-15],[-6,-28],[-13,-4],[-12,-15],[-9,-21],[-7,-31],[-15,-19],[-11,-61],[-9,-33],[-10,-75],[-10,-12],[-16,-1]],[[54545,34716],[-31,38],[-15,21],[-7,18],[-29,23],[-45,13],[-19,19],[-8,19],[-19,9],[-37,54],[-24,19],[-16,-62],[-19,-19],[-1,-9],[-13,-17],[-6,-22],[-12,-7],[-33,-4],[-14,10],[-13,23],[-1,33],[-17,18],[-9,36],[9,7],[-29,67],[-15,2],[-13,14],[-32,12],[-8,9],[-26,17],[-15,-3],[-32,-29],[-10,7],[-7,15],[-14,-5],[-15,-14],[-16,-3],[-15,-10],[-6,24],[-8,17],[-19,17],[-1,-23],[-6,-16],[-41,-5],[-20,-16],[-9,4],[3,28],[-15,22],[-54,43],[-17,9],[0,17],[21,16],[4,27],[-9,21],[-16,19],[-18,31],[-4,17],[4,34],[-15,21],[0,16],[9,26],[-5,19],[5,19],[-20,9],[12,54],[39,93],[12,19],[26,-20],[35,-21],[20,8],[7,16],[4,51],[0,30],[-5,34],[2,18],[8,11],[17,38],[15,22],[-2,20],[-11,21],[0,25],[-4,19],[-10,19],[0,16],[11,43],[9,7],[9,23],[7,26],[-6,56],[-28,41],[0,16],[15,15],[17,49],[4,37],[-16,38],[-6,6],[-36,5],[-22,-21],[-11,3],[-9,22],[-9,38],[0,33],[7,102],[2,22]],[[54073,37134],[10,-25],[-14,-35],[31,-45],[38,-37],[11,29],[-1,20],[14,3],[16,12],[20,-11],[4,-9],[14,7],[28,-8],[8,38],[4,24],[2,51]],[[55853,38171],[-10,16],[-21,-15],[-17,-5],[-20,-23],[-15,0],[-22,-20],[-29,6],[-12,-3],[-15,6],[-15,-13],[-24,-11]],[[55654,38485],[12,-8],[23,-4],[43,-37],[15,17],[47,21],[5,19],[22,35],[3,15],[12,-13]],[[55836,38530],[8,-19],[13,8],[8,16],[10,1],[33,-20],[-4,-19],[21,-13],[-18,-23],[-4,-47],[29,-9],[13,-14],[16,8],[11,22],[6,4],[7,-16],[17,-18],[-6,-24],[-11,-13],[1,-17],[22,-16],[20,4],[18,12],[15,-20],[13,3],[12,-13],[-1,-23]],[[56085,38284],[-11,-13],[-10,-3],[-30,8],[-12,-12],[-20,8],[-15,-33],[-16,5],[-9,-20],[-29,13],[-11,0],[-17,-21],[-22,-16],[-15,-29],[-15,0]],[[55504,40190],[-12,-66],[7,-47],[-77,-24],[-2,-16],[-13,-16],[-15,-8],[-1,13],[-56,43],[-26,-2],[-16,15],[-7,-10],[-2,-33],[-8,-37],[-11,4],[-7,-18]],[[55258,39988],[-45,-11],[-40,-20],[-43,-18],[1,-9],[-27,-5],[-32,6],[-18,13],[-10,17],[-9,30],[-7,12]],[[55028,40003],[-2,12],[14,15],[-1,48],[19,-1],[30,19],[17,-13],[13,4],[1,11],[22,36],[-3,15],[8,27],[-14,24],[-3,20],[4,26],[9,21],[1,14],[-10,33],[-27,8],[-27,19],[-4,17],[5,68],[46,27],[3,8],[-6,25],[7,22],[-1,29],[7,24],[-4,21],[5,6],[-4,21],[9,35],[0,28],[-21,47],[-6,-10],[-30,32],[-11,26],[-12,4],[-13,29],[2,33],[-18,30],[-4,18],[-9,13],[-1,26],[-8,3],[-6,19],[-8,-1],[-10,18],[-19,7],[-6,15],[-14,2],[-10,26],[-4,37],[-20,6],[-17,16],[-11,19],[-5,32],[-23,16]],[[54858,41135],[-11,-5],[-3,18],[-9,14],[-10,30],[6,28],[0,28],[14,9],[15,-8],[2,-15],[16,9],[0,18],[8,39],[-12,30],[-10,3],[-5,-11],[-12,8],[-20,-5],[-14,24],[1,22],[16,-7],[1,19],[-7,19],[-1,19],[-16,37],[-2,17],[14,-6],[11,4],[11,-15],[11,-5],[18,7],[-6,31],[13,25],[2,10],[-9,24],[3,28],[-18,11],[-11,13],[-2,28],[13,-2],[14,14],[4,30],[9,34],[-5,12],[-19,2],[-15,35],[0,24],[7,15],[12,1],[8,28],[5,32],[-12,46],[7,18],[8,-7],[10,14],[9,1],[-2,-24],[18,-46],[17,-16],[20,-50],[18,-1],[-7,-72],[46,-15],[11,9],[1,17],[34,-8],[4,44],[20,-5],[-6,-62],[7,-14],[18,-4],[-2,-27],[15,-4],[-4,-41],[23,-6],[-2,-31],[22,-5],[-2,-31],[6,-19],[41,-9],[1,12],[50,-11],[-1,-12],[47,-3],[8,26],[-1,16],[62,-17]],[[55359,41518],[-9,-37],[5,-47],[-4,-57],[2,-63],[-9,-75],[-6,-16],[5,-38],[16,-56],[14,-37],[-3,-28],[1,-28],[-2,-35],[7,-52],[9,-25],[1,-26],[-4,-27],[0,-32],[18,-29],[8,-24],[-7,-31],[-5,-8],[-34,1],[-24,23],[-10,-15],[-11,-33],[-7,-58],[-17,-25],[-2,-44],[5,-22],[15,-11],[8,-19],[17,-18],[26,64],[3,3],[15,-50],[22,-50],[1,-33],[-3,-31],[-7,-4],[-27,-65],[13,-8],[31,-55],[15,-4],[10,-14],[16,-7],[15,-17],[22,-15],[8,-17],[8,-33]],[[57060,47526],[-10,11],[-19,12],[-7,14],[-10,38],[-7,12],[-15,12],[-10,33],[-12,18],[-25,1],[-14,15],[-13,30],[-13,2],[-10,-16],[-6,-25],[-4,-43],[-12,-13],[-4,-15],[-16,-4],[-12,-14],[-15,7],[-31,-17],[-11,-16],[-21,17],[-10,-11],[-19,9],[-8,-8],[-24,-9],[-1,-31],[4,-24],[-6,-57],[-9,-42],[-12,-18],[0,-31],[11,-23],[0,-14],[-7,-26],[-4,-39],[9,-30],[-10,-12],[-13,-45],[14,-23],[-12,-34],[-15,-4],[-10,-8],[-27,19],[-35,-33],[-2,-30],[-18,-24],[-15,-8],[-14,16],[-17,-14],[-10,-15],[8,-30],[0,-14],[-13,-9],[-14,-23],[-9,-5],[-16,-26],[-12,2],[1,-20],[-12,-34],[-2,-50],[-25,1],[-15,-15],[-10,-23],[-10,-4]],[[56374,46766],[-14,-14],[2,-22],[-14,-23],[-15,15],[-23,2],[-10,24],[-13,11],[-21,-1],[-11,6],[-18,24],[-34,26],[-21,7],[-58,47],[-11,30],[-32,36],[-13,36],[-11,12],[-38,20],[-23,-5],[-19,14]],[[55977,47011],[-1,36],[-6,30],[-12,28],[-8,7],[-6,38],[2,29],[-11,32],[-16,-11],[-22,16],[-12,-1],[-9,9],[-15,-7],[-12,32],[-18,23],[-3,22],[-20,56],[-5,19],[-31,-14],[-16,14],[-13,3],[-21,-17],[-13,5],[-16,27],[-19,-11],[-15,-3],[-11,-8],[-8,5],[-22,-7],[-5,-24],[-16,-3],[-7,-10],[-13,-4],[-18,18],[-10,-7],[-30,4],[-13,-25],[-6,-29],[-11,-21],[-2,-14],[-27,-33],[3,-28],[-12,-21],[-5,-50],[-8,-52],[7,-17],[-3,-40],[-5,-15],[-4,-29],[-9,-28],[0,-20],[10,-45],[-18,-6],[-22,5],[-30,-22],[-18,33],[-19,11],[-15,-8],[-12,6],[-7,-24],[-30,-8],[-13,-13],[-21,20],[-17,-6],[-18,23],[-32,-26],[-12,-32],[-24,18],[-12,-3],[-16,-21],[-13,-11],[-12,-4],[-16,7],[-16,-7],[-12,21],[-14,13],[-9,-13],[-10,20],[-25,6],[-11,7],[-6,24],[-26,8],[-19,-14],[-17,30],[-14,-2],[-14,15],[-2,37],[-12,28],[-15,0],[-25,21],[-25,-15],[-18,10],[-27,-31],[-34,-14],[-29,-57],[-87,24],[-16,17],[-15,6],[-29,27],[-6,57],[-8,18],[9,31],[-13,12],[-20,8],[-5,12],[-2,22],[-20,17],[-11,31],[-9,9],[-26,-3],[-10,-36],[-10,-9],[-12,-1],[-2,18],[5,15],[1,28],[14,15],[4,27],[-14,12],[1,11],[22,32],[0,8],[-23,33],[1,33],[-4,25],[21,18],[18,23],[-2,16],[-16,18],[-5,13],[5,23],[7,5],[21,-3],[9,31],[-8,12],[-21,4],[0,12],[8,23],[-8,33],[-11,9],[-21,-5],[-4,7],[32,35],[14,-13],[11,9],[-18,34],[-25,2],[7,39],[15,-14],[24,5],[-1,34],[-21,17],[-7,16],[2,13],[12,32],[-20,25],[-15,-38],[-11,-15],[-7,1],[-15,20],[-20,-15],[-7,4],[-14,38],[-8,-3],[-14,-25],[-10,10],[-1,34],[-14,9],[-3,25],[-10,11],[-26,14],[-14,57],[16,11],[2,11],[-9,21],[-16,-18],[-11,7],[-11,38],[-31,8],[-8,19],[-2,35]],[[54151,48127],[-19,58],[8,10],[14,-2],[17,-20],[7,5],[8,20],[21,3],[5,8],[-4,16],[7,28],[15,16],[3,39],[-7,32],[-16,10],[19,11],[3,8],[-8,22],[2,39],[-17,-9],[5,29],[-2,18],[-13,-3],[-17,-31],[-10,6],[15,24],[2,44],[-2,14],[14,16],[22,4],[-3,19],[-13,17],[-2,19],[23,13],[19,3],[3,18],[-15,16],[-19,4],[-12,21],[6,26],[12,8],[-13,33],[0,21],[11,12],[16,-1],[17,24],[-16,15],[-1,20],[15,23],[-7,20],[-24,9],[-3,14],[10,31],[-12,-3],[-3,12],[6,26],[-12,20],[-19,14],[13,41],[-2,11],[66,-21],[63,34],[18,-14],[7,-27],[7,-7],[24,-70],[9,-15],[10,-4],[28,10],[14,10],[23,23],[22,0],[13,-12],[16,-2],[12,-14],[34,-9],[30,-21],[11,8],[11,-9],[36,16],[15,23],[14,0],[22,-15],[23,-29],[17,4],[20,-19],[14,-3],[5,-21],[15,-11],[10,11],[13,2],[16,-6],[17,-25],[12,7],[11,-13],[9,-1],[43,25],[18,-9],[11,-17],[20,7],[17,-22],[6,-14],[15,-2],[7,22],[8,9],[27,0],[17,-12],[4,-17],[13,-16],[2,-20],[6,-11],[30,2],[9,-25],[23,-14],[14,-45],[19,7],[14,30],[12,1],[7,-16],[11,-5],[11,8],[14,-6],[4,18],[17,32],[4,20],[12,17],[5,32],[13,59],[21,14],[6,10],[-6,22],[6,11],[14,7],[9,18],[15,17],[30,21],[16,27],[17,-5],[20,13],[7,31],[14,12],[17,23],[4,37],[15,11],[11,29],[-1,21],[15,45],[10,12],[2,30],[17,6],[0,13],[11,31],[11,13],[-1,44],[7,10],[-1,15],[-8,10],[10,35],[-16,31],[-2,20],[-8,12],[-15,60],[17,32],[11,8],[42,-23],[33,-1],[15,7],[18,19],[8,80],[21,220],[9,89],[7,-2],[13,-30],[14,5],[12,22],[11,6],[2,22],[20,26],[16,-8],[22,1],[15,19],[22,17],[17,24],[19,7],[16,20],[14,-1],[15,18],[7,-7],[28,9],[12,-10],[18,11],[1,23],[12,19],[10,-3],[15,13],[9,21],[10,5],[10,15],[17,4],[23,18],[20,2],[5,16],[-7,26],[19,15],[-1,18],[6,18],[1,22],[17,7],[8,27],[16,-16],[19,1],[24,-29],[12,11],[11,0],[24,32],[1,18],[11,2],[8,11],[15,2],[4,34],[11,6],[3,28],[20,7],[14,-13],[10,10],[15,3],[8,17],[2,18],[7,10],[-3,33],[2,30],[12,30],[9,9],[2,21],[-6,21],[-14,24],[-11,10],[-13,30],[-4,19],[-18,11],[-8,17],[-15,-1],[24,76],[3,32],[15,-3],[2,26],[93,-22],[1,14],[189,-50],[7,60],[11,120],[29,279],[35,-10],[7,30],[-24,69],[27,43],[69,50],[49,-14],[-6,-59],[3,-58],[17,-69],[10,-21],[-2,-11],[39,-10],[32,308],[20,-5],[13,34],[0,19],[-19,-10],[-18,6],[-27,16],[-8,19],[7,48],[8,23],[24,26],[24,34],[8,42],[0,21],[55,0],[-5,-47],[97,-56],[38,-24],[30,-25],[26,58],[-2,6],[18,51],[154,-42]],[[57455,51798],[2,-24],[-7,-57],[-17,-171],[12,-21],[8,-23],[-7,-89],[-5,-42],[23,-40],[13,-31],[18,-61],[16,-43],[17,-27],[20,-15],[20,-5],[-17,-169],[141,-37],[9,84],[12,-7],[28,4],[56,-17],[-11,-106],[55,-18],[72,-20],[47,-15],[-28,-253],[99,-29],[4,37],[39,-13],[55,-13],[-25,-230],[95,-28],[2,17],[19,178],[81,-23],[15,-1],[97,-25],[57,-18],[36,-10],[96,-22],[-17,-169],[88,-25]],[[58673,50221],[-32,-292],[-16,-148],[-6,-77],[-8,-79],[-31,-283],[188,-55],[-22,-232],[10,-12],[-30,-52],[-9,-8],[7,-18]],[[58724,48965],[0,-11],[-10,-19],[-15,-9],[-10,5],[-11,-5],[-9,-31],[-29,-2],[-22,28],[-17,-8],[-11,1],[-35,34],[-10,-14],[5,-12],[-5,-13],[-12,4],[-4,-19],[12,-9],[-5,-20],[-14,12],[-20,47],[-11,-18],[-26,-6],[-26,-34],[-12,12],[3,12],[-22,6],[-17,23],[5,42],[-16,4],[4,16],[-8,6],[-3,22],[-20,-33],[-35,45],[-14,-28],[-33,19],[10,44],[7,19],[-51,14],[19,185],[-84,23],[-4,-34],[-5,-17],[-16,-33],[-23,-55],[-24,-38],[-18,-45],[0,-23],[-5,-31],[7,-34],[-2,-40],[-14,-18],[14,-38],[-8,-22],[2,-26],[5,-15],[-9,-21],[7,-6],[10,-39],[-3,-55],[7,-8],[8,-26],[1,-31],[-9,-29],[-7,-57],[-19,-21],[-12,-4],[-14,8],[-17,20],[-16,11],[-6,19],[-9,-21],[-23,-10],[-25,-49],[-6,-23],[-22,11],[-18,24],[-7,-6],[-12,21],[-1,11],[-16,-3],[-20,-10],[-19,2],[-34,-3],[-5,-29],[-23,-31],[-7,-29],[-8,-18],[6,-21],[-10,-20],[-6,-29],[-7,-8],[-7,-27],[-18,-26],[-4,-26],[-12,-8],[-20,21],[-20,-17],[-35,7],[-25,-30],[-25,-18],[-19,-30],[-9,-21],[-17,-10],[-31,0],[-15,8],[-25,1],[-7,-23],[-15,-32],[-17,-19],[-12,3],[-23,20],[-12,3],[-12,-29],[1,-30],[9,-27],[-4,-53],[2,-15],[-15,-55],[-26,-7],[-6,-25],[-5,-48],[-11,-25],[-2,-28],[-13,-10],[-17,-30],[-8,-23],[-15,-3],[-7,15],[-19,4],[-6,-5],[-20,5],[-28,-8],[-26,-2],[-13,7],[-11,-7],[-21,-37],[-2,-21],[-9,-21],[3,-21],[-4,-31],[-17,-58],[0,-10]],[[58766,48168],[-8,31],[-16,18],[-22,18],[-13,1],[-1,22],[22,17],[14,39],[19,26],[12,9],[16,37],[2,24],[-5,46],[-7,17],[-26,28]],[[58753,48501],[3,19],[21,22],[5,13],[18,4],[12,-13],[20,2],[7,37],[8,31],[0,32],[17,176],[-5,26],[0,25]],[[58859,48875],[12,-1],[13,-22],[4,-32],[7,-16],[13,-7],[19,4],[21,32],[24,7],[19,-3],[14,-16],[17,-30],[15,71],[1,37],[19,48],[9,13],[8,27],[11,22],[15,11],[6,15],[15,-9],[33,-7],[11,7],[55,-13]],[[59220,49013],[8,-21],[-11,-91],[62,-18],[5,-4],[79,-22],[-32,-25],[-14,-30],[-26,-9],[-19,3],[-22,-26],[-4,-20],[-1,-75],[10,-3],[-5,-46],[15,-13],[15,-7],[12,-13],[12,-5]],[[59304,48588],[-5,-18],[5,-15],[-1,-22],[-18,-19],[-16,-25],[-26,-63],[7,-20],[5,-29],[-2,-30],[14,-29],[-4,-26],[-1,-48],[7,-26],[-7,-29],[2,-15],[-4,-25],[5,-21],[-7,-10],[-2,-27],[-6,-18]],[[59250,48073],[-47,12],[-3,39],[-15,16],[-2,-22],[-36,11],[-14,-22],[-119,35],[-6,-20],[-37,-51],[-24,6],[-5,19],[-14,17],[-16,10],[-9,19],[0,13],[-14,-2],[-38,15],[-32,5],[-39,-9],[-14,4]],[[67718,80924],[-8,16],[-10,68],[1,43],[-3,39],[3,21],[-7,15],[-3,27],[-71,21],[5,56],[-13,3],[-1,27],[-6,22],[-10,7],[1,58],[-6,35],[-17,2],[-8,-8],[-14,6],[-7,-6],[-2,-35],[-7,-24],[-1,-21],[-10,-27],[-14,-7],[-16,19],[-12,4],[-54,-15],[-6,-9],[6,-46],[-2,-38],[-142,40],[-15,-6],[-1,-13],[-15,-42],[-22,-34],[-8,-25],[-20,-8],[-10,10],[-13,-32],[-15,-30],[-16,33],[-19,53],[-3,-27],[-12,-140],[-103,26],[-2,-25],[-7,-6],[-16,-38],[-1,-13],[11,-11],[26,7],[10,-3],[-8,-102],[-2,-6],[8,-36],[20,-13],[20,-5],[-11,-129],[11,-11],[6,-16],[-7,-33],[4,-27],[-3,-23],[-37,10],[1,9],[-85,25],[-8,-79],[-18,6],[-5,-44],[-31,9],[-11,-106],[-11,7],[-28,-33],[-12,2],[-4,15],[-16,12],[-12,3],[-17,-194],[53,-14],[-4,-43],[29,21],[-7,-33],[0,-34],[-5,-46],[-5,-15],[4,-15],[-20,6],[-12,-10],[-18,-2],[-11,-46],[2,-8],[-10,-115],[-47,13],[9,93],[-113,28],[-1,-9],[-15,-29],[-9,3],[-9,-10],[-2,-17],[-11,-28],[0,-30],[-56,16],[6,-32],[10,-4],[17,-25],[5,-26],[2,-27],[8,-21],[3,-27],[-4,-16],[-14,-17],[-4,-18],[11,-13],[-5,-15],[2,-16],[-21,-44],[-33,9],[-23,-28],[-2,-34],[-7,-52],[5,-21],[-5,-19],[0,-20],[13,-7],[-3,-15],[-110,31],[9,-54],[-13,3],[5,-51],[-103,29],[-3,-34],[-25,8],[4,47],[-60,18],[0,8],[-81,23],[6,-36],[-6,-16],[-11,-10],[-2,-11],[11,-27],[-8,-27],[-7,-61],[33,-9],[26,-71],[-18,-188],[-191,52],[-22,-7],[-3,20],[-92,-327],[-59,113],[-14,-6],[-24,17],[-23,43],[-16,19],[-30,31],[-26,78],[-11,-29],[-11,2],[-4,15],[-14,-14],[-18,3],[6,-23],[-1,-20],[-21,-30],[-7,20],[-11,-40],[5,-25],[-8,-4],[-7,10],[-12,-20],[5,-18],[-8,-9],[1,-20],[-18,-9],[-20,-1],[-17,8],[-17,19],[-13,4],[-6,14],[-15,-7],[-9,9],[-12,-3],[-5,-14],[-18,35],[-7,-21],[-17,1],[-8,-22],[-27,16],[-12,2],[-8,29],[-6,9],[9,52],[18,10],[5,11],[-3,17],[-9,11],[-28,16],[-8,-5],[-17,3],[-29,30],[-3,-11],[5,-77],[-5,-28],[6,-17],[-6,-25],[-15,-30],[20,-40],[-2,-8],[-23,-9],[-5,-20],[-15,-6],[-8,-39],[-17,-14],[11,-52],[15,-18],[-5,-19],[6,-14],[-1,-20],[-7,-12],[9,-30],[27,-22],[-18,-43],[-16,-10],[2,-34],[-6,-15],[2,-12],[25,-17],[-1,-42]],[[65189,78255],[-199,52],[2,25],[-70,17],[-6,-29],[6,-32],[-25,-15],[-4,-21],[7,-51],[-2,-21],[-320,81],[7,-26],[4,-41],[9,-30],[11,-23],[22,-26],[11,-6],[11,3],[5,-17],[-8,-28],[-30,-24],[-22,-1],[-9,-5],[-7,-28],[4,-22],[-5,-44],[24,-49],[-17,-24],[-7,4],[-12,-9],[-4,-13],[-25,-32],[-22,-9],[-32,-49],[-12,-27],[-19,-14],[0,-23],[-7,-35],[-7,-11],[-16,2],[-12,-25],[3,-35],[-11,-9],[-8,6],[-11,-6],[-15,-33],[-22,10],[-6,22],[-8,-1],[-11,-19],[7,-20],[-5,-20],[-14,7],[-3,24],[-5,4],[-13,-9],[-11,1],[14,29],[-18,15],[-3,-8],[-13,4],[-12,-22],[8,-34],[-22,10],[-26,-26],[-1,-18],[-18,19],[-25,-1],[-12,5],[-16,39],[-1,33],[-10,21],[-22,-14],[-14,-20],[-7,-1],[-15,18],[-11,5],[-2,26],[-9,14],[-9,-3],[-12,15],[-16,6],[-16,42],[-5,-1],[-13,-31],[-12,1],[-5,18],[-11,-11],[-9,3],[-19,-12],[-20,51],[-19,14],[-9,31],[-16,15],[-2,-18],[19,-43],[-22,0],[-15,-13],[-4,-24],[12,-9],[0,-22],[-8,-9],[-3,-17],[-15,-15],[-3,-20],[2,-18],[-5,-27],[-7,5],[-7,-27],[2,-15],[17,-12],[14,-20],[-4,-50],[-5,-8],[4,-18],[-7,-15],[1,-35],[-6,-10],[-18,-8],[-4,-22],[26,-29],[-13,-12],[-12,2],[-4,-20],[-17,-23],[4,-17],[-1,-19],[-11,-14],[-15,-4],[7,-24],[-27,-6],[0,-21],[-19,2],[1,17],[-13,7],[-12,-26],[11,-25],[-2,-39],[-7,13],[-11,-13],[-1,-29],[-12,-60],[-7,-24],[-10,-17],[-9,0],[-14,-29],[-12,-12],[-23,2],[-15,-28],[-11,4],[-14,-15],[2,-18],[-11,-9],[-10,-31],[-6,-40],[-5,-9],[-16,0],[-8,-10],[-3,-36],[-9,-5],[-5,-16],[-16,-5],[-14,25],[-15,-2],[-10,28],[-6,10],[-10,-15],[6,-26],[0,-26],[-14,3],[8,-22],[-3,-12],[8,-15],[4,-34],[-11,-23],[-12,-8],[-12,-38],[4,-34],[-9,-18],[9,-53],[-2,-58],[10,-13],[-2,-22],[-5,-9],[1,-22],[6,-11],[1,-35],[-4,-17],[1,-115],[39,-10],[-19,-31],[-15,-36],[-29,10],[-3,-5],[-19,8],[-22,3],[-15,-7],[-11,-20],[-24,16],[-13,-2],[-16,-17],[-11,-27],[-15,26],[-16,-17],[-13,12],[-8,-14],[-8,0],[-14,-28],[-5,-29],[-17,0],[-6,-7],[2,-39],[-5,-58],[-10,-39]],[[63116,75802],[-11,12],[-11,-2],[-5,19],[-28,56],[-6,33],[-6,12],[-13,5],[-3,17],[-21,30],[-6,27],[-13,4],[-9,11],[-13,35],[-13,3],[-15,20],[-7,42],[-6,17],[-23,8],[-15,33],[3,48],[10,27],[0,16],[-22,41],[-8,29],[-6,44],[-8,15],[-96,18],[5,73],[-26,7],[-8,-15],[-23,-11],[-19,6],[17,160],[-30,9],[11,46],[-1,16],[-31,9],[-2,8],[4,41],[6,25],[-7,14],[-16,5],[9,98],[-12,15],[12,129],[14,13],[-1,29],[7,20],[-5,12],[6,43],[-13,-4],[-9,9],[-10,26],[-9,41],[-9,21],[4,9],[-6,20],[12,41],[6,44],[0,26],[-8,8],[-2,40],[-15,21],[-1,56],[8,26],[-6,4],[0,27],[15,12],[-2,39],[8,-7],[5,20],[9,10],[3,35],[10,-5],[5,20],[5,40],[8,-1],[2,21],[-8,5],[-14,34],[-6,34],[-23,9],[-12,26],[-3,33],[1,22],[-12,10],[-2,-20],[-15,9],[-11,-8],[-5,31],[-9,14],[-14,-13],[-14,55],[4,22],[-26,-2],[-6,7],[8,25],[-9,2],[-8,-19],[-8,3],[-1,26],[-6,11],[8,38],[-14,13],[-13,-6],[-1,23],[7,7],[-10,29],[19,31],[-1,18],[-12,9],[7,19],[12,8],[-10,20],[0,19],[24,20],[-14,18],[-3,23],[-13,-6],[-10,-28],[-11,1],[-12,15],[-13,9],[8,18],[22,31],[13,7],[-7,16],[1,42],[-16,2],[1,32],[11,42],[7,8],[10,-7],[14,-20],[9,5],[-1,16],[-17,27],[-25,4],[-6,-13],[2,-24],[-13,-5],[-6,23],[3,28],[6,27],[10,24],[10,49],[-23,31],[-25,3],[1,-33],[-13,-4],[-7,18],[2,22],[38,34],[2,10],[-9,20],[-10,-3],[-11,-11],[-13,9],[-4,21],[-1,45],[28,-3],[4,18],[-4,21],[-11,19],[4,28],[-1,23],[-11,5],[-5,28],[6,14],[-6,36],[-10,14],[-14,-31],[-3,4],[2,40],[-4,10],[-25,21],[-7,25],[3,17],[-12,31],[-14,9],[-14,25],[8,31],[17,16],[2,10],[-6,21],[-16,27],[-3,20],[5,6],[31,9],[27,16],[9,-6],[9,9],[1,22],[-14,59],[18,18],[-4,25],[-13,17],[7,12],[11,-2],[15,-11],[8,20],[-12,27],[-24,20],[-6,11],[-2,24],[7,21],[35,23],[3,16],[-6,24],[-8,11],[-22,7],[-3,23],[5,9],[18,7],[10,21],[-22,31],[-2,25],[5,23],[9,9],[36,-6],[11,10],[17,41],[10,5],[13,-7],[13,6],[-3,28],[-7,16],[-2,23],[5,15],[2,37],[7,43],[-3,21],[-9,16],[-2,17],[3,23],[15,39],[5,25],[-1,43],[-3,13],[-20,32],[-17,16],[-10,30],[0,25],[4,18],[-3,23],[-25,-5],[-13,12],[-2,25],[30,13],[8,7],[1,23],[-15,12],[-16,-2],[-37,12],[-20,13],[-20,35],[-13,53],[9,24],[-2,26],[-9,3],[-20,-17],[-39,53],[-8,44],[-6,52],[6,56],[0,13],[-17,80],[-6,16],[3,42],[55,30],[19,40],[-8,40],[-10,7],[-20,-13],[-14,-46],[-10,-19],[-20,-5],[-8,26],[0,22],[13,24],[21,10],[26,26],[3,14],[-7,16],[-10,3],[-18,-8],[-11,7],[-6,15],[0,20],[15,21],[11,-1],[27,-12],[12,6],[22,21],[5,23],[-5,26],[-8,24],[-12,21],[-2,51],[11,63],[11,21],[1,35],[-14,40],[-6,27],[9,15],[18,6],[7,12],[1,19],[-11,32],[-6,8],[-32,20],[-9,19],[-1,30],[5,25],[25,23],[-4,25],[-11,7],[-20,26],[-13,76],[-8,-5],[-5,-19],[-7,-3],[-6,14],[-8,-6],[-9,-22],[-10,-12],[-13,-25],[-10,-30],[-19,-48],[-13,-6],[-8,-25],[-9,-13],[-17,13],[-28,8],[-14,-3],[-10,-18],[-14,-3],[-6,12],[-36,-16],[-2,-27],[-19,-10],[-9,-12],[-6,-20],[-21,12],[-21,-5],[-4,19],[-17,7],[-8,30],[-10,-2],[-13,-19],[-17,-6],[-10,3],[-5,-19],[-11,-19],[4,-6],[-1,-37],[-22,0],[-8,-6],[-10,12],[-32,21],[-27,14],[-18,1],[-43,23],[-2,19],[5,10],[-4,23],[8,20],[-5,28],[3,11],[-2,40],[-4,21],[11,7],[15,41],[11,-7],[8,8],[5,20],[-11,16],[-1,36],[-27,13],[0,16],[8,12],[2,19],[15,5],[5,14],[-9,31],[1,11],[16,14],[2,37],[-14,-12],[-3,20],[10,25],[-2,12],[-12,-1],[-12,-12],[-7,17],[30,47],[12,49],[-5,23],[10,6],[0,23],[8,17],[30,17],[25,-20],[9,-4],[6,12],[-13,14],[-15,5],[-8,11],[2,33],[9,6],[11,-12],[18,0],[-4,22],[-12,12],[-5,12],[2,37],[14,15],[-10,19],[1,18],[8,4],[23,-12],[21,8],[12,20],[-5,18],[4,11],[-7,18],[2,14],[16,8],[11,23],[-1,16],[-7,20],[1,26],[23,23],[8,17],[11,49],[13,24],[10,7],[20,-11],[24,-1],[10,9],[7,54],[12,9],[18,-19],[14,-3],[14,15],[17,9],[27,-18],[19,13],[12,22],[12,5],[3,-11],[-1,-28],[5,-15],[18,-5],[9,13],[3,24],[17,40],[1,14],[-7,25],[-11,18],[-15,17],[-1,17],[5,34],[-20,34],[-3,20],[3,16],[20,28],[12,25],[16,-7],[9,12],[-1,21],[-9,44],[-11,68],[3,41],[10,17],[29,7],[6,16],[-5,20],[-13,20],[-16,7],[-16,15],[-2,14],[5,36],[17,28],[21,17],[6,14],[1,24],[8,40],[12,13],[13,28],[5,58],[-3,38],[12,30],[10,41],[10,8],[5,-9],[9,-62],[13,-38],[11,-10],[17,43],[7,30],[8,7],[43,9],[5,7],[2,48],[14,6],[3,-24],[20,-7],[7,22],[-3,36],[-8,42],[1,22],[10,23],[17,1],[18,-16],[20,-22],[16,-6],[11,19],[-7,45],[4,19],[7,15],[17,11],[13,18],[8,24],[8,8],[16,186],[85,833],[18,26],[5,29],[13,13],[19,6],[29,39],[10,2],[35,38],[17,0],[13,35],[22,4],[-2,33],[16,26],[14,-5],[8,18],[15,8],[15,-1],[9,6],[28,42],[3,21],[16,19],[-2,33],[19,22],[-30,150],[-100,508],[31,-9],[15,154],[39,-11],[32,342],[-9,15],[10,12],[20,-13],[14,14],[22,1],[5,28],[15,12],[10,16],[18,12],[9,-20],[10,14],[6,26],[-2,32],[15,48],[1,13],[-8,19],[2,13],[22,14],[11,14],[-2,38],[19,13],[0,18],[-7,15],[15,17],[11,57],[20,-2],[6,20],[-6,11],[-171,46],[-490,128]],[[62582,87324],[21,14],[9,27],[-2,35],[-15,32],[-12,15],[-3,15],[-16,7],[-8,10],[-22,6],[-19,26],[-48,19],[-19,17],[-23,36],[-16,43],[7,30],[-3,12],[-14,23],[9,32],[6,-3],[21,8],[22,-9],[4,30],[19,16],[9,22],[-11,23],[-11,38],[4,29],[-15,26],[1,9],[-11,20],[-2,20],[12,3],[15,12],[16,-8],[9,27],[12,8],[16,17],[4,10],[-1,35],[9,37],[31,15],[27,39],[16,9],[13,23],[7,44],[22,39],[13,1],[19,33],[8,19],[12,6],[22,-22],[15,9],[5,15],[16,19],[9,6],[18,-9],[31,29],[9,4],[16,-16],[10,3],[6,17],[12,9],[17,27],[16,-1],[13,-12],[9,1],[16,29],[16,19],[25,17],[12,12],[17,23],[17,15],[7,17],[-14,24],[-2,20],[1,42],[-2,11],[-21,61],[-11,21],[2,20],[13,57],[13,44],[19,44],[12,43],[14,25],[10,42],[7,39],[1,22],[6,13],[12,9],[-19,51],[-19,13],[-3,24],[8,16],[-25,38],[-4,20],[1,24],[11,25],[1,31],[5,32],[16,12],[22,-3],[12,15],[13,0],[7,8],[19,39],[12,13],[34,-2],[16,13],[31,296],[-5,1],[16,155],[4,-1],[13,139],[-188,53],[-11,32],[13,6],[3,19],[12,16],[2,19],[11,9],[13,3],[13,25],[3,31],[-6,48],[15,39],[13,17],[3,30],[15,21],[15,27],[13,132],[-109,31],[7,19],[24,26],[40,2],[24,18],[26,26],[17,-12],[23,-29],[19,-11],[17,17],[-3,19],[-22,29],[-7,28],[6,43],[4,12],[20,36],[6,24],[13,23],[9,38],[16,23],[24,11],[-3,23],[-12,10],[-23,33],[-3,14],[-3,48],[2,19],[7,8],[27,-8],[19,-9],[13,14],[-4,18],[-2,36],[-5,17],[-2,29],[-6,15],[-11,6],[-23,-4],[-12,3],[-11,13],[1,25],[5,8],[20,16],[58,10],[19,-13],[24,-24],[18,-10],[4,21],[-9,13],[-6,42],[127,-35],[-7,-76],[47,-13],[-2,-21],[51,-12],[10,-17],[11,-8],[2,-14],[13,27],[10,1],[85,-24],[9,-11],[60,-17],[304,-84],[161,-40],[2,-31],[25,-7],[3,31],[72,-18],[-15,-165],[24,6],[18,-18],[19,-7],[24,9],[27,-7],[15,-19],[15,0],[15,16],[25,45],[8,5],[23,-12],[11,-11],[18,11],[10,31],[10,6],[13,19],[22,12],[33,-4],[15,13],[17,23],[7,33],[13,19],[7,18],[16,9],[14,16],[4,21],[14,6],[21,42],[6,22],[-3,32],[-4,13],[3,19],[-5,21],[9,39],[-16,74],[-2,24],[6,22],[20,33],[7,46],[-3,23],[5,55],[-11,25],[-14,20],[-2,38],[-11,22],[9,32],[2,26],[-3,40],[5,18],[26,17],[9,18],[11,10],[4,55],[-5,8],[-4,43],[-9,47],[8,7],[31,-25],[29,-8],[22,-15],[21,-23],[20,-7],[-6,-12],[10,-26],[11,-10],[6,5],[28,-13],[18,0],[16,43],[0,14],[14,21],[14,48],[16,40],[12,14],[15,1],[24,10],[7,9],[6,24],[32,11],[11,13],[19,-2],[-2,38],[4,34],[0,27],[-7,29],[12,44],[-6,31],[5,21],[12,8],[20,-1],[35,-15],[7,-13],[22,-20],[14,-4],[22,-20],[9,2],[-3,32],[1,47],[8,15],[2,39],[15,45],[1,33],[5,23],[13,7],[12,26],[11,125],[28,-7],[11,107],[4,21],[15,11],[11,-17],[15,15],[8,-36],[19,8],[7,77],[28,-7],[16,178],[95,-25],[6,36],[44,-32],[6,64],[12,1],[19,41],[13,4],[9,14],[11,32],[9,-2],[5,26],[15,1],[14,-5],[15,23],[14,-14],[4,9],[19,1],[15,13],[23,6],[11,-2],[5,22],[-3,14],[-24,3],[-14,-3],[-9,41],[9,34],[-14,-4],[-7,8],[-4,28],[5,17],[-15,24],[-10,-12],[-12,0],[-2,12],[12,11],[6,27],[-12,19],[-10,6],[-21,-1],[7,41],[-47,49],[10,43],[6,14],[-10,24],[-12,0],[-5,11],[6,32],[8,16],[-5,17],[-10,12],[4,22],[-5,12],[-13,-4],[-7,13],[-10,73],[-4,43],[4,22],[-20,34],[-14,5],[-9,29],[-13,4],[-1,32],[9,14],[3,34],[-8,32],[-7,44],[8,30],[18,13],[16,-11],[20,-4],[6,29],[10,-1],[188,-52],[101,-27],[51,-11],[83,-24],[-4,-39],[35,-9],[-5,-51],[22,-6],[8,78],[55,-15],[4,38],[148,-41],[63,-19],[5,58],[4,-1],[-10,-118],[57,-14],[4,41],[23,11],[13,-8],[11,-30],[12,-6],[-11,-18],[7,-19],[11,-21],[9,-36],[1,-20],[-10,-8],[12,-23],[-2,-20],[13,-19],[8,6],[9,-28],[14,-17],[9,-4],[20,7],[9,-9],[6,-22],[13,-22],[15,1],[3,-14],[14,-2],[2,-15],[14,2],[2,-18],[12,-12],[-9,-23],[3,-27],[16,-12],[-3,-33],[6,-16],[18,1],[10,-11],[18,14],[12,-10],[10,12],[2,-21],[13,-40],[25,16],[10,-4],[8,-15],[11,-7],[9,3],[7,-24],[9,8],[11,-8],[12,10],[11,-20],[7,1],[-23,-232],[-20,6],[-9,-100],[12,-16],[17,-6],[15,-20],[5,2],[12,-21],[15,-6],[14,2],[29,-28],[11,-3],[14,-15],[15,-52],[17,-21],[7,-16],[20,-14],[12,5],[0,-26],[5,-12],[14,-10],[10,-30],[5,-6],[-4,-41],[26,-7],[-12,-112],[-5,1],[-9,-80],[4,-1],[-10,-103],[-11,-120],[-9,-89],[-4,-36],[-7,-71],[-6,-115],[25,-6],[-5,-42],[-29,-19],[18,-26],[19,-7],[11,-19],[23,-26],[11,-6],[13,15],[6,59],[16,9],[22,-7],[13,-9],[12,-28],[12,-49],[13,-17],[12,14],[25,-16],[18,-3],[22,22],[13,10],[12,-8],[7,-62],[10,-10],[13,0],[15,-7],[27,-22],[7,-22],[-1,-52],[8,-17],[13,12],[0,28],[-4,30],[-2,31],[5,42],[6,18],[11,8],[34,-67],[12,-20],[19,-56],[9,-7],[22,0],[18,10],[12,-5],[-6,-26],[-29,-22],[-1,-18],[7,-26],[13,-4],[8,22],[10,9],[13,-7],[11,-33],[-2,-55],[4,-40],[10,-17],[16,-12],[4,-15],[-3,-19],[11,-15],[17,-1],[19,-9],[8,-9],[7,-18],[0,-34],[-20,-17],[-8,-19],[2,-18],[11,-17],[9,4],[21,-4],[14,-30],[1,-51],[4,-11],[19,-21],[-26,-62],[10,-37],[-76,-55],[-20,80],[-50,-76],[-12,-28],[-1,-18],[12,-24],[18,-23],[43,-41],[15,-22],[2,-26],[-35,-82],[-2,-23],[6,-16],[39,-52],[24,-40],[32,-45],[26,-29],[19,-34],[7,-29],[-2,-19],[6,-7],[13,7],[14,26],[16,55],[16,76],[19,45],[11,11],[22,11],[10,-2],[18,-14],[15,-44],[4,-49],[-2,-35],[-4,-10],[-14,-13],[-15,-19],[-4,-31],[3,-28],[8,-34],[21,-48],[8,6],[12,-7],[21,11],[11,1],[22,10],[3,-12],[22,38],[11,13],[50,3],[19,5],[38,23],[20,19],[8,13],[16,41],[5,25],[1,29],[-5,47],[-10,36],[-20,46],[-7,63],[3,44],[6,29],[8,18],[46,66],[19,36],[23,56],[11,45],[10,30],[12,22],[11,6],[18,-5],[18,-93],[15,-43],[22,-45],[23,-16],[18,-2],[16,7],[8,9],[29,55],[9,24],[6,27],[5,53]],[[68944,91079],[-8,-20],[-22,-62],[-26,-68],[-10,-32],[-42,-117],[-5,-23],[-30,-103],[-2,-15],[-29,-101],[-15,-63],[-26,-115],[-17,-78],[-12,-62],[-15,-96],[-13,-106],[-6,-64],[-2,-55],[4,-85],[6,-32],[17,-24],[10,0],[24,-23],[25,3],[12,-37],[1,-23],[-6,-13],[4,-15],[-10,-53],[-1,-23],[4,-32],[10,-18],[8,-26],[21,-14],[-12,-14],[-17,-45],[-14,-54],[-50,-94],[-9,-10],[-37,-60],[-17,-31],[-8,-19],[-42,-77],[-18,-48],[-15,-31],[-17,-46],[-9,-27],[-14,-31],[-26,-64],[-25,-79],[-24,-66],[-24,-111],[-27,-68],[-17,-36],[-36,-88],[-4,-18],[-24,-58],[-10,-38],[-24,-69],[-8,-32],[-9,-24],[-4,-29],[-17,-45],[-9,-44],[-14,-40],[-27,-124],[-10,-58],[-7,-56],[-7,-67],[-5,-65],[-3,-65],[4,-130],[9,-69],[6,-39],[9,-36],[33,-99],[14,-26],[24,-21],[19,5],[8,27],[7,-8],[-7,-21],[11,-29],[19,-27],[19,3],[14,-4],[8,-25],[-8,-44],[-10,1],[-5,-10],[-7,-34],[-3,-29],[2,-23],[14,-13],[-5,-24],[-8,-10],[-11,-48],[-1,-22],[4,-26],[12,-15],[9,6],[6,-15],[-8,-37],[-14,-2],[-18,-68],[-12,-82],[-7,-88],[15,-21],[33,-20],[-2,-34],[-38,4],[-4,-31],[11,-10],[-8,-20],[4,-20],[17,-28],[22,7],[1,-31],[-10,7],[-6,-7],[-18,-43],[-18,-70],[-3,-35],[-10,-41],[-13,-81],[5,-61],[13,-8],[-7,-44],[8,-20],[14,0],[5,-29],[-1,-11],[13,-3],[6,-24],[-15,7],[-12,-23],[-10,-32],[-17,-76],[17,-46],[6,-23],[0,-28],[-13,-33],[-4,-19],[4,-53],[-6,-4],[-8,-22],[-2,-21],[1,-33],[5,-17],[9,-1],[12,-12],[-8,-11],[-7,-30],[2,-15],[-16,9],[-6,-5],[-29,-75],[-8,-29],[-13,-56],[-4,-36],[1,-23],[-32,-96],[-12,-47],[-5,-45],[4,-15],[-5,-17],[0,-25],[-19,-81],[-10,-64],[-4,-70],[3,-55],[14,-65],[11,-24],[25,-30],[4,-9],[-3,-19],[-21,-24],[-8,-14],[-18,-52],[-15,-52],[-4,-21],[-14,-55],[-22,-119],[-5,-42],[-7,-103],[-1,-41],[5,-65],[8,-32],[18,-26],[11,-3],[19,21],[-3,-20],[16,-15],[-9,-23],[-11,-37],[7,-18],[-8,-7],[2,-27],[-11,-22],[-9,4],[-14,-29],[-20,-35],[-23,-53],[-23,-73],[-17,-53],[-23,-65],[-17,-80],[-10,-35],[-3,-21],[-13,-53],[-7,-39],[-10,-75],[-5,-55],[-7,-47],[0,-30],[5,-25],[9,-6],[6,-21],[2,-26],[10,-9],[-10,-20],[2,-30],[20,-48],[9,-13],[12,1],[-4,-17],[-2,-34],[-20,-15],[-1,-14],[-12,-13],[-9,-17],[-20,-57],[-15,-61],[-4,-26],[-5,-76],[9,-21],[-3,-19],[7,-21],[0,-28],[9,-19],[3,-36],[8,-8],[-1,-34],[8,-25],[-12,-18],[-12,3],[-3,-35],[-9,-17],[-6,12],[-10,-8],[-14,-30],[-14,-50],[-12,-33],[-28,-109],[-11,-52],[-4,-15],[-13,-77],[-3,-38],[-3,-69],[0,-72],[5,-40],[6,-11],[4,-26],[14,-34],[12,8],[11,-7],[-8,-26],[-2,-43],[-10,-51],[-4,-50],[6,-7],[-8,-44],[8,-38],[-5,-28],[-38,-64],[-20,-57],[-1,-14],[10,-36],[-8,-20],[0,-34]],[[67812,81152],[-7,-20],[-7,14],[14,6]],[[68431,81072],[-13,16],[13,15],[9,-7],[-1,-20],[-8,-4]],[[68442,81014],[-2,34],[10,-4],[4,-41],[-12,11]],[[66606,75483],[-114,180],[-32,36],[-218,249],[3,25],[-12,13],[-10,-9],[-20,2],[-12,-9],[-14,60],[-9,9],[-13,-7],[-11,16],[-10,5],[-5,12],[-17,11],[-14,1],[0,15],[-15,19],[-16,1],[-13,9],[-13,2],[2,14],[30,317],[10,101],[-28,-11],[-36,-20],[-12,0],[-5,24],[-26,20],[-22,35],[-6,30],[-9,14],[-15,15],[-34,19],[-45,52],[-23,2],[-20,22],[-22,8],[-12,14],[-14,0],[-15,-12],[-3,-12],[-18,7],[-7,22],[-13,3],[-15,-23],[-13,-5],[-6,12],[-14,8],[-12,14],[-2,10],[-28,-23],[-16,9],[-7,13],[-13,-1],[-20,20],[-28,9],[-4,28],[-19,29],[-17,18],[0,19],[-10,22],[-17,-1],[-22,9],[-9,16],[-20,-37],[-12,3],[-10,-10],[-10,31],[-16,-7],[-27,48],[-23,38],[-28,32],[-2,23],[-15,22],[-2,26],[6,22],[11,6],[15,24],[8,25],[-4,16],[-11,13],[-4,21],[-15,26],[11,28],[13,8],[-8,34],[-9,12],[9,33],[-5,21],[11,26],[4,-14],[9,-7],[1,-20],[10,4],[3,-26],[6,-14],[16,-14],[14,-4],[4,8],[-10,33],[8,8],[22,-12],[1,23],[9,9],[6,23],[-1,22],[5,20],[11,7],[17,-3],[7,9],[3,27],[17,-19],[11,41],[7,4],[6,18],[-18,6],[-14,-5],[-7,19],[4,57],[-11,25],[-9,7],[-8,27],[9,13],[-4,35],[-13,5],[-8,13],[-20,16],[-18,39],[6,27],[-7,14],[3,14],[-7,10],[-15,3],[-6,10],[11,22],[12,4],[-4,24],[-8,15],[-18,6],[-7,16],[-14,0],[-13,10],[-24,-8],[-5,44],[4,25],[-20,23],[-1,25],[-11,13],[-13,6],[-10,44],[7,14],[-13,26],[-20,-4],[-8,11],[9,13],[3,14]],[[67718,80924],[-10,-5],[-8,-17],[-2,-39],[14,-27],[-9,-23],[-17,-6],[-10,-16],[-25,-58],[-14,-48],[-13,-38],[-19,-38],[-16,-40],[-19,-53],[-7,-16],[6,-25],[-14,-18],[-23,-68],[-7,-15],[-29,-79],[-28,-87],[-24,-96],[-27,-75],[0,-20],[-19,-38],[-33,-113],[-10,-74],[0,-70],[7,-40],[9,-22],[13,-13],[18,18],[11,-7],[-2,-14],[-13,-6],[-4,-24],[-1,-30],[3,-14],[15,-2],[11,-18],[-8,-13],[-10,-4],[-8,-35],[3,-25],[12,-10],[-1,-13],[-13,-5],[-7,-36],[1,-21],[-8,-30],[-1,-41],[6,-45],[-12,-45],[-1,-33],[2,-30],[9,-35],[8,-13],[7,9],[22,-1],[7,-8],[14,5],[10,-12],[-7,-26],[1,-13],[-20,4],[-11,-38],[-2,-22],[-12,-60],[-1,-32],[4,-23],[-9,-15],[-12,-40],[-9,-69],[1,-22],[9,-40],[-5,-40],[2,-36],[6,-20],[18,-11],[-4,-10],[-21,-1],[-22,-31],[-11,-23],[1,-19],[-16,-15],[-11,-35],[0,-20],[11,-8],[-11,-17],[-3,-25],[13,-11],[-7,-19],[-7,0],[-20,14],[-22,-32],[-19,-38],[-19,-41],[-44,-113],[-9,-41],[-6,-14],[-11,-49],[-2,-42],[10,-9],[0,-22],[-13,-8],[-37,-134],[-4,-28],[1,-42],[-9,-37],[-9,-13],[-29,-66],[-11,-33],[-5,-29],[-13,-49],[-3,-27],[-7,-46],[11,-17],[-5,-14],[5,-23],[24,0],[16,-21],[-15,-2],[-10,-18],[-1,-33],[3,-14],[20,-7],[-9,-27],[-3,-24],[-13,-1],[-9,-31],[-8,-66],[1,-35],[4,-20],[-7,-6],[8,-54],[23,-9],[15,-11],[6,-17],[15,2],[12,9],[7,-15],[-23,-15],[-43,34],[-9,-12],[-6,-23],[2,-38],[31,-8],[14,-8],[5,-16],[-7,-6],[-23,15],[-19,-7],[-17,-21],[-31,-47],[-27,-49],[-33,-70],[-18,-45],[-14,-42],[-10,-21],[-20,-72],[-3,-17],[-16,-62],[18,-8],[-4,-28],[-7,-5],[-17,-57],[-7,-51],[3,-62],[4,-28],[-16,2],[-8,9],[-6,-25],[-20,-35],[-37,-81],[-28,-73],[-29,-91],[-25,-118],[-10,-93],[2,-25],[5,-21],[9,-13],[5,-23],[-44,-82],[-43,-98]],[[67518,78567],[9,12],[7,-2],[3,-22],[-12,-9],[-7,21]],[[67750,78111],[1,-25],[-12,8],[1,16],[10,1]],[[56747,38598],[8,-23],[-17,-4],[-15,-16],[-11,-35],[10,-24],[0,-45],[5,-16],[1,-23],[-18,-10],[-7,-12],[-23,16],[-8,-8],[9,-19],[-12,-22],[-15,-17],[0,-23],[7,-30],[11,-21],[-8,-12],[2,-30],[9,-22],[-3,-25]],[[56672,38177],[-19,5],[-25,18],[-1,-9],[-84,22],[8,76],[-4,2],[-57,15]],[[56490,38306],[-7,20],[-5,47],[-6,46],[-11,28],[5,61],[-3,17]],[[56463,38525],[-3,25],[20,-32],[25,-21],[8,15],[16,0],[18,18],[16,5],[5,54],[-8,11],[0,23],[5,45],[-6,4]],[[56559,38672],[7,4],[34,-10],[23,4],[15,-28],[30,-7],[55,-17],[24,-20]],[[28458,27849],[39,384],[82,804],[22,-4],[6,57],[103,-25],[54,560],[41,454],[2,-1],[18,196],[496,-119],[131,-30],[19,-14],[50,-97],[69,-11],[65,41],[13,13],[26,6],[25,-16],[11,3],[25,-30],[38,6],[16,-13],[31,-56],[3,7],[0,30],[9,-3],[11,-16],[11,-5],[-2,-18],[11,-9],[22,6],[30,-2],[10,20],[-6,13],[4,13],[18,15],[8,-6],[13,-26],[0,-15],[-8,-30],[28,-5],[7,-17],[22,-14],[10,-34],[10,-13],[21,-4],[7,-24],[7,1],[9,21],[7,1],[12,-33],[13,-25],[8,4],[10,24],[8,1],[14,-17],[1,-28],[4,-12],[17,-17],[9,5],[8,21],[14,11],[24,28],[11,21],[12,7],[13,17],[11,-8],[6,71],[11,-2],[27,289],[11,107],[4,17],[44,459],[76,790],[-35,9],[21,231],[-150,36],[0,2],[-91,22],[28,290],[17,195],[-1,5],[-33,7],[3,41],[48,-11],[3,28],[-7,2],[9,111],[-81,18],[3,22],[-67,16],[0,6],[-97,23],[13,134],[-110,27],[-3,-43],[-113,27],[4,43],[-19,5],[14,156],[-69,16],[10,113],[17,-5],[25,259],[-56,14],[12,132],[-18,4],[21,222],[6,75],[-461,106],[23,249],[-65,238],[29,308],[131,-30],[14,161],[20,214],[-2,5],[14,158],[27,304],[4,24],[35,389],[11,130],[10,113],[17,196],[21,229],[53,-12],[2,-2],[101,-23],[424,-98],[32,348],[7,77],[42,536],[7,86],[35,458],[33,385],[-34,6],[-382,91],[0,7],[42,468],[1,6],[54,630],[12,131],[-464,99],[-61,16],[-73,15],[-49,14],[-5,-57],[-14,23],[3,39],[-442,93],[-122,26],[-214,45],[-410,88],[-175,37],[8,57],[15,176],[11,163],[8,70],[7,87],[28,336],[47,551],[-2,54],[8,29],[7,86]],[[35367,42550],[9,-4],[11,-28],[8,-5],[46,-11],[1,-20],[36,-202],[35,-187],[37,-198],[13,-100],[5,-17],[23,-140],[15,-66],[9,-27],[110,-549],[6,-18],[-2,-44],[14,-40],[4,-48],[19,-18],[22,-8],[12,11],[11,-10],[-6,-62],[3,-16],[-3,-52],[-5,-27],[9,-8],[26,4],[27,0],[20,5],[1,-34],[4,-13],[21,13],[1,-18],[13,-5],[9,10],[18,31],[10,2],[16,-9],[3,10],[4,34],[14,-4],[2,21],[13,21],[17,167],[55,63],[121,76],[138,423],[104,101],[17,73],[48,-14],[398,-95],[-13,-59],[-26,-64],[-21,-58],[-4,-48],[-38,-121],[75,-19],[-20,-219],[-4,-20],[-13,-160],[27,-6],[66,-44],[27,-26],[22,-12],[61,-1],[23,7],[149,-8],[42,-7],[50,-11],[47,-14],[24,62],[33,71],[22,82],[77,5],[57,-77],[139,-7],[113,-27],[1,-5],[105,-28],[4,34],[14,-3],[46,-36],[82,-18],[2,20],[38,-13],[95,-23],[2,1],[85,-43],[53,-13],[23,85],[190,-47],[198,-53],[29,-14],[26,-7],[131,-44],[155,-38],[15,-8],[4,15],[-8,44],[1,19],[-9,6],[2,15],[-14,41],[5,20],[-1,17],[7,17],[2,44],[23,56],[-1,38],[8,0],[21,53],[-7,56],[-8,22],[14,18],[3,34],[5,20],[9,13],[12,56],[-5,34],[2,17],[-6,17],[16,20],[16,46],[10,34],[281,-68],[5,56],[91,-23],[18,206],[9,1],[17,-17],[9,-26],[17,-23],[14,-1],[13,-28],[198,41],[12,0],[69,15],[39,-11],[29,-16],[13,-23],[23,-33],[10,-6],[5,48],[70,-19],[-7,-79],[297,-71],[12,5],[10,13],[0,53],[7,18],[14,5],[16,29],[11,-2],[2,25],[11,11],[7,36],[-8,29],[16,30],[-5,40],[6,7],[-2,32],[13,31],[-2,17],[7,29],[-6,15],[9,27],[8,2],[13,23],[5,25],[12,2],[6,-9],[12,13],[21,-13],[3,-8],[18,11],[7,-2],[20,8],[33,-1],[-3,17],[-9,-2],[5,36],[93,-25],[-15,60],[40,-8],[109,-31],[9,-20],[22,-14],[41,-3],[11,3],[20,17],[4,23],[20,-4],[-6,-32],[16,-9],[21,-2],[6,-7],[5,-31],[-2,-20],[15,-4],[24,43],[30,16],[46,40],[19,27],[27,9],[12,23],[8,-25],[14,15],[-12,46],[-7,-2],[1,28],[21,32],[7,6],[12,92],[15,4],[26,-4],[15,-10],[10,8],[2,15],[13,-5],[14,4],[13,10],[22,-3],[37,-18],[6,4],[-8,24],[1,17],[6,20],[1,23],[10,-6],[7,10],[16,-5],[6,-9],[13,-36],[18,-25],[18,-5],[17,-21],[10,-21],[-4,-46],[5,-16],[16,-10],[9,-15],[11,-1],[-1,-18],[5,-32],[9,-11],[-7,-21],[14,-25],[31,14],[2,-28],[17,-4],[17,10],[18,40],[10,33],[18,-52],[12,15],[6,15],[19,12],[5,24],[9,22],[8,-29],[16,-4],[1,21],[13,3],[18,-13],[51,35],[17,-19],[22,-11],[26,6],[9,10],[11,-3],[13,9],[17,-1],[7,8],[22,-1],[8,-9],[1,46],[5,19],[10,17],[-6,13],[-4,24],[16,30],[0,19],[17,22],[-1,34],[8,16],[6,-6],[22,40],[14,5],[17,-7],[7,7],[14,-6],[17,25],[1,19],[14,5],[-2,15],[22,-18],[-4,-14],[17,-4],[7,-21],[-14,-41],[-10,-54],[-8,-19],[27,-8],[-1,-8],[29,-7],[3,12],[52,-13],[12,-17],[8,4],[6,-28],[1,-27],[30,-8],[8,6],[10,40],[18,11],[11,-10],[11,3],[6,13],[-4,23],[12,12],[12,-10],[22,-10],[9,22],[16,18],[1,10],[13,8],[17,0],[17,47],[2,13],[13,24],[18,5],[8,26],[0,19],[6,25],[37,38],[16,70],[5,29],[7,21],[-1,22],[4,20],[16,24],[19,-1],[16,13],[6,22],[13,11],[30,43],[40,23],[19,-8],[8,-14],[13,5],[6,33],[35,6],[5,-8],[-2,-24],[12,-2],[21,9],[29,-16],[31,-47],[6,-20],[-5,-23],[3,-14],[17,8],[5,-8],[1,-27],[21,-43],[10,-48],[9,-6],[9,11],[8,31],[10,2],[6,-17],[5,-48],[12,-23],[20,-26],[7,-18],[-3,-16],[-16,-22],[-6,-36],[6,-28],[23,-13],[11,15],[6,27],[10,9],[9,-15],[-10,-26],[-1,-12],[16,-47],[7,0],[12,14],[6,16],[2,33],[12,2],[24,-5]],[[44846,38695],[-10,-13],[5,-29],[-5,-20],[-7,-4],[-22,1],[-44,-4],[-6,-13],[12,-25],[1,-17],[-9,-7],[-30,6],[-7,-9],[-6,-78],[-7,-23],[-15,-11],[-34,-15],[-25,-7],[-12,5],[-4,16],[1,34],[-8,29],[-9,17],[-35,36],[0,17],[20,28],[4,12],[-5,24],[-13,8],[-18,-2],[-18,-13],[-12,-30],[-42,-73],[-2,-18],[5,-37],[-9,-36],[-18,-20],[-15,2],[-32,25],[-17,7],[-15,-2],[-14,-12],[-31,-51],[-12,-14],[-6,-16],[1,-73],[6,-38],[-4,-31],[-12,-14],[-15,-7],[-22,-1],[-27,15],[-7,-21],[-3,-57],[-22,-42],[-3,-22],[2,-41],[16,-52],[15,-104],[9,-27],[2,-18],[-14,-54],[-1,-28],[6,-70],[22,-51],[7,-23],[15,-21],[12,-26],[9,-6],[16,1],[16,15],[5,17],[-3,18],[-18,26],[-7,26],[5,28],[13,6],[18,-7],[25,-21],[15,-34],[29,-35],[17,16],[23,1],[16,-9],[5,-9],[9,-44],[16,-22],[13,-9],[0,-17],[-8,-27],[-20,-37],[-23,-27],[-10,-26],[0,-23],[5,-19],[19,-18],[3,-17],[-3,-38],[0,-37],[-10,-13],[-20,-1],[-31,-10],[-11,5],[-19,33],[-13,-14],[-5,-15],[4,-25],[17,-25],[-5,-34],[-17,0],[-17,13],[-14,-9],[-12,-45],[1,-25],[12,-20],[31,-12],[33,0],[6,24],[18,-7],[13,-34],[-5,-24],[-17,-38],[-22,-12],[-20,-4],[-16,-14],[-11,-1],[-15,21],[-24,8],[-8,-7],[-7,-22],[-7,-86],[2,-42],[4,-12],[-3,-48],[-20,-99],[3,-36],[13,-53],[-4,-24],[-14,1],[-15,-27],[-8,-28],[-16,-19],[-24,-40],[-10,-47],[-5,-15],[3,-24],[8,-83],[1,-30],[5,-20],[7,-5],[33,-2],[22,-21],[15,-31],[1,-12],[-16,-56],[-35,-56],[2,-22],[22,-59],[7,-3],[19,13],[39,-31],[10,-14],[6,-23],[-8,-44],[12,-13],[22,0],[22,-11],[12,-25],[-3,-15],[-3,-83],[7,-36],[7,-14],[9,-3],[51,4],[6,-24],[-5,-27],[5,-26],[8,-11],[32,-9],[-2,-20],[-17,-3],[-20,4],[-9,-18],[2,-12],[17,-43],[8,-29],[13,-5],[19,6],[27,15],[19,-30],[-3,-17],[-23,-40],[9,-41],[31,4],[39,24],[14,-4],[7,-16],[-1,-21],[-33,-20],[-14,-5],[-20,9],[-9,-3],[-5,-16],[-17,-30],[-7,-28],[-1,-41],[15,2],[22,10],[24,-10],[8,-8],[2,-30],[-14,-48],[17,-22],[31,-9],[8,-18],[16,-60],[25,-11],[19,-15],[11,-18],[21,5],[18,19],[15,-12],[1,-11],[-6,-33],[6,-9],[23,-21],[8,-20],[3,-39],[9,-31],[12,-10],[16,-6],[19,-23],[0,-19],[-16,1],[-34,21],[-21,-3],[-6,-45],[3,-16],[-5,-38],[7,-21],[18,20],[12,28],[19,-14],[14,-32],[31,-55],[8,-19],[-3,-27],[-17,4],[-11,13],[-3,26],[-8,14],[-25,-3],[0,-28],[27,-43],[-1,-11],[-12,-9],[-17,11],[-5,20],[-29,13],[-9,0],[-7,-12],[-10,-58],[-8,-11],[-16,-3],[-27,-20],[-11,-14],[-27,-23],[2,-16],[15,2],[16,-19],[10,-57],[-4,-17],[-20,-10],[-4,-22],[2,-14],[-4,-37],[-5,-32],[-15,-18],[-3,-22],[4,-11],[16,-9],[23,0],[9,-4],[2,-26],[-7,-18],[2,-18],[16,-9],[21,-31],[1,-18],[-14,-32],[2,-19],[-3,-58],[3,-10],[30,-43],[11,-53],[28,-43],[24,-39],[1,-16],[-18,-47],[-27,-96],[-13,-34],[-5,-36],[-12,-25],[-22,-29],[-25,-39],[-18,-79],[-10,-21],[-36,-31],[-3,-28],[13,-49],[-3,-13],[-15,-28],[-17,-13],[-19,-39],[-26,22],[-10,38],[-10,16],[-11,-6],[6,-37],[-7,-19],[0,-25],[-18,1],[-11,-14],[5,-18],[-6,-15],[2,-20],[-9,-34],[-3,-27],[-8,-15],[-10,-52],[3,-12],[-5,-31],[1,-17],[-11,-5],[-7,24],[-9,-1],[-9,-35],[-8,-6],[-15,7],[-13,-49],[-6,-2],[-9,16],[-19,-22],[-7,-27],[-4,-27],[4,-11],[-7,-15],[1,-19],[-7,-17],[2,-11],[-9,-24],[2,-36],[-9,-27],[-3,-60],[-9,-15],[-14,-9],[-6,-33],[-8,-4],[-10,-21],[5,-15],[-23,-60],[1,-12],[-26,-39],[-9,-7],[-12,-53],[11,-11],[8,-17],[1,-38],[-4,-18],[-13,-22],[-28,-24],[-5,-30],[-29,-44],[-3,-30],[-27,-40],[-2,-20],[-7,-13],[3,-58],[2,-16],[17,-19],[1,-14],[-7,-51],[-13,-36],[-11,-1],[-7,-15],[-9,-9],[-1,-16],[19,-24],[-6,-28],[2,-20],[-5,-30],[-1,-70],[-12,-53],[3,-31],[-4,-59],[-13,-37],[-14,-48],[1,-25],[7,-35],[3,-34],[-5,-50],[-6,-15],[-4,-56],[1,-30],[-8,-14],[-1,-18],[-8,-13],[-3,-42],[14,-30],[-2,-56],[-15,-49],[7,-15],[-6,-26],[-2,-31],[-14,-7],[-16,8],[-12,-7],[-4,-12],[-25,1],[-1,-11],[-26,6],[-3,-35],[-30,8],[-4,-18],[-19,-9],[-4,12],[-24,-31],[-1,-9],[-16,-6],[-9,-26],[-11,-2],[-8,-15],[-16,5],[-9,-11],[-13,46],[2,8],[-8,25],[-15,-6],[-10,13],[-48,20],[-13,22],[-6,-8],[-20,4],[-10,-9],[-13,20],[-40,-25],[-13,8],[-24,-21],[-4,30],[-7,19],[14,9],[11,15],[3,14],[12,15],[-14,18],[4,36],[11,18],[-7,30],[-17,16],[-20,-12],[-24,44],[0,29],[-13,35],[-4,34],[6,4],[-5,26],[7,22],[-3,11],[-15,-4],[-22,22],[-8,17],[-16,4],[-4,20],[4,35],[-10,6],[5,32],[-14,14],[-30,14],[-9,-6],[-7,17],[-13,11],[10,20],[2,24],[-9,14],[-24,-12],[-13,13],[11,9],[6,16],[-9,21],[-14,24],[-16,10],[5,54],[-21,5],[1,18],[-11,10],[-18,-21],[-9,0],[-25,25],[-11,7],[-22,24],[-27,5],[-10,18],[-5,28],[-11,13],[-43,-18],[-13,-15],[-22,3],[-11,-9],[-27,-8],[-2,-23],[-26,-3],[-6,-10],[3,-15],[-39,11],[-4,-35],[6,-1],[-4,-42],[-31,10],[-63,15],[-1,-15],[-51,13],[10,93],[-31,9],[4,36],[-30,7],[-7,-62],[-39,11],[7,-16],[-8,-72],[-131,35],[-18,49],[-3,25],[6,26],[-8,42],[-130,-64],[-24,142],[-44,-34],[-9,31],[47,37],[-12,72],[-81,-61],[-10,-26],[-4,-39],[-24,6],[4,39],[-32,8],[-9,-95],[-2,-63],[-24,-60],[-3,-31],[25,-7],[-9,-33],[-1,-18],[27,-7],[-5,-52],[44,-9],[-11,-111],[61,-15],[-21,-89],[-32,-53],[-6,-37],[-1,-89],[-120,30],[-1,-4],[-47,12],[-9,-89],[-6,-41],[-173,44],[-10,-93],[25,-9],[10,-9],[-71,18],[-62,-613],[-19,-186],[-43,11],[-6,-62],[62,-16],[-17,-159],[10,2],[23,-23],[-11,-106],[14,-4],[-11,-113],[-13,4],[-4,-45],[6,-2],[-12,-121],[10,-2],[-12,-115],[25,-7],[-6,-59],[19,-3],[-15,-147],[-6,-5],[0,-61],[6,-16],[32,-55],[0,-19],[-46,12],[-26,-6],[-27,11],[-10,-105],[11,-3],[-10,-101],[-17,4],[-3,-20],[38,-10],[-35,-341],[-24,6],[2,20],[-52,13],[-7,-67],[-17,4],[-6,-55],[3,-1],[-7,-73],[-62,16],[-5,-57],[20,-5],[-14,-130],[-19,5],[-13,-126],[26,-18],[12,-19],[7,-23],[11,-67],[12,-24],[12,-3],[15,8],[10,14],[10,51],[7,13],[24,-6],[7,-19],[-1,-14],[-20,-77],[-21,-44],[-27,-31],[-8,-30],[-2,-67],[9,-36],[19,-57],[7,-31],[5,-64],[-1,-19],[-23,-112],[-33,-99],[-4,-33],[-2,-47],[3,-49],[-7,-20],[7,-39],[13,-27],[19,-8],[16,-1],[23,8],[14,17],[12,20],[21,20],[20,11],[9,0],[15,-18],[11,-35],[0,-23],[-23,-68],[0,-23],[9,-19],[19,0],[48,39],[56,-13],[-46,-129],[-15,-42],[18,-22],[0,-23],[6,-17],[-5,-34],[-6,-24],[3,-10],[-7,-32],[4,-10],[-4,-41],[3,-20],[7,-13],[-11,-47],[-8,-16],[-1,-22],[-10,-17],[-20,-12],[-8,-23],[5,-6],[-7,-24],[10,-14],[5,-23],[-13,-8],[-5,-51],[5,-23],[20,13],[13,-12],[-11,-11],[-9,-33],[4,-22],[25,4],[3,-34],[-9,2],[-15,-14],[-12,-21],[2,-28],[-6,-25],[-6,-8],[0,-26],[12,-13],[9,-21],[-9,-36],[-35,-33],[-19,-59],[-8,-17],[-27,-26],[-15,-40],[-12,-40],[-6,-9],[-4,-48],[6,-34],[13,-42],[-3,-22],[6,-28]],[[41689,25384],[-15,1],[-2,-17],[-18,-18],[-17,16],[-9,25],[-29,26],[-16,33],[-3,15],[-17,4],[-7,26],[13,11],[6,44],[-5,18],[14,148],[-28,12],[9,102],[-8,2],[2,27],[-54,12],[0,8],[-99,22],[0,-9],[-89,21],[1,12],[-65,16],[-9,-87],[24,-6],[-31,-306],[-22,5],[-7,-77],[-3,-46],[-6,1],[-20,-199],[14,3],[-9,-84],[-164,-94],[-16,-14],[-32,9],[-14,15],[-5,28],[-10,17],[-7,23],[10,16],[0,16],[-105,27],[12,113],[-15,4],[-25,-21],[-178,37],[-54,10],[-3,-29],[-31,6],[3,-28],[-25,7],[3,24],[-24,7],[4,38],[-24,7],[2,18],[-39,11],[-2,-23],[-49,13],[4,36],[-27,8],[-6,12],[-13,-2],[-33,10],[1,9],[-45,9],[2,25],[-54,13],[4,31],[-41,10],[-2,-18],[-78,20],[-2,-13],[-24,6],[-3,-22],[-33,8],[2,21],[-53,14],[0,8],[-77,23],[1,10],[-67,17],[-2,-28],[-84,22],[-7,-12],[-1,-29],[12,-7],[-12,-15],[3,-19],[16,6],[9,-20],[15,-17],[-7,-16],[12,-23],[3,-19],[-9,-12],[14,-32],[-1,-17],[8,-12],[6,-28],[-2,-19],[7,-20],[-1,-39],[21,-29],[7,-19],[-12,-28],[-5,-22],[3,-20],[18,-17],[8,-22],[13,5],[8,-12],[5,-41],[-12,-36],[-34,-13],[-20,9],[-3,-23],[-14,-9],[-11,-14],[-10,-2],[-23,9],[-13,-1],[-7,-12],[5,-26],[-8,-11],[-27,17],[-5,-47],[4,-10],[-15,-18],[-8,-25],[-18,-20],[13,-21],[-3,-17],[-11,-14],[-62,-36],[-9,12],[-36,-19],[-24,6],[7,65],[-20,5],[-13,-115],[-33,-9],[-10,6],[1,17],[-65,18],[1,12],[-44,11],[-7,14],[-27,7],[-13,-135],[-40,10],[-3,-24],[-24,8],[1,11],[-59,17],[0,3],[-55,14],[4,37],[-29,8],[-3,-29],[-22,5],[-4,-37],[-72,19],[-2,-20],[-25,6],[-1,-10],[-46,11],[1,8],[-35,9],[-2,-16],[-31,9],[-9,33],[3,18],[-28,-27],[-7,2],[-12,28],[-21,-19],[-10,27],[-21,-20],[-9,26],[-14,-13],[-8,19],[-4,-35],[-66,18],[1,11],[-25,6],[-2,-20],[-19,5],[2,21],[-163,40],[-10,-1],[6,-34],[7,-14],[-2,-18],[12,-43],[21,-5],[6,-23],[24,-33],[9,-31],[2,-25],[-20,-44],[-42,11],[-6,-63],[-25,6],[-13,-126],[-131,34],[-5,-56],[-32,4],[-2,-26],[-77,18],[0,-6],[-76,19],[-5,-12],[-9,5],[-15,-29],[8,-36],[-10,-16],[1,-20],[31,-19],[-11,-15],[5,-13],[-19,-15],[-9,-16],[-5,-56],[-3,-6],[-2,-36],[-10,-16],[-37,-14],[-8,-53],[-6,-7],[-10,-31],[15,-46],[10,-6],[4,-27],[-3,-22],[-41,-8],[-18,0],[-5,-38],[-34,11],[-17,-1],[-14,15],[-25,1],[-8,16],[8,18],[-5,33],[2,24],[-7,15],[7,25],[-16,41],[3,17],[-7,24],[-14,-4],[-7,14],[-7,-2],[-16,14],[-16,6],[2,16],[-9,24],[3,9],[-12,26],[7,24],[-16,40],[7,28],[6,7],[6,28],[-20,43],[-8,47],[-9,38],[5,30],[-2,18],[-21,13],[-12,-5],[-41,12],[-7,14],[-11,4],[-18,21],[-19,6],[-9,19],[1,15],[-63,15],[5,57],[-3,18],[-14,11],[-3,40],[-29,5],[-8,-2],[-11,30],[-20,18],[-19,5],[4,38],[-8,8],[-9,45],[-27,5],[-8,68],[-8,27],[2,14],[-10,45],[-8,53],[3,19],[-7,16],[-11,12],[6,52],[-4,58],[-11,36],[1,13],[16,28],[-14,27],[23,46],[1,17],[-22,10],[-15,28],[-21,11],[-14,14],[-16,44],[17,64],[-7,25],[-27,18],[-13,4],[-7,25],[-20,22],[-14,-1],[-13,6],[-8,75],[6,12],[0,24],[6,18],[2,23],[-22,19],[4,17],[-5,12],[-15,-1],[-40,10],[-17,1],[-16,-9],[-21,-3],[-27,-19],[-19,7],[-59,14],[5,27],[-17,30],[-10,6],[-15,-8],[-6,13],[4,45],[8,35],[22,230],[-17,6],[-121,29],[-2,-24],[-56,14],[4,38],[-36,9],[-1,-7],[-26,7],[6,64],[-25,6],[7,76],[-49,13],[3,40],[11,133],[-37,9],[15,148],[-35,8],[0,8],[-73,18],[1,8],[-84,22],[8,79],[-4,1],[4,36],[-26,6],[-123,32],[-26,6],[-88,21],[13,44],[-163,42],[-2,-17],[-98,25],[-177,41],[-165,38],[-31,-70],[-5,-1],[-44,-45],[-25,26],[-12,32],[-54,15],[9,96],[-12,35],[-107,26],[-96,24],[-1,-13],[-96,24],[4,45],[-82,21],[0,-90],[-157,37],[-21,48],[48,-13],[8,78],[6,13],[-27,3],[-23,6],[11,126],[-27,7],[19,192],[-67,15],[-186,47],[-17,27],[-221,55],[-8,-69],[-214,53],[-4,3],[-96,24],[2,14],[-280,70],[-155,38],[38,394],[-41,11],[19,192],[-48,12],[-22,-234],[-315,77],[-164,41],[1,18],[-96,22],[-1,-9],[-96,22],[-14,-153],[-30,7],[15,153],[-268,64],[-9,-75],[-188,49],[8,80],[-98,23],[7,72],[-34,9],[-14,-150],[-16,-162],[3,-22],[16,-37],[-4,-30],[-33,-127],[-2,-34],[-23,6],[-14,-138],[-5,-5],[-14,-39],[-1,-22],[10,-19],[21,-6],[17,25],[16,-13],[6,-52],[-11,-21],[-23,-14],[-14,-37],[-1,-20],[11,0],[11,18],[14,-9],[19,-48],[3,-18],[-8,-19],[1,-19],[-53,-41],[-5,16],[-100,-79],[0,-10],[-105,-70],[-56,-45],[1,-28],[-13,-48],[1,-38],[-7,-27],[-12,-25],[3,-32],[-4,-23],[4,-25],[18,-40],[12,-5],[0,-13],[16,-11],[-1,-26],[15,-3],[17,-25],[12,-48],[-2,-47],[7,-23],[8,-10],[8,6],[3,17],[15,0],[8,-10],[-1,-30],[20,-38],[5,-52],[-3,-23],[5,-25],[-7,-20],[-11,-109],[-64,-654],[-15,19],[-14,-152],[-26,6],[-30,-303],[-46,12],[9,103],[-58,120],[-66,16],[-41,8],[-296,67]],[[55628,36824],[4,35],[-9,2],[2,33],[11,-2],[5,65],[5,6],[-57,80],[1,11],[-33,10],[30,24],[7,32],[26,-8]],[[55620,37112],[156,-43],[128,-34],[-22,58],[15,142],[32,-9],[0,-10],[28,-7]],[[55957,37209],[10,-69],[21,-40],[52,-19],[7,7],[22,-3],[25,51],[12,6],[12,29],[1,19],[-4,11],[-27,29],[-23,37],[-22,12],[-12,13],[-19,47],[5,9],[25,-2],[52,5],[7,19],[12,7],[19,49],[2,28],[-18,1],[8,40],[6,-2],[52,-65],[10,-22],[-12,-29],[15,-13],[5,12],[15,-14],[-6,-19],[-12,-9],[-27,-8],[-10,29],[-17,-6],[-8,6],[-35,-19],[-7,-23],[4,-26],[11,-22],[19,-16],[21,-5],[16,2],[6,28],[12,11],[7,-18],[2,-23],[13,-19],[15,-9],[8,1],[4,17],[10,19],[10,9],[4,24],[20,0],[4,-12],[13,15],[3,-12],[20,-2],[18,18],[0,10],[30,17],[0,18],[-20,5],[-18,-3],[-1,21],[9,13],[-7,13],[-16,2],[-49,16],[11,15],[42,-11],[5,5],[48,-8],[31,5],[25,20],[13,32],[23,17],[30,-30],[11,-44],[-4,-10],[6,-19],[6,-68],[-11,-27],[2,-19],[-6,-37],[8,-13],[-4,-14],[-12,-17],[-7,-24],[-4,-30],[-8,-6],[-6,-20],[-12,-28],[-16,-6],[-20,-17],[-30,3],[-8,-3],[-10,15],[-26,-4],[-11,-13],[-12,34],[-14,20],[-27,19],[-20,3],[-52,-16],[-22,-14],[-39,-38],[-25,-47],[-13,-29],[-13,-41],[3,-11],[-8,-25],[4,-13],[9,-5],[6,-15],[-14,-41],[-2,-22],[15,-28],[-5,-12],[-5,-38],[-16,-17],[-16,7],[-13,-14],[-8,32],[5,17],[-8,50],[2,25],[9,29],[13,18],[-5,30],[-19,-5],[-6,-15],[-15,-2],[5,-27],[-23,-59],[11,-22],[-5,-27],[0,-45],[-15,1],[-18,22],[4,64],[7,27],[3,29],[6,20],[0,20],[-22,12],[6,-26],[-11,-5],[2,-14],[-8,-40],[-16,-6],[-5,26],[-11,-26],[10,-21],[11,-7],[-1,-24],[-15,-3],[-6,-10],[-16,2],[-22,23],[0,-29],[-20,-8],[-10,-11],[-11,-2],[-5,24],[11,19],[-2,26],[19,8],[-12,21],[4,26],[-2,18],[-17,-28],[-12,8],[-11,-6],[-5,25],[9,9],[9,30],[9,16],[-10,22],[9,64],[7,20],[-27,-5],[9,-19],[-9,-42],[-3,-42],[-16,-15],[-7,-28],[-9,-4],[-5,22],[-6,9],[12,15],[2,31],[-18,34],[-4,-8],[-15,-5],[3,-26],[-15,-59],[-26,21],[-10,19],[-11,-22],[12,-2],[17,-23],[7,-33],[-19,-5],[-5,-8],[1,-19],[15,3],[0,-16],[-15,1],[-12,20],[-1,22],[-8,10],[-31,-16],[-25,-7]],[[56095,39719],[-23,18],[-19,-41],[-11,27],[1,27],[9,15],[-12,21],[-12,4],[-3,23],[-26,14],[-4,32],[6,4],[2,21],[-5,21],[-7,3]],[[55991,39908],[17,36],[-2,22],[5,31],[-2,26],[6,51],[-9,30],[1,16],[18,27],[20,15],[8,15],[-3,9],[6,20],[2,28],[13,59],[2,29],[11,31],[-36,26],[-9,-5],[-26,14],[-18,5],[10,96],[7,20],[7,-2],[8,71],[-1,29],[-11,38],[2,15],[-6,47],[-6,14],[2,16],[-10,34],[-7,7],[0,60],[4,19],[-4,14]],[[55990,40871],[0,17],[-8,6],[10,34],[-1,10],[21,3],[11,22],[18,14],[3,28],[5,19],[17,8],[10,21],[11,4],[-8,27],[9,13],[11,-5],[12,35]],[[56111,41127],[10,9]],[[56121,41136],[6,-22],[24,-31],[1,-17],[10,-17],[-10,-49],[9,-42],[17,-14],[-9,-19],[0,-12],[-10,-28],[-13,-23],[-1,-9],[9,-22],[10,-9],[19,-41],[9,-29],[0,-12],[11,-13],[34,-7],[32,0],[17,-45],[-6,-68],[16,-9],[11,2],[33,16],[10,11],[22,40],[31,28]],[[56403,40695],[22,-76],[3,-61],[-2,-77],[1,-12],[17,-47],[7,-50],[0,-17],[-5,-44],[-1,-40],[13,-56],[8,-31],[13,-31],[-16,-27],[-12,15],[-15,4],[2,20],[-18,13],[-15,-6],[2,-11],[-20,-34],[-12,-3],[-17,13],[-25,-2],[-6,-13],[-11,6],[-16,-7],[-15,-15],[-1,-12],[7,-23],[14,-19],[20,-16],[2,-25],[-3,-26],[3,-15],[9,-1],[13,-20],[-6,-18],[7,-14]],[[56350,39917],[10,-9],[13,-21],[0,-26]],[[56373,39861],[-191,-114],[-6,-17],[-13,6],[-15,-16],[-22,7],[-7,-9],[-12,5],[-12,-4]],[[56014,38881],[-21,-17],[-8,-12],[-33,1],[-19,-13]],[[55933,38840],[-23,29],[-36,9],[-19,8],[-53,14],[-19,3],[-36,19],[-15,11],[-16,4],[-3,11],[-38,25],[-40,33],[-12,13],[-8,-1]],[[55615,39018],[7,13],[29,21],[11,12],[12,22],[10,39],[4,85],[-4,4]],[[55684,39214],[3,52],[2,70],[21,52],[14,2],[23,-17],[3,-13],[-11,-35],[-15,-17],[1,-27],[10,-21],[14,3],[7,14],[2,18],[8,10],[11,-16],[-3,-40],[-18,-15],[0,-32],[19,26],[14,2],[5,-16],[-14,-28],[-3,-18],[9,-11],[14,13],[8,33],[0,18],[-6,41],[9,-10],[3,-19],[9,-11],[13,-1],[10,9],[12,-58],[10,4],[6,17],[9,-7],[12,2],[-4,-25],[-7,-15],[-4,-21],[-16,-24],[8,-16],[13,3],[4,-23],[-7,-5],[-17,5],[-6,-21],[19,-24],[22,4],[-4,-26],[-25,-12],[-2,-9],[16,-36],[10,2],[10,15],[28,13],[6,18],[-8,46],[-7,17],[3,21],[-4,19],[-13,5],[-6,20],[11,19],[14,11],[2,13],[16,5],[11,-32],[1,-24],[20,-4],[14,26],[20,11],[9,-27],[-10,-28],[-8,-10],[13,-14],[27,31],[11,38],[-9,9],[-11,0],[-9,13],[31,17],[11,10],[7,-15],[3,-20],[17,-1],[0,-21],[11,-13],[11,-32],[15,-32],[14,-4],[-11,-19],[-9,4],[-8,-19],[-18,10],[-5,-19],[-15,1],[-17,-19],[-8,-14],[-20,-4],[-8,-8],[12,-37],[-27,-18],[2,-22]],[[56190,39144],[6,-30],[-10,-9],[-22,5],[0,26],[17,11],[9,-3]],[[48578,58268],[-22,-228],[32,-9],[-12,-134],[38,-10],[5,46],[52,-14],[-2,-24],[24,-6],[-3,-24],[27,-7],[-8,-77],[52,-13],[1,10],[94,-24],[-4,-41],[-12,-22],[16,-4],[-4,-49],[18,-4],[7,87],[61,-15],[2,22],[172,-44],[7,78],[7,0],[-15,-136],[10,-19],[56,-11],[98,-23],[5,53],[53,-12],[-11,-127],[-47,10],[-6,-79],[14,12],[41,16],[19,15],[35,-12],[42,-4],[-16,-43],[-2,-22],[-25,-125],[-6,-46],[140,-33],[-21,-233],[120,-30],[14,151],[24,-6],[7,80],[20,-2],[35,-8],[3,33],[46,-12],[-3,-35],[10,-2],[-3,-39],[-6,1],[-6,-74],[28,-7],[13,-12],[-8,-88],[17,-1],[15,19],[18,14],[6,-19],[13,-19],[12,-1],[8,-18],[0,-27],[-14,4],[-4,-40],[44,-12],[4,-30],[-7,-15],[-9,15],[-3,-25],[6,-12],[-15,-25],[-9,12],[-6,-27],[14,-4],[22,20],[12,30],[9,37],[-4,36],[-9,50],[4,11],[28,4],[9,-17],[5,-31],[19,5],[29,48],[8,-2],[26,-47],[12,12],[0,36],[5,37],[9,8],[19,-30],[14,-11],[12,-33],[2,-12],[-17,-39],[-18,-8],[-4,-21],[7,-29],[-13,3],[-7,-76],[-21,5],[-7,-75],[-35,8],[-2,-28],[-12,3],[-5,-56],[9,-43],[13,-6],[46,-13],[-7,-84],[-20,-40],[10,-25],[22,-14],[9,-16],[2,-18],[-17,-33],[-9,-24],[-15,21],[-10,7],[-23,29],[-19,18],[-11,-12],[10,-15],[-3,-38],[2,-15],[31,-23],[9,-51],[-6,-9],[-33,-27],[-7,-2],[-13,10],[-3,-14],[6,-66],[6,-19],[8,-43],[-1,-21],[-9,-32],[0,-30],[-5,-28],[-13,-21],[-14,10],[-15,1],[-4,-17],[-8,-8],[-1,-21],[20,-17],[2,-27],[-11,-15],[-6,5],[-22,37],[-9,1],[-8,-52],[-12,-43],[-15,-38],[0,-19],[11,-21],[15,-40],[29,-38],[1,-16],[-22,-74],[-2,-21],[4,-65],[8,-26],[11,2],[7,17],[20,38],[13,6],[6,-8],[13,-39],[24,-49],[18,-91],[15,-48],[8,-13],[13,-9],[32,-31],[28,-14],[10,16]],[[45967,47559],[-14,0],[-9,6],[-23,34],[-14,4],[-21,-47],[-50,-18],[-15,5],[-7,13],[-21,24],[-10,30],[-14,14],[-23,15],[-30,43],[-19,41],[7,32],[19,25],[5,25],[-4,52],[6,52],[8,48],[2,68],[-4,29],[0,41],[-13,1],[3,-26],[-6,-36],[-12,-7],[-36,3],[-14,8],[-2,19],[-9,17],[-9,5],[-20,-16],[-24,-12],[-10,5],[-23,-2],[-14,26],[-11,5],[-13,-3],[-20,24],[-12,63],[-15,22],[-5,16],[-8,-4],[-9,-21],[0,-29],[-4,-9],[-20,-8],[-4,-9],[-7,-35],[-22,-29],[-1,-30],[11,-16],[15,-36],[-9,-31],[-7,4],[-18,-8],[-7,4],[-13,-21],[-7,-17],[-16,-11],[-1,-21],[-10,-10],[-7,-18],[-16,4],[-12,-4],[-11,-23],[-18,11],[-7,16],[-20,-4],[-6,-66],[-125,37],[19,187],[-8,19],[-4,26],[-8,10],[-5,30],[-18,50],[-10,18],[-68,18],[-9,-3],[-1,-30],[-11,-25],[-2,-17],[-10,-4],[-6,11],[-13,-5],[-2,-27],[-7,-9],[-5,-21],[-21,22],[-4,16],[-12,11],[-15,2],[-21,-47],[-12,-19],[-13,-13],[4,-49],[-12,-36],[14,-26],[10,-62],[-4,-33],[7,-10],[11,12],[17,-22],[0,-42],[9,-44],[20,-194],[-12,3],[-20,25],[-15,-7],[-30,20],[-17,-5],[-17,15],[-10,-3],[-21,-26],[-8,27],[-23,5],[-7,8],[4,38],[-12,15],[-9,0],[-9,18],[-11,15],[-13,4],[-5,12],[11,11],[-10,19],[-13,10],[0,25],[-9,-3],[-13,6],[-1,10],[-18,1],[-3,-26],[-7,-16],[-17,-1],[-2,-19],[-11,-4],[-19,11],[-17,23],[-3,9],[-14,-3],[-5,16],[2,38],[-7,16],[-13,16],[-12,1],[-4,14],[-13,-14],[-12,3],[-12,-7],[-5,-12],[4,-16],[-11,-10],[-10,4],[-13,-22],[-14,11],[-13,-24],[-10,9],[-5,-21],[-14,4],[-11,-17],[-3,-29],[-12,3],[-7,15],[-1,16],[-13,20],[-7,-6],[-14,7],[-9,-20],[-10,25],[-26,-1],[17,180],[-37,10],[8,71],[6,41],[11,-31],[18,184],[-1,0],[15,136],[-21,5],[19,188],[-194,57],[-6,36],[4,23],[0,36],[-12,21],[-1,30],[-7,9],[-17,1],[-7,13],[-9,-3],[-13,40],[-12,10],[-1,29],[-13,2],[-5,10],[7,16],[-2,33],[2,24],[-13,19],[2,34],[-5,25],[-17,50],[-4,39],[0,22],[-13,28],[7,21],[-12,7],[-7,34],[-6,9],[-2,29],[-16,4],[-4,17],[10,20],[1,29],[8,20],[12,1],[6,13],[-12,9],[-8,-11],[-6,16],[-28,-12],[-3,-17],[-11,1],[5,46],[-18,-7],[-9,-22],[-25,-20],[-16,9],[-4,-30],[10,-37],[-1,-14],[-14,-5],[-18,34],[-14,3],[-5,-11],[1,-26],[-15,-56],[-9,3],[-7,22],[-18,19],[-11,6],[-15,-25],[-42,-46],[-15,-2],[-4,37],[-20,23],[-16,37],[-17,1],[-17,14],[-22,-5],[3,25],[-20,7],[-1,-13],[-34,8],[-2,-27],[-80,20],[-1,-8],[-42,10],[2,15],[24,-6],[3,39],[-15,6],[4,52],[5,-1],[5,52],[-6,1],[3,31],[-86,23],[-4,-32],[-7,2],[8,78],[-49,12],[-2,-22],[-25,6],[-5,-50],[-42,10],[-3,-32],[14,-4],[-2,-20],[-71,18],[-2,28],[-12,10],[-14,39],[-2,18],[-8,12],[-6,23],[-11,28],[-5,46],[6,15],[-15,3],[13,29],[-10,8],[5,16],[-5,24],[-9,2],[-1,32],[-14,-1],[-8,17],[3,20],[-6,24],[-14,1],[-8,14],[-12,10],[3,15],[-9,31],[4,14],[-5,13],[0,19],[-10,27],[-35,36],[-17,11],[-14,26],[-4,18],[-22,36],[-22,0],[-13,11],[-17,4],[-4,14],[-20,9],[-17,27],[-2,28],[-6,16],[-9,7],[-8,-11],[-20,-11],[-6,4],[-10,44],[-2,22],[-9,9],[-8,-35],[-15,5],[-14,33],[-13,7],[-9,22],[13,19],[-1,18],[-23,3],[-9,9],[-17,8],[-7,27],[7,46],[-6,16],[-7,41],[-18,33],[1,61],[-7,29],[-13,-5],[-11,5],[-8,19],[-3,35],[-10,22],[-30,-18],[-18,-46],[-12,-9],[-18,24],[-14,25],[-2,10],[6,27],[-7,34],[-2,48],[-4,17],[-19,15],[-25,12],[-21,60],[-7,3],[-13,-20],[-12,0],[-15,10],[-16,19],[-13,5],[-6,-14],[-19,-23],[-14,-27],[-14,28],[-7,21],[-4,41],[-11,26],[-2,19],[6,26],[21,6],[0,40],[4,17],[2,37],[-3,16],[-10,16],[-5,23],[3,86],[6,5],[18,-1],[13,10],[5,17],[-4,35],[0,29],[6,18],[13,8],[22,-4],[20,7],[16,1],[11,7],[17,74],[16,32],[11,45],[11,7],[18,21],[7,33],[20,4],[3,15],[-24,40],[-11,35],[29,-3],[12,9],[4,33],[-16,36],[-6,30],[0,23],[10,50],[-6,10],[-21,10],[-11,25],[6,19],[-20,44],[-21,-1],[-4,7],[-14,65],[-7,11],[-12,5],[-10,25],[-13,-14],[-3,-35],[3,-28],[-3,-16],[-12,0],[-16,25],[-32,3],[-15,-5],[-24,-2],[-11,8],[-10,27],[-20,26],[-14,-7],[-10,-29],[6,-32],[-24,-34],[-10,-19],[3,-26],[11,-27],[-7,-25],[-15,-10],[-11,14],[-16,40],[-10,-1],[-9,-24],[-15,-27],[-14,-9],[-10,5],[-44,12],[-307,218],[-265,188],[-1,0],[-142,-146],[-36,46],[-44,164],[-8,8],[-132,-142],[-44,-8],[-14,14],[-20,-30],[-5,12],[-85,-19],[-7,-15],[-12,13],[-20,8],[-19,1],[-17,10],[-8,-5],[-22,4],[-7,-29],[-36,-22],[-15,-38],[-14,0],[-18,16],[-10,18],[-9,32],[-9,4],[-10,20],[-6,0],[-13,-30],[2,-19],[-19,-33],[-3,-39],[-34,-38],[3,-26],[-16,-25],[9,-40],[-14,-40],[-10,-50],[3,-31],[9,-44],[-2,-10],[-13,-9],[-6,-24],[15,-42],[11,-44],[-2,-32],[-122,-9],[-331,-17],[0,-20],[-12,-128],[-89,23],[-1,3],[11,85],[-188,-3],[-2,-2],[-474,-9],[8,14],[1,49],[-4,17],[-23,-5],[-5,27],[-11,13],[9,17],[-21,20],[-1,19],[8,7],[10,28],[-10,-1],[-6,54],[-15,0],[-13,11],[-7,34],[-9,0],[-5,22],[-12,27],[-11,2],[2,16],[-7,31],[3,11],[-12,18],[7,61],[12,1],[0,17],[-7,23],[-8,-16],[-18,26],[4,7],[-10,25],[-12,44],[-13,29],[6,17],[-6,26],[-9,21],[-16,18],[4,17],[-7,14],[6,17],[-6,30],[-2,32],[-13,-10],[-9,1],[-10,13],[5,22],[-11,5],[-10,15],[-7,-27],[-20,19],[-13,-19],[-7,5],[1,18],[-10,21],[-27,-1],[-6,25],[-10,14],[-8,0],[-9,39],[-16,47],[-20,25],[-9,-1],[-16,21],[-18,3],[-5,14],[-11,7],[-11,-5],[2,28],[-7,18],[-21,12],[-16,-9],[-12,38],[-8,42],[-17,-24],[-21,-3],[-6,25],[-26,-1],[7,17],[-6,9],[-13,-10],[-5,9],[-12,-9],[-7,31],[-13,-4],[-4,19],[-9,1],[-9,-19],[-10,11],[-1,27],[8,3],[-8,26],[8,45],[-9,3],[-9,32],[-7,13],[0,21],[-20,22],[0,24],[-9,9],[-16,36],[-6,22],[-14,4],[-1,16],[-10,23],[-8,-1],[-14,50],[-15,6],[-3,11],[-17,25],[-15,-4],[-4,11],[-16,3],[-13,19],[-8,24],[-11,11],[5,19],[-9,3],[6,25],[13,19],[-16,17],[-4,27],[10,0],[7,27],[-9,10],[8,12],[-4,19],[6,7],[-4,23],[-9,17],[-6,-10],[-10,6],[-16,-1],[-3,14],[-12,-5],[-5,9],[8,22],[-8,11],[-13,-6],[-17,-23],[-14,24],[-16,-7],[-8,13],[-5,19],[-9,-5],[-19,14],[-5,54],[-13,15],[-17,45],[-10,7],[10,30],[-14,27],[-6,18],[-12,11],[3,18],[-25,-1],[-10,17],[-8,-5],[5,34],[-8,7],[-17,-18],[-12,22],[-18,10],[2,12],[-18,23],[-1,20],[-8,12],[0,19],[-14,20],[-8,23],[9,48],[15,3],[9,9],[-4,23],[4,13],[-11,22],[14,48],[-4,20],[-2,26],[-11,11],[-10,-23],[-24,1],[-10,-13],[-2,-11],[-15,-12],[-14,-4],[-28,-38],[-9,19],[2,13],[-20,-12],[-10,7],[-10,-9],[-9,1],[-17,15],[-13,17],[-10,4],[-10,-15],[-8,10],[-27,2],[-9,-18],[-16,24],[-22,5],[-23,21],[-1,33],[-10,15],[-4,-18],[-15,12],[-7,-1],[-20,17],[-4,20],[-11,-2],[-6,-14],[-16,23],[-13,0],[-11,17],[2,17],[-9,12],[-27,8],[-8,-8],[4,-17],[-9,-18],[-17,18],[6,17],[-14,6],[-11,13],[-25,2],[-7,-8],[-14,2],[-33,-33],[-24,-5],[-7,13],[-12,7],[-6,-8],[-23,-7],[1,19],[-12,-1],[-9,-18],[-6,9],[-11,-4],[-5,-14],[-12,-6],[-17,29],[-10,-4],[-3,21],[7,15],[-7,33],[11,7],[-4,19],[-12,-7],[-12,1],[-7,24],[6,20],[-10,9],[-15,-2],[-6,-8],[-13,18],[-26,-18],[-7,-9],[-14,18],[-5,-11],[-16,37],[-9,28],[-15,-12],[-22,5],[-4,15],[-8,-5],[-5,18],[-14,14],[-11,18],[-19,-10],[-7,21],[-6,-4],[-15,15],[-5,37],[-25,43],[-3,-7],[-17,9],[-10,11],[-1,19],[-9,35],[-9,-3],[-5,18],[-9,-8],[-4,17],[11,22],[-7,17],[2,16],[-8,17],[-16,9],[1,19],[-12,12]],[[55315,37687],[-19,-17],[-22,14],[-12,-2],[-10,34],[-7,-6],[-9,-23],[-12,-9],[-17,13],[-11,28],[3,13],[20,29],[-4,12],[-19,25],[-24,56],[-9,9],[-24,-2],[-14,9],[-5,29],[5,34],[10,27],[-5,17],[-22,21],[-24,10],[-22,66],[-20,24],[2,25],[12,33],[-6,57],[6,21],[18,19],[9,2],[23,-13],[7,11],[-1,14],[-19,58],[-8,42],[-1,18],[4,58],[-5,15]],[[55100,38465],[9,-11],[12,4],[8,-10],[49,20],[21,-22],[30,-8],[9,75],[-2,14]],[[55449,38126],[6,-24],[1,-30],[4,-14]],[[55460,38058],[5,-17],[-4,-34],[-6,-25],[-1,-25],[6,-7],[-8,-21],[-1,-34],[9,-30],[15,-42],[-19,-23],[1,-17],[-16,-17],[-34,-7],[-16,-15],[-22,-7],[-7,31],[7,11],[-2,30],[4,23],[-14,42],[-4,-25],[6,-11],[1,-22],[-5,-30],[-18,-7],[-1,-10],[8,-25],[-8,-11],[-21,-46]],[[55811,40050],[-5,-16],[-19,0],[-23,-33],[0,-16],[-9,-31],[-7,-4],[3,-24],[-7,-16],[2,-49],[-12,-23],[-28,-12],[-22,1],[-12,-5],[-9,13],[-26,-13],[-8,49],[-62,-27],[-14,-48],[15,-28],[11,-29],[14,-10],[2,-23],[-7,-22],[1,-12]],[[55589,39672],[-33,-14],[-23,-15],[-33,9],[-33,-14],[-13,-13],[-12,-22],[-13,-4],[-11,5],[-14,-9],[-22,-7],[-22,1],[4,38],[-25,5],[-23,16],[-13,31],[-2,13],[-11,16],[-15,2],[-34,13]],[[55241,39723],[-5,14],[1,28],[-13,21],[9,13],[19,-10],[6,-16],[13,46],[10,8],[2,23],[-22,49],[-2,32],[7,5],[-7,19],[2,23],[-3,10]],[[55504,40190],[31,60],[16,19],[27,5],[18,7]],[[55596,40281],[15,-24],[-3,-34],[30,-11],[-1,-16],[17,-3],[22,-31],[9,17],[35,-40],[14,5],[23,1],[8,5],[28,-27],[7,-20],[11,-15],[0,-38]],[[54677,38857],[69,90],[27,16],[41,15],[34,22],[27,24],[13,15],[37,58]],[[54925,39097],[5,-30],[6,-12],[10,7],[27,-5],[7,-33],[12,-11],[2,-27],[11,-13],[12,-51],[10,-8],[1,-15],[68,72],[26,30],[10,22],[36,-59],[32,-61],[28,-30]],[[55607,43270],[-15,28],[-10,32],[-2,40],[4,49],[-3,31],[-9,14],[-37,4],[-16,5],[-15,20],[-7,17],[-15,71],[-15,19],[-41,0],[-19,21],[-5,20],[-2,39],[7,46],[7,52],[1,35],[-5,32],[-18,29],[-19,19],[-16,10],[-31,9],[-52,-7],[-31,-9],[-17,3],[-26,21],[-8,20],[-2,45],[1,57],[-3,39],[-9,33],[-12,18]],[[55167,44132],[7,18],[-30,35],[2,19],[-5,13],[16,32],[-5,12],[8,32],[27,4],[7,9],[4,25],[24,64],[-1,20],[6,21],[24,13],[25,3],[14,11],[7,-6],[6,-30],[10,-17],[17,-1],[30,25],[3,16],[20,-10],[18,0],[23,16],[23,24],[14,35],[13,-5],[28,21],[11,14],[12,-2],[7,-16],[9,-5],[20,11],[23,2],[14,22],[-4,15],[-2,35],[4,14],[19,9],[9,-10],[9,4],[16,-16],[12,-5],[16,13],[20,40],[20,32],[5,2],[5,26],[-20,54],[-12,9],[11,23],[22,13],[-4,17],[7,16],[14,4],[5,43],[-13,9],[7,35],[11,11],[-4,17],[8,18],[-7,9],[0,18],[-6,15],[8,20],[1,26],[-11,20],[0,26],[5,16],[-24,54],[9,14],[0,17],[-10,29],[4,15],[-4,33],[-14,12],[16,11],[11,28],[1,12],[11,9],[2,22],[18,5],[-4,18],[6,28],[-3,23],[11,18],[-6,17],[0,18],[11,15],[-7,14],[2,25],[5,7],[-1,29],[13,30],[8,33],[11,17],[4,30],[-3,31],[-11,11],[-10,34],[0,22],[-8,-1],[-13,16],[-2,70],[8,23],[-4,13],[-1,34],[-3,33],[0,23],[8,41],[8,9],[-5,23],[-20,22],[10,34],[-3,14],[11,55],[21,22],[2,6],[-13,25],[-4,17],[1,35],[-4,32],[7,34],[-6,22],[2,34],[10,38],[2,25],[14,56],[-1,11],[-33,65],[8,27],[0,34],[7,42],[18,45],[8,4],[4,24],[13,13],[7,-7],[16,21],[15,7],[15,36],[17,21],[7,26],[9,19],[15,5],[14,23],[25,24]],[[56374,46766],[45,-13],[-8,-72],[-13,-17],[-9,-27],[-4,-22],[18,-12],[-3,-30],[22,-7],[-15,-145],[20,-5],[10,33],[14,-4],[-1,-20],[19,15],[-6,-55],[-11,3],[-6,-64],[30,-8],[-15,-154],[-40,11],[-6,-57],[-17,5],[-9,-13],[-10,-95],[42,-11],[-4,-38],[57,-16],[-7,-63],[58,-16],[8,83],[20,-62],[40,-10],[1,10],[21,-6],[-3,-26],[44,-12],[-19,-170],[109,-28],[1,3],[48,-12],[-9,-91],[31,-8],[-4,-56],[76,-19],[-8,-80],[-127,33],[4,45],[-24,9],[-168,43],[-9,-81],[12,5],[7,-7],[13,12],[7,-18],[13,-6],[15,6],[5,-28],[17,-30],[10,4],[-4,-32],[-7,-26],[16,-12],[4,-24],[17,-31],[7,-61],[2,-48],[-10,-11],[3,-20],[20,0],[21,8],[18,-2],[6,-20],[13,-19],[6,-20],[23,-28],[-9,-13],[0,-14],[-11,-16],[12,-28],[-1,-35],[7,-15],[-14,-135],[90,-25],[3,30],[18,-5],[-9,-85],[23,-6],[-14,-127],[-38,10],[-2,-29],[-10,-87],[8,-9],[18,-5],[14,-29],[7,-20],[3,-47],[14,-20],[24,-5],[12,-13],[17,-8],[14,4],[12,-8],[27,-4],[5,-13],[13,-1],[14,17],[13,8],[15,-3]],[[57066,44290],[-4,-12],[8,-37],[5,-7],[-3,-29],[5,-38],[9,-13],[19,-20],[9,-15],[5,-30],[-5,-54],[-10,-2],[-5,-24],[11,-3],[15,-15],[9,-18],[-11,-21],[1,-26],[29,-58],[5,-23],[-3,-18],[-20,-47],[99,-27],[7,-11],[17,-11],[7,-12]],[[57265,43719],[-20,-10],[-1,-12],[-16,-31],[-12,-9],[-21,-3],[-2,-9],[24,-7],[-5,-53],[1,-10],[25,-59],[-23,-10]],[[57215,43506],[0,-15],[-14,-34],[-24,-12],[-9,-15],[-3,43],[-10,9],[-19,-3],[-6,-18],[0,-29],[-8,-51],[-9,0],[1,38],[-4,15],[5,47],[-4,37],[3,37],[-10,19],[-6,21],[-41,19],[-9,-11],[-2,-26],[-12,-15],[-11,-3],[-14,23],[-10,7],[-12,-12],[9,-25],[30,-25],[21,6],[15,-12],[-2,-33],[-7,-22],[-4,-29],[2,-44],[-6,-31],[-22,8],[-40,-17],[-9,-41],[-14,-39],[4,-22],[34,-39],[-4,-44],[5,-15],[21,-33],[0,-18],[-23,-23],[-4,-24],[-20,12],[-13,20],[-1,28],[-5,31],[-9,8],[-8,29],[-9,-27],[11,-33],[-4,-23],[-10,-4],[-19,21],[-10,-1],[28,-71],[14,7],[10,-21],[23,-6],[12,-18],[1,-22],[-21,-9],[-15,12],[-10,-25],[1,-26],[-20,-8],[-7,10],[-9,-12],[15,-16],[-1,-10],[-30,-1],[7,-24],[16,1],[21,17],[5,16],[14,20],[22,6],[27,44],[16,22],[3,21],[8,-1],[30,-18],[32,6],[-1,-15],[-25,-69],[-8,-39],[0,-25],[6,-22],[16,-21],[12,5],[9,-23],[26,-35],[18,-7],[-7,-19],[3,-15],[18,-4],[9,-27],[-1,-20],[-31,-19],[-10,3],[-21,22],[-13,2],[-13,-23],[-11,-38],[0,-22],[-10,-16],[-42,-7],[-21,-12],[-35,-39],[-6,-24],[0,-23],[18,-11],[-7,-20],[-7,-7],[-20,-40],[-5,-20],[0,-16],[12,-18],[-8,-47],[8,-37],[-45,-27],[-5,7],[-27,1],[-52,26],[-6,5],[-26,3],[-8,-6],[-13,28],[-19,-2],[-15,-18],[-12,-39],[-7,-3],[5,-27],[9,-3],[7,-14],[-13,-11],[-2,-30],[-7,-4],[-7,19],[-15,-5],[-10,-23],[3,-10],[-16,-40],[-6,5],[-29,93],[-7,12],[-4,19],[-9,4],[-18,28],[12,26],[2,17],[15,39],[12,50],[11,55],[-3,33],[-16,42],[-5,20],[-9,-8],[-30,10],[-33,3],[-7,9],[4,23],[20,28],[-2,14],[-15,18],[-2,12],[12,37],[-8,9],[-6,40],[11,18],[10,6],[9,-4],[18,8],[-1,19],[-8,10],[3,24],[0,31],[8,11],[22,13],[15,1],[5,15],[20,-2],[7,26],[9,18],[13,15],[-3,18],[7,18],[-10,5],[-11,-30],[-11,-12],[-8,-22],[-41,-10],[-10,-24],[-19,-6],[-11,-18],[-9,-55],[-24,-23],[-11,1],[-9,-8],[-5,-18],[10,-62],[-7,-68],[-1,-26],[-12,-68],[-15,-11],[-6,21],[8,19],[4,41],[-13,17],[-14,8],[-19,0],[-3,-20],[-37,19],[-10,-5],[1,36],[-2,48],[-14,-3],[-7,49],[-9,-4],[-17,5],[9,35],[-8,26],[-12,5],[-2,16],[5,16],[-1,18],[-7,6],[-6,25],[3,40],[13,21],[2,13],[24,44],[7,29],[13,-4],[12,-25],[8,12],[-2,23],[9,44],[9,5],[12,-5],[6,-18],[20,-23],[12,23],[20,-8],[24,2],[-12,20],[19,17],[20,-4],[-12,24],[3,24],[-6,21],[2,20],[-12,26],[7,24],[-2,52],[21,46],[-18,2],[-9,-20],[-12,4],[4,-48],[1,-31],[-5,-21],[-9,-13],[2,-16],[15,-16],[4,-26],[-3,-22],[-18,4],[-9,-24],[-15,-1],[-11,-10],[-11,4],[-4,23],[-15,-7],[-10,5],[-1,18],[-7,7],[-8,-32],[-11,-27],[-11,14],[-12,-21],[-21,-1],[-3,-9],[6,-25],[-1,-14],[-17,-35],[-10,-7],[-14,-35],[-11,-3],[8,-30],[-6,-31],[7,-36],[-2,-26],[4,-27],[-1,-16],[12,-17],[-13,-9],[-1,-26],[-6,-22],[13,-30],[14,-8],[0,-30],[5,-39],[16,0],[2,22],[11,-12],[-2,-33],[-11,-12],[-1,-18],[8,-12],[-7,-21],[-1,-22],[-8,-18],[-3,-24],[-13,13],[-7,24],[9,27],[-8,33],[-7,8],[-1,17],[-14,11],[-3,32],[-9,77],[-12,51],[-14,38],[-20,43],[-42,6],[-23,-17],[-12,-28],[-6,-36],[-8,-32],[-3,-39],[-9,-7],[-7,7],[-5,24],[-9,17],[0,53],[4,29],[12,28],[-2,36],[3,31],[-15,62],[-11,6],[-23,-7],[-2,20],[11,33],[4,26],[16,51],[8,43],[9,22],[15,25],[23,-15],[6,19],[-24,16],[-8,29],[-18,28],[-14,14],[-10,3],[-25,-6],[-1,12],[12,15],[-7,11],[4,19],[14,21],[16,17],[13,78],[9,23],[13,-9],[13,8],[6,24],[19,8],[0,19],[-12,19],[4,42],[-9,5],[-2,21],[-11,2],[-3,19],[-15,-4],[8,-25],[-3,-42],[-11,-21],[-3,-15],[-18,0],[-1,-26],[-13,-23],[-10,-40],[-13,-32],[-13,-4],[-12,9],[-12,-12],[2,-51],[-2,-11],[14,-45],[1,-26],[-9,-2],[-2,15],[-16,-2],[-5,-26],[-6,-15],[5,-16],[-4,-22],[-14,-23],[-17,4],[-14,13],[-29,38],[-25,20],[-13,3],[-15,-11],[-14,-2],[-15,-12],[-31,-63],[-6,-26],[-4,-41],[-8,-25],[-15,-16],[-25,4],[-20,14],[-13,31],[-11,53],[-10,82],[-2,44],[-5,43],[-7,28],[-19,60],[-15,22],[-16,-9],[-12,-18],[-4,-17],[1,-36],[7,-51],[7,-9],[-5,-18],[-7,-4],[-16,18],[-11,-17]],[[56358,42492],[28,29],[12,22],[22,-4],[6,-15],[-4,-26],[-14,-10],[-18,-3],[-28,4],[-4,3]],[[56968,42247],[5,8],[11,-11],[15,-7],[-1,-16],[-18,-1],[-12,27]],[[49993,26720],[-15,31],[-30,51],[-27,-6],[-16,-34],[-22,-3],[-30,10],[-13,-8],[-2,-34],[4,-32],[-1,-35],[-12,-62],[1,-33],[9,-29],[25,-31],[7,-48],[-3,-70],[-20,-31],[-7,-25],[-1,-23],[4,-18],[17,-30],[7,-27],[-2,-12],[-12,-10],[-22,-7],[-16,-28],[-8,-23],[-27,-39],[-7,-27],[-12,-17],[-21,-2],[-8,-25],[-18,-20],[-12,-8],[-8,-20],[-15,-7],[-17,19],[-9,60],[-23,26],[-13,7],[-29,1],[-7,-11],[9,-70],[7,-71],[7,-27],[15,-27],[-4,-44],[-17,-5],[0,-65],[32,-8],[7,12],[10,-6],[10,-46],[17,-27],[27,-1],[19,10],[24,-11],[5,11],[17,-4],[16,29],[56,32],[7,11],[10,-11],[4,-47],[-8,-46],[-25,-8],[-11,-9],[-7,-19],[-9,-61],[6,-58],[12,-27],[43,12],[19,8],[0,-35],[25,-17],[-5,-42],[-17,-26],[-19,-4],[-20,15],[-10,-2],[-12,-14],[-19,-7],[-10,9],[-12,-5],[-6,-48],[-9,-38],[-31,-21],[-43,-4],[-14,-17],[-10,-24],[-10,-41],[2,-43],[9,-43],[1,-17],[-7,-28],[-49,-24],[-27,-21],[-27,14],[-28,33],[-9,16],[-18,49],[-12,56],[-8,3],[-37,-12],[-24,7],[-45,1],[-32,14],[-15,-3],[-8,-18],[5,-45],[11,-51],[0,-48],[5,-18],[12,-17],[25,-45],[21,-20],[25,-16],[11,-16],[5,-16],[8,-61],[-14,-82],[8,-43],[1,-98],[-3,-37],[-8,-26],[-14,-18],[-11,-33],[-7,-37],[-7,-15],[-24,-16],[-8,-14],[-7,-42],[-20,-59],[-12,-23],[-23,-27],[-28,2],[-10,18],[-11,-4],[-7,-43],[-7,-10],[-19,-13],[-40,-7],[-17,0],[-10,11],[-14,28],[-4,40],[12,15],[26,-7],[32,-1],[16,6],[19,21],[25,49],[-1,18],[-14,12],[-36,-15],[-35,15],[-23,2],[-15,-17],[-15,-56],[-27,-20],[-37,-16],[-10,-15],[-5,-35],[19,-39],[17,-21],[24,-1],[6,-19],[-8,-22],[-18,-17],[-29,-58],[-21,6],[-14,17],[-14,9],[-41,1],[-24,13],[-20,35],[-36,4],[-9,7],[-13,22],[-9,30],[-3,27],[8,51],[14,35],[-14,11],[11,29],[-7,20],[10,23],[0,19],[-37,10],[3,40],[14,38],[-12,22],[-26,21],[-21,36],[-50,1],[-19,7],[-17,-16],[-4,-17],[-27,-17],[-36,0],[-26,11],[-26,26],[-16,28],[-10,29],[8,11],[15,-2],[3,17],[-11,29],[-1,19],[-24,8],[-9,17],[-9,-3],[-10,-23],[-14,2],[-5,12],[-21,-6],[-20,-21],[-16,-1],[-28,13],[13,15],[5,20],[-10,13],[10,12],[1,13],[-8,15],[7,14],[-5,36],[8,32],[7,9],[-13,21],[6,11],[-13,17],[-18,32],[-14,-20],[-19,7],[-7,21],[-20,-12],[-10,-36],[-22,-24],[-22,0],[-4,-25],[-17,13],[-6,19],[-7,4],[-11,-25],[-27,-18],[-5,-29],[-19,13],[-12,-1],[-14,9],[-18,4],[-10,24],[-23,12],[-31,25],[-1,45],[6,10],[-7,19],[-10,4],[-10,18],[-13,8],[-2,16],[-15,7],[3,29],[-27,-1],[-34,13],[-7,44],[-7,23],[-15,12],[-22,5],[-14,19],[0,9],[-14,30],[-13,6],[-3,20],[-14,1],[-10,13],[-17,7],[-3,33],[-16,3],[-10,44],[-31,110],[-4,47],[2,38],[-44,12],[-14,17],[-6,-52],[-35,9],[-18,-189],[-90,24],[-1,-15],[-23,8],[-1,31],[-20,5],[-2,-19],[-8,-9],[-10,-24],[-9,-36],[-4,-34],[-8,-27],[-38,-13],[-7,-70],[-3,-58],[-60,16],[1,7],[-44,12],[-19,-68],[-29,8],[-1,-8],[-24,6],[5,48],[-98,25],[38,128],[6,58],[11,37],[6,53],[22,-6],[13,125],[-86,21],[5,27],[-11,3],[9,77],[29,-8],[21,199],[16,156],[-102,27],[38,366],[14,146],[3,3],[13,118],[-7,2],[17,166],[-19,3],[-11,7],[2,37],[8,79],[7,-2],[7,70],[-35,10],[1,8],[-25,6],[2,15],[-89,24],[0,30],[-32,8],[18,27],[15,14],[14,53],[7,94],[6,57],[-26,35],[11,9],[7,60],[-13,4],[2,19],[51,-13],[6,68],[21,-6],[-2,21],[5,44],[-28,7],[1,7],[-64,17],[10,106],[-57,17],[-139,44],[-13,-150],[-101,26],[0,2],[-84,22],[-9,-92],[-22,-2],[-9,-80],[-17,-7],[-88,25],[-4,-48],[-30,12],[-8,-62],[-11,-38],[-26,-51],[-10,-28],[-21,-78],[-5,-26],[-4,-49],[-7,-25],[-55,-111],[-27,-27],[-12,-20],[-7,-24],[-1,-55],[-3,-52],[-10,-86],[-16,-40],[-10,-36],[-3,-22],[-3,-84],[-9,-104],[-1,-58],[-4,-88],[0,-61],[-6,-61],[-5,-79],[-8,-62],[1,-72],[5,-58],[0,-67],[1,-87],[7,-37],[1,-26],[-3,-30],[-19,-74],[-6,-20],[-15,-29],[-13,-19],[-14,-13],[-58,-42],[-28,-30],[-19,-39],[-9,-31],[-13,-74],[-9,-37],[-24,-66],[-12,-43],[-11,-44],[-12,-39],[-21,-35],[-24,-24],[-34,-24],[-20,-23],[-13,-18],[-35,-60],[-15,-20],[-24,-20],[-25,-10],[-14,-2],[-48,6],[-35,-11],[-53,-41],[-24,-12],[-21,-1],[-59,15],[-27,0],[-26,-13],[-15,-21],[-40,-79],[-29,-48],[-22,-41],[-11,-13],[-48,-41],[-21,-11]],[[45292,24601],[-12,26],[-12,6],[-22,-2],[-15,-8],[3,34],[8,17],[-7,45],[10,8],[24,28],[-1,27],[4,33],[-9,9],[-22,56],[-31,15],[-12,24],[8,29],[14,32],[8,47],[-19,47],[-34,25],[-11,-5],[-5,11],[-26,-2],[-13,-19],[-11,5],[1,16],[-13,16],[-7,23],[-8,4],[5,29],[8,9],[-1,22],[-9,20],[9,33],[-3,19],[-28,3],[-9,-25],[-8,-5],[-12,7],[-21,-14],[-19,6],[3,17],[11,12],[2,36],[-20,26],[-13,7],[-26,6],[0,25],[7,22],[-17,34],[-28,-14],[-31,34],[-30,10],[-16,-23],[-14,3],[-16,-15],[-8,-27],[-8,-10],[-17,1],[-14,-12],[-9,-33],[-26,-16],[-8,-14],[-18,-7],[-10,-36],[-249,-285],[-157,-178],[-310,-353],[-430,-490],[-407,-463],[-12,-25],[-14,-52],[-9,-23]],[[43100,23409],[-220,-1],[6,32],[-7,35],[-1,27],[7,18],[3,40],[-10,7],[-2,16],[7,29],[1,29],[10,40],[-1,32],[-11,10],[6,44],[-3,44],[12,36],[1,27],[-83,105],[6,60],[-337,86],[-1,-6],[-72,19],[-5,-49],[-87,22],[-252,67],[-5,-44],[-395,104],[21,46],[6,37],[-12,38],[7,15],[24,11],[8,21],[15,-3],[9,13],[19,15],[12,-3],[7,13],[1,42],[17,24],[10,33],[-2,19],[3,68],[16,12],[16,32],[21,26],[8,44],[-17,48],[5,25],[-12,81],[9,23],[7,36],[9,18],[3,30],[-6,50],[-7,15],[-4,28],[10,35],[6,45],[-17,18],[-23,9],[-23,-10],[-13,23],[-12,10],[-9,25],[-7,5],[-13,-5],[3,34],[-7,23],[-11,16],[-55,61]],[[49914,36203],[-5,-23],[-20,-39],[-16,-17],[-25,-8],[-8,-15],[-14,12],[-8,-23],[-8,-6],[10,-18],[-8,-30],[-1,-26],[-19,-31],[-1,-17],[10,-23],[8,16],[7,-10],[14,8],[11,-21],[26,-11],[-6,18],[5,16],[12,-8],[16,-43],[6,11],[5,27],[8,-9],[-4,-13],[10,-8],[20,-2],[6,17],[19,-37],[-11,-22],[9,-27],[3,-42],[-4,-12],[7,-14],[15,-6],[7,-27],[-2,-17],[16,-38],[0,-26],[6,-19],[11,6],[22,-12],[5,-26],[-14,-11],[10,-35],[13,-26],[2,-24],[-6,-42],[3,-22],[8,-16],[7,-27],[-11,-7],[6,-23],[-2,-20],[-9,-5],[4,-60],[-20,-5],[-6,-29],[-9,-7],[4,-20],[-1,-24],[10,-13],[-1,-23],[-9,-14],[-10,-36],[-12,-22],[-14,-14],[1,-26],[8,-20],[-1,-16],[-17,-28],[3,-14],[21,0],[6,8],[13,-4],[8,-27],[12,3],[1,-17],[-7,-19],[-1,-21],[-13,-11],[2,-37],[-8,-8],[-14,0],[-6,-27],[27,-20],[9,-25],[3,-40],[-16,-25],[-3,-19],[8,-35],[10,-26],[8,-10],[16,6],[23,-3],[20,5],[16,-10],[29,-33],[18,-2],[16,14],[28,49],[16,4],[11,-3],[11,-22],[-9,-53],[-2,-40],[12,-18],[22,1],[26,-15],[11,0],[25,-18],[19,-11],[28,-29],[14,-28],[10,-54],[42,2],[12,-14],[5,-45],[7,-14],[14,5],[14,22],[18,20],[17,-1],[18,-21],[7,-26],[1,-16],[13,-47],[18,-16],[25,-9],[37,11],[37,-8],[16,12],[15,23],[20,13],[27,-6],[26,-2],[9,8],[44,79],[10,20],[14,50],[4,46],[-1,40],[9,23],[17,19],[23,15],[13,15],[13,37],[-1,41],[4,63],[29,156],[2,25],[-1,51],[-7,52],[1,33],[16,30],[14,10],[48,21],[55,9],[9,13],[20,52],[10,44],[16,21],[13,6],[18,-17],[0,-25],[8,-11],[-2,-35],[5,-20],[-7,-8],[44,-11],[-3,-27],[46,-16],[3,29],[247,-69],[-5,-51],[8,6],[15,-3],[23,11],[14,14],[22,-9],[10,14],[33,-9],[-7,-46],[4,-16],[12,-12],[8,3],[17,-7],[3,-31],[-18,-24],[-29,-12],[-4,-11],[0,-39],[-8,-28],[3,-32],[7,-28],[-3,-16],[-16,-22],[-7,-26],[1,-25],[5,-34],[0,-13],[-9,-26],[-2,-37],[6,-33],[3,-36],[14,-28],[-4,-27],[4,-7],[14,6],[20,-3],[17,-11],[31,-8],[22,-15],[29,-6],[20,-11],[-9,-36],[-2,-28],[11,-31],[31,-20],[7,-33],[15,-22],[2,-18],[1,-53],[15,-20],[8,-37],[3,-35],[21,-21],[-1,-38],[-4,-22],[4,-15],[-2,-23],[19,-33],[4,-43],[-8,-23],[-4,-24],[-10,2],[-11,-17],[-12,-7],[-20,-27],[-3,-32],[-7,-9],[2,-36],[-11,-11],[-20,-1],[4,-18],[-1,-32],[-23,-24],[-7,-15],[-81,24],[-6,-6],[-9,-85],[9,-4],[-11,-26],[2,-32],[7,-19],[-1,-25],[6,-39],[8,-31],[11,-7],[23,-7],[-4,-34],[-8,-47],[8,-20],[9,-46],[-7,1],[-8,-77],[-3,-53],[-11,-105],[-19,5],[-9,-93],[4,-1],[-8,-76],[25,-22],[40,-27],[19,1],[10,-4],[-1,-17],[59,-15],[-2,-19],[-14,-19],[-33,-19],[-19,-17],[-22,-37],[38,-14],[11,2],[-30,-48],[14,-4],[-5,-38],[-10,3],[-7,-48],[16,0],[-1,-36],[-20,-56],[5,-28],[0,-34],[-8,-24],[11,-30],[19,-30],[12,20],[23,14],[24,-15],[23,-30],[19,-15],[4,-29],[-6,-21],[-16,-7],[0,-26],[11,-16],[-4,-50],[-9,-27],[3,-8],[-6,-40],[6,-34],[-3,-26],[6,-32],[14,-13],[16,-2],[10,10],[10,41],[20,12],[9,25],[4,26],[16,23],[16,57],[14,-5],[14,4],[16,-14],[14,-1],[0,15],[25,23],[11,-3],[6,10],[21,4],[14,16],[7,2],[7,-21],[11,2],[5,27],[18,18],[87,16],[5,4],[23,-27],[33,-53],[8,-50],[7,-16],[17,-17],[12,-23],[1,-36],[18,-66],[6,-9],[5,-29],[8,-4],[16,5],[24,-26],[22,-19],[9,5],[-7,78],[44,13],[-4,62],[90,-25],[-4,-34],[71,-19],[17,160],[35,-9],[5,48],[4,1],[5,48],[15,1],[22,7],[27,-17],[8,-47],[13,-22],[14,4],[10,49],[11,12],[20,-76],[18,-19],[8,-13],[-8,-30],[-9,-14],[13,-10],[17,10],[22,-2],[33,16],[14,14],[18,2],[18,12],[48,-14],[19,-18],[5,-10],[7,-63],[4,35],[25,-13],[37,-10],[-6,-11],[1,-18],[-3,-37],[5,-1],[-3,-33],[119,142]],[[53262,31856],[-48,-172],[6,-31],[70,-21],[2,27],[33,-11]],[[53325,31648],[-1,-17],[-29,-46],[-13,-33],[-11,-16],[-16,-2],[-10,-19],[-10,-64],[2,-20],[-2,-29],[-6,-16],[4,-11],[-1,-26],[12,-21],[1,-10],[18,-17],[-1,-7],[58,-18],[13,-1],[29,13],[12,-10],[-5,-29],[9,-20],[-2,-10],[16,-26],[2,-23],[10,-18],[42,-55],[12,-24],[15,-13],[4,11],[14,-5],[6,-9],[12,2],[29,-24],[-4,-36],[-15,-11],[-52,4],[-8,-10],[-27,-9],[-37,-1],[-7,-21],[-2,-22],[4,-57],[-27,-3],[-12,-11],[-17,-33],[-7,-6],[-28,-8],[-14,4],[-31,-8],[-27,-16],[-12,5],[-12,-21],[-6,-39],[3,-23],[-19,-26],[-5,-32],[-17,-19],[-2,-15],[-8,-18],[-12,-5],[-19,4],[-15,-17],[-20,-2],[-11,-18],[-14,-13],[-19,-30],[-33,23],[-19,23],[-18,5],[6,-19],[1,-49],[-9,-56],[-41,-32],[-4,-56],[-12,2],[-11,-21],[-10,-10],[2,-64],[12,-33],[6,-27],[0,-45],[3,-13],[-5,-40],[1,-33],[-15,-22],[-47,-11],[-8,4],[0,23],[-6,14],[-5,26],[-7,7],[3,38],[24,38],[-8,5],[-15,-17],[-20,-6],[-3,21],[10,3],[8,58],[14,25],[-1,75],[0,38],[-5,12],[-5,49],[1,24],[-8,44],[-19,34],[-12,44],[2,13],[12,13],[-3,11],[-12,-7],[-13,0],[-12,-18],[-8,-30],[1,-45],[-16,-3],[-2,56],[-9,12],[-27,-85],[1,-52],[-7,-22],[-7,-5],[-4,-28],[6,-12],[-3,-17],[-18,9],[-6,42],[-23,34],[-25,-13],[4,-11],[-18,-5],[-26,-15],[-4,-35],[-4,-10],[-17,8],[-21,-12],[-11,-13],[-23,-1],[-13,-17],[-2,-23],[18,-16],[1,-19],[-23,-15],[0,-27],[5,-10],[-5,-16],[-14,-18],[-160,39],[-9,-18],[-27,-25],[-12,-18],[-12,-35],[-11,-18],[-26,-31],[-24,7],[-15,-3],[-16,13],[-11,-8],[-26,-6],[-10,19],[-31,-47],[-6,-20],[-10,-19],[-10,-1],[-5,-12],[-23,1],[-11,-27],[-18,9],[-14,-12],[-6,4],[-10,-18],[-7,19],[-11,-13],[-16,-9],[0,-21],[-16,1],[-5,-14],[-19,-8],[3,-16],[-28,-45],[-3,-13],[5,-33],[14,-10],[-10,-12],[-21,-14],[-6,-19],[-14,-11],[-9,-44],[-1,-17],[-7,-9],[2,-28],[-20,-20],[7,-24],[-4,-13],[-11,-7],[-7,-12],[-2,-20],[-12,-25],[-47,-30],[-22,-18],[-23,-4],[-17,1],[-43,-4],[-30,7],[-28,-48],[-17,-69],[-20,-35],[-20,-10],[-52,-69],[0,-12],[7,-28],[-7,-2],[-19,19],[-13,32],[-12,19],[-15,10],[-46,5],[-16,13],[-21,0],[-20,-36],[-25,-4],[-18,-9],[-47,-55],[-18,-41],[-8,-30],[-19,-48],[-12,-50],[-10,-13],[-25,-9],[-27,8],[-16,0],[-21,-10],[-19,-18],[-9,-59],[-5,-13],[-12,-9],[-32,-13],[-13,-1],[-28,-17],[-20,-34],[-13,-41],[-15,-31],[-16,-7],[-15,-15],[-57,-34],[-23,8],[-29,-7],[-36,15],[-10,-3],[-21,-22],[-26,-17],[-26,-9],[-25,7],[-9,-2],[-15,10],[-31,14],[-11,-1],[-48,12],[-19,-3],[-15,14],[-24,9],[-9,42],[1,45],[-2,14],[-21,46],[-18,28],[-15,18],[-29,2],[-17,40],[-5,24],[-4,47],[-30,28],[-27,43],[-16,17],[-22,10],[-13,15],[-25,48],[-28,2],[-6,22],[0,21],[-6,16],[-11,6],[-14,-4],[-10,7],[-41,-12],[-23,-23],[-7,-24],[1,-10],[18,-10],[16,1],[17,-19],[17,-28],[-3,-41],[-5,-14],[-16,-8],[-51,0],[-5,-4],[-24,-45],[-14,-11],[-23,-30],[-9,-25],[8,-27],[20,-28],[7,-20],[0,-23],[-16,-18],[-7,0],[-15,17],[-8,-1],[-11,-28],[-1,-23],[5,-12],[1,-31],[13,-85],[15,-38],[8,-28],[-3,-33],[-12,-40],[-7,-36],[-8,-50],[-5,-13],[5,-27],[16,-33],[5,-21],[-2,-63],[-6,-31],[21,-15],[9,-12],[5,-28],[-3,-17],[5,-19],[23,-17],[7,-27],[3,-46],[-8,-40],[9,-17],[14,8],[14,-5],[20,-47],[17,-33],[12,-17],[38,-38],[8,-29],[10,-2],[11,13],[10,29],[25,7],[10,-16],[-1,-17],[-19,-28],[-13,-14],[-5,-16],[6,-45],[18,-33],[15,-14],[15,1],[1,-23],[-21,2],[-6,-31],[3,-28],[10,-51],[0,-27],[-11,-16],[-20,-17],[-27,-38],[-12,-23],[-22,-16],[-18,-8],[-5,-26],[5,-51],[-3,-24],[-23,-34],[-14,-28],[-15,-60],[-16,-91],[2,-25],[17,-22],[47,-26],[15,-15],[30,-18],[13,-3],[11,-18],[32,-113],[0,-13],[-8,-24],[-31,-42],[-28,-50],[-17,-25],[-25,-27],[-23,-7],[-27,-21],[-16,-8],[-12,8]],[[54925,39097],[9,21],[11,12],[29,19],[11,14],[4,16],[21,131],[9,26],[3,16],[0,84],[9,32],[25,-14],[20,2],[3,26],[-3,12],[8,44],[6,12]],[[55090,39550],[1,-1]],[[55091,39549],[17,-3],[26,5],[29,-8],[16,-12],[-5,-14],[22,-44],[4,-34],[-19,-12],[-17,-49],[10,-17],[22,-21],[28,-6],[32,5],[-3,-19],[12,-3],[17,-18],[53,-64]],[[54858,41135],[-4,-35],[-14,-41],[-2,-28],[-35,-77],[-20,37],[10,16],[-10,18],[-14,-33],[-16,-72]],[[54753,40920],[-13,47],[-15,20],[-15,12],[-18,24],[-17,41],[-24,32],[-10,9],[-42,24],[-11,3],[-26,-3],[-15,7],[-14,32],[-15,21],[-27,24],[-14,24],[-28,41],[-130,-125],[-15,10],[-29,-2],[-19,-26],[-21,-9],[-12,-15],[-14,-41],[-10,-19],[1,-37]],[[54200,41014],[6,-25],[6,-6],[14,0],[4,-20],[-5,-10],[-16,-9],[-16,-1],[-22,43],[-66,144],[-26,117],[-22,62],[-31,63],[-45,28],[-2,4],[-124,75],[-69,44],[-95,58],[-8,8],[-64,41],[-49,12],[-1,-15],[-28,-68],[-16,-17],[-20,-9],[-14,5],[-21,-32],[-12,-26],[-12,-36],[-14,-67],[-13,-44],[-18,-86],[-15,-52],[9,-96],[-4,-36],[-8,-13],[-28,-22],[-10,-36],[-5,-42],[6,-91]],[[53079,47484],[97,55],[8,-5],[3,31],[539,-143],[-22,17],[-18,4],[-14,15],[-8,35],[-8,15],[-16,14],[-27,40],[-9,22],[-3,27],[7,61],[-5,41],[-30,25],[-15,7],[-15,-3],[-21,-22],[-34,-9],[-15,2],[-4,35],[10,15],[-8,66],[1,26],[-13,16],[-3,24],[-36,10],[-6,29],[5,28],[16,37],[11,51],[36,48],[11,30],[9,49],[-8,50],[45,7],[15,-4],[-1,-21],[18,-12],[11,-40],[11,-27],[-9,-28],[4,-21],[20,-13],[16,2],[10,-20],[20,-8],[10,22],[15,-10],[23,3],[16,-4],[-1,-11],[18,-17],[4,-19],[8,1],[22,12],[2,-21],[9,5],[19,-19],[19,-4],[7,-22],[12,12],[18,2],[2,25],[28,31],[16,8],[8,-2],[16,155],[226,-62]],[[55167,44132],[-7,-9],[7,-22],[-20,-39],[1,-38],[5,-12],[-4,-13],[5,-14],[-8,-21],[8,-35],[-7,-15],[3,-15],[-12,-32],[-9,-33],[-14,-20],[1,-36],[-34,-44],[-8,-32],[1,-21],[9,-18],[14,-2],[24,-15],[39,-16],[14,-22],[10,-53],[-3,-51],[6,-72],[30,-54],[5,-21],[14,-22],[3,-36],[11,-56],[8,-24],[-2,-13],[7,-22],[23,-45],[-3,-31],[6,-40],[-6,-36],[3,-16],[20,-44],[8,-25],[8,-8],[19,-4],[6,-14],[0,-32],[8,-34],[2,-20],[-3,-34],[2,-28],[17,-47],[6,-37],[9,-22],[-3,-23],[-23,-54],[-9,-12],[-18,-12],[-18,-29],[-25,-29],[-3,-14],[14,-53],[-1,-15],[-7,-30],[-9,-17],[-1,-17],[16,-36],[-2,-16],[-19,-40],[-4,-22],[13,-43],[2,-39],[-18,-52],[2,-22],[7,-7],[17,-3],[9,-12],[-6,-28],[1,-29],[-10,-34],[-2,-19],[9,-26],[-1,-12],[-32,-73],[-4,-43],[2,-31],[5,-14],[34,-43],[28,-46],[5,-18],[-2,-36],[24,-68],[-1,-32]],[[54817,33854],[-19,7],[-8,15],[-8,2],[-27,25],[-7,-38],[-17,5],[-10,12],[-19,3],[-11,8],[1,15],[-40,14],[-26,2],[-5,-47],[-17,6],[-8,-12],[-18,-54],[-7,-8],[-7,-50],[5,-10],[-1,-34],[8,-28],[-5,-23],[1,-19],[-5,-19],[-21,-49],[-2,-11],[-14,-1],[-31,-41],[-11,-18],[-14,-34],[-7,-5],[-8,19],[-15,-38],[-9,-57],[-20,-46],[-8,5],[-14,-48],[-16,-28],[-12,-6],[-14,33],[1,23],[-6,35],[-35,58],[-30,117],[-32,78],[-11,15],[-31,6],[-8,10],[-13,38],[-17,27],[-16,34],[-29,18],[-10,15],[-8,46],[-9,25],[-7,8],[-62,62],[-12,14],[-16,30],[-31,68],[-21,22],[-26,7],[-23,-3],[-13,11],[-27,50],[-16,15]],[[53843,34130],[10,135],[226,-55],[6,40],[132,-32],[-8,32],[-5,30],[1,29],[7,21],[-5,28],[-20,37],[-10,53],[-16,44],[-2,41],[-6,59],[14,4],[35,18],[17,-5],[56,-55],[13,-3],[42,7],[9,-2],[31,-26],[38,-14],[8,-16],[129,216]],[[54902,37067],[40,-11],[64,2],[2,-34],[12,-41],[9,-19],[31,-39],[15,10],[6,-16],[46,-11],[14,-10],[10,-18],[14,-11],[29,7],[10,-3],[-1,25],[2,33],[-1,49],[7,11],[19,11],[0,24],[16,14],[9,-33],[6,-9],[14,13],[19,9],[10,12],[2,26],[13,32],[21,21],[-11,33],[2,17],[10,16],[6,26],[12,17],[23,4],[9,-4],[9,11],[20,-24],[10,2],[17,-9],[5,20],[9,-2],[3,29],[7,28]],[[55471,37275],[14,13],[9,1]],[[55494,37289],[10,-15]],[[55504,37274],[7,2],[24,-39],[2,-13],[-2,-32],[21,-6],[21,54],[7,27],[14,-4],[2,15],[81,-24],[-7,-58],[1,-18],[-17,-19],[-18,-9],[-16,2],[-4,-40]],[[55628,36824],[-19,-5],[3,-12],[49,10],[13,-8],[22,-36],[18,-4],[11,-9],[9,17],[-7,27],[16,13],[4,32],[7,22],[8,0],[4,-25],[10,-23],[16,-27],[2,-12],[-7,-27],[20,-10],[8,-24],[-15,-26],[7,-30],[3,-26],[-16,-10],[-8,-14],[-7,1],[-11,-16],[3,-26],[-24,1],[2,-15],[19,-3],[9,-23],[5,31],[1,32],[9,-1],[16,15],[14,-7],[9,13],[2,25],[12,18],[16,-19],[11,5],[6,24],[15,-12],[9,17],[14,6],[5,-52],[14,11],[4,24],[10,3],[10,13],[7,-50],[-3,-18],[-8,-8],[-10,-30],[-28,-31],[3,-17],[12,8],[13,0],[-1,27],[8,27],[16,35],[1,15],[27,-27],[10,3],[13,23],[11,2],[24,-40],[9,0],[8,13],[7,-4],[10,10],[4,17],[39,-14],[13,11],[-3,25],[6,13],[15,14],[10,-37],[5,-26],[-2,-36],[3,-17],[-7,-26],[-8,-13],[-9,-29],[-8,-8],[-2,-17],[-32,-55],[-7,-21],[-11,-18],[0,-18],[-27,-45],[-3,-28],[4,-22],[-19,-18],[-30,-10],[-9,10],[-25,-43],[-6,-15],[5,-14],[-12,-26],[-1,-12],[-11,-9],[-5,-18],[-8,-6],[-8,-37],[-1,-46],[-8,-7],[-20,15],[-13,-9],[-11,6],[-4,-11],[21,-18],[-12,-18],[-10,-4],[-1,-19],[-9,-12],[-18,3],[-9,-11],[7,-14],[-16,-27],[-10,-4],[-13,-25],[-29,-24],[-11,4],[-8,-15],[-7,-32],[-13,-10],[-15,-22],[-52,-61],[-28,-15],[-28,-11],[-44,-56],[1,-26],[-14,-17],[-18,1],[-9,-22],[-8,1],[-4,-22],[5,-21],[-19,-5],[-20,-18],[-12,3],[-16,-29],[-1,-20],[-15,-12],[-6,-33],[-29,-12],[-21,-42],[-25,-34],[-20,-9],[-8,-28],[-9,-20],[-16,-22],[-16,-35],[0,-23],[-8,-30],[-12,-16],[-13,1],[-11,-8],[-22,-57],[-11,-12],[-11,5],[-17,-11],[-31,-53],[-1,-15],[-7,-24],[-17,-33],[-17,-24],[-17,-41],[9,-22],[-1,-13],[-15,-9],[5,-27],[-15,-8],[-7,-18],[6,-35],[-11,-6],[4,-14],[-12,-17],[-12,-10],[-1,-51],[-22,-15],[-1,-18],[-14,-13],[-8,-19],[-20,-53],[3,-29],[-13,-10],[-10,-34],[-15,-12],[-5,-23],[2,-15],[-10,-7],[-8,-22],[5,-14],[-13,-4],[-16,-37],[0,-28],[8,-8],[-8,-16],[-19,-12],[-5,-26],[-11,-8],[0,-17],[-8,-11],[-4,-22],[-17,-28],[-11,-26],[-14,-50],[-7,-40],[1,-29],[16,-25],[-12,-54],[2,-33],[10,-15],[-11,-9]],[[56298,37980],[-12,-33],[16,-120],[7,-41],[-3,-10],[-14,-1],[-6,12],[-7,48],[1,14],[-20,147],[-11,14],[-15,-6],[-7,-36],[8,-58],[17,-14],[8,-26],[-10,-26],[-15,-6],[-13,7],[-7,15],[-16,116],[-24,37],[-18,19]],[[56157,38032],[-15,26],[-20,15],[-10,12],[0,15],[7,65],[-4,36],[-21,19],[-4,16],[3,18],[-7,27]],[[56086,38281],[5,10],[7,44],[13,26],[86,109]],[[56197,38470],[31,18],[12,2],[22,-6],[43,92],[4,14],[20,10],[13,13],[62,-16],[16,-7]],[[56420,38590],[-8,-67],[43,-11],[8,13]],[[56490,38306],[-2,-8],[-32,-6],[-29,8],[-34,-96],[-8,-14],[-20,-11],[-17,1],[-22,-8],[-22,-17],[-9,-15],[-1,-28],[-9,-18],[-17,-7],[16,-63],[18,-35],[-4,-9]],[[55315,37687],[2,-9],[28,56],[9,4],[13,-15],[28,2]],[[55395,37725],[-16,-68],[-3,-23],[-1,-93],[-5,-17],[3,-14],[-13,-13],[-21,-32],[-27,-25],[-17,-33],[-7,-25],[-5,-28],[23,-44],[9,-8],[28,7],[67,-20],[17,-12],[-2,-20],[13,-4],[17,3],[16,19]],[[54603,37151],[-3,37],[4,66],[0,38],[3,56],[6,88],[4,10],[13,3],[4,-14],[-1,-62],[8,-21],[-4,-59],[23,-21],[15,1],[34,25],[5,18],[-13,9],[-6,15],[-7,33],[-3,45],[3,11],[16,22],[33,25],[8,25],[-19,17],[-6,80],[7,37],[5,62],[7,29],[4,76],[8,84],[-5,40],[-5,97],[-13,-8],[-23,16],[-5,-2],[-9,30],[-38,11],[-15,-15],[-59,-29]],[[54579,38026],[-32,11],[2,20],[9,55],[2,25],[-7,28],[-14,18],[-23,14],[-12,14],[-10,26]],[[54494,38237],[14,10],[4,25],[27,-5],[84,5],[37,11],[10,0],[104,-27],[15,19],[22,15],[21,-13],[3,25],[16,25],[10,1],[41,-12],[11,0],[14,12],[15,2],[13,8],[10,14],[1,13],[-12,70],[-8,34],[6,38]],[[55607,43270],[19,-14],[0,-17],[12,5],[13,12],[12,36],[-1,27],[-11,38],[1,27],[13,12],[6,-13],[-1,-56],[5,-31],[3,-35],[12,-70],[7,-67],[8,-25],[12,-18],[8,-28],[42,-33],[27,-7],[19,15],[3,16],[13,42],[15,21],[9,5],[7,26],[8,12],[24,15],[14,35],[11,-9],[9,8],[14,-33],[19,-30],[17,-21],[19,-8],[19,6],[20,16],[20,30],[18,50],[10,-3],[6,-18],[-6,-19],[-5,-28],[-7,-18],[-10,-4],[-10,-55],[-4,-40],[-11,-20],[-10,-53],[-8,-14],[-27,9],[-5,16],[-14,8],[-3,-16],[-14,-17],[3,-14],[19,5],[26,-28],[13,-20],[21,9],[16,-13],[27,-8],[8,-15],[-8,-20],[-6,-37],[-2,-47],[4,-66],[-5,-14],[12,-38],[-6,-7],[5,-33],[-26,26],[-9,-20],[-9,8],[-13,-4],[-12,-18],[-8,4],[-3,31],[-10,27],[-14,10],[4,31],[-9,12],[-20,6],[-11,-7],[-8,-40],[-10,-5],[-13,22],[-12,42],[2,21],[12,19],[15,6],[6,13],[2,18],[-18,-3],[-13,7],[-33,-5],[-19,-9],[-6,-35],[20,-8],[13,-15],[12,-29],[14,-53],[-5,-27],[18,2],[33,23],[5,-14],[-1,-27],[-22,-52],[-7,-31],[16,14],[6,19],[13,13],[16,41],[5,-2],[4,-50],[9,-16],[25,-3],[-2,-20],[-8,-8],[2,-29],[-7,-11],[0,-37],[-7,-8],[-9,-25],[-9,2],[-10,15],[-14,1],[-25,28],[-6,-16],[-13,-19],[-12,3],[-15,-22],[-7,-27],[11,-5],[5,24],[8,6],[14,-3],[17,15],[12,-13],[18,-6],[21,-24],[3,-14],[-13,-5],[-14,-29],[17,-1],[10,6],[10,-6],[11,28],[-2,30],[16,31],[6,0],[17,-22],[-4,-29],[7,-10],[-5,-17],[-6,-65],[1,-27],[9,-2],[6,-27],[12,-17],[-5,-15],[-11,-6],[-3,-14],[-20,3],[2,-24],[-14,15],[-7,-1],[-22,-18],[-15,6],[-18,-7],[-1,-14],[-11,-31],[9,-16],[-5,-22],[2,-21],[-12,-35],[-13,-15],[-17,-12],[-12,-28],[-20,7],[-21,-7],[-8,-9],[-18,8],[-1,-13],[11,-13],[10,1],[17,12],[9,-7],[-1,-30],[6,-20],[10,-19],[8,2],[13,-27],[-2,-11],[-12,-5],[3,-13],[24,-9],[0,43],[-4,17],[-12,25],[-11,1],[-7,11],[0,26],[15,1],[8,28],[19,-27],[-3,33],[2,11],[13,10],[7,-4],[12,27],[15,-28],[8,10],[23,2],[-10,15],[-15,9],[4,16],[-20,44],[2,43],[32,-12],[9,-10],[10,18],[20,-8],[19,38],[15,-17],[6,-16],[25,-18],[-13,30],[-2,19],[17,-4],[4,13],[-15,17],[-8,16],[13,6],[14,21],[-9,15],[-23,14],[-12,22],[-3,21],[4,16],[-5,12],[5,25],[7,9],[26,-28],[17,7],[10,-6],[15,-31],[9,-5],[-11,44],[-14,16],[-21,7],[-18,28],[-4,15],[0,26],[-18,27],[-17,8],[1,32],[9,16],[25,17],[8,-7],[27,-1],[15,-21],[10,3],[-12,42],[5,39],[27,18],[17,30],[8,54],[3,40],[13,7],[3,-37],[15,-52],[5,-28],[-2,-18],[23,-19],[8,-39],[2,-24],[25,-43],[12,-12],[31,-14],[-4,-36],[8,-23],[-9,-26],[3,-7],[35,17],[7,-1],[38,10],[33,21],[8,-7],[23,-10],[14,15],[10,45],[-34,-15],[-19,0],[-21,-12],[-39,-12],[-27,-2],[-8,14],[7,21],[15,-3],[14,4],[53,0],[15,9],[14,19],[22,16],[11,2],[10,-12],[-23,-81],[20,0],[-4,-22],[6,-15],[-2,-14],[-10,-1],[-2,-30],[-4,-7],[-25,-12],[13,-27],[-9,-18],[-2,-20],[-25,-19],[-2,-19],[10,-8],[8,-27],[-8,-17],[-26,24],[-12,16],[-14,-6],[15,-22],[-7,-28],[14,1],[7,-8],[17,-4],[8,-7],[4,-18],[13,3],[-4,29],[7,15],[9,5],[-4,31],[18,24],[4,24],[8,16],[19,-45],[18,-24],[23,-21],[-9,-6],[0,-23],[15,-8],[6,-32],[15,-19],[-20,-33],[5,-15],[-12,-25],[-24,-9],[-2,-19],[-11,-24],[-9,-1],[-3,-44],[-8,-1],[-20,9],[-15,15],[-11,-5],[-16,7],[-5,-9],[3,-20],[-15,8],[-9,11],[-14,3],[-9,23],[-7,-8],[-47,11],[-10,-7],[-22,12],[-14,-2],[-8,-30],[19,16],[23,-18],[28,-3],[11,-10],[12,0],[12,-24],[16,-7],[-3,-13],[-12,-17],[-4,-14],[15,-11],[2,-46],[-3,-20],[-14,-6],[-11,-20],[-13,15],[-14,-14],[0,-12],[-20,-11],[-17,7],[-3,-9],[11,-16],[-1,-13],[-15,-16],[-4,-16],[-23,-3],[-18,8],[-27,-26],[-6,-19],[-20,2],[-11,19],[-2,-30],[-25,-11],[-5,-14],[-18,-13],[3,-13],[17,-1],[-1,-27],[-13,-15],[-9,-34],[-20,-9],[7,-12],[-15,-38],[8,-18],[-2,-19],[5,-26],[-26,-46],[-8,-1],[-5,-18],[15,1],[7,-35],[10,-25],[-11,-27]],[[55990,40871],[-16,-7],[-22,-30],[-10,-18],[-30,6],[-8,-27],[-12,-28],[-25,6],[-1,11],[-31,8],[-5,-33],[1,-28],[-10,-15],[-9,-79],[-36,9],[-10,-24],[0,-27],[14,-55],[-6,-10],[-28,7],[-18,-3],[-1,18],[-8,23],[-10,1],[-19,28],[-9,24],[-1,16],[-11,3],[6,59],[1,41],[-20,-2],[-27,-49],[-16,-21],[-8,5],[-7,-30],[2,-47],[-10,-4],[-15,-26],[-10,-34],[-15,-18],[0,-23],[-11,-9],[7,-23],[-3,-31],[14,-34],[-4,-32],[-15,-18],[57,-67],[1,-3]],[[56215,42678],[0,31],[-4,22],[-9,7],[0,15],[12,8],[11,-27],[4,-29],[10,-35],[-1,-34],[-21,21],[-2,21]],[[56568,42416],[-17,-2],[-10,-25],[-13,10],[-2,10],[10,39],[20,-2],[6,6],[15,-8],[-9,-28]],[[54150,32358],[-9,4],[-16,-12],[-12,13],[-1,-34],[-52,18],[-30,-5],[-20,13],[-56,15],[6,66],[-15,4],[-6,10],[-17,-7],[-9,22],[-16,12],[-41,61],[-22,19],[2,32],[-13,23],[-7,38],[4,15],[-5,19],[3,40],[9,6],[13,23],[12,4],[15,-7],[9,19],[10,1],[25,-40],[15,-11],[6,119],[-10,-2],[-14,10],[-25,-4],[-24,8],[15,155],[-12,4],[6,55],[-203,56],[-49,14]],[[53616,33134],[208,752],[19,244]],[[54817,33854],[-6,-14],[-9,-46],[9,-21],[-13,-2],[-11,-55],[-3,-57],[9,-55],[34,-52],[18,10],[4,-11],[-6,-19],[-13,-17],[-8,-24],[3,-13],[-18,-4],[-14,-20]],[[54793,33454],[-12,3],[5,53],[-4,7],[-19,-4],[-6,-6],[-27,8],[-18,-1],[-17,-82],[-20,6],[-10,-3],[-14,-30],[-11,-102],[-14,-149],[2,-22],[-8,-17],[-24,-31],[-16,-11],[-6,-16],[-16,-21],[-21,-17],[-12,-19],[-23,-50],[-4,-13],[-2,-32],[-7,-26],[-29,-49],[-6,-18],[-17,-23],[-7,-33],[-11,-31],[-12,-20],[16,-15],[-15,-14],[-21,-29],[-35,-70],[-12,-18],[-19,-35],[-12,-16],[-46,-29],[-48,-17],[-13,-12],[-25,-37],[-5,-46],[-6,-7],[-16,-2]],[[55028,40003],[-16,35],[0,15],[-20,48],[-28,43],[-24,111],[-15,56],[-39,174]],[[54886,40485],[-27,102],[-7,25],[-8,48],[-15,76],[-6,16],[-58,132],[-12,36]],[[53846,28289],[-24,-3],[-22,9],[-21,-11],[-57,-46],[-17,-44],[-12,-21],[-13,-10],[-30,-1],[-58,22],[-57,40],[-40,38],[-48,67],[-21,24],[-29,6],[-49,1],[-44,-3],[-41,-7],[-42,1],[-41,9],[-32,0],[-25,-19],[-12,-16],[-24,-43],[-11,-12],[-22,-11],[-36,-10],[-23,-22],[-17,-33],[-10,-13],[-17,2],[0,-21],[9,-27],[-5,-24],[2,-16],[12,-23],[-8,-16],[8,-31],[8,-6],[68,-19],[-11,-94],[-4,-50],[8,-91],[2,-105],[-11,-1],[0,-16],[11,2],[2,-56],[-4,-65],[-7,-40],[1,-62],[-2,-82],[-12,-79],[35,-9],[-16,-169],[-23,6],[-2,-24],[4,-9],[22,12],[17,3],[6,-6],[9,-30],[9,-11],[16,-1],[8,-21],[-6,-28],[10,-24],[29,-22],[4,-13],[15,-18],[1,-12],[-10,-15],[-1,-40],[-8,-30],[-34,-11],[-11,-12],[-15,-8],[-15,-154],[106,-128],[8,-14],[7,-27],[-1,-23],[-87,23],[-50,14],[1,4],[-96,22],[6,61],[-17,5],[4,41],[-17,5],[1,17],[-36,8],[-5,-70],[-37,-11],[-30,1],[-75,-11],[-66,-31],[-60,-9],[-19,-11],[-17,-19],[-23,8],[-21,13],[-10,-15],[4,-42],[-13,-54],[8,-24],[2,-36],[-28,-54],[-5,-3],[-59,106],[-8,20],[-10,63],[-15,20],[-26,4],[-72,-28],[-21,3],[-53,19],[8,77],[-29,7],[4,36],[-50,12],[-6,-64],[-253,66],[44,426],[3,7],[21,12],[12,20],[9,6],[10,47],[15,39],[-15,14],[-2,19],[8,11],[8,-13],[11,7],[0,11],[-21,32],[15,15],[-9,16],[-9,41],[-2,39],[-15,22],[-6,17],[1,12],[20,22],[10,17],[0,33],[73,-18],[75,-23],[5,53],[-14,17],[-20,13],[-34,93],[0,27],[-10,16],[-12,60],[-17,10],[-76,18],[-17,-10],[-7,-9],[0,-18],[-14,-3],[-23,21],[-12,-7],[-14,9],[-9,-2],[-12,-17],[-3,-28],[-14,3],[-9,19],[-2,43],[5,15],[13,22],[0,20],[-13,26],[-6,33],[1,18],[9,11],[8,34],[-1,18],[-26,18],[-12,21],[7,52],[4,15],[-12,19],[-9,-13],[-9,2],[-12,16],[-13,7],[-23,5],[-12,13],[-10,21],[-4,21],[-15,10],[-2,18],[-18,11],[-14,-24],[-12,-11],[-3,-17],[10,-16],[-19,-39],[7,-40],[-1,-29],[-12,-4],[-12,12],[-14,-32],[0,-14],[8,-28],[-6,-15],[-9,4],[-4,14],[-11,1],[-7,-14],[-7,-38],[-19,-42],[-4,-23],[14,-27],[-14,-38],[2,-39],[-8,-40],[-8,-22],[-25,-28],[-2,-26],[-11,-2],[-8,-10],[8,-21],[-11,-15],[-1,-35],[-11,-14],[0,-18],[-6,-25],[-14,0],[-4,-27],[10,-51],[-18,-1],[0,-22],[-5,-15],[-13,-3],[-17,-32],[-23,-25],[-12,-53],[-18,2],[-6,-26],[1,-11],[-17,-8],[4,-26],[-13,-20],[-17,2],[-21,-19],[-12,-19],[1,-15],[-19,-23],[-11,-23],[3,-20],[-3,-32],[6,-16],[-9,-29],[5,-29],[9,-21],[-3,-18],[3,-29],[7,-20],[-48,-492],[30,-8],[-8,-77],[-29,7],[-3,-31],[-51,-424],[-23,-189],[-24,7],[-1,-14],[-9,-15],[5,-15],[-3,-13],[5,-43],[21,-24],[0,-7],[-19,-24],[8,-39],[3,-35],[-14,-18],[-9,3],[6,52],[-110,26],[14,119],[-51,12],[5,71],[15,3],[16,30],[14,119],[-40,10],[10,79],[-10,4],[-37,26],[-3,25],[-9,14],[-15,32],[-28,14],[-18,15],[-27,-4],[-12,8],[-9,-4],[-29,-5],[-22,13],[-29,-4],[-13,8],[-37,11],[-39,-11],[-24,-2],[-17,-15],[-9,-21],[-18,-4],[-9,-14],[-57,-34],[-17,-24],[-3,-29],[13,-20],[1,-15],[-13,-2],[-16,7],[-11,-17],[-12,-1],[-10,-10],[-3,-24],[-14,13],[-13,24],[-14,6],[-13,13],[-10,-11],[-20,-10]],[[50366,25846],[-12,7],[-20,-2],[-15,21],[-3,14],[-10,9],[-6,-17],[-11,4],[-3,22],[-10,14],[6,48],[10,15],[1,28],[10,17],[-12,7],[-18,-9],[-6,25],[-17,4],[-5,18],[-11,-12],[-18,13],[-19,3],[-2,14],[-15,25],[-1,19],[12,23],[-15,25],[-18,6],[-4,35],[-12,9],[-26,9],[-14,28],[3,18],[13,19],[9,34],[-6,10],[-12,2],[-8,19],[-8,2],[-14,-9],[-8,24],[6,19],[-2,12],[-14,-6],[-6,-11],[-8,11],[13,53],[-3,37],[7,53],[-3,10],[-27,5],[-7,20],[-10,8],[-14,-3],[-6,9],[9,30],[-2,18],[-18,10],[-4,43],[11,15]],[[53325,31648],[24,-7],[38,-16],[11,-15],[1,-13],[13,-14],[21,-6],[32,-1],[3,27],[-12,29],[-3,20],[7,4],[1,23],[12,9],[7,15],[13,6],[12,29],[19,27],[42,27],[21,9],[8,12],[38,-48],[15,-26],[28,-13],[26,-1],[32,21],[4,10],[15,8],[27,-19],[15,-1],[22,-9],[17,-13],[9,-12],[19,3],[9,9],[21,41],[11,3],[28,-1],[13,15],[1,26],[17,10],[10,16],[4,26],[11,8],[8,-11],[12,2],[-10,-32],[-16,-9],[-26,-59],[-3,-34],[-7,-25],[3,-47],[6,-14],[10,-2],[-2,-24],[11,-20],[24,2],[13,20],[9,29],[23,3],[1,-24],[85,-182],[16,-22],[39,-13],[18,-16],[12,1],[38,-25],[49,-37],[13,-17],[17,-32],[28,-25],[15,-28],[1,-30],[-19,-123],[-3,-7],[-19,-112],[9,-2],[15,-32],[16,-1],[15,8],[8,-6],[3,-34],[13,-11],[21,-61],[16,-38],[12,2]],[[54461,30778],[6,-6],[0,-37],[-8,-21],[-19,-31],[-6,-25],[-2,-32],[7,-31],[3,-23],[14,-20],[20,14],[10,-10],[-5,-19],[-11,-14],[6,-11],[-5,-14],[-14,3],[-15,-12],[-13,-51],[-2,-27],[4,-31],[7,-10],[4,-27],[-7,-13],[4,-16],[18,19],[13,-2],[10,-26],[-19,-9],[-11,6],[2,-24],[-5,-9],[-12,1],[-6,-11],[6,-22],[-6,-8],[7,-24],[17,-4],[-4,-48],[12,-7],[-3,-19],[-15,-1],[-17,-12],[3,-31],[8,-2],[3,-22],[-28,-28],[21,-23],[-1,-12],[-22,-11],[-10,-17],[11,-20],[2,-18],[-13,-9],[9,-57],[-6,-19],[-14,-5],[-9,-22],[10,-33],[-10,-28],[-5,-35],[-11,-10],[-10,-17],[-10,-5],[-15,-28],[-10,-26],[-12,-48],[-1,-29],[9,-24],[8,-8],[-1,-44],[-13,-20],[2,-16],[17,-20],[-18,-12],[-6,-32],[-12,-12],[-13,-24],[-6,-24],[5,-13],[3,-44],[-6,-14],[-20,-26],[3,-51],[-6,-11],[0,-23],[-12,7],[-5,35],[-8,29],[-19,19],[-29,-9],[-13,-8],[-56,-51],[-32,-43],[-22,-36],[-30,-54],[-31,-63],[-49,-124],[-30,-90],[-23,-95],[-17,-82],[-21,-147],[-9,-77],[0,-63]],[[55948,37668],[-21,-13],[-13,-30],[-9,2],[-8,-20],[-15,-12],[-8,-25],[5,-24],[-12,-24],[-10,13],[-19,-10],[10,-13],[-16,-23],[-23,8],[-7,9],[6,26],[-4,25],[-11,11],[11,19],[-3,23]],[[55801,37610],[-1,12],[-16,8],[8,23],[25,23],[16,-4],[-4,18],[-44,94],[-49,113],[-38,88],[-34,74],[-9,37]],[[55853,38171],[5,-5],[4,-22],[14,-30],[17,-7],[13,-29],[11,2],[19,-32],[44,-99],[11,-29],[-10,-90],[-3,-9],[-62,-84],[12,-23],[11,-35],[9,-11]],[[58136,46522],[1,-21],[6,-37],[9,-33],[2,-52],[-17,-39],[-2,-15],[2,-31],[5,-28],[-21,-20],[-13,4],[-6,-14],[-11,4],[-15,-16],[-6,-52],[-8,-19],[-4,-39],[-52,19],[-68,61],[-11,-15]],[[57927,46179],[-3,-10],[-20,5],[-14,-14],[-39,4],[-14,-13],[-20,-26],[-24,-7],[-8,-19],[-9,-44],[-9,-14],[-25,-19],[-43,18],[-22,2],[8,82],[-34,-22],[-13,-21],[-4,-27],[-22,6],[4,38],[5,17],[-81,22],[-3,-33],[-39,11],[8,52],[-7,20],[-69,18],[11,106],[16,-5],[3,29],[-26,7],[-8,30],[-27,3],[3,14],[15,15],[7,20],[-25,68],[-4,30],[0,44],[-21,18],[-5,32],[0,43],[-16,15],[-9,22],[0,62],[5,30],[-1,22],[-15,25],[-1,17],[3,25],[-7,20],[0,20],[12,36],[-11,29],[11,37],[-17,59],[-1,47],[-9,17],[-18,14],[-9,26],[-18,-12],[-7,17],[-26,0],[-16,35],[-21,7],[-3,20],[8,54],[-2,14],[-18,27],[-32,34],[-14,10],[-37,21],[-32,41],[-6,33],[-2,43]],[[58724,48965],[7,-9],[14,-2],[10,-39],[22,-51],[47,-9],[13,0],[22,20]],[[58753,48501],[-7,1],[-21,-27],[-13,-2],[-10,11],[-9,19],[-2,30],[-5,18],[-22,12],[-30,30],[-17,-8],[-13,-12],[-8,-19],[-10,0],[-4,-24],[12,2],[14,-20],[8,-30],[19,2],[1,-28],[7,-27],[15,2],[-7,-18],[-7,-40],[0,-41],[-16,-23],[2,-41],[-5,-36],[3,-15],[1,-39],[7,-27],[-1,-19],[-14,-12],[-22,-2],[-8,12],[-3,24],[-10,21],[14,18],[0,23],[-7,14],[-14,-2],[-3,17],[-16,5],[-10,-2],[-7,-16],[-44,29],[4,20],[-9,7],[-8,19],[-6,-5],[-8,-50],[-9,-13],[12,-32],[20,7],[-14,-39],[13,-31],[7,3],[14,52],[1,20],[16,9],[8,-13],[-5,-29],[5,-28],[8,-21],[-14,-23],[-7,-30],[22,-54],[27,-34],[4,-15],[13,-19],[-8,-20],[13,-32],[9,-32],[0,-20],[19,-29],[-3,-17],[2,-29],[7,-23],[1,-18],[7,-5],[2,-19],[7,-3],[6,-23],[-7,-25],[-21,-15],[-10,38],[-8,13],[-6,20],[-8,46],[1,21],[-12,12],[-1,18],[-12,37],[-19,16],[-8,-3],[-17,27],[-20,12],[-5,-3],[-29,-38],[-9,15],[-8,2],[-10,-12],[3,-11],[-19,-27],[35,-5],[15,-10],[12,9],[6,-7],[12,12],[-1,-40],[6,-14],[25,-8],[11,-20],[-17,-5],[-13,-18],[3,-16],[1,-27],[5,-19],[13,-25],[-3,-23],[7,-25],[-1,-38],[-26,29],[-4,21],[-15,29],[-17,24],[-9,22],[-2,-38],[-4,-11],[-1,-31],[-14,-2],[2,-26],[30,-19],[-4,-14],[-1,-26],[-7,-9],[-12,4],[-15,-12],[-6,-18],[3,-19],[9,-20],[8,-5],[18,10],[4,15],[20,10],[20,-11],[7,-16],[16,-18],[12,9],[18,-18],[22,6],[11,0],[1,-28],[7,-4],[-12,-28],[11,-10],[2,-16],[9,-23],[-16,-6],[-9,-12],[-8,5],[-11,40],[-28,37],[-19,14],[-10,25],[-17,10],[-9,-8],[-16,8],[-13,-2],[-11,-23],[-18,-1],[-11,6],[-20,-4],[-6,-10],[-12,-1],[1,23],[-5,23],[-20,33],[-10,4],[-21,19],[-14,32],[-19,12],[-16,1],[-27,-24],[-9,-18],[11,-55],[15,-29],[-5,-11],[-11,4],[-9,16],[-12,2],[-14,-11],[-13,-27],[-11,-35],[-14,-39],[2,-17],[-10,-21],[-24,-3],[-12,-16],[-5,-34],[-10,-5],[-30,-2],[-9,8],[-11,-24],[-7,26],[-8,-18],[-7,1],[-7,-16],[3,-20],[17,-4],[-3,-22],[-18,-40],[7,-23],[14,-15],[13,28],[7,7],[0,16],[14,-1],[1,-40],[8,-19],[23,-15],[19,16],[34,12],[16,3],[11,20],[8,34],[10,24],[4,20],[11,11],[7,24],[13,2],[4,-17],[28,-8],[19,8],[3,-56],[7,-19],[7,-4],[19,4],[3,-43],[-4,-8],[-4,-56],[6,-18],[17,-19],[-16,-6],[-7,-11],[4,-26],[-19,-7],[-15,10],[-14,24],[-35,8],[-4,-16],[20,-33],[-2,-16],[-21,6],[-18,21],[-11,34],[-15,9],[-16,-6],[-8,-14],[7,-18],[4,-61],[18,3],[3,-23],[-5,-9],[-27,-11],[-21,13],[-20,-9],[-18,-40],[-10,21],[4,17],[-7,31],[-20,-24],[-8,-52],[-1,-37],[-13,-24],[-5,10],[-16,-5],[0,-18],[10,-18],[16,-12],[21,-7],[10,33],[20,4],[9,-16],[-9,-21],[-15,-50],[2,-16],[22,-35],[-8,-18],[5,-15],[-3,-20]],[[55761,39391],[32,59],[5,15],[12,-10],[22,3],[24,48],[10,-12],[25,47],[9,-10],[16,30],[13,9],[-38,53],[27,51],[32,54],[-26,40],[45,83],[6,17],[1,28]],[[55976,39896],[11,-4],[4,16]],[[56095,39719],[5,-50],[7,-21],[-4,-16],[-25,-3],[-6,16],[-12,-7],[-9,6],[-20,-8],[-14,-19],[5,-14]],[[56022,39603],[0,-29],[-13,-8],[-2,-17],[4,-22],[-5,-18],[0,-25],[13,-10],[0,-23],[-24,0],[6,-16],[22,7],[17,-21],[2,-44],[-1,-14],[-20,-14],[2,-26],[10,-14],[7,1],[16,-17],[17,12],[23,-18],[8,-17],[19,0],[-7,-20],[9,-19],[12,3],[7,-8],[23,-12],[10,17],[14,5],[18,22],[10,-4],[-11,-30],[-13,0],[-8,-8],[6,-34],[-2,-9],[-16,3],[-18,-8],[-27,17],[-7,-2],[-6,-25],[-11,17],[-3,22],[-7,16],[-14,6],[-7,11],[-24,4],[-28,10],[-13,-10],[32,-7],[9,-6],[-12,-26],[-13,7],[-15,-18],[-10,6],[-13,-7],[7,-20],[-4,-7],[-23,-1],[-5,45],[-11,2],[-15,-13],[-6,17],[-12,-18],[-3,18],[-15,18],[-11,7],[8,29],[-6,21],[-16,-41],[-13,5],[5,32],[-9,11],[-4,17],[-8,13],[-7,-18],[7,-34],[-17,-13],[0,30],[-5,20],[-17,1],[-7,6],[-11,-6],[-2,38],[-8,29],[-19,20]],[[56302,39383],[8,-39],[-17,-10],[-1,-13],[-18,-21],[-1,-25]],[[56273,39275],[-8,-10],[-8,-38],[-6,-8],[13,-39],[-3,-10],[-16,12],[-7,11],[-9,-11],[-10,21],[5,12],[17,19],[6,13],[-6,22],[-16,19],[-8,-2],[-26,49],[-7,-3],[-14,-28],[17,-24],[-1,-11],[-27,-18],[-5,16],[-14,0],[-11,22],[-8,0],[0,22],[12,2],[-13,27],[-15,-29],[-16,5],[-11,15],[3,19],[-11,28],[-1,-49],[-14,-9],[-13,8],[-6,16],[16,14],[3,10],[-5,43],[1,17],[-9,14],[-14,11],[3,15],[-11,27],[1,24],[-6,28],[13,20],[1,26],[-4,9]],[[56025,39602],[11,-2],[112,-32],[9,-10],[22,-6],[28,22],[12,2],[1,-20],[-9,-26],[-13,-24],[3,-13],[10,-14],[11,-29],[13,-7],[22,-41],[7,-23],[13,-10],[25,14]],[[54363,38811],[-36,-96],[-6,-20],[-3,-36],[7,-46],[11,-23],[28,-37],[7,-12],[9,-31],[10,-63],[6,-24],[22,-71],[14,-28],[28,-24],[17,-19],[17,-44]],[[54579,38026],[-11,-10],[-12,-19],[-9,-40],[-58,16],[-116,50],[-20,6],[-16,0],[-7,-15],[-64,-75],[5,-47],[-15,-56],[-5,-25],[-6,-59],[29,29],[13,-10],[10,-30],[17,-29],[17,-9],[21,-29],[18,-13],[-1,-47],[4,-27],[-1,-22],[-29,-94],[-35,-42],[-25,-48],[-6,-18],[-11,-51],[-6,-41],[-1,-36],[-1,-87]],[[62582,87324],[-21,-21],[-7,-29],[-12,-32],[-14,-15],[-22,18],[-5,20],[-9,0],[-38,-50],[-9,-27],[0,-102],[-9,-30],[-9,-15],[-5,-55],[-12,-40],[-182,52],[3,-14],[-6,-15],[-8,4],[-19,-7],[-11,7],[-6,18],[-13,0],[-10,13],[-7,31],[-9,3],[-25,-18],[-8,-1],[-7,21],[-151,42],[-385,103],[13,-38],[-143,33],[4,51],[-181,47],[-3,-33],[-44,10],[9,12],[-28,7],[2,22],[-146,37],[1,-7],[25,-30],[-2,-15],[6,-37],[0,-29],[-22,5],[-16,-22],[-22,-50],[-33,-28],[-11,-12],[-4,-13],[-16,-25],[-11,0],[-12,-17],[-11,13],[-1,17],[-27,25],[-11,2],[-28,-45],[-31,-26],[-16,-3],[-11,-27],[-2,-42],[21,-43],[16,-21],[-2,-45],[12,-15],[3,-12],[-16,-32],[-6,-21],[-9,-12],[-7,-22],[-31,-23],[-5,-20],[7,-26],[12,-22],[-5,-27],[-12,7],[-38,5],[-13,-11],[-25,-1],[-17,-6],[-34,-36],[-10,-23],[-11,-9],[-7,-24],[-30,-15],[-21,1],[-7,10],[-14,1],[-13,10],[-13,-4],[-17,13],[-9,21],[-23,8],[-24,26],[-20,-34],[-15,0],[-8,-13],[-3,-35],[-25,-9],[-18,5],[-11,26],[-20,7],[-15,-7],[-25,32],[-12,0],[-4,26],[-9,17],[-38,4],[-9,-4],[-40,18],[-105,-119],[-18,5],[-3,-29],[-23,6],[-4,-39],[-24,6],[-4,-40],[-24,2],[-32,10],[-51,12],[-2,3],[-46,13],[-90,30],[3,30],[-7,14],[-8,-3],[-7,-24],[-8,-16],[-16,-15],[-16,-32],[-4,-38],[-8,1],[2,29],[-10,2],[-3,12],[-18,23],[-11,24],[-35,54],[-6,30],[-12,28],[0,22],[8,76],[7,39],[12,51],[8,39],[17,26],[15,-4],[10,127],[-115,30],[10,48],[19,27],[4,20],[4,37],[-18,18],[-9,16],[-12,8],[-21,5],[-12,8],[-160,45],[-170,49],[-13,19],[-5,24],[1,13],[17,21],[-16,74],[-71,20],[-19,-206],[-102,23],[-10,-118],[-153,39],[2,27],[-135,34],[4,49],[-57,16],[15,159],[-47,12],[24,255],[6,2],[1,37],[6,43],[4,7],[0,37],[-3,62],[-128,35],[-67,131],[-139,38],[-429,238],[-81,23],[-15,-164],[17,-25],[-22,-47],[5,-8],[-10,-20],[13,-19],[-20,-41],[6,-17],[12,18],[15,-30],[-5,-12],[-25,-29],[-8,-19],[-31,-14],[-9,-31],[-15,-13],[-64,-30],[-16,-10],[-28,4],[-11,46],[-7,17],[-19,30],[-7,22],[-10,41],[-1,38],[-6,49],[-16,36],[-3,36],[34,20],[8,23],[-6,43],[-8,31],[-17,32],[-17,2],[-28,12],[-16,-2],[-41,60],[-22,54],[-7,34],[-20,57],[-14,25],[-11,31],[-26,46],[-1,24],[10,27],[5,26],[-5,56],[-9,30],[1,36],[-12,63],[-14,28],[-1,15],[-11,6],[-8,-15],[-15,6],[-5,28],[1,35],[-4,51],[2,16]],[[57249,89120],[62,-31],[16,-2],[42,20],[29,-20],[7,-11],[8,7],[37,64],[2,59],[7,19],[9,13],[7,22],[11,53],[7,21],[15,20],[13,10],[8,21],[19,5],[13,-7],[15,3],[25,29],[7,46],[9,21],[34,36],[49,62],[23,37],[14,32],[20,78],[9,54],[1,26],[11,78],[-1,11],[9,33],[16,11],[19,22],[21,15],[5,13],[15,14],[44,18],[14,21],[17,71],[6,33],[15,29],[2,10],[-6,26],[10,13],[16,-4],[10,-18],[9,12],[7,18],[3,29],[-6,17],[-29,29],[-12,25],[-25,34],[1,30],[16,38],[3,39],[10,36],[8,18],[-6,60],[-5,21],[-1,47],[16,50],[-1,51],[13,42],[8,-3],[7,15],[5,39],[4,11],[9,47],[17,14],[23,56],[0,6],[16,29],[21,6],[6,8],[12,67],[23,24],[26,22],[11,38],[18,21],[-9,42],[7,35],[10,19],[12,6],[10,77],[6,22],[4,51],[1,29],[10,8],[8,-4],[75,83],[28,35],[20,-26],[13,-4],[13,12],[10,-16],[11,10],[20,50],[8,2],[6,33],[15,28],[4,16],[11,11],[35,21],[37,16],[9,25],[22,9],[3,10],[11,-2],[19,-14],[10,-15],[17,6],[11,14],[22,7],[8,-19],[19,-14],[13,-36],[11,8],[2,16],[7,10],[-2,26],[3,24],[17,25],[22,29],[13,10],[20,-14],[8,5],[5,19],[12,7],[7,15],[14,15],[31,60],[11,9],[18,-5],[14,-12],[16,-6],[5,26],[11,16],[4,25],[-3,14],[18,37],[11,11],[12,27],[6,23],[0,22],[13,21],[5,-11],[20,-8],[15,3],[-3,23],[2,20],[13,-1],[22,26],[3,40],[11,39],[11,13],[-1,19],[16,11],[10,-5],[12,-46],[21,19],[13,4],[9,26],[9,8],[0,18],[21,16],[14,-10],[13,-30],[14,-8],[0,-25],[-5,-27],[4,-23],[-12,-28],[1,-14],[9,-35],[3,-20],[14,-47],[-2,-14],[4,-26],[13,-3],[10,-17],[-8,-40],[18,-57],[-1,-18],[9,-29],[1,-15],[9,-31],[-9,-25],[-11,-9],[21,-16],[5,-15],[20,-13],[16,-2],[21,-33],[13,-3],[-6,-17],[-2,-24],[19,-25],[6,-30],[18,-4],[19,-25],[10,-7],[11,5],[-2,-61],[4,-44],[-8,-17],[-5,-25],[2,-7],[-6,-36],[34,-34],[3,19],[30,35],[19,11],[17,-6],[5,13],[14,14],[4,16],[10,2],[12,12],[8,-1],[44,31],[10,-6],[11,-32],[-2,-10],[24,-8],[2,-35],[-18,-20],[8,-44],[26,-22],[32,-5],[11,-17],[27,23],[15,22],[12,32],[0,24],[5,6],[2,37],[-4,22],[9,35],[12,25],[0,35],[-18,30],[-8,50],[7,11],[-1,24],[6,57],[-2,36],[7,40],[9,37],[8,15],[7,-6],[26,38],[27,14],[42,4],[31,-27],[19,-47],[15,-6],[24,3],[13,-6],[3,13],[15,20],[62,-42],[16,21],[9,-15],[17,2],[21,-16],[19,-10],[34,-32],[18,-51],[-8,-21],[4,-27],[14,8],[22,5],[27,32],[52,35],[31,2],[12,16],[38,7],[16,20],[9,5],[11,-4],[15,-17],[20,11],[11,18],[10,-3],[6,25],[6,12],[10,33],[12,17],[19,6],[15,-12],[14,26],[64,85],[9,39],[9,-2],[18,-47],[-9,-41],[10,-53],[18,-6],[15,12],[11,15],[7,-2],[5,28],[7,19],[3,25],[10,16],[9,40],[-3,22],[39,20],[5,13],[-3,35],[6,4],[8,30],[0,15],[10,56],[18,28],[-7,42],[14,36],[7,10],[13,4],[7,10],[-5,36],[-6,28],[9,12],[10,29],[-8,31],[-30,-31],[-14,-5],[-9,-24],[-11,-10],[-16,38],[-20,26],[-17,5],[-8,16],[12,27],[6,37],[-7,68],[23,14],[-1,16],[11,45],[21,-10],[11,21],[26,19],[5,44],[-1,42],[14,24],[-3,23],[-9,5],[5,34],[6,14],[-7,28],[2,38],[-2,10],[15,45],[-1,21],[-16,41],[-5,27],[2,23],[19,21],[14,39],[1,30],[-19,18],[-8,18],[13,47],[-8,26],[4,16],[-2,32],[4,22],[-8,29],[1,47],[13,28],[8,1],[6,12],[2,35],[-4,22],[4,12],[12,4],[9,32],[13,28],[-1,32],[-8,38],[-21,22],[6,13],[17,9],[6,13],[35,32],[8,20],[10,6],[6,22],[22,30],[33,28],[17,7],[26,71],[-5,17],[-17,20],[-1,25],[-16,17],[-16,36],[2,9],[-9,65],[9,30],[3,21],[6,8],[-8,25],[-1,18],[-17,19],[-14,-14],[-14,8],[-11,-13],[-20,-12],[-12,28],[0,8],[-14,30],[-9,1],[-10,31],[7,24],[-5,27],[-32,40],[-41,-17],[-16,1],[-23,8],[0,6],[-21,10],[-23,-10],[-13,-11],[-21,9],[6,33],[-14,29],[-2,17],[-14,42],[-1,21],[-8,-5],[-13,16],[5,24],[-3,11],[0,76],[-11,42],[-11,27],[-8,2],[-5,30],[-28,67],[0,24],[-5,17],[9,21],[2,27],[9,19],[1,27],[-5,17],[-12,8],[-1,26],[-6,17],[-4,32],[1,13],[16,54],[1,16],[-21,31],[-4,57],[-11,36],[2,12],[-20,40],[-17,11],[-18,41],[-35,11],[-16,-1],[-12,29],[-6,24],[-23,10],[-11,21],[-3,16],[9,49],[-1,17],[-7,5],[-14,33],[-2,37],[5,29],[8,14],[-1,34],[-9,3],[-8,29],[5,61],[12,51],[1,13],[10,12],[-11,16],[-5,68],[16,35],[16,1],[16,14],[8,21],[11,13],[6,18],[7,2],[18,48],[24,11],[2,10],[26,-3],[5,-38],[7,-7],[6,-37],[-9,-34],[2,-29],[14,-41],[2,-34],[8,-18],[16,9],[17,-22],[16,4],[15,-18],[12,7],[19,0],[15,15],[12,-4],[10,9],[22,4],[11,33],[7,10],[-6,33],[4,8],[19,22],[6,25],[15,1],[49,58],[22,50],[22,37],[10,44],[34,25],[19,24],[12,3],[13,-5],[17,27],[7,6],[17,28],[0,54],[-2,14],[11,24],[-3,24],[4,9],[-1,41],[5,11],[16,-7],[9,13],[8,-21],[23,-7],[14,9],[8,11],[22,-10],[18,14],[16,-15],[7,2],[4,37],[11,-4],[20,15],[7,19],[22,2],[28,-13],[3,11],[16,-1],[13,11],[20,-3],[3,21],[18,34],[16,38],[16,1],[7,10],[18,8],[12,41],[7,5],[7,30],[10,29],[13,4],[12,29],[23,13],[22,1],[10,37],[13,2],[7,12],[26,7],[20,-21],[20,2],[16,-7],[36,-24],[16,-19],[11,4],[9,36],[13,13],[27,-22],[53,-21],[15,-60],[-1,-16],[18,-10],[19,2],[18,-34],[13,14],[11,32],[3,30],[20,51],[16,2],[7,23],[-1,17],[7,40],[19,24],[5,28],[15,13],[9,42],[-3,18],[25,21],[13,23],[16,24],[18,10],[2,36],[10,13],[8,29],[25,27],[16,51],[2,18],[10,1],[7,37],[9,13],[8,-14],[22,-10],[27,-4],[17,-7],[27,5],[15,17],[-1,14],[8,69],[19,41],[14,14],[7,17],[26,38],[9,5],[18,35],[2,22],[7,20],[2,24],[19,4],[16,-12],[26,-36],[34,2],[30,-16],[20,17],[34,-14],[13,7],[8,14],[19,10],[9,17],[20,21],[13,4],[27,-26],[3,-9],[17,-18],[20,3],[33,-12],[12,13],[8,1],[18,-26],[20,-8],[15,15],[0,16],[21,38],[10,54],[13,30],[16,24],[13,56],[50,59],[3,22],[27,35],[11,49],[-12,51],[0,13],[-12,19],[-15,37],[-1,94],[2,12],[13,19],[4,17],[-4,59],[9,17],[2,21],[9,13],[12,-16],[14,-11],[27,2],[8,20],[17,-1],[26,-22],[11,0],[16,20],[14,-9],[6,13],[-8,54],[3,35],[6,9],[7,28],[7,8],[12,26],[1,17],[16,20],[17,4],[16,65],[8,17],[10,11],[-7,15],[-2,37],[6,13],[3,29],[12,18],[35,21],[18,4],[16,-14],[27,7],[16,-1],[21,45],[23,-2],[6,-5],[18,11],[6,-3],[21,10],[13,20],[14,2],[9,15],[10,-2],[21,-25],[15,-3],[5,-32],[-4,-22],[15,-1],[17,-41],[40,-10],[16,-17],[11,6],[2,-22],[12,-12],[-12,-51],[-8,-18],[0,-77],[-8,-34],[-6,-13],[-8,-29],[0,-25],[3,-46],[-4,-7],[3,-43],[-3,-16],[-17,-25],[-3,-26],[5,-19],[13,-9],[7,-13],[12,-10],[10,-19],[29,-6],[15,-25],[10,-24],[4,-32],[28,-25],[32,24],[-1,-29],[-5,-29],[5,-12],[11,16],[17,5],[16,-6],[7,6],[46,-34],[5,-11],[8,-68],[6,-4],[21,-50],[6,26],[13,25],[0,27],[10,22],[2,15],[15,13],[7,13],[8,29],[12,16],[6,28],[15,12],[6,38],[-5,10],[11,27],[2,16],[15,24],[-7,47],[-8,29],[-6,72],[-4,23],[4,10],[0,24],[10,28],[-1,20],[20,37],[0,10],[41,51],[10,38],[11,10],[9,-20],[-2,-30],[8,-25],[-1,-32],[3,-27],[18,-16],[7,-17],[8,-35],[-2,-29],[-6,-17],[10,-27],[1,-28],[16,-19],[8,-37],[11,-16],[12,-1],[15,-22],[7,-22],[17,-31],[26,-9],[13,10],[10,-14],[18,10],[6,12],[24,2],[10,13],[26,-4],[4,-10],[17,-5],[3,-23],[21,-16],[9,-28],[-1,-35],[3,-54],[14,-14],[17,-32],[12,9],[14,0],[12,6],[7,-17],[-1,-17],[5,-26],[22,-21],[16,-2],[18,14],[15,-26],[16,-4],[3,-27],[20,-36],[15,24],[12,6],[13,-20],[7,-2],[19,-18],[15,12],[24,-55],[10,-11],[10,-21],[4,-21],[8,-3],[5,12],[17,-19],[18,-43],[20,-12],[14,-4],[12,-13],[13,-21],[31,3],[24,37],[5,20],[-10,23],[-10,11],[8,28],[23,15],[6,0],[18,17],[26,15],[11,16],[14,6],[10,-8],[14,1],[18,-24],[9,-3],[7,-22],[20,-9],[10,-21],[14,3],[11,9],[11,-11],[8,6],[16,-2],[9,23],[18,9],[-3,36],[4,55],[16,15],[2,16],[19,20],[14,24],[6,-6],[19,2],[8,35],[-5,35],[5,16],[7,-1],[14,30],[1,20],[16,34],[12,-3],[11,-16],[17,-8],[28,28],[23,51],[8,39],[14,0],[16,-18],[16,15],[11,-1],[34,-22],[68,20],[13,20],[12,-37],[12,-5],[8,-14],[16,-4],[10,-20],[13,-7],[4,-18],[13,-22],[11,-26],[10,-14],[33,-4],[21,-13],[6,-13],[22,-21],[13,-9],[12,1],[21,-7],[27,-35],[18,-10],[15,-20],[8,14],[19,17],[21,1],[12,-10],[19,8],[12,13],[11,-5],[13,6],[22,1],[20,14],[16,-5],[42,9],[16,-16],[11,-4],[30,-47],[14,1],[21,14],[14,-21],[12,-3],[8,-11],[23,-3],[16,6],[39,-18],[67,35],[16,-15],[29,-3],[12,-24],[16,3],[14,-19],[38,48],[15,-14],[8,-18],[15,6],[8,-18],[25,4],[9,-13],[12,5],[21,-8],[10,-23],[19,-16],[5,-26],[15,-20],[9,7],[9,-5],[10,-22],[20,1],[19,-7],[15,14],[16,-10],[10,-14],[20,-7],[5,-8],[22,-10],[13,7],[16,-14],[10,26],[10,-3],[4,27],[7,10],[3,39],[10,17],[2,33],[5,10],[0,23],[20,-5],[19,27],[8,2],[-1,27],[9,6],[13,55],[6,8],[-17,45],[-13,23],[-4,40],[5,26],[5,5],[39,-2],[16,58],[14,9],[27,-10],[2,5],[-3,46],[-5,15],[6,14],[19,3],[34,27],[6,13],[0,37],[7,12],[9,1],[14,-7],[8,6],[12,-17],[8,-2],[18,26],[8,25],[-7,23],[-14,22],[-1,12],[7,28],[-23,29],[-6,29],[37,28],[9,16],[9,-6],[22,21],[-7,43],[4,18],[-16,52],[-1,48],[8,3],[4,37],[12,33],[-1,18],[6,11],[17,-7],[15,18],[15,2],[16,10],[19,-23],[15,-38],[29,-36],[20,9],[4,21],[19,8],[22,-48],[6,-3],[35,-60],[18,0],[19,-8],[41,-10],[9,23],[5,39],[1,28],[19,51],[20,32],[7,17],[14,7],[18,-9],[28,23],[35,19],[16,1],[7,24],[21,28],[28,6],[14,26],[3,15],[13,8],[13,-4],[26,-17],[8,1],[19,17],[26,-1],[3,-5],[20,-40],[24,-18],[17,16],[23,10],[14,1],[13,-14],[27,8],[12,17],[10,2],[22,-10],[7,-21],[-1,-18],[6,-60],[11,-7],[4,-16],[25,-24],[18,5],[19,18],[9,-7],[20,0],[16,7],[18,-9],[13,11],[21,6]],[[68281,99028],[3,-1],[-6,-63],[14,-4],[-6,-63],[-7,2],[-6,-33],[-1,-27],[17,-5],[-2,-11],[97,-28],[-3,-32],[21,-5],[-14,-140],[10,-31],[8,-7],[6,-24],[24,2],[11,-25],[10,-8],[13,5],[19,16],[14,-22],[25,-4],[20,5],[8,8],[14,29],[15,22],[19,8],[15,15],[16,32],[9,0],[9,-11],[38,-9],[43,33],[14,23],[5,23],[6,48],[-10,46],[8,12],[26,11],[11,-1],[9,-14],[-7,-15],[-2,-15],[5,-18],[16,-6],[-3,-31],[6,-42],[1,-58],[-4,-50],[-5,-21],[-10,-23],[-20,-21],[-31,-9],[-20,-2],[-27,-15],[-19,-31],[-13,-40],[-4,-49],[-1,-47],[-7,-15],[-54,-44],[-25,-14],[-22,-19],[12,-46],[12,-17],[47,-29],[-3,-27],[55,-15],[-16,-173],[-91,25],[-1,-10],[-68,18],[-5,-42],[-14,-9],[-23,-65],[-21,-26],[-1,-22],[11,-31],[9,-17],[22,-20],[5,-46],[5,-13],[145,-39],[-1,-6],[31,-8],[-2,-30],[-31,9],[-13,-136],[17,-7],[8,4],[19,-12],[13,-33],[15,-3],[18,-19],[1,-20],[26,-21],[20,-7],[-1,-27],[5,-26],[-9,-91],[-2,-12],[-18,5],[-16,-9],[-11,-12],[-10,-27],[-11,-5],[-14,-25],[-3,-17],[-12,-18],[5,-20],[-65,17],[-5,-60],[-30,8],[-2,-13],[-11,-10],[-8,5],[-15,-5],[-12,-27],[-14,-17],[-4,-28],[-6,-15],[-7,-34],[-10,-23],[-10,-8],[-16,-2],[-20,-12],[-6,-22],[12,-35],[15,-27],[4,-21],[14,-47],[10,-8],[8,23],[46,-13]],[[54376,40399],[-37,18],[-42,8],[-98,24],[-173,44],[0,-3],[81,-128],[3,-7],[-57,-72],[-17,-17],[5,-36],[10,-22],[14,-10],[2,-22],[-3,-21],[10,-4],[11,-17],[-6,-22],[6,-34],[6,-10],[10,-51],[5,-1],[9,-30],[10,-17],[8,-33],[7,-12],[-1,-17],[5,-29],[9,-12],[16,-32],[1,-27],[11,-7],[-7,-17],[2,-20],[11,-1],[3,-28]],[[53594,39790],[34,51],[6,17],[4,36],[15,22],[36,-12],[14,20],[9,56],[8,-2],[7,78],[14,-5],[5,44],[9,-3],[6,14],[25,18],[-9,29],[7,61],[10,-3],[4,67],[-89,29],[4,39],[-40,10],[26,122],[14,22],[2,33],[-13,21],[-6,19],[-1,31],[8,39],[-84,22],[5,48],[-34,9],[-15,-14],[-19,-56],[10,-39],[-1,-31],[-11,3],[-3,-21],[-20,5],[-11,45],[-52,15],[-6,19],[-118,33]],[[54200,41014],[128,-33],[77,-21],[15,-14],[-1,-21],[6,-18],[-7,-11],[-7,-30],[-14,-13],[30,-20],[7,-60],[20,6],[2,-21],[-20,-6],[12,-104],[3,-9],[21,17],[11,-5],[4,-36],[13,-34],[-10,-13],[2,-18],[-9,-22]],[[57455,51798],[7,-92],[7,-42],[12,-63],[4,-10],[21,-26],[38,-20],[20,-37],[12,-15],[24,-11],[16,8],[3,12],[-9,13],[-4,24],[17,25],[28,28],[6,13],[2,24],[-13,80],[10,25],[15,0],[39,-25],[13,5],[7,15],[9,36],[1,16],[-6,15],[-19,24],[-5,21],[9,20],[9,5],[17,-4],[54,-37],[26,-22],[9,0],[24,18],[6,10],[8,41],[1,18],[-7,39],[3,24],[17,80],[16,41],[13,13],[11,1],[24,-13],[23,-21],[11,-28],[13,-91],[28,-95],[20,-29],[5,-21],[-3,-103],[4,-68],[-6,-64],[0,-22],[17,-46],[14,-20],[16,6],[15,15],[26,35],[37,66],[16,36],[9,8],[23,0],[6,-11],[3,-29],[-4,-36],[6,-23],[50,-22],[27,22],[14,8],[14,1],[18,-11],[4,-9],[15,-77],[1,-17],[-16,-89],[-20,-71],[-16,-41],[-15,-55],[-16,-73],[5,-27],[11,-18],[23,-8],[9,11],[23,11],[43,-18],[18,-33],[24,-10],[32,33],[10,37],[-2,12],[-1,66],[5,22],[30,10],[9,23],[13,17],[17,1],[14,10],[20,-11],[9,0],[13,14],[33,-32],[4,-12],[0,-32],[5,-13],[24,-9],[32,7],[23,17],[18,24],[9,8],[17,-7]],[[58779,51193],[20,-37],[25,-8],[17,-14],[27,-61],[19,-61],[16,-35],[18,-18],[15,-4],[14,4],[16,17],[7,21],[14,24],[2,12],[-5,41],[6,17],[28,19],[19,2],[9,-7],[15,-30],[15,-10],[22,1],[21,-13],[31,-28],[26,-19],[16,-2],[18,11],[15,14],[12,-20],[-3,-31],[-21,-53],[6,-37],[25,-35],[7,-28],[-4,-47],[5,-19],[13,-1],[8,14],[13,46],[18,16],[17,-2],[14,-16],[1,-23],[-6,-15],[-22,-27],[-51,-84],[-35,-62],[-28,-85],[-23,-35],[-19,-16],[-23,-6],[-37,6],[-14,-7],[-8,-15],[-4,-20],[10,-40],[10,-13],[32,-26],[16,-25],[-1,-25],[-7,-21]],[[59126,50277],[-189,49],[-79,22],[-57,95],[-8,-77],[-42,10],[-17,21],[-19,18],[-15,25],[-21,-221],[-6,2]],[[56512,39871],[38,-11],[23,-33],[67,-20],[3,51],[15,5],[12,17],[18,-16],[15,12],[-6,44],[2,38],[11,19],[17,44],[2,20],[9,10],[19,-1],[24,33],[19,42],[23,32],[15,48]],[[56838,40205],[8,-5],[10,-33],[13,-7],[14,37],[13,10],[7,-3],[-22,-40],[-9,-26],[0,-18],[11,-4],[7,-44],[6,-11],[4,-64],[-2,-19],[-11,11],[-13,-12],[-24,-49],[2,-63],[10,-26],[-3,-14],[-14,16],[-16,-20],[9,-30],[-1,-9],[-13,-8],[-4,-19],[0,-62],[4,-26],[8,-22],[9,0],[12,-20],[18,0],[7,16],[20,-36],[1,-16],[10,-28],[15,0],[4,-9],[-8,-43],[-16,-11],[3,-20],[-5,-27],[-10,-14],[4,-30],[-2,-22],[-8,-7],[-30,21],[-4,7],[-27,8],[-6,-3],[-12,20],[6,66],[17,14],[-7,35],[-15,19],[-13,-27],[-2,39],[10,24],[8,8],[-3,21],[-22,18],[-10,-14],[-9,6],[-14,-13],[-14,-5],[-27,37],[-16,-9],[19,-23],[7,-35],[10,-12],[13,-30],[2,-30],[-10,-20],[-12,14],[-9,2],[-9,-19],[-21,-18],[-5,-30],[-11,-6],[0,28],[-10,37],[-16,4],[-14,9],[-1,11],[-11,19],[-1,15],[9,9],[-5,33],[-12,-6],[-4,16],[-30,-6],[-9,-22],[-16,3],[-13,-6],[-10,14],[1,16],[20,35],[-9,12],[-13,33],[7,18],[2,36],[-12,46],[-8,8],[-4,19],[1,47]],[[56672,38177],[-10,-11],[7,-15],[12,-9],[15,-21],[-22,-38],[-14,-3],[-6,-14],[-6,-53],[10,-27],[14,-12],[17,-25],[7,-19],[-15,-20],[11,-21],[5,-35],[-1,-23],[-9,0],[-25,12],[-17,27],[-17,11],[-9,-12],[32,-71],[0,-16],[8,-20],[-5,-21],[-38,-20],[4,-15],[9,-3],[3,-30],[-11,-33],[1,-28],[5,-24],[-21,-79],[3,-21],[-12,-5],[2,29],[-11,8],[-20,-26],[-5,15],[-22,14],[5,17],[-8,27],[6,12],[-4,16],[-19,15],[-11,-17],[-7,13],[-12,7],[15,19],[-1,21],[-5,19],[-12,11],[6,30],[-6,18],[-11,13],[-16,6],[-10,-7],[-22,-24],[-12,-24],[-10,-33],[-6,-4],[-14,25],[13,96],[-3,16],[52,32],[-5,19],[-10,-2],[-89,-42],[-17,122],[10,4],[22,-24],[3,-22],[15,-11],[4,5],[-11,31],[-25,29],[-22,16],[-26,28]],[[55504,37274],[3,16],[-3,30],[9,13],[-13,33],[-13,12],[-3,22],[4,20],[9,-11],[9,2],[1,28],[12,2],[31,-30],[-6,38],[-7,22],[2,20],[11,16],[23,16],[21,2],[15,13],[11,-14],[-4,-17],[4,-10],[-3,-23],[25,41],[10,-22],[19,4],[-9,17],[2,17],[23,7],[17,-11],[17,-2],[3,-29],[7,-31],[-10,-10],[-4,-19],[-11,27],[-11,-23],[17,-31],[-27,-13],[11,-14],[11,8],[9,-3],[-2,-15],[14,-5],[1,20],[7,15],[0,17],[21,36],[-1,35],[-6,28],[21,-1],[-4,-17],[2,-22],[-4,-28],[5,-18],[12,3],[13,-10],[11,2],[16,13],[18,-13],[8,15],[17,-24],[-5,-14],[1,-18],[13,-30],[-5,-18],[-23,-3],[3,-28],[-2,-26],[7,-1],[7,31],[-1,9],[23,20],[8,-14],[9,11],[1,29],[17,19],[12,3],[6,-18],[-8,-28],[-6,-9],[1,-27],[7,-20],[22,-33],[17,-7],[-11,-19],[-1,-18]],[[55395,37725],[25,11],[14,-50],[-22,-2],[-16,-18],[-6,-32],[2,-14],[17,-3],[3,-13],[-6,-19],[4,-10],[14,-10],[21,8],[18,-7],[24,-2],[26,-12],[22,12],[13,16],[13,37],[13,-27],[17,-1],[4,-18],[-10,-20],[-15,3],[-21,-4],[-10,-23],[-14,-9],[-4,-17],[1,-31],[-6,-7],[-19,-5],[-8,-25],[-17,-8],[-5,-22],[9,-6],[-2,-20],[18,-34],[5,-42],[-3,-12]],[[45292,24599],[0,2]],[[50366,25846],[5,-29],[16,-25],[20,-16],[14,-24],[-14,-44],[2,-17],[14,-7],[13,12],[1,-18],[8,-13],[-3,-20],[-23,-55],[11,-14],[15,2],[12,-31],[15,5],[5,-18],[-1,-67],[9,-27],[9,-38],[-4,-71],[4,-22],[-9,-23],[4,-33],[4,-6],[19,2],[9,14],[18,3],[17,-13],[16,-20],[14,-29],[6,-25],[18,27],[28,7],[10,-13],[7,-72],[5,-10],[15,-13],[-13,-23],[15,-54],[28,4],[14,-2],[15,-10],[10,2],[16,-17],[10,-17],[20,-21],[14,0],[11,12],[10,-1],[10,-10],[4,-20],[-4,-50],[7,-21],[1,-13],[12,-19],[5,-29],[14,-33],[0,-25],[18,-39],[0,-31],[5,-40],[-7,-14],[-11,2],[-22,-18],[-27,10],[-26,42],[-37,4],[-32,-14],[2,-17],[7,-18],[-3,-26],[-10,-25],[16,-13],[7,-45],[6,-12],[-2,-16],[-14,-33],[-2,-14],[24,17],[17,-5],[1,-32],[9,-14],[3,-17],[-8,-15],[11,-24],[-2,-16],[-21,-28],[-13,-11],[-6,6],[-5,31],[-14,1],[-9,-13],[-10,-32],[-3,-19],[-8,-2],[-13,-13],[-16,5],[-13,-22],[-9,-3],[-12,9],[-7,-5],[-6,-21],[-1,-18],[7,-30],[11,-10],[8,-22],[-8,-23],[-16,-25],[-19,-15],[-13,-1],[-5,-30],[9,-23],[1,-21],[9,-31],[13,-21],[-14,-36],[-27,1],[-19,7],[-13,19],[-10,5],[-13,-17],[-9,-18],[-21,-5],[-20,-26],[-15,-5],[-8,-19],[-13,-18],[-2,-27],[-14,-5],[-32,-22],[-17,-21],[-6,-19],[2,-29],[-2,-32],[-8,-12],[-26,-14],[-6,31],[-40,59],[-8,7],[-12,-12],[-7,-49],[-24,-31],[-40,9],[-22,15],[-19,-17],[10,-54],[15,-34],[-10,-47],[-6,7],[-19,5],[-17,-10],[-16,-19],[-19,-6],[-20,-18],[-8,4],[-19,25],[-17,-1],[-37,-27],[-12,0],[-6,-36],[6,-34],[-20,-1],[-15,-23],[-9,-30],[-2,-22],[-6,-12],[-8,-49],[-11,-35],[-1,-28],[8,-29],[18,-51],[-7,-29],[4,-12],[25,-19],[-4,-15],[-10,-63],[4,-41],[-21,-65],[-22,-30],[8,-41],[1,-45],[8,-16],[1,-28],[8,-6],[1,-33],[-6,-93],[2,-24],[-17,-64],[-3,-38],[5,-14],[-2,-13],[-17,-28],[-11,-12],[-26,-13],[-11,9],[-17,-8],[-19,-24],[-11,-64],[-26,-39],[-12,-12],[-20,-54],[1,-17],[20,-45],[10,-9],[6,-18],[-3,-18],[-13,-25],[-25,-17],[-7,-17],[0,-49],[-6,-21],[7,-32],[-3,-25],[5,-43],[-11,-28],[-2,-93],[-8,-38],[-18,-36],[-33,-35],[-17,-14],[-32,-34],[-22,-29],[-14,-11],[0,-20],[16,-68],[-7,-43]],[[46153,2592],[-452,345],[-379,289],[-395,304],[-450,348],[-334,258],[-649,503],[-423,327],[-253,197],[-401,315],[-864,676],[-545,426],[-391,308],[-568,449],[-279,221]],[[41251,18069],[19,73],[6,16],[5,39],[22,81],[3,30],[5,10],[24,22],[13,29],[11,13],[10,45],[22,32],[35,7],[16,9],[0,44],[19,58],[-1,34],[7,36],[20,16],[26,57],[5,16],[4,47],[22,49],[8,25],[7,41],[9,29],[-6,42],[2,30],[10,31],[5,26],[10,27],[17,23],[25,19],[16,5],[8,9],[14,5],[16,21],[10,84],[15,5],[0,13],[-9,26],[4,7],[-6,26],[7,35],[6,13],[-4,15],[14,18],[4,-24],[8,8],[-1,21],[8,10],[28,-18],[25,33],[-2,15],[-21,8],[-20,17],[-11,32],[15,12],[8,-3],[24,12],[3,-11],[22,17],[-5,38],[-14,41],[8,22],[10,8],[-3,14],[-18,10],[2,12],[13,-1],[13,31],[11,5],[15,-23],[14,16],[2,17],[8,22],[-4,22],[-7,5],[-1,23],[-7,13],[5,16],[13,16],[-8,38],[12,13],[3,29],[-8,28],[7,21],[11,15],[2,12],[13,27],[-10,19],[-4,24],[-9,20],[-12,13],[6,17],[-5,27],[4,13],[14,13],[16,2],[16,23],[19,7],[24,-11],[14,0],[8,14],[16,13],[13,-2],[20,-19],[11,-23],[16,6],[-3,-25],[-8,-8],[0,-25],[15,-15],[4,-38],[16,-19],[-1,-24],[17,-27],[12,-38],[10,-7],[22,6],[22,-71],[40,-53],[20,-22],[26,-6],[40,-40],[32,-25],[30,-12],[54,44],[41,-20],[31,-6],[21,-12],[21,-4],[21,-16],[22,-35],[28,-13],[48,-12],[33,-49],[27,-51],[28,-14],[10,-18],[8,-26],[10,-22],[22,-21],[16,16],[15,-6],[17,-28],[15,-68],[7,-53],[12,-16],[28,-9],[10,-14],[16,-80],[16,-49],[8,-49],[21,-90],[24,-94],[26,64],[28,44],[12,26],[14,11],[9,-4],[9,-23],[12,30],[2,48],[6,40],[4,6]],[[43102,19160],[7,0],[18,-34],[16,-11],[7,-16],[8,-2],[25,13],[21,-24],[6,-35],[23,-21],[7,-16],[6,-48],[15,-31],[10,-59],[6,-15],[29,-50],[33,-42],[22,-8],[17,1],[11,-25],[-6,-61],[4,-18],[10,-6],[12,9],[15,34],[-9,50],[4,28],[14,24],[5,60],[10,18],[4,21],[-4,17],[-15,35],[10,24],[8,-3],[20,54],[6,27],[3,31],[9,13],[20,56],[33,-24],[16,-22],[9,-28],[6,-10],[16,-60],[1,-22],[-22,-35],[-2,-36],[12,-25],[8,-51],[7,-20],[6,-56],[26,0],[13,-41],[10,-15],[2,-15],[-8,-41],[2,-16],[-16,-47],[-12,-14],[-11,-19],[-2,-27],[3,-22],[-4,-25],[5,-17],[-3,-58],[7,-40],[4,-54],[4,-13],[-17,-41],[-8,-9],[-1,-23],[-12,-22],[-9,-43],[-14,-26],[25,-41],[7,-29],[23,-14],[6,-58],[0,-15],[11,-13],[22,-2],[14,-20],[5,-17],[-3,-27],[-15,-13],[-4,-21],[3,-22],[9,-25],[-7,-31],[21,-57],[0,-31],[9,-25],[6,-1],[13,-25],[19,-2],[20,-16],[3,-16],[-4,-22],[29,-32],[16,-36],[13,-11],[11,-25],[-1,-26],[47,-31],[3,-15],[19,-45],[35,-53],[11,-20],[17,-17],[13,-20],[7,-27],[-2,-12],[13,-14],[26,-5],[8,34],[17,12],[27,7],[33,-17],[14,-3],[15,-14],[21,-5],[14,7],[26,-16],[-3,-46],[11,-18],[22,16],[30,-1],[19,18],[10,-6],[20,-34],[28,-28],[6,-12],[7,-35],[14,-26],[20,17],[15,2],[13,-30],[28,-7],[14,-20],[5,-32],[8,-13],[15,3],[13,32],[19,35],[6,50],[7,21],[-13,21],[-18,21],[1,14],[13,36],[26,30],[-2,14],[13,14],[5,20],[-9,34],[12,40],[-4,30],[1,20],[14,40],[0,12],[19,45],[15,16],[13,32],[8,6],[3,21],[11,34],[16,18],[14,62],[13,10],[-2,21],[13,22],[14,0],[36,27],[1,25],[-7,19],[5,26],[-11,9],[-8,31],[9,16],[6,56],[-7,32],[1,16],[13,47],[0,23],[16,8],[10,23],[-6,30],[5,20],[-12,22],[15,31],[-7,19],[0,16],[-15,23],[0,30],[17,30],[0,46],[-22,27],[-15,0],[-3,25],[1,18],[15,32],[9,29],[-32,38],[9,34],[-3,22],[-11,33],[12,22],[4,18],[-4,30],[10,26],[1,25],[8,16],[-7,26],[11,32],[-8,15],[3,25],[9,21],[3,21],[13,37],[-1,30],[-8,30],[0,15],[26,34],[1,30],[-18,45],[-7,31],[0,16],[9,19],[5,55],[12,30],[19,28],[10,61],[-19,59],[-10,0],[-2,14],[6,26],[-3,27],[-27,10],[-19,38],[-6,38],[13,34],[-7,47],[-2,24],[6,25],[-5,29],[2,17],[13,34],[-14,30],[-3,19],[8,9],[3,48],[-7,18],[1,16],[-4,40],[-18,7],[-18,-15],[-8,15],[-1,32],[-5,9],[11,19],[-7,41],[3,25],[-10,27],[-10,40],[6,22],[-4,53],[-11,11],[-12,49],[-6,14],[1,56],[-7,39],[6,15],[-6,22],[3,30],[-3,66],[26,19],[9,41],[136,-35],[-2,-14],[7,-18],[13,20],[21,-12],[52,-13],[-3,-22],[7,-2],[-2,-22],[22,-6],[2,15],[68,-19],[-11,44],[-48,336],[-3,39],[6,47],[96,404],[8,60],[1,135],[-2,23],[-33,151],[-14,43],[-23,49],[-3,51],[-10,30],[-1,42],[-5,34],[11,20],[27,4],[6,12],[0,25],[6,17],[18,21],[22,5],[10,20],[-2,24],[12,39],[-4,21],[-14,9],[-36,2],[-13,-10],[-14,2],[-5,10],[-7,35],[5,20],[19,22],[11,28],[6,63],[4,21],[15,28],[19,22],[28,39],[144,296],[18,48],[97,290],[17,25],[57,41],[21,4],[39,-15],[13,2],[57,61],[11,14],[15,39],[18,17],[31,0],[20,-19],[20,7],[15,-14],[19,-26],[17,-2],[14,-8],[14,0],[21,-19],[13,-4],[11,4],[20,22],[26,24],[40,5],[12,-6],[15,-24],[37,-1],[22,-4],[24,-10],[89,-27],[9,-6],[11,-21],[8,-31],[34,-55],[22,-11],[26,7],[19,22],[22,3],[8,20],[0,45],[8,21],[11,9],[34,16],[10,8],[49,50],[29,18],[15,29],[26,31],[-5,10],[6,39],[6,17],[-11,19],[-3,33],[3,34],[-5,14],[-10,5],[1,65],[-17,-3],[-11,8],[-8,-10],[-9,2],[-13,-10],[-3,-22],[-33,14],[-22,3],[-21,-37],[-17,3],[-6,-5],[-23,-6],[-11,16],[8,17],[5,31],[-6,16],[-8,0],[-24,20],[-17,-2],[-8,6],[0,36],[-5,17],[-9,9],[-1,21],[-26,-5],[-2,20],[-7,13],[0,24],[-10,4],[-11,-7],[-8,-19],[-8,26],[-20,19],[-7,1],[-13,22],[-12,-11],[-5,-32],[-11,-3],[-12,29],[-22,24],[1,25],[-7,34],[-17,-4],[-13,-18],[-4,22],[-14,-3],[-2,21],[-13,13],[-30,13],[-10,-3],[-16,-19],[-13,-1],[-11,-15],[-10,16],[-1,13],[-11,14],[-13,-4],[-8,11],[-17,3],[-8,-7],[-9,-39],[-16,17],[-5,28],[5,38],[5,12],[2,31],[-7,15],[4,28],[-20,5],[-11,-7],[-26,9],[-9,18],[-22,-3],[-11,19],[-13,34],[-13,0],[-5,30],[3,15],[-17,16],[-8,-9],[-8,10],[-20,6],[-19,27],[-13,-1],[-2,32],[22,27],[15,12],[2,19],[7,15],[1,24],[10,0],[11,24],[-7,26],[-13,13],[-14,5],[-11,30],[-24,13],[-14,-11],[-17,3],[-9,20],[-20,8],[-19,-17],[-34,12],[-11,-27],[-6,-32],[-6,-15],[-26,-28],[-4,26],[-10,22],[14,51],[6,38],[8,3],[7,32],[-1,16],[-15,0],[-9,28],[-20,27],[0,9]],[[27319,16514],[-14,-15],[-14,-38],[-13,-24],[-17,-13],[-6,-31],[-8,-5],[-17,2],[-7,-10],[-12,4],[-7,12],[-2,20],[17,26],[1,17],[-7,15],[-14,9],[-32,-6],[-21,3],[-3,-11],[5,-26],[-4,-16],[-10,3],[-10,26],[-17,17],[-5,19],[-11,-7],[-2,-30],[3,-23],[-12,2],[-15,47],[3,31],[17,20],[14,2],[14,12],[8,21],[-2,17],[-11,14],[-29,11],[-26,-7],[-20,-1],[-9,-9],[-7,-26],[-17,-6],[-17,18],[-12,-20],[-18,-5],[-19,25],[-32,-1],[-11,-17],[-15,-14],[-15,-3],[-14,-20],[-13,-1],[-18,10],[-13,-21],[8,-34],[-11,-23],[-17,-7],[0,-17],[44,-15],[13,-10],[0,-27],[-12,-17],[-19,-10],[-14,12],[-16,27],[-14,-4],[-8,-18],[7,-18],[17,-23],[-5,-30],[-20,-14],[-11,3],[-10,-6],[-20,3],[-5,21],[3,34],[-5,12],[-22,-3],[-23,15],[-13,-27],[0,-18],[18,-2],[4,-22],[-9,-17],[-13,-11],[-13,2],[-26,23],[-36,-19],[0,-15],[23,-12],[6,-19],[-6,-23],[-19,-14],[-12,5],[-14,16],[-4,14],[10,44],[-14,17],[-15,-8],[-25,7],[-13,-7],[-16,9],[-5,60],[3,38],[-9,8],[-8,-18],[-18,-3],[-12,30],[-37,-10],[-6,6],[2,22],[6,8],[2,23],[15,39],[-3,17],[-14,21],[-9,-4],[-13,-18],[-12,-7],[-20,0],[-5,-29],[-8,-11],[-12,14],[-6,42],[-21,26],[-12,7],[-15,-32],[-30,-18],[-10,-12],[-13,5],[-5,12],[1,38],[-24,0],[-32,-14],[-9,6],[-8,23],[8,18],[20,4],[6,8],[-11,32],[-7,8],[-19,0],[-22,-29],[-13,-1],[-12,24],[-18,5],[-12,11],[-3,19],[9,35],[9,9],[18,-2],[17,-20],[11,12],[-5,31],[-21,42],[-6,32],[-10,8],[-10,-23],[-9,-6],[-17,4],[-12,14],[-7,25],[-18,13],[-34,-53],[-16,6],[-6,26],[8,42],[-12,36],[2,13],[10,9],[14,-9],[9,-13],[8,12],[-3,17],[-24,32],[-15,7],[-40,-29],[-12,-26],[7,-42],[-12,-13],[-14,5],[-13,15],[-9,26],[-28,6],[-2,29],[6,13],[18,15],[9,29],[-6,14],[-11,-4],[-8,-16],[-24,-17],[-12,17],[3,39],[-2,20],[-8,6],[-23,-12],[-8,11],[-15,104],[-7,21],[-9,7],[-18,-1],[-12,13],[-15,60],[-9,3],[-15,-17],[-10,-3],[-12,9],[-14,51],[-26,7],[-5,17],[2,26],[-5,28],[-7,21],[-12,2],[-11,-35],[-14,-17],[-13,8],[-2,18],[5,21],[19,19],[6,13],[16,13],[-13,28],[-20,3],[-19,-25],[-18,8],[-4,24],[9,21],[15,16],[14,6],[30,3],[8,14],[0,14],[-11,27],[-10,10],[-12,-9],[-30,-15],[-18,-16],[-17,-43],[-14,-5],[-13,7],[-16,21],[-10,-8],[6,-28],[16,-33],[-10,-13],[-13,5],[-7,16],[-23,35],[-3,29],[5,23],[11,26],[-7,20],[-19,-1],[-13,-13],[-13,-2],[-11,21],[8,31],[21,16],[5,15],[5,40],[-7,24],[-56,3],[-10,12],[-8,34],[-11,16],[-4,31],[-10,23],[-18,5],[-11,32],[-14,7],[-16,-5],[-1,26],[17,26],[4,16],[-12,21],[-14,-11],[-7,-15],[-11,-6],[-8,5],[-4,26],[12,24],[-2,22],[-11,15],[5,29],[26,13],[4,17],[-7,17],[-42,-18],[-18,5],[-17,16],[-10,-4],[-9,-22],[-12,-66],[-9,-10],[-13,5],[-11,20],[1,41],[17,41],[11,34],[-13,13],[-19,-7],[-12,23],[0,12],[10,25],[-6,8],[-17,-34],[-19,-9],[-9,-24],[10,-22],[-3,-16],[-23,-20],[2,-31],[-5,-16],[-10,-4],[-31,15],[-16,20],[-3,30],[-14,10],[-18,-5],[-16,23],[-11,5],[-13,-8],[-12,14],[-14,-14],[-1,-40],[-9,-12],[-14,4],[-14,23],[-10,0],[-11,-13],[-19,12],[-15,19],[-7,-16],[-27,11],[-14,-14],[-7,-20],[8,-39],[-12,-23],[-14,-11],[-4,-20],[3,-22],[-12,-19],[-10,-2],[-19,13],[-11,15],[-6,30],[-9,7],[-10,-6],[-12,-47],[2,-36],[-5,-19],[-18,-16],[-2,-16],[-9,-15],[-14,1],[-4,9],[-13,52],[-13,0],[-14,-38],[-13,-11],[-10,6],[-6,15],[-2,23],[-7,17],[-26,6],[-8,-5],[-5,-24],[-23,-10],[8,-18],[31,-26],[-4,-17],[-18,-5],[-16,8],[-15,19],[-8,-11],[6,-30],[-3,-52],[9,-24],[-9,-26],[-19,-18],[-14,-4],[-35,13],[-33,-11],[-27,6],[-15,-25],[-22,-22],[-12,-37],[-20,-17],[-26,13],[-21,-19],[-31,-12],[-6,-33],[-7,-18],[-18,-11],[-14,13],[-9,50],[-16,9],[-18,-23],[-17,1],[-15,17],[-19,29],[-12,34],[-32,14],[-10,14],[-5,16],[-13,-8],[-24,-37],[-24,-3],[-11,-10],[-9,-39],[-14,-7],[-31,21],[-28,-21],[-8,1],[-14,26],[1,38],[-7,6],[-21,-13],[-10,-14],[-11,-2],[-6,19],[10,30],[-8,13],[-15,-28],[-11,0],[-10,50],[-18,28],[-12,9],[-7,-14],[-12,-57],[-9,-7],[-18,12],[-11,17],[-15,-8],[-4,21],[8,19],[27,46],[-5,15],[-19,20],[0,20],[6,17],[-28,0],[-15,9],[-36,49],[-4,-1],[-16,-25],[-12,-9],[-14,5],[-19,36],[-21,-31],[-10,-7],[-17,13],[-8,-5],[-9,-35],[-12,-15],[14,-13],[6,-25],[-9,-17],[-23,1],[-15,10],[-1,14],[8,29],[-22,17],[-32,-23],[-14,4],[-17,11],[-11,16],[-15,1],[-12,-26],[-11,-1],[-11,30],[-11,3],[-15,-9],[-18,2],[-6,-31],[3,-29],[-7,-14],[-10,2],[-38,32],[-11,-10],[-11,-29],[-26,-5],[-12,8],[-23,2],[-14,-11],[-10,4],[0,16],[16,13],[9,20],[4,47],[6,25],[-14,12],[-14,-2],[-21,-27],[-11,-7],[-26,15],[-17,36],[-11,-10],[-2,-41],[-14,-5],[-6,15],[-3,25],[0,29],[-16,-6],[-9,4],[-9,27],[1,45],[-11,-8],[-2,-35],[9,-30],[-7,-20],[-11,3],[-9,28],[-3,34],[3,22],[-7,11],[-11,-28],[-14,-26],[-14,0],[-1,17],[8,28],[-9,9],[-20,-37],[-19,-22],[-16,-26],[-8,-1],[-20,21],[-1,-19],[-9,-18],[-14,-18],[-6,-32],[-14,-9],[-10,48],[10,17],[13,10],[-7,27],[-8,6],[-19,-4],[-8,-16],[-12,-7],[-7,4],[-26,3],[1,-39],[-12,-4],[0,46],[-15,-7],[2,-33],[-8,-27],[-15,-18],[-24,-9],[-20,-15],[-9,3],[-7,13],[-21,6],[1,-24],[-18,-14],[-9,9],[0,18],[10,16],[-4,12],[-11,-5],[-9,-32],[-13,-24],[-21,-24],[-17,20],[-5,-24],[4,-39],[-8,-14],[-34,-28],[-30,26],[-2,-32],[-8,-36],[-14,-27],[-8,-7],[-20,-2],[-9,-8],[-20,14],[-16,3],[-13,14],[-5,34],[-15,23],[-5,-8],[1,-37],[-9,-15],[-22,28],[-15,-5],[10,-15],[-3,-18],[-11,-5],[2,-19],[-5,-11],[-17,17],[-23,-5],[-8,-20],[-15,17],[-19,-25],[-11,-5],[-15,3],[-2,-29],[-15,-24],[9,-22],[-5,-28],[3,-12],[12,-9],[5,-25],[-10,-14],[-5,-25],[16,-23],[13,-30],[-10,-47],[-7,-15],[-20,-25],[-20,-47],[4,-27],[10,-27],[0,-35],[-12,-14],[-5,-25],[-17,-42],[-11,5],[-11,-14],[-10,-28],[-13,-13],[-4,-26],[4,-19],[-7,-21],[2,-17],[-11,-23],[-2,-44],[-4,-16],[13,-30],[-5,-26],[-2,-31],[2,-20],[7,-8],[7,-25],[13,-16],[-7,-63],[19,-57],[2,-19],[-5,-23],[-38,-18],[-26,3],[-6,-6],[-15,-33],[-12,-2],[-14,9],[-16,-18],[-17,-8],[-9,-38],[-16,-18],[-4,-47],[-8,-34],[0,-24],[-3,-55],[5,-12],[13,4],[16,-12],[9,-17],[4,-32],[14,-23],[9,-23],[12,-12],[19,-11],[17,-21],[8,-16],[4,-20],[-2,-28],[-8,-14],[6,-20],[25,-27],[20,-15],[-2,-19],[23,-12],[10,19],[10,-14],[-1,-35],[3,-46],[4,-10],[14,-9],[5,-15],[1,-32],[-6,-44],[8,-24],[4,-30],[27,-35],[22,-17],[30,-15],[6,-12],[5,-37],[0,-21],[10,-18],[6,-83],[-11,-27],[-9,-14],[-5,-37],[-4,-11],[-14,-10],[-15,0],[-14,-28],[-18,-4],[-19,-21],[-14,-9],[-16,7],[-13,-12],[-16,-1],[-15,5],[-11,-32],[-19,-5],[-11,6],[-15,33],[-20,10],[-19,26],[1,19],[7,9],[-2,35],[-6,10],[-15,0],[-7,22],[-18,0],[-19,12],[-21,3],[-17,16],[-15,1],[-15,10],[-17,-10],[-18,6],[-13,24],[-13,-4],[-2,-20],[-7,-3],[-13,13],[-16,-12],[-16,5],[-23,-4],[-15,21],[-13,-3],[-14,20],[-15,6],[-19,19],[-23,-13],[-8,2],[-15,-10],[-17,5],[4,-56],[-2,-39],[-4,-9],[-14,-4],[5,-27],[-10,0],[-11,27],[2,16],[13,15],[-13,12],[-16,-16],[-7,-29],[4,-17],[11,-14],[-1,-13],[-19,-6],[-8,25],[-13,6],[-10,-15],[-1,-14],[13,-25],[2,-31],[4,-23],[-11,-6],[-10,9],[-11,-23],[-15,3],[2,-25],[-5,-18],[12,-49],[-8,-23],[6,-33],[-3,-32],[-11,-11],[-32,22],[-5,-19],[-24,-25],[-31,3],[-15,-33],[-3,-19],[-11,-4],[-9,30],[-32,29],[-6,-17],[27,-50],[6,-14],[-17,-8],[-32,36],[-7,-6],[9,-23],[-5,-34],[5,-5],[17,9],[10,-1],[3,-20],[-18,-32],[-5,-50],[-7,-14],[-12,-2],[-13,16],[-7,23],[-10,5],[-15,-5],[-11,25],[4,12],[18,7],[6,14],[-7,17],[-13,-5],[-8,-27],[-10,-21],[-10,-47],[-10,-5],[-12,19],[-14,-10],[0,-9],[15,-21],[0,-15],[-7,-14],[-34,-7],[-15,-17],[-12,11],[-4,18],[-9,19],[-2,21],[3,28],[-14,18],[2,34],[-16,2],[-15,-33],[-10,-8],[-19,9],[-18,1],[-8,-10],[-8,-28],[-38,11],[-6,30],[-9,22],[-5,37],[-3,7],[0,36],[-17,14],[-50,-51],[21,-32],[-2,-12],[-12,-8],[-15,1],[-15,-9],[-11,23],[0,37],[-10,-19],[-12,-5],[-15,11],[-5,16],[0,21],[12,39],[-4,48],[1,14],[34,17],[-8,25],[-3,22],[2,20],[13,23],[-5,14],[-20,-17],[-10,5],[-3,18],[2,28],[-24,-1],[-6,-27],[-13,-28],[-20,-14],[-11,-2],[-16,16],[-12,35],[-15,1],[-2,-59],[-6,-6],[-24,30],[-6,-21],[-13,-23],[-17,-8],[-12,11],[-1,13],[6,26],[-3,40],[-9,30],[3,22],[13,12],[5,23],[-3,31],[4,16],[28,23],[4,40],[-18,14],[-7,20],[10,41],[-10,11],[-9,-8],[-18,-5],[-19,2],[-6,-9],[5,-15],[-4,-50],[-9,0],[-13,14],[-5,-3],[-10,-28],[-17,-3],[-3,24],[-14,-29],[3,-39],[-8,-14],[-13,-2],[-12,19],[-1,26],[-9,20],[-7,-1],[-5,-41],[-6,-9],[-13,17],[7,73],[-10,47],[6,34],[-3,31],[2,35],[-20,23],[-12,3],[-7,-10],[1,-48],[-10,-5],[-17,13],[-6,27],[-8,22],[-8,35],[-26,-5],[-19,-31],[-24,-11],[4,-37],[9,-30],[0,-26],[-14,-14],[-12,19],[-16,10],[-8,-12],[8,-29],[27,-1],[18,-11],[-1,-25],[-17,-14],[-20,-33],[7,-41],[-1,-14],[-11,-13],[-18,8],[-16,33],[-17,17],[0,19],[25,30],[-1,12],[-14,-5],[-21,19],[-2,17],[14,46],[2,38],[12,27],[0,17],[19,33],[3,29],[-4,10],[-20,18],[5,20],[25,16],[-1,18],[-14,18],[-4,13],[4,23],[-4,15],[-25,-16],[-12,-22],[-13,-14],[1,-17],[19,-11],[0,-22],[-13,-15],[-19,-1],[-11,15],[-14,37],[-8,-1],[-20,-43],[-13,-17],[-12,13],[-5,38],[-15,-5],[-16,0],[-5,25],[5,32],[-11,36],[11,17],[10,-3],[7,20],[-9,11],[-16,40],[-13,14],[-8,0],[-27,-38],[-14,16],[1,55],[-5,13],[-20,-16],[-14,23],[2,22],[5,10],[1,29],[-8,25],[-14,2],[2,-47],[-16,-20],[-11,6],[-7,38],[-3,44],[-7,32],[-10,-5],[-15,-19],[-13,6],[2,45],[-26,-14],[-17,7],[-27,27],[-7,19],[-19,26],[-18,4],[-34,-21],[-13,0],[-12,16],[-3,29],[-16,27],[2,12],[20,17],[3,21],[-4,22],[4,41],[4,15],[14,26],[9,24],[-9,31],[-12,6],[-13,-25],[-8,-29],[-13,-2],[-11,17],[6,35],[10,18],[12,7],[3,16],[-14,6],[-10,-13],[-9,-34],[-21,-20],[-24,7],[-9,14],[-2,19],[15,34],[5,16],[2,42],[-13,9],[-7,-38],[3,-24],[-16,-48],[-10,-7],[-12,10],[-10,32],[-11,-5],[-13,23],[9,61],[-8,8],[-18,-27],[-14,3],[-1,25],[12,23],[-10,13],[8,26],[24,-2],[0,20],[-18,6],[-13,-20],[-4,-22],[-14,0],[-6,15],[4,15],[13,24],[1,11],[-12,18],[-13,-7],[-4,-21],[-14,4],[-6,16],[-17,-10],[-11,6],[-2,20],[10,16],[20,13],[-1,16],[-8,7],[-33,-18],[-6,21],[3,13],[21,31],[-8,19],[-13,0],[-11,-12],[-2,-14],[2,-28],[-7,-13],[-12,13],[-4,28],[-22,-14],[-10,1],[-14,17],[-9,-3],[-9,8],[-9,27],[-13,-6],[-16,19],[-3,22],[8,35],[-4,13],[-18,-4],[-9,9],[-5,17],[-1,20],[-13,13],[-21,1],[-6,15],[0,26],[4,12],[-5,16],[-11,1],[-7,28],[6,39],[-14,11],[-6,-12],[3,-44],[-13,-4],[-14,23],[6,35],[23,33],[20,2],[3,14],[-15,16],[-15,-2],[-11,-12],[-11,-37],[-14,-5],[-18,1],[-10,6],[-5,28],[5,25],[12,21],[19,6],[11,-12],[7,13],[-13,14],[9,29],[-14,0],[-5,11],[-3,51],[-15,21],[-15,11],[5,14],[19,7],[-5,13],[-28,-16],[-9,16],[8,29],[18,23],[-7,10],[-13,-13],[-4,22],[35,20],[-1,21],[-11,2],[-15,-14],[-15,11],[-5,18],[3,13],[13,10],[14,4],[2,22],[-13,26],[1,18],[12,3],[14,-10],[6,19],[-11,6],[-15,-4],[-13,-14],[-19,-5],[-7,-24],[-8,3],[-4,31],[-15,-13],[-27,16],[-5,23],[8,17],[4,33],[-9,21],[-6,-16],[-1,-27],[-9,-7],[-19,23],[-9,5],[2,25],[15,38],[-1,10],[-18,15],[1,19],[-35,20],[-10,19],[0,20],[9,15],[11,3],[20,-18],[7,0],[-1,27],[12,1],[7,-37],[10,16],[-5,16],[-24,23],[-14,2],[-18,-23],[-17,12],[-2,19],[5,16],[14,19],[-7,14],[6,29],[22,31],[19,-4],[8,13],[-1,13],[-10,10],[-25,-13],[-10,-10],[-10,7],[-4,34],[-9,-1],[-5,-30],[7,-30],[-8,-19],[-12,-5],[-10,5],[-8,18],[-3,32],[9,45],[10,20],[11,7],[19,1],[18,-20],[6,19],[-5,20],[-16,-7],[-35,-8],[-6,15],[3,12],[18,8],[10,11],[0,29],[12,17],[6,28],[-13,23],[0,16],[17,16],[4,17],[-2,20],[-8,15],[-16,11],[-12,-2],[-14,-14],[-9,-36],[-10,-13],[-13,12],[0,33],[-31,28],[-5,15],[5,12],[14,7],[3,17],[-25,-26],[-13,7],[-5,15],[-1,24],[10,49],[1,24],[-6,8],[-26,-6],[-4,16],[13,24],[2,17],[-3,36],[-14,-8],[-9,-30],[-8,-9],[-14,9],[-1,28],[9,37],[-15,-1],[-10,-51],[-5,-8],[-16,9],[-8,34],[-13,14],[-15,-7],[-14,-30],[-14,-1],[-21,20],[4,23],[14,1],[4,31],[-6,23],[1,15],[13,14],[14,1],[12,16],[2,14],[-9,11],[-24,-7],[-29,13],[-8,-14],[1,-27],[-13,-11],[-7,16],[-1,20],[6,30],[-6,12],[-10,1],[-9,-17],[-8,-56],[-17,-9],[-8,11],[-5,20],[-13,26],[-12,-4],[-6,-25],[-11,5],[-3,13],[1,23],[31,55],[5,14],[1,27],[-5,12],[-16,11],[-4,23],[-9,3],[-14,-9],[-21,-4],[-14,16],[-7,-4],[-9,-21],[-11,-12],[-20,-7],[5,-29],[-4,-13],[-16,-11],[-15,-35],[-5,-19],[0,-21],[-9,-13],[-10,5],[-36,49],[3,36],[-12,25],[-4,15],[-25,33],[-4,14],[3,31],[-14,16],[3,40],[-14,-11],[-13,16],[3,32],[-5,16],[7,33],[-6,9],[-11,-1],[-12,20],[-30,3],[-25,26],[-18,12],[-7,21],[-16,30],[-13,4],[-9,14],[-18,8],[-14,15],[-5,21],[5,38],[18,17],[-2,16],[-10,-1],[-4,18],[5,10],[18,5],[6,15],[-11,11],[-21,-1],[-6,10],[-1,28],[-5,23],[-17,-7],[-12,1],[-10,17],[-7,-17],[-13,8],[3,16],[-10,5],[-13,-20],[-23,7],[-4,27],[-17,28],[-14,-2],[-3,25],[8,20],[-18,10],[9,19],[-8,13],[4,19],[-10,6],[-11,-18],[-18,-14],[-19,11],[-10,-21],[-9,1],[-7,24],[-18,1],[-10,12],[-20,-11],[-9,11],[4,29],[-8,21],[-1,26],[-13,23],[0,36],[-21,6],[-6,22],[-11,21],[0,12],[11,23],[13,13],[-15,33],[-15,-7],[-5,20],[14,16],[-9,8],[-13,-16],[0,-22],[-6,-12],[-23,0],[-13,9],[-8,51],[-19,17],[-13,-12],[-12,12],[3,16],[-7,31],[6,21],[-7,4],[-8,-14],[-10,10],[-1,17],[-18,17],[-14,27],[-11,6],[-8,16],[-2,17],[15,33],[-12,15],[-16,2],[-7,22],[1,16],[12,17],[-2,23],[-6,21],[-15,16],[-4,24],[16,13],[-4,38],[-16,-6],[-8,17],[3,28],[-18,4],[-14,-4],[-2,11],[16,20],[-4,18],[2,21],[-5,11],[-17,-8],[-6,27],[-15,2],[-10,18],[-23,-5],[-34,34],[-30,-2],[-13,12],[-14,26],[-15,3],[-6,26],[-10,-17],[-25,26],[-18,8],[0,34],[10,23],[-6,20],[-17,8],[-11,16],[-25,24],[-17,3],[-20,21],[0,29],[7,41],[-11,19],[1,20],[-11,0],[-2,-23],[-12,-12],[-15,26],[6,34],[-13,3],[-4,-36],[-14,-28],[-18,21],[-4,-19],[-8,-6],[-7,11],[-23,13],[-27,12],[-19,-19],[-13,7],[-19,-43],[2,-12],[13,-14],[-2,-27],[-15,-3],[-13,15],[-20,12],[-12,23],[-24,30],[-17,-7],[-18,18],[-4,17],[17,28],[20,13],[17,43],[-4,14],[-11,8],[-5,17],[7,22],[1,31],[-7,19],[-20,10],[-14,-14],[-18,11],[-25,3],[-22,-1],[-11,7],[-8,16],[-3,20],[-13,58],[-11,15],[8,27],[-7,18],[-18,14],[-20,32],[-1,22],[6,34],[10,14],[11,-7],[9,-20],[18,11],[-20,45],[8,28],[1,26],[-16,-1],[3,-22],[-14,5],[-11,26],[-11,9],[-8,-11],[5,-37],[-11,-12],[-33,7],[-17,27],[-10,5],[-13,-14],[-18,6],[-17,-12],[-15,-2],[-5,-31],[-8,-9],[-9,10],[-3,37],[5,12],[14,4],[-1,12],[-13,3],[-18,-24],[-34,2],[-9,19],[-16,-11],[-14,13],[3,27],[-11,4],[-16,18],[-5,-21],[7,-21],[-10,-8],[-10,11],[-10,-13],[-13,11],[-5,37],[-22,-2],[-13,18],[-16,15],[-17,38],[-18,33],[-13,5],[-16,-8],[-11,-13],[-8,0],[-22,19],[-4,35],[-11,15],[-7,27],[-11,-5],[3,-27],[-13,-3],[-7,13],[-10,29],[-8,4],[-12,-31],[-16,8],[-1,20],[13,25],[-20,40],[-14,18],[-3,18],[13,40],[-4,27],[-8,2],[-24,-18],[-20,0],[-9,12],[-16,38],[-10,10],[-14,-2],[-20,18],[-24,3],[-12,9],[-25,52],[-5,46],[-12,-6],[-14,4],[-10,-10],[-11,8],[-3,20],[8,17],[9,5],[18,26],[-4,25],[-13,8],[-8,16],[-19,8],[-13,14],[-15,-1],[-15,-12],[-19,14],[-5,19],[-13,20],[-16,5],[-2,25],[-15,18],[-2,28],[-18,-2],[-8,-9],[-14,8],[-12,-12],[-22,-2],[-32,6],[-6,15],[-13,-2],[-11,-13],[-9,-1],[-8,20],[5,17],[13,21],[3,22],[-9,5],[-17,-19],[-14,7],[0,19],[8,34],[7,16],[10,7],[9,-4],[6,11],[15,11],[-10,17],[0,25],[9,13],[-4,17],[-28,7],[3,44],[7,33],[-12,15],[-27,-28],[-21,23],[-12,0],[-4,49],[-13,0],[-12,-8],[-17,-29],[-12,-6],[-11,-18],[-13,8],[-15,-3],[-11,-11],[-9,38],[-19,4],[-19,-6],[-34,-19],[-21,-3],[-8,8],[-14,-7],[-6,7],[3,33],[16,32],[-4,16],[-9,6],[-10,-27],[-9,-4],[-2,-18],[-14,-10],[-9,16],[-2,14],[14,66],[-3,24],[-11,2],[-4,-19],[-15,-16],[-6,-28],[-18,-1],[-7,24],[3,42],[-19,6],[0,41],[-3,23],[-7,17],[-13,15],[-12,-4],[2,-29],[-1,-27],[-21,3],[-14,20],[-14,0],[-12,8],[-24,-2],[-3,-10],[-5,-50],[-12,-10],[14,-14],[-5,-36],[12,-23],[-8,-21],[-21,15],[-12,-8],[-16,10],[-11,-43],[1,-14],[-7,-11],[-11,-1],[7,-37],[-8,-6],[-17,1],[-8,-19],[-2,-15],[-17,-12],[-12,-15],[-9,-1],[-7,12],[-5,28],[-7,14],[-10,-7],[-16,5],[-7,8],[-2,18],[-9,18],[13,36],[17,24],[-12,34],[-15,-14],[-12,38],[-7,2],[-10,-16],[-3,-23],[5,-32],[-7,-9],[-14,4],[-8,13],[-5,24],[3,19],[-20,33],[-13,38],[10,15],[8,27],[-3,37],[-18,10],[-14,-22],[-9,12],[-1,24],[-11,14],[-19,-2],[-2,16],[6,19],[-8,26],[-11,17],[-3,18],[-12,19],[6,24],[-13,21],[-31,0],[-6,10],[-1,25],[-7,8],[-20,5],[-10,27],[-4,25],[-18,15],[-17,-13],[-11,10],[1,26],[-10,0],[-8,-33],[-1,-22],[-20,-10],[-9,15],[-7,30],[-9,18],[-1,23],[10,32],[-2,17],[3,40],[-14,21],[2,15],[10,18],[-4,45],[4,20],[14,18],[10,68],[25,22],[-5,18],[-15,21],[10,12],[9,-5],[10,-18],[21,3],[-7,44],[5,11],[26,3],[-14,20],[3,24],[6,11],[-2,22],[6,29],[11,17],[14,-1],[-1,16],[17,20],[7,14],[-3,14],[-15,8],[-8,-4],[-10,13],[5,20],[14,0],[17,33],[-6,17],[-13,0],[-10,-13],[-12,0],[-8,13],[-7,30],[5,18],[9,12],[-5,15],[-11,-19],[-12,-4],[-12,20],[-9,-10],[4,-24],[-14,-2],[-9,36],[6,17],[0,34],[11,45],[-12,27],[-2,21],[-7,13],[-2,47],[-15,8],[-19,25],[1,10],[15,19],[-2,18],[-11,10],[6,24],[21,7],[14,-4],[12,6],[5,21],[19,11],[-11,17],[-2,42],[11,38],[15,19],[2,23],[-4,15],[0,26],[-4,14],[-25,26],[-23,48],[-31,32],[-7,13],[-13,-5],[-13,3],[-31,-30],[-13,1],[-23,-7],[-3,-13],[17,-44],[0,-11],[-35,-42],[-16,1],[-25,-7],[-28,-17],[-7,-12],[-25,0],[-12,16],[-7,31],[-9,28],[-10,12],[-11,-13],[-17,4],[-32,-18],[-11,4],[-8,-20],[-16,-26],[-17,-1],[-14,-16],[-16,-2],[-17,11],[-17,-2],[-11,6],[-13,-6],[-28,-1],[-15,6],[-14,-8],[-9,9],[-7,22],[-14,18],[-2,49],[1,27],[-5,17],[-1,29],[-7,12],[-16,-17],[-11,16],[-2,37],[-13,26],[-20,10],[-13,21],[-3,24],[4,16],[-8,8],[-13,-10],[-40,6],[-9,-12],[-22,-7],[2,-24],[-12,-17],[-19,17],[-8,38],[-12,1],[-13,-23],[-24,-31],[-19,1],[-15,15],[-12,-11],[-8,7],[-22,0],[-20,41],[-8,-4],[-15,-31],[-9,8],[-8,28],[-13,15],[12,25],[-10,13],[-13,-16],[-11,30],[4,16],[22,18],[9,17],[3,18],[-11,17],[1,24],[-10,21],[-18,-13],[-10,10],[-1,-23],[-11,-6],[-6,15],[3,27],[13,36],[6,38],[0,15],[-16,-11],[2,23],[20,12],[-3,9],[-19,15],[-4,12],[4,18],[12,24],[22,20],[11,41],[-6,25],[-16,8],[-4,18],[4,41],[-3,11],[-41,57],[-14,30],[-4,23],[-8,19],[-2,23],[-27,32],[-16,-5],[-14,28],[-9,7],[0,30],[-18,36],[5,27],[-8,13],[-4,25],[11,29],[-13,5],[-23,22],[-4,-36],[-10,8],[-7,-32],[-13,5],[-6,36],[-8,21],[1,32],[-20,6],[1,14],[23,5],[4,11],[-14,19],[-14,30],[10,29],[-6,10],[10,26],[-12,-1],[-18,12],[-1,16],[29,10],[-2,24],[15,29],[-10,23],[-26,16],[1,28],[11,33],[23,-7],[10,-8],[-1,-22],[10,-19],[11,16],[1,37],[-11,11],[-5,14],[-19,11],[-11,28],[-9,0],[4,-24],[-1,-13],[-17,5],[-9,19],[13,27],[4,18],[-1,28],[-16,56],[-15,-17],[0,-20],[5,-19],[-4,-12],[-17,-4],[-3,22],[8,15],[8,59],[13,16],[-11,10],[-6,-17],[-11,-9],[-12,0],[-4,18],[9,25],[-7,4],[-17,-13],[-4,13],[6,17],[12,8],[-2,15],[-24,2],[-2,22],[28,18],[6,-4],[9,-35],[31,1],[-7,30],[1,59],[-10,5],[7,17],[-1,14],[-11,5],[-2,15],[7,21],[8,7],[2,15],[-9,17],[8,40],[18,42],[-5,10],[0,27],[-9,23],[2,21],[-14,19],[-6,20],[-9,14],[-4,23],[-21,33],[-13,-14],[-23,5],[-5,12],[-4,30],[1,38],[13,16],[2,23],[12,10],[4,25],[-6,23],[1,14],[-8,24],[10,31],[-3,10],[-17,13],[2,22],[-3,11],[1,36],[-5,21],[4,47],[-12,25],[9,15],[13,-2],[7,14],[-1,12],[-14,14],[1,11],[13,13],[-5,35],[15,-9],[19,16],[5,22],[20,-8],[3,23],[12,-9],[-3,-19],[16,-42],[15,23],[7,28],[-22,4],[3,35],[18,11],[9,23],[-2,23],[-16,35],[-1,28],[3,26],[11,10],[-2,11],[5,23],[-8,28],[-5,35],[-9,4],[-8,-12],[-20,31],[-8,39],[-10,12],[14,8],[-2,12],[-12,12],[-4,16],[-8,6],[-1,22],[-10,15],[14,18],[-4,16],[-8,3],[-11,19],[-10,8],[-4,38],[9,12],[0,23],[6,12],[10,-6],[8,18],[14,-19],[12,-6],[20,16],[1,36],[16,-16],[16,3],[1,18],[-7,18],[11,24],[-12,9],[-9,-11],[-9,11],[6,50],[14,20],[14,27],[12,0],[17,16],[-5,15],[10,33],[16,20],[-22,14],[-15,20],[-2,22],[7,16],[11,38],[19,9],[-1,7],[-26,-1],[-24,-19],[-9,15],[2,16],[27,29],[26,40],[2,10],[-7,29],[3,17],[16,27],[2,18],[-13,44],[1,28],[19,36],[22,21],[-12,53],[-29,18],[-18,23],[-7,13],[-2,24],[24,97],[-2,21],[-10,17],[-23,18],[-15,-11],[-38,-19],[-14,4],[-8,11],[-4,50],[-13,12],[-14,-11],[-23,-38],[-19,1],[-18,16],[-11,30],[3,45],[-11,23],[-23,2],[-19,-15],[-13,-22],[-22,-16],[-12,-22],[-1,-27],[-8,-14],[-9,6],[-13,36],[-13,20],[-11,3],[-8,-11],[9,-46],[8,-33],[-4,-20],[-15,-2],[-43,37],[-13,29],[1,36],[12,27],[-4,21],[-18,16],[9,29],[-39,19],[-19,18],[-2,-23],[-7,-19],[-14,-12],[-17,9],[-18,34],[-3,19],[2,38],[10,28],[20,16],[26,4],[20,16],[6,15],[23,24],[-5,21],[-13,11],[-4,14],[6,25],[27,-4],[-26,37],[-17,15],[-18,-35],[-27,-13],[-14,-15],[-12,-26],[-8,-9],[-13,-2],[-19,14],[-11,33],[0,49],[-3,22],[-14,14],[-8,-15],[-19,-6],[-21,7],[-13,-5],[-7,-13],[-4,-23],[5,-29],[4,-45],[-7,-10],[-18,-3],[-5,11],[-20,27],[-5,30],[7,59],[5,38],[-37,43],[-4,25],[6,17],[42,32],[-20,32],[-19,-2],[-24,-18],[-21,-28],[-23,-6],[-12,11],[-15,33],[-5,24],[2,46],[-6,32],[3,15],[16,25],[-11,10],[-11,20],[-14,14],[-12,2],[-40,-23],[-14,-19],[-13,-6],[-7,24],[18,34],[2,17],[-10,6],[-20,-30],[-13,-67],[-9,-16],[-13,3],[-21,16],[-10,13],[-3,21],[2,27],[11,61],[0,38],[-4,29],[-7,19],[-13,12],[-17,-1],[-16,-21],[-5,-42],[-13,-27],[-22,-20],[-6,-16],[2,-24],[5,-14],[-12,-15],[-51,55],[-13,20],[-8,29],[2,43],[-20,6],[-24,-7],[-22,-23],[-11,-4],[-14,17],[0,22],[11,29],[15,13],[26,12],[7,20],[-14,7],[-26,-19],[-24,-31],[-20,-20],[-18,-29],[-17,6],[-1,16],[12,40],[11,48],[0,27],[5,18],[12,13],[14,2],[19,-20],[4,9],[-34,54],[-18,7],[-9,-43],[-5,-46],[-8,-26],[-16,-24],[-20,-7],[-23,-27],[-11,-37],[-23,-6],[-57,36],[-21,25],[-16,40],[-7,31],[-2,39],[2,62],[-4,12],[-12,0],[-11,-13],[0,-39],[-7,-54],[-10,-28],[-19,-35],[-13,-35],[-30,-21],[-11,3],[-20,22],[-13,36],[-4,18],[1,34],[-4,24],[-16,8],[-10,-14],[-6,-20],[-1,-22],[10,-36],[29,-43],[-7,-27],[-17,-16],[-16,14],[-8,29],[-14,32],[-14,19],[-8,34],[3,34],[18,39],[-1,7],[-33,14],[-18,-20],[-4,-25],[-1,-61],[-5,-13],[-17,-13],[-26,-7],[-21,12],[-12,31],[0,51],[18,35],[10,27],[14,25],[10,23],[0,21],[-7,15],[-19,15],[-33,3],[-32,10],[-12,-10],[-5,-24],[-7,-12],[-11,1],[-8,15],[-13,53],[0,43],[-10,9],[-8,-46],[-15,-22],[-44,-12],[-8,-6],[5,-24],[21,-31],[12,-36],[1,-37],[-5,-29],[-15,-36],[-2,-24],[-12,-36],[-15,-9],[-20,15],[-12,23],[-1,29],[-11,42],[-8,41],[-4,49],[-10,30],[-17,21],[-4,31],[9,36],[-14,2],[-19,-35],[-8,-9],[-17,-2],[-17,26],[-5,18],[-3,29],[-14,18],[-21,-4],[-11,4],[-10,15],[-6,41],[-8,8],[-17,-4],[-21,-14],[-10,1],[-10,22],[19,55],[-6,19],[-24,-27],[-11,-5],[-33,0],[-16,-10],[-35,-29],[-6,-13],[-2,-27],[2,-30],[-8,-26],[-24,-5],[-8,-11],[3,-26],[28,-16],[6,-16],[-2,-15],[-18,-16],[-24,17],[-7,-4],[-1,-24],[16,-27],[1,-19],[-7,-10],[-21,-7],[-12,4],[-9,30],[10,35],[-3,18],[-13,-1],[-16,-9],[-23,-22],[-17,17],[-9,46],[1,48],[-12,9],[-9,-6],[-16,-24],[-21,-1],[-9,25],[5,21],[16,20],[20,18],[10,18],[13,51],[-1,25],[-13,30],[-18,16],[-10,19],[-2,46],[-8,11],[-14,-12],[2,-51],[-11,-4],[-9,15],[-9,40],[3,21],[10,20],[25,24],[19,40],[15,17],[-8,12],[-17,-11],[-12,1],[-11,17],[-18,58],[-10,17],[-23,5],[-10,-4],[-8,-18],[-3,-42],[-12,-17],[-20,10],[-7,23],[2,37],[0,31],[-8,45],[-15,21],[-16,6],[-25,2],[-16,14],[-6,17],[5,50],[-1,14],[-11,14],[-10,-2],[-11,-18],[-4,-16],[1,-23],[9,-39],[-1,-14],[-13,-20],[-12,13],[-35,14],[-21,14],[-10,16],[-5,23],[2,36],[8,25],[14,15],[11,20],[14,49],[-5,23],[-13,8],[-17,3],[-17,-16],[-1,-26],[-13,-57],[-19,1],[-15,27],[-30,45],[-10,30],[-1,45],[17,18],[13,9],[49,16],[6,22],[-8,21],[-17,15],[-2,25],[36,78],[13,17],[21,11],[5,14],[-12,24],[-14,49],[-23,18],[-14,-3],[-15,6],[-16,16],[-5,31],[-11,11],[-12,-50],[5,-38],[-1,-27],[-8,-23],[-25,-25],[-7,-36],[-11,-20],[-16,-5],[-27,15],[-9,-30],[5,-23],[9,-13],[28,-22],[33,-20],[3,-22],[-10,-18],[-10,7],[-27,4],[-15,5],[-42,0],[-26,-14],[-20,3],[-20,14],[-14,17],[-14,-3],[-15,-69],[0,-29],[10,-23],[10,-9],[29,5],[33,0],[14,-14],[4,-17],[-1,-57],[-21,-33],[-28,-25],[-45,-10],[-14,1],[-15,9],[-22,7],[-28,19],[-22,30],[-20,48],[-19,-5],[-13,-29],[-5,-35],[-17,-17],[-51,28],[-12,3],[-14,-8],[-6,-16],[-1,-36],[12,-35],[14,-65],[-5,-19],[-16,-16],[-22,-2],[-14,5],[-17,-2],[-9,-12],[5,-24],[12,-6],[17,7],[37,-9],[30,10],[7,-34],[-7,-16],[-21,4],[-13,-8],[-7,-21],[-2,-39],[-8,-31],[-18,-33],[0,-16],[13,-38],[-10,-23],[-17,-59],[-18,-34],[0,-12],[8,-21],[12,-16],[14,-43],[17,7],[17,0],[22,-11],[17,-19],[6,-19],[7,-47],[-2,-35],[1,-36],[-2,-19],[-12,-26],[-8,-5],[-27,13],[-41,38],[-29,33],[-16,10],[-22,-7],[-11,-19],[2,-16],[-10,-58],[1,-29],[4,-31],[17,-66],[16,-35],[23,-43],[6,-26],[-3,-33],[-18,-22],[-7,-16],[-8,-34],[1,-34],[23,-30],[43,-29],[16,-29],[-7,-28],[-23,-12],[-22,0],[-20,20],[-20,27],[-11,7],[-18,-17],[-10,-39],[1,-14],[10,-22],[14,-12],[18,-7],[13,-10],[0,-28],[-13,-17],[-23,-21],[-10,-1],[-42,19],[-15,16],[-7,17],[-11,55],[1,18],[-2,38],[-3,15],[-17,6],[-8,-26],[-22,-36],[-15,-18],[-17,-12],[-28,-8],[-13,-8],[-24,-32],[-18,4],[-12,12],[-46,65],[-19,-3],[-12,-16],[-7,-27],[-2,-46],[1,-20],[15,-56],[3,-31],[-3,-60],[0,-30],[14,-43],[15,-19],[20,-2],[30,16],[17,14],[17,2],[18,-15],[17,-42],[2,-12],[-4,-51],[-1,-29],[-6,-42],[-5,-15],[-26,-43],[-22,-25],[-14,-11],[-35,-14],[-27,-5],[-29,7],[-28,21],[-29,34],[-52,77],[-14,10],[-42,17],[-52,-12],[-17,10],[-14,13],[-14,22],[-14,1],[-17,-28],[-5,-35],[-12,-21],[-16,-3],[-29,50],[-7,25],[3,35],[-1,21],[-16,11],[-25,-9],[-22,-1],[-14,34],[-12,64],[-6,9],[-10,-37],[-19,-32],[-16,-3],[-33,36],[-22,34],[-36,33],[-5,13],[1,27],[26,35],[-2,16],[-18,11],[-25,-7],[-20,7],[-8,15],[5,40],[5,21],[44,65],[21,46],[2,16],[-5,34],[-11,24],[-4,27],[15,28],[14,37],[21,38],[-2,22],[-21,14],[-13,1],[-17,-12],[-26,-26],[-18,1],[-9,9],[-4,27],[3,15],[10,11],[22,3],[16,6],[21,22],[9,23],[-1,20],[-22,45],[-9,48],[-12,13],[-19,-11],[-11,-1],[-9,16],[-7,48],[4,44],[33,52],[13,5],[41,5],[12,24],[-27,65],[-13,13],[-17,1],[-8,-9],[-8,-27],[1,-13],[-7,-24],[-13,-12],[-20,1],[-23,20],[-11,5],[-13,-8],[-4,-14],[2,-20],[10,-8],[29,5],[9,-4],[4,-24],[-13,-25],[-17,-14],[-65,-6],[-26,17],[-8,20],[-7,34],[-2,28],[4,36],[1,66],[-3,29],[4,23],[19,73],[8,16],[16,19],[22,18],[-6,26],[-17,2],[-12,-11],[-18,-29],[-14,-10],[-20,10],[-7,13],[-8,39],[-12,4],[-12,-5],[-22,-19],[-18,8],[-9,21],[0,17],[10,20],[18,2],[25,16],[9,12],[3,17],[-6,27],[-25,38],[1,29],[7,17],[17,16],[25,4],[3,13],[-24,22],[-12,20],[-2,18],[9,29],[28,15],[8,20],[-2,34],[12,43],[-9,32],[-14,12],[-34,-3],[-7,3],[-7,16],[2,22],[40,28],[5,19],[26,36],[7,29],[-8,34],[-9,26],[-4,37],[-6,21],[-18,28],[-23,12],[-32,31],[-21,-4],[-13,-21],[1,-26],[10,-53],[6,-58],[11,-30],[20,-30],[6,-18],[0,-29],[-19,-19],[-18,3],[-11,14],[-15,53],[-11,27],[-8,3],[-49,-10],[-25,14],[-8,24],[4,28],[0,32],[-6,29],[-10,18],[-16,-2],[-11,-25],[-20,-22],[-35,-23],[-16,4],[-13,32],[3,55],[15,41],[6,37],[-23,61],[-4,21],[0,43],[-15,-3],[-13,-45],[-14,-14],[-23,-8],[-9,-11],[-10,1],[-11,12],[-6,25],[-31,31],[-18,8],[-11,13],[-5,23],[1,17],[13,50],[-8,4],[-10,-22],[-10,-8],[-13,2],[-14,32],[-4,19],[4,32],[25,13],[21,3],[40,19],[39,1],[40,-2],[9,21],[-12,13],[-16,39],[-8,10],[-26,-5],[-24,-27],[-20,-4],[-11,4],[-13,16],[-8,25],[1,18],[7,19],[16,18],[22,34],[12,29],[3,40],[9,25],[13,14],[18,14],[8,22],[-13,13],[-54,14],[-16,-1],[-21,-13],[-15,-27],[-8,-23],[-3,-62],[-7,-11],[-11,4],[-13,17],[-30,23],[-5,68],[12,58],[16,34],[11,15],[35,28],[13,40],[18,4],[25,-29],[8,13],[-4,30],[-11,42],[-6,41],[-14,5],[-8,-31],[-12,-15],[-17,-2],[-23,19],[-18,3],[-32,-29],[-12,0],[-10,16],[-6,33],[6,33],[23,24],[14,29],[6,25],[3,32],[16,77],[-2,14],[-21,36],[0,23],[8,20],[25,19],[3,17],[-18,15],[-17,5],[-7,18],[21,36],[8,35],[-1,18],[-12,11],[-15,-4],[-21,-16],[-15,1],[-11,23],[6,28],[40,58],[4,20],[-9,22],[-31,11],[-8,28],[5,23],[20,38],[-8,10],[-18,3],[-4,27],[6,22],[43,48],[13,35],[9,12],[23,2],[24,-29],[9,13],[-19,40],[-4,41],[3,42],[-3,24],[-10,20],[3,18],[48,26],[6,19],[-11,29],[-14,3],[-13,-6],[-27,-22],[-8,3],[-9,20],[3,19],[15,10],[14,19],[19,6],[19,-15],[13,-5],[15,-17],[11,-20],[11,-6],[21,6],[12,20],[2,14],[-16,19],[-13,33],[-10,58],[-1,26],[10,35],[14,12],[39,-13],[7,4],[4,19],[-5,42],[-8,18],[-18,18],[-18,9],[-17,-1],[-12,8],[-18,23],[-9,3],[-23,-10],[-10,5],[-12,20],[-10,26],[-20,-1],[-26,-20],[-17,-27],[-26,-13],[-22,-41],[-26,-16],[-19,-3],[-38,-11],[-15,0],[-21,6],[-30,20],[-15,29],[-4,25],[-11,19],[-14,6],[-31,-4],[-16,1],[-29,16],[-21,41],[-11,11],[-9,-3],[-22,-30],[-11,-5],[-17,7],[-18,52],[-1,33],[3,27],[11,23],[7,28],[20,45],[10,8],[21,-2],[17,-11],[13,8],[2,15],[-41,35],[-16,28],[-13,30],[-11,-6],[-18,-29],[-19,-36],[-15,-9],[-14,5],[-10,27],[-7,55],[-14,3],[-11,-23],[-11,-11],[-45,-72],[-31,-18],[-31,0],[-26,-7],[-15,9],[-15,29],[-7,23],[0,37],[3,21],[10,17],[15,2],[29,23],[24,35],[12,32],[-1,37],[-16,36],[-5,30],[4,33],[17,44],[6,30],[-3,20],[-16,40],[-24,34],[-18,10],[-25,0],[-9,12],[0,23],[9,39],[9,16],[25,3],[12,8],[6,18],[8,87],[-5,58],[-9,32],[-11,21],[-19,18],[-9,19],[3,15],[13,21],[12,28],[17,15],[4,43],[-4,37],[-14,18],[-14,31],[-17,5],[-9,-45],[-20,-3],[-5,17],[-5,53],[-1,45],[-5,19],[-1,31],[6,39],[-14,22],[-9,7],[-20,56],[-21,8],[-31,-22],[-25,-8],[-43,2],[-20,9],[-30,28],[-18,29],[-14,18],[-14,-14],[-5,-50],[-11,-23],[-13,-7],[-17,7],[-25,1],[-13,10],[-11,42],[-3,26],[18,41],[-8,16],[-21,-14],[-12,10],[6,54],[10,45],[23,62],[3,24],[-5,20],[-23,11],[-14,-6],[-16,7],[-17,14],[-21,11],[-21,-4],[-18,-39],[-11,-56],[-13,-22],[-16,-7],[-19,6],[-38,37],[-14,6],[-11,-5],[-9,-34],[0,-29],[10,-47],[6,-58],[-4,-18],[-17,-12],[-9,7],[-17,-4],[-19,-11],[-13,-14],[-19,-1],[-17,26],[-22,20],[-21,12],[-19,-2],[-20,-17],[-11,-1],[-10,8],[-3,42],[-5,44],[-15,74],[-9,21],[-9,9],[-28,8],[-16,19],[-8,23],[0,35],[7,28],[8,12],[24,8],[16,15],[13,40],[-1,35],[-8,28],[-8,14],[-42,35],[-28,15],[-20,-1],[-36,5],[-15,-2],[-15,-8],[-31,-29],[-16,-7],[-20,5],[-16,16],[-9,18],[-4,21],[-2,37],[2,18],[11,27],[10,36],[16,31],[20,17],[16,28],[-1,30],[-19,33],[-14,2],[-8,-10],[-21,-42],[-22,-20],[-14,-3],[-23,9],[-18,18],[-19,-10],[-2,-24],[11,-16],[1,-39],[5,-40],[14,-22],[33,-33],[-2,-27],[-11,-12],[-49,-2],[-12,14],[-29,19],[-42,41],[-11,-5],[-18,-25],[-10,10],[-16,48],[-9,19],[-18,18],[-19,1],[-27,-12],[-17,-22],[-13,-47],[-4,-58],[3,-28],[15,-49],[-3,-29],[-23,-18],[-18,2],[-10,8],[-7,19],[-25,28],[-19,38],[-12,29],[-14,45],[-8,14],[-23,-1],[-17,-25],[-7,-42],[-2,-34],[4,-10],[1,-33],[-9,-39],[-16,-12],[-27,8],[-16,17],[-7,16],[2,20],[15,38],[7,33],[-4,18],[-20,40],[-17,64],[-10,4],[-32,-17],[-17,4],[-20,13],[-24,29],[-26,-2],[-27,-25],[-10,-5],[-39,-4],[-2,-27],[6,-20],[16,-34],[-5,-41],[-18,-25],[-14,-13],[-11,-17],[-13,-60],[-12,-4],[-9,26],[-1,17],[-10,23],[-11,15],[-17,13],[-17,3],[-10,-4],[-33,-30],[-16,1],[-9,18],[6,27],[-3,24],[-8,5],[-16,-20],[-16,-52],[-14,-16],[-18,15],[-36,10],[-40,27],[-29,36],[-13,19],[-17,15],[-25,8],[-20,1],[-8,12],[-16,35],[-20,10],[-29,-9],[-21,14],[-12,27],[-18,-3],[-19,-45],[-10,-7],[-13,4],[-10,25],[5,42],[21,66],[-5,24],[-18,-4],[-23,-24],[-26,-34],[-20,-37],[-13,-9],[-19,1],[-13,11],[-11,28],[0,23],[8,24],[10,11],[22,15],[13,19],[-1,23],[-16,12],[-10,-9],[-11,-31],[-17,-25],[-21,-9],[-17,4],[-12,16],[-7,20],[-19,30],[-16,41],[-9,13],[-13,10],[-23,-6],[-9,-16],[-2,-23],[3,-29],[6,-19],[15,-33],[1,-30],[-26,-49],[-10,-29],[-17,-19],[-18,-4],[-10,4],[-11,16],[-9,37],[-4,69],[0,33],[-6,28],[-8,12],[-19,7],[-25,-17],[-23,-9],[-20,-13],[-18,-29],[-21,-3],[-45,12],[-16,-14],[-54,-84],[-39,-42],[-21,-30],[-26,-13],[-42,-14],[-36,-8],[-13,-12],[-5,-13],[-9,-54],[-1,-39],[11,-68],[1,-25],[-13,-43],[-13,-17],[-12,-4],[-22,10],[-19,22],[-7,32],[-13,17],[-8,1],[-4,-16],[38,-70],[8,-17],[5,-28],[0,-26],[-5,-20],[-10,-14],[-13,-7],[-16,-1],[-7,6],[-15,29],[-1,20],[-9,18],[-18,12],[-16,-14],[-15,-33],[-19,-14],[-23,18],[-24,27],[-12,-9],[-6,-17],[5,-26],[7,-11],[16,-13],[19,3],[22,22],[19,-8],[8,-20],[12,-46],[5,-35],[-7,-35],[-7,-8],[-18,-7],[-27,-27],[-18,-27],[-3,-29],[5,-24],[12,-17],[10,-6],[39,5],[14,-13],[8,-15],[3,-37],[-10,-27],[-17,-18],[-13,0],[-20,8],[-13,20],[-3,18],[-12,12],[-9,-17],[3,-33],[-3,-45],[-8,-24],[-9,-9],[-14,0],[-32,24],[-21,5],[-9,10],[-19,35],[-13,7],[-27,3],[-15,-14],[-1,-27],[-10,-31],[-34,-31],[-27,-1],[-16,29],[-16,44],[-16,23],[-15,2],[-13,-19],[-3,-30],[29,-81],[3,-35],[-7,-23],[-12,-26],[-23,-16],[-40,-2],[-22,-7],[-27,-28],[-15,-1],[-18,18],[-7,25],[3,21],[10,20],[25,3],[18,9],[10,11],[6,36],[-5,17],[-17,36],[-36,38],[-7,20],[2,36],[19,39],[10,8],[25,9],[9,18],[1,17],[-10,15],[-16,1],[-18,18],[-29,76],[-10,37],[-11,69],[-12,32],[-18,26],[-9,8],[-27,5],[-13,-9],[-9,-20],[1,-49],[-9,-17],[-9,-5],[-20,7],[-34,35],[-15,-3],[0,-31],[-7,-17],[-11,-13],[-26,-1],[-54,46],[-12,2],[-10,-22],[4,-37],[-7,-17],[-10,-3],[-12,8],[-12,24],[-17,20],[-15,10],[-16,25],[-6,23],[3,64],[8,31],[4,25],[-4,10],[-15,7],[-13,-6],[-26,-21],[-13,-16],[-17,-13],[-18,-2],[-20,9],[-20,29],[-11,29],[-2,25],[11,62],[13,42],[0,20],[-7,22],[-13,16],[-18,-2],[-31,-33],[-22,-34],[-15,-13],[-14,-1],[-12,11],[-6,26],[3,11],[-3,34],[-7,32],[-6,12],[-15,14],[-15,4],[-28,16],[-18,-6],[3,-29],[10,-22],[-3,-23],[-12,2],[-3,13],[-13,23],[-9,28],[-5,40],[-3,42],[-9,22],[-20,8],[-32,-5],[-15,-8],[-7,-12],[-5,-23],[3,-59],[0,-20],[-6,-19],[-23,-35],[-12,-10],[-34,-18],[-11,-16],[-5,-35],[2,-11],[-15,-25],[-18,-7],[-12,15],[-1,48],[12,20],[6,21],[-1,22],[-8,15],[-14,3],[-24,-19],[-11,3],[-10,14],[-3,17],[28,84],[-2,37],[-17,13],[-13,-2],[-57,-23],[-11,3],[-12,26],[4,27],[-2,19],[-30,10],[-22,12],[-21,5],[-13,12],[-17,45],[-25,10],[-37,64],[-16,46],[-10,51],[-16,44],[-17,15],[-15,1],[-19,-17],[-5,-14],[-9,-65],[-10,-17],[-23,1],[-8,17],[-2,34],[4,28],[19,40],[8,42],[-12,38],[-3,56],[-11,26],[-11,5],[-10,-10],[-9,-31],[1,-33],[-3,-21],[-7,-12],[-20,-21],[-21,-5],[-10,7],[-19,37],[-6,26],[6,50],[-6,10],[-11,-2],[-14,-33],[-10,-7],[-9,8],[-4,24],[-17,16],[-15,-3],[-17,-19],[-12,-27],[-6,-50],[-5,-21],[-9,-10],[-29,-12],[-3,-44],[-12,-9],[-13,1],[6,-22],[22,-23],[8,-29],[-1,-22],[-9,-27],[-10,-8],[-17,-6],[-19,0],[-16,10],[-11,16],[-7,22],[-2,27],[-13,27],[-4,39],[5,35],[-1,14],[-9,10],[-8,-3],[-10,-19],[0,-20],[-10,-42],[-5,-11],[-23,-21],[-19,-6],[-18,5],[-10,8],[-10,19],[-3,21],[4,55],[0,52],[-13,18],[-18,-15],[-10,-3],[-10,9],[-2,15],[33,25],[19,8],[1,11],[-9,19],[-4,35],[12,33],[-41,-7],[-7,-10],[-5,-19],[3,-28],[-4,-21],[-8,-7],[-13,6],[-14,22],[4,31],[-11,-2],[-4,-14],[-42,-42],[-28,-13],[-12,0],[-22,10],[-22,15],[-27,14],[-15,19],[-9,35],[-8,45],[-9,14],[-14,6],[-25,-12],[-26,-34],[-7,-17],[2,-17],[26,-6],[19,-27],[9,-55],[3,-32],[-6,-46],[-10,-18],[-16,-18],[-22,1],[-15,14],[-14,44],[4,30],[10,19],[3,30],[-10,22],[-10,4],[-12,-5],[-18,-22],[-17,0],[-16,17],[-10,18],[-10,45],[-5,58],[-11,-15],[-10,-25],[-18,-16],[-32,-14],[-11,-15],[-10,-22],[-10,-9],[-19,-2],[-18,21],[-3,34],[-6,41],[4,37],[18,47],[1,17],[-6,28],[-6,13],[-26,34],[-8,6],[-12,-3],[-11,-56],[1,-24],[7,-20],[-4,-21],[-15,-17],[-21,-9],[-9,-14],[-1,-23],[7,-17],[11,-13],[4,-15],[-3,-18],[-20,-6],[-22,26],[-7,35],[2,33],[-2,26],[-6,13],[-11,10],[-14,2],[-20,16],[-9,22],[-25,21],[-5,30],[10,60],[-4,32],[11,31],[11,7],[27,-1],[-6,20],[-18,-2],[-25,17],[0,7],[0,792],[0,435],[0,570],[-1,777],[0,1098],[0,510],[-1,640],[0,776],[0,658],[-1,1145],[0,10]],[[62363,52653],[-42,11],[-53,-63],[-99,28],[16,14],[9,27],[9,-1],[14,22],[24,10],[9,9],[14,23],[4,32],[11,14],[4,48],[-2,21],[10,3],[19,-11],[14,6],[8,17],[3,25],[-3,29],[1,42],[6,22],[-17,22],[-12,-11],[-16,0],[-12,8],[-9,16],[-17,5],[-6,15],[-14,20],[-4,23],[10,33],[-13,33],[-10,16],[-10,-36],[-9,-21],[-5,9],[-20,-1],[-21,15],[-21,24],[-18,4],[-12,-23],[-3,23],[-19,30],[-3,17],[-4,66],[4,39],[-12,23],[-3,17],[-11,-4],[-12,-26],[-6,18],[-17,15],[-7,22],[-30,25],[-4,34],[-21,-23],[-2,-25],[11,-39],[-1,-25],[-5,-20],[-20,-16],[-6,-13],[-5,-54],[-11,10],[7,27],[-1,15],[13,20],[2,20],[15,-2],[7,9],[1,24],[-7,24],[-11,10],[1,28],[8,10],[-4,23],[-13,-23],[-21,1],[-8,-41],[-6,-16],[-46,-58],[-81,-83],[-14,-13],[-12,-20],[-27,-23],[-22,-15],[-49,-79],[-270,73]],[[61378,53137],[6,64],[20,67],[7,11],[-3,38],[3,10],[-2,37],[8,82],[-109,31],[27,262],[-3,1],[11,111],[13,-10],[10,-17],[15,-6],[10,38],[0,13],[14,4],[-1,18],[-12,23],[3,29],[29,62],[-6,15],[2,27],[-18,32],[-12,7],[-20,21],[-15,40],[-6,28],[-19,19],[-13,34],[-1,27],[-19,53],[-11,16],[-18,4],[-25,-2],[-22,2],[-10,5],[-17,19],[-6,13],[-9,36],[-16,20],[-10,37],[-4,38],[3,13],[-1,30],[-18,22],[-30,28],[-4,28],[-22,64],[-25,29],[5,21],[-6,11],[-4,34],[-8,-9],[29,258],[56,510],[41,383],[248,-66],[-2,27],[-7,25],[-9,22],[-6,40],[2,20],[16,11],[9,16],[1,14],[-17,40],[-4,42],[-14,39],[-1,33],[-39,51],[-25,48],[-3,64],[-5,18],[4,40],[-2,44],[-12,24],[-6,20],[-2,29],[-11,44],[-8,55],[8,23],[-7,18],[-21,25],[-4,10],[37,340],[41,390],[13,123],[65,596],[42,389],[47,448],[53,493],[7,167],[24,519],[-28,-19],[-22,-9],[-18,6],[-9,20],[-3,31],[-11,56],[-5,12],[-25,25],[-8,1],[-16,-24],[-19,16],[-7,21],[-5,62],[-6,25],[-11,25],[-4,27],[-13,19],[-27,14],[-20,3],[-17,16],[-8,74],[-3,50],[-7,15],[-18,6],[-21,-20],[-20,-15],[-14,-1],[-11,21],[-8,30],[-5,37],[4,41],[-19,21],[-48,6],[-8,-7],[-8,-27],[-1,-25],[6,-26],[28,-44],[-1,-16],[-15,-13],[-30,9],[-36,-18],[-27,0],[-11,6],[-18,23],[-23,8],[-8,-6],[-14,-44],[-9,-10],[-12,-2],[-15,14],[-14,26],[-14,54],[8,39],[1,17],[-7,15],[-10,5],[-23,-3],[-29,-16],[-13,-15],[-18,-34],[-13,0],[-9,14],[-4,28],[1,50],[-3,26],[-7,14],[-23,6],[-14,-3],[-15,-8],[-10,-16],[-22,-1],[-19,13],[-11,31],[-5,38],[4,65],[-5,26],[-10,14],[-32,4],[-43,28],[-6,1],[-31,-26],[-16,-22],[-27,-2],[-30,21],[-7,16],[-5,35],[8,38],[-2,24],[3,51],[11,105],[-8,13],[5,14],[-2,17],[-6,12],[20,209],[17,-4],[15,26],[8,-15],[9,-2],[9,12],[2,35],[-4,12],[9,27],[34,-7],[29,282],[32,321],[-5,3],[-17,-30],[-17,3],[-11,-7],[-12,12],[-7,-40],[-11,-1],[-5,48],[-9,16],[-9,-5],[-14,-21],[-11,-4],[-4,80],[-5,16],[-26,-32],[-5,-18],[1,-26],[-7,-3],[-15,19],[-46,37],[-1,35],[-10,23],[-36,-18],[-1,21],[9,13],[-6,21],[-18,11],[-12,13],[-18,35],[-1,20],[-9,1],[-4,-18],[-19,9],[-14,20],[-13,-7],[-12,-16],[1,49],[-7,8],[-14,0],[-10,22],[-15,-7],[-11,5],[-10,-5],[-7,11],[-1,16],[-10,18],[-23,9],[-9,10],[-17,34],[-10,-5],[-5,-16],[4,-46],[-4,-12],[-16,-14],[-9,0],[-12,20],[2,36],[-11,14],[-18,-7],[-14,3],[-7,35],[-24,12],[-11,11],[-8,-4],[-7,-20],[-13,-7],[3,22],[-7,7],[-1,20],[-20,17],[-6,-14],[-10,-1],[-6,19],[13,12],[-14,42],[-20,15],[-10,-13],[-16,2],[-3,22],[-13,23],[-27,16],[-2,20],[-9,30],[-13,10],[-12,-12],[-9,3],[-6,24],[5,9],[16,5],[11,18],[2,14],[-17,36],[1,20],[-6,20],[-21,12],[5,19],[9,11],[6,22],[-2,14],[-10,22],[-17,9],[-14,1],[-12,8],[-14,-1],[0,31],[-19,23],[-20,6],[-8,30],[-9,10],[-12,3],[0,33],[-25,52],[-21,24],[-21,43]],[[59554,63321],[107,126],[-12,67],[-29,24],[-13,6],[-11,22],[-14,37],[-4,105],[-5,18],[-20,6],[-14,22],[-15,0],[-24,9],[-14,12],[-38,25],[-12,38],[-18,21],[7,50],[-28,40],[-6,28],[14,28],[2,16],[-10,20],[-8,44],[41,-12],[5,45],[16,-8],[22,-4],[7,6],[25,-14],[17,14],[18,-20],[21,-6],[16,-11],[11,3],[15,27],[18,17],[6,32],[5,9],[22,9],[6,12],[83,-23],[3,16],[137,-36],[10,102],[102,-30],[14,-3],[277,-80],[14,19],[3,14],[-9,13],[-1,17],[-22,4],[-3,28],[-9,7],[1,14],[11,18],[4,27],[5,14],[-17,26],[5,23],[-1,16],[-16,6],[14,23],[17,6],[2,18],[-7,9],[-18,-3],[0,30],[11,28],[196,-54],[156,-44],[-1,-10],[23,-6],[1,12],[145,-40],[207,-53],[141,-37],[76,-23]],[[61214,64232],[9,-24],[2,-48],[121,-30],[312,-76],[-1,25],[7,9],[-3,36],[-7,30],[4,40],[6,19],[2,22],[-7,20],[-2,41],[-19,32],[-4,29],[1,42],[-8,33],[-19,17],[-6,10],[0,42],[-3,19],[-7,16],[-8,42],[2,114],[-13,71],[-7,91],[17,-10],[19,-25],[32,14],[23,-17],[12,-30],[4,-17],[8,-12],[9,6],[12,-13],[3,-24],[15,-6],[9,-25],[-1,-32],[-7,-52],[-2,-51],[5,-30],[8,-24],[11,-18],[21,-3],[23,-17],[5,-20],[0,-22],[-8,-26],[3,-22],[-14,-28],[-10,-8],[-2,-28],[1,-36],[-9,-11],[-2,-21],[6,-54],[-9,-17],[9,-28],[-6,-7],[0,-19],[-8,-16],[2,-46],[-7,-7],[-2,-19],[15,-14],[6,-26],[22,-21],[10,-4],[16,-19],[-2,-21],[11,-29],[13,-6],[-5,-15],[19,-33],[4,-14],[12,4],[11,-14],[16,-12],[10,13],[16,8],[-1,15],[8,20],[12,17],[-5,30],[-14,11],[5,18],[9,-2],[-2,20],[6,7],[5,36],[17,36],[2,23],[-6,18],[-9,12],[3,26],[7,6],[0,18],[7,20],[10,8],[4,-12],[16,-13],[14,4],[23,-13],[26,11],[18,1],[4,28],[11,11],[21,4],[35,68],[11,37],[5,32],[-11,23],[17,24],[12,-7],[11,-20],[11,7],[9,-27],[13,0],[14,-23],[8,-50],[11,-3],[5,-15],[-9,-26],[6,-18],[-1,-27],[12,1],[12,-38],[11,-10],[1,-27],[21,-40],[-11,-21],[-3,-25],[9,-21],[12,-3],[12,28],[19,7],[9,18],[15,-22],[10,-36],[14,8],[12,36],[17,22],[1,22],[13,15],[3,20],[15,-3],[21,8],[26,-10],[20,13],[19,-6],[11,-9],[18,6],[12,-7],[9,-14],[12,-5],[1,-11],[-13,-11],[-3,-15],[7,-29],[-9,-24],[1,-10],[20,-7],[11,9],[21,-1],[9,-6],[-6,-34],[17,-16],[0,-11],[-31,-38],[-15,6],[-14,-25],[-10,-25],[-4,-28],[28,-40],[9,-23],[16,-1],[-6,-29],[14,-14],[-9,-19],[-18,4],[-13,-16],[-13,-7],[31,-25],[21,-6],[-7,-28],[8,-43],[-3,-24],[-12,-5],[-6,-21],[25,-13],[-17,-26],[5,-16],[32,-16],[8,4],[3,-18],[-10,-19],[-13,-46],[-11,-12],[-23,13],[-13,-3],[-16,-45],[-20,-5],[-7,-7],[-1,-21],[7,-24],[-12,-22],[-5,-18],[-14,-38],[-9,-7],[-18,10],[-8,-19],[-1,-39],[3,-12],[-5,-35],[2,-24],[-20,-46],[-10,-37],[7,-31],[-3,-13],[-24,-10],[5,-17],[14,-11],[14,6],[6,25],[19,-1],[8,13],[14,12],[13,3],[16,-16],[29,3],[10,93],[74,-21],[-8,-79],[50,-14],[-21,-231],[-6,-7],[-4,-28],[14,-20],[34,-12],[13,4],[22,16],[30,13],[19,-17],[36,7],[7,8],[22,-15],[-4,-34],[52,-14],[-5,-50],[-7,-10],[1,-21],[-6,-16],[30,-9],[8,5],[10,-22],[19,6],[18,-15],[6,15],[4,36],[-8,28],[5,21],[11,25],[17,6],[11,24],[20,-1],[2,19],[-1,27],[7,29],[-3,10],[38,-12],[-2,-20],[40,-11],[-2,-22],[33,-9],[2,18],[25,-8],[5,43],[20,14],[8,14],[10,-13],[13,-2],[12,-9],[16,0],[9,20],[6,30],[14,25],[17,-8],[20,-4],[7,-9],[13,1],[7,14],[18,23],[39,-14],[21,-5],[30,13],[10,-1],[29,26],[-19,-207],[8,-19],[4,-29],[73,-20]],[[63595,62496],[-11,-104],[16,-6],[-11,-34],[-12,-11],[-17,-9],[8,-37],[-3,-22],[-13,-23],[-6,-29],[4,-36],[-7,-23],[1,-26],[10,-47],[0,-19],[8,-25],[-10,-13],[0,-30],[-4,-17],[-16,-5],[-4,-18],[-18,-33],[22,-5],[-4,-38],[4,-19],[44,-13],[23,-35],[9,-36],[3,-34],[10,-31],[19,-43],[-3,-25],[22,-7],[17,-30],[25,11],[8,-2],[21,-37],[24,-20],[-6,-24],[-29,-23],[-5,-57],[18,-5],[-5,-49],[11,-3],[-4,-38],[52,-14],[-7,-63],[31,-8],[5,-7],[5,-45],[-2,-7],[11,-24],[-3,-21],[9,-58],[9,-12],[4,-35],[7,-15],[7,-28],[9,1],[8,17],[10,6],[23,-23],[17,0],[12,8],[10,-8],[3,-16],[-3,-17],[12,-67],[21,-63],[2,-31],[-5,-32],[-17,-23],[0,-15],[20,-59],[8,-8],[16,15],[8,0],[15,-26],[18,8],[20,-5],[14,20],[5,-6],[4,-29],[19,-13],[5,-21],[-2,-20],[4,-22],[13,-30],[6,-51],[-15,-28],[-1,-11],[7,-30],[12,-20],[6,-20],[-2,-22],[1,-39],[14,7],[10,-3],[18,-20],[8,-25],[0,-42],[-9,-23],[3,-27],[20,-44],[13,-20],[20,-20],[14,-6],[64,4],[18,-10],[13,-16],[24,-44],[12,-7],[14,-1],[34,16],[16,15],[27,36],[36,57],[36,49],[10,6],[21,-2],[17,-20]],[[64598,60209],[-31,-11],[-3,-12],[-27,-51],[-18,-21],[-39,-55],[-16,-17],[-32,-42],[-39,-58],[-14,-19],[-67,-102],[-13,-23],[-36,-57],[-61,-110],[-25,-53],[-12,-18],[-25,-59],[-26,-47],[-27,-88],[-16,-38],[-17,-66],[-23,-57],[-37,-57],[-31,-60],[-20,-47],[-28,-81],[1,-28],[-32,-63],[-8,-23],[-1,-27],[19,-27],[-1,-13],[-13,7],[-27,-29],[-38,-69],[-29,-73],[-15,-49],[-16,-64],[-11,-69],[-1,-60],[12,-43],[12,-18],[2,-25],[10,-19],[-18,-46],[-8,-44],[0,-23],[7,-19],[16,-2],[2,-29],[-8,-15],[-3,-18],[-9,-15],[-4,-28],[-25,-18],[-12,-15],[-28,-49],[-30,-62],[-20,-47],[-22,-67],[-12,-41],[-22,-92],[-19,-112],[-13,-99],[-7,-97],[-2,-103],[5,-99],[4,-31],[8,-28],[2,-21],[15,-19],[3,-30],[10,-19],[16,6],[14,-15],[38,-13],[23,2],[16,-8],[17,-18],[2,-24],[-1,-33],[8,-65],[5,-13],[12,-10],[14,-20],[-4,-29],[4,-9],[26,-23],[7,4],[20,-10],[8,-16],[20,-4],[13,-8],[3,-26],[32,-18],[22,-47],[-21,-34],[0,-13],[-10,-27],[11,-18],[-9,-26],[6,-24],[-13,-21],[-10,-2],[-9,-14],[-15,-10],[-41,-75],[-44,-107],[-14,-45],[-9,-21],[-21,-67],[-17,-65],[-27,-121],[-11,-80],[-6,-73],[-2,-90],[-3,-36],[4,-61],[29,-35],[12,-20],[-10,-10],[3,-21],[15,-19],[7,-16],[1,-15],[8,-16],[-1,-16],[10,-21],[14,-10],[12,16],[10,-5],[22,12],[19,-46],[4,-20],[-10,-22],[-11,10],[-16,-24],[-2,-15],[-16,-39],[-4,-37],[9,-6],[9,-24],[-22,0],[-32,-69],[4,-26],[-16,-98],[-5,-5],[-4,-28],[11,-17],[-3,-59],[9,-25],[-9,-6],[-12,10],[-14,-17],[-12,-34],[-21,-71],[-11,-56],[-6,-39],[6,-23],[-13,-35],[-4,-51],[9,-31],[-7,-14],[-1,-17],[5,-26],[-1,-23],[7,-15],[-1,-36],[9,-41],[17,-28],[18,-1],[8,-8],[9,-23],[10,-6],[19,1],[5,15],[11,-2],[3,-29],[8,-15],[3,-57],[-9,-4],[-14,9],[-16,-5],[-52,-29],[-22,-25],[6,-62],[-12,-5],[-3,22],[-16,3],[-40,-27],[-36,-15],[-10,-17],[-24,6],[-16,-6],[-41,-22],[-10,-3],[-49,-28],[-13,-10],[-26,-12],[-31,-23],[-33,-17],[-55,-38],[-50,-40],[-37,-26],[-54,-44],[-34,-29],[-22,-24],[-16,-33],[-12,-10],[-50,-33],[-8,-9],[-33,-24],[-52,-44],[-29,-27],[-52,-51],[-16,-22],[-46,-51],[-36,-44],[-30,-41],[-31,-39],[-43,-67],[-21,-34],[-65,-122],[-27,-69],[-29,-66],[-16,-52],[-8,-45],[-11,-46],[-21,-96]],[[59220,49013],[4,11],[12,68],[10,92],[7,46],[13,10],[-32,57],[-19,24],[-22,16],[-19,17],[-23,41],[-15,46],[-24,108],[-6,22],[-34,151],[1,3],[-85,383],[-8,27],[13,-6],[6,17]],[[58999,50146],[1,-27],[4,-15],[13,-20]],[[59017,50084],[-4,-10],[22,-25],[6,-19],[4,-27],[-5,-28],[2,-39],[-2,-44],[8,-27],[29,-63],[31,-41],[6,-6],[3,-22],[9,-17],[-1,-30],[12,-40],[1,-24],[8,-25],[14,-26],[12,-5],[20,-24],[30,-30],[29,-22],[25,-10],[2,21],[-20,5],[-24,18],[-17,17],[-40,56],[-15,40],[-3,62],[-11,48],[-31,41],[-18,46],[-7,-18],[-16,3],[-1,160],[38,-16],[12,-1],[30,9],[14,-17],[18,-9],[5,9],[12,-12],[35,-18],[14,-16],[2,-20],[-17,-23],[12,-35],[13,-15],[15,11],[20,-32],[26,-15],[17,-15],[40,-16],[60,-6],[33,-1],[19,-6],[13,-10],[7,-18],[6,-37],[16,-49],[-3,-10],[-17,-11],[2,-42],[5,-21],[9,-12],[2,-30],[11,-29],[10,-16],[3,-20],[2,-52],[-4,-43],[-15,-52],[-18,-44],[-15,-2],[-5,13],[-2,71],[7,52],[-70,41],[-53,57],[-44,41],[-58,-11],[-2,-22],[35,1],[20,-5],[10,-6],[105,-115],[20,-38],[8,-25],[4,-41],[1,-57],[6,-69],[11,-55],[20,-58],[-13,1],[-12,37],[-6,2],[-6,36],[-10,-5],[0,-50],[-9,-12],[-15,6],[-6,27],[-11,26],[-2,45],[11,37],[1,16],[-17,-4],[6,-13],[-6,-47],[-4,-15],[4,-33],[10,-46],[19,-27],[36,5],[51,-10],[26,2],[27,24],[5,20],[12,-2],[15,27],[17,13],[1,-15],[-14,-10],[-22,-30],[-4,-17],[8,-22],[-14,-14],[0,-22],[-6,-5],[-13,10],[-26,-33],[-2,-23],[-12,-8],[-19,-26],[-3,-8],[-27,-5],[-9,-30],[-20,-4],[-29,-38],[-19,-22],[-8,-31],[-19,-30],[-16,-7],[-1,-12],[-18,-10],[-18,-22],[-29,-49]],[[59741,50075],[19,40],[54,-14],[93,-27],[-2,-22],[79,-23],[2,13],[23,-6],[4,-33],[11,-16],[18,-17],[10,-25],[17,-20],[13,-37]],[[60082,49888],[-21,-17],[-124,-113],[-32,-33],[-14,-17],[-40,-42],[-6,-4],[-83,-93],[-59,-74],[-48,-72],[-27,-49],[-17,-41],[-10,-31],[-15,-59],[-4,-26],[-1,-42],[4,-34],[13,-38],[-2,-28],[-13,-17],[-18,-13],[-18,9],[-10,14],[-7,29],[-7,42],[4,24],[34,84],[19,63],[17,49],[13,49],[4,31],[-26,-17],[-3,18],[13,13],[12,-1],[5,39],[-3,55],[-20,73],[-2,28],[3,35],[14,45],[18,16],[35,39],[20,34],[14,33],[9,30],[9,17],[13,13],[25,91],[-6,69],[-3,6]],[[56197,38470],[-22,3],[-21,29],[5,18],[-61,47],[-7,-15],[-17,-1],[-45,6],[2,16],[-16,29],[10,41],[4,31]],[[56346,38736],[20,25],[14,-13],[-11,-33],[-25,-33],[33,-9],[21,-16],[28,-8],[-6,-59]],[[56505,39455],[12,-1],[4,11],[29,-10],[-17,59],[9,34],[19,-1],[15,-19],[6,12],[9,39],[11,-32],[-8,-22],[0,-25],[12,-30],[14,-1],[7,-21],[0,-26],[-9,-9],[1,-19],[6,-12],[-8,-12],[4,-19],[14,-20],[11,20],[15,-2],[16,10],[7,13],[16,10],[14,-39],[-5,-9],[-15,0],[-6,-20],[-20,-3],[-1,-47],[5,-36],[-22,-5],[-27,-15],[2,-16],[8,-7],[1,-21],[-12,-6],[-16,15],[-16,-3],[2,-23],[7,-10],[-6,-38],[5,-19],[-5,-15],[-12,7],[-3,22],[1,20],[-4,20],[-11,12],[-11,-2],[-12,15],[-1,52],[-9,-8],[-3,-24],[-10,-18],[-11,51],[3,19],[-16,-2],[7,-32],[-2,-29],[7,-27],[-14,-1],[-11,24],[-2,19],[-10,22],[-1,-35],[5,-22],[-11,-9],[-6,34],[-14,16],[-17,-6],[11,-32],[-18,1],[21,-24],[6,-22],[-7,-35],[-30,33],[-8,-11],[-13,22],[-2,36],[-12,11],[-5,-17],[-3,-35],[-16,-3],[-2,31],[-14,19],[3,20],[-12,16],[-4,-26],[-13,-3],[2,-19],[15,-13],[-26,-10],[-3,3],[3,48],[5,14],[-3,27],[-19,18],[-6,-8],[1,-28],[-10,7],[6,36],[-3,11],[4,25]],[[56302,39383],[5,16],[21,-1],[0,-27],[-4,-5],[13,-28],[90,-26],[9,1],[21,-15],[26,15],[21,24],[11,101],[-10,17]],[[63116,75802],[-10,-18],[-7,-33],[-9,-16],[-21,-16],[-6,-39],[-2,-35],[-4,-31],[-14,-8],[-22,2],[-32,20],[-19,2],[-20,-46],[-7,-30],[-13,-10],[-13,1],[-11,-73],[-3,-35],[8,-48],[12,-39],[-2,-11],[12,-64],[1,-21],[-9,-9],[-4,-16],[2,-42],[7,-33],[11,-19],[9,-3],[9,-24],[21,-34],[27,-24],[-14,-21],[5,-12],[-12,-29],[0,-9],[-19,-37],[-5,-17],[-19,4],[-27,-4],[-18,-16],[-8,-20],[-8,-10],[-7,-41],[3,-27],[-13,-34],[4,-10],[-5,-39],[11,-18],[13,-3],[5,-10],[-2,-19],[4,-26],[-7,-27],[-16,-19],[-13,-24],[-27,-27],[-4,-18],[2,-33],[-5,-12],[-16,-19],[-23,3],[-17,-13],[-9,-22],[-1,-25],[-8,-28],[0,-45],[-10,-7],[-12,4],[-9,-6],[-22,0],[-6,-15],[-3,-29],[-11,-10],[-3,-21],[-27,-26],[-26,-3],[-16,-12],[4,-42],[-5,-27],[-10,-27],[-20,-33],[5,-36],[-7,-19],[-17,-31],[-16,-19],[-5,-16],[-14,-11],[-15,-22],[-15,-36],[-12,-10],[-6,-26],[8,-26],[16,-4],[5,-33],[5,-60],[6,-18],[16,-26],[33,-29],[12,-4],[17,-15],[4,-11],[0,-29],[-8,-23],[-4,-38],[8,-16],[3,-57],[19,-44],[13,2],[24,11],[8,-5],[22,-35],[5,-44],[11,-10],[19,-6],[11,-22],[18,-16],[20,-24],[27,-46],[-2,-18],[-15,-14],[-10,-17],[-12,-37],[-2,-19],[-13,-51],[1,-30],[-10,-23],[6,-36],[-3,-26],[11,-24],[10,-39],[25,-44],[10,-26],[4,-22],[-4,-24],[-15,-22],[-1,-17],[7,-46],[13,-25],[11,-77],[3,-36],[-5,-45],[1,-25],[11,-20],[15,-17],[-3,-19],[3,-16],[-2,-29],[2,-34],[-5,-14],[2,-33],[-9,-20],[-14,-14],[-9,-21],[-15,-14],[-7,-71],[-22,6],[-21,-63],[-32,-58],[6,-44],[11,-51],[-7,-14],[-29,-4],[-8,-15],[1,-27],[-11,-44],[-2,-28],[-6,-16],[-14,-2],[-22,18],[-4,-5],[-18,15],[-19,-16],[-29,-9],[-20,11],[-22,-20],[-7,-12],[-3,-30],[5,-27],[10,-12],[-6,-27],[-23,-12],[-11,-12],[-18,-48],[0,-23],[-19,-26],[1,-25],[-21,-43],[-2,-14],[-10,-16],[-14,-2],[-10,6],[-13,-9],[-26,-66],[10,-26],[-22,-98],[5,-16],[22,-13],[26,-141],[13,-18],[-2,-39],[16,-24],[0,-38],[-8,-7],[-14,-33],[0,-16],[-6,-32],[-19,-59],[0,-64],[-9,-36],[-9,-90],[13,-5],[-2,-15],[10,-32],[3,-21],[12,-21],[0,-31],[-9,-12],[-3,-18],[7,-15],[2,-32],[-8,-20],[-13,-6],[9,-39],[10,-33],[14,-3],[3,-27],[-14,-25],[-1,-33],[-16,-21],[-1,-13],[-10,-17],[0,-27],[-16,-4],[0,-31],[-6,-25],[3,-34],[9,-3],[4,-45],[-8,-13],[1,-18],[11,-3],[15,-14],[-11,-27],[-4,-33],[7,-10],[12,-3],[2,-41],[13,-12],[-17,-25],[-6,-22],[-2,-28],[-5,-9],[-13,4],[-13,12],[-5,-11],[0,-28],[-4,-28],[-9,-22],[-14,-18],[-6,-25],[-11,-23],[-24,-25],[-5,-31],[7,-28],[13,-22],[8,-52],[9,-9],[12,8],[19,-18],[17,1],[14,-25],[7,12],[19,1],[-5,-30],[14,-22],[27,-10],[3,-27],[37,-44],[9,-13],[19,2],[8,-20],[14,-11],[21,30],[11,5],[18,-3],[6,-13],[5,-43],[26,-16],[14,-19],[2,-22],[17,4],[18,-15],[3,-24],[14,-13],[7,-26],[-2,-59],[5,-29],[-22,-13],[-11,-20],[-9,4],[-34,-24],[-1,-23],[13,-26],[3,-17],[10,-18],[9,-27],[17,-25],[-22,-34],[4,-13],[-18,-33],[11,-13],[6,-34],[-6,-14],[-7,-37],[10,-42],[-9,-26],[-3,-23],[2,-30],[9,-29],[-3,-11],[6,-36],[-4,-12],[10,-17],[27,-4],[28,-30],[4,-57],[-1,-30],[-24,14],[-13,16],[-22,1],[-7,-20],[10,-30],[8,-12],[6,-23],[13,-21],[-4,-35],[-15,-4],[-15,8],[-15,3],[-8,-8],[-12,3],[-79,-808],[-342,90],[13,-42],[2,-28],[-8,-2],[-8,-17],[-8,-27],[-20,-14],[-19,17],[-20,8],[-12,37],[-17,10],[-17,27],[-9,-23],[3,-26],[-3,-9],[-2,-28],[-10,2],[-11,-11],[-27,-17],[-12,20],[-8,25],[-13,16],[-27,2],[-6,27],[-11,21],[-14,-8],[-18,18],[-5,16],[-17,16],[-14,-1],[-21,-15],[-14,-6],[-14,-16],[-25,-11],[-7,5],[-19,-19],[-19,11],[-12,25],[-2,25],[-16,34],[-17,-7],[-13,9],[-4,17],[-19,1],[-15,15],[-3,11],[-24,-10],[-7,-14],[-1,-18],[-22,-62],[-2,-22],[5,-27],[-3,-17],[3,-24],[6,-11],[19,-5],[9,-36],[-4,-40],[-4,-19],[4,-45],[-18,-27],[-3,-24],[16,-40],[10,-3],[12,-17],[14,1],[9,-11],[-2,-34],[-4,-20],[7,-59],[-5,-44],[-13,-35],[1,-41],[-8,-34],[-3,-26],[-7,-31],[-3,-28],[-10,-57],[5,-42],[-15,-31],[-16,-48],[-12,-7],[-7,-13],[-14,-7],[-8,-27],[-13,3],[-4,31],[-8,16],[-13,9],[-17,-19],[-7,1],[-29,26],[-113,-1013],[-10,-115],[-9,-84],[-8,9],[3,14],[-12,17],[-11,-25],[-13,-16],[-28,4],[-5,-14],[-16,-20],[-10,-23],[-18,-15],[-8,-31],[-13,9],[-9,-27],[-13,-7],[-8,5],[2,37],[-9,14],[-12,-115],[-21,-214],[12,-25],[2,-18],[8,-5],[0,-18],[-7,-13],[1,-22],[8,-14],[16,-15],[7,2],[6,-18],[16,-7],[6,-21],[13,-4],[13,-19],[15,-4],[4,-14],[10,-6],[5,-46],[8,-17],[-9,-39],[-16,3],[-7,-18],[-13,-21],[8,-24],[-9,-8],[2,-31],[6,-29],[-12,-19],[2,-14],[17,-4],[1,-24],[-8,-16],[0,-16],[11,-12],[7,-15],[-2,-19],[-11,-9],[9,-27],[-7,-30],[9,-30],[18,-29],[-6,-14],[-11,-6],[-4,-16],[3,-12]],[[59554,63321],[-8,-74],[-36,9],[1,14],[-101,-121],[1,-61],[-8,-22],[-3,-21],[13,-31],[4,-50],[-11,-7],[-1,-19],[14,-39],[-16,-2],[-2,-31],[3,-39],[-11,-22],[16,-45],[-93,24],[-21,50],[-18,30],[-37,16],[0,-22],[-9,-1],[-24,19],[-18,27],[-20,44],[-10,-7],[-4,-24],[-24,6],[-31,32],[-5,-10],[-1,-20],[-9,-3],[-14,12],[-19,-8],[-12,5],[-10,29],[4,28],[14,12],[0,17],[-15,3],[-28,30],[-10,25],[-17,-9],[-20,-33],[-12,-2],[-19,16],[-12,0],[-13,-19],[-28,10],[-15,-11],[-3,8],[13,38],[-2,13],[-14,-2],[-1,41],[-19,15],[-14,2],[0,-22],[-14,-25],[-23,8],[-11,-6],[6,-17],[12,-14],[-5,-18],[-28,2],[-10,8],[-14,-48],[-18,31],[-9,-3],[-7,11],[0,28],[-18,18],[-9,0],[-21,-16],[-10,9],[-8,-13],[-6,17],[-20,3],[-5,-12],[-7,55],[-16,21],[-4,20],[-18,-4],[-6,7],[6,17],[-8,16],[-16,-20],[-8,-23],[-19,2],[-13,-33],[-31,-2],[-9,-23],[-9,7],[-10,-5],[-1,17],[-20,7],[-5,-24],[-19,-9],[-8,-9],[-4,-34],[-14,8],[-8,20],[-10,-3],[-16,11],[-9,39],[-11,-2],[-2,21],[-18,-4],[-8,15],[-11,-20],[6,-16],[-27,12],[-21,5],[-20,18],[-15,38],[-12,9],[-9,17],[-13,10],[-29,3],[-6,23],[-16,11],[1,30],[-14,2],[-23,-18],[-14,12],[8,15],[-6,14],[5,42],[-8,4],[-4,19],[-22,-16],[-24,50],[-25,-3],[-9,17],[2,27],[-11,0],[-2,-21],[-8,-9],[-21,11],[1,23],[-9,23],[-13,23],[-15,10],[-7,-6],[-19,23]],[[57870,63552],[13,29],[-4,27],[-6,12],[14,22],[-2,10],[15,8],[6,39],[-3,18],[-10,16],[-82,22],[-18,28],[-39,23],[-28,22],[-15,29],[-2,10],[-28,41],[-35,24],[-19,40],[-10,14],[-22,64],[-12,56],[-22,44],[-15,12],[-10,20],[2,23],[23,21],[21,3],[9,15],[-3,19],[-24,20],[-9,30],[1,12],[12,21],[6,29],[-5,27],[-8,7],[-32,-22],[-18,12],[-4,8],[-4,41],[-15,46],[1,18],[11,22],[-2,39],[1,23],[10,23],[10,-5],[6,14],[-1,39],[15,30],[4,15],[-16,41],[-3,22],[2,41],[3,18],[12,20],[4,18],[-41,11],[3,11],[12,12],[1,17],[-11,3],[5,25],[-15,10],[16,18],[20,30],[13,53],[11,28],[3,25],[8,17],[15,12],[-34,7],[4,38],[-37,9],[-5,19],[-3,30],[-11,12],[-9,46],[-10,18],[-2,14],[16,12],[4,12],[0,37],[-5,34],[15,12],[13,41],[6,5],[20,2],[16,30],[13,-13],[9,-22],[2,-17],[14,-11],[14,-27],[8,-9],[12,24],[64,-15],[13,21],[19,22],[12,20],[21,-10],[19,1],[16,18],[3,44],[-7,34],[-7,10],[-12,38],[-1,24],[-22,26],[-1,31],[11,46],[0,21],[-13,24],[-27,24],[-20,135],[-16,32],[-17,5],[-10,33],[-15,21],[-20,5],[-9,22],[-30,14],[-3,13],[-20,42],[-3,21],[-7,19],[-6,44],[5,30],[20,41],[-25,38],[1,23],[-8,4],[3,19],[-2,48],[9,21],[2,61],[-3,13],[3,36],[4,22],[-4,95],[-32,48],[1,8],[-97,25],[-38,-395],[-121,29],[-5,12],[3,19],[-12,29],[-13,10],[-13,17],[-10,-1],[-9,19],[43,439],[25,263],[53,-14],[16,178],[-13,11],[-23,8],[0,-16],[-20,-25],[-7,3],[-19,-11],[-7,-12],[-37,17],[11,109],[-6,1],[-24,-14],[-9,9],[-14,4],[-9,24],[-33,3],[0,22],[-10,18],[9,41],[-20,49],[-1,16],[-8,22],[-9,-4],[-12,8],[-7,14],[-24,9],[-8,-11],[-15,1],[-13,25],[-24,16],[32,307],[12,6],[8,13],[6,-10],[16,2],[11,-8],[27,280],[-16,11],[0,-16],[-17,-14],[16,161],[-181,50],[10,101],[3,-1],[13,131],[23,-3],[-6,21],[34,25],[4,31],[10,16],[22,0],[2,30],[29,8],[14,-3],[9,23],[10,-3],[7,12],[20,12],[6,13],[9,-6],[17,9],[20,-18],[8,3],[7,-19],[24,-6],[21,207],[-93,25],[3,28],[-13,3],[7,82],[37,37],[-4,43],[13,51],[-5,14],[-11,-1],[-30,28],[15,25],[-13,56],[-65,17],[-20,65],[-44,12],[11,119],[-73,20],[18,61],[20,36],[24,24],[14,26],[41,77],[8,10],[13,4],[47,-14],[9,-1],[18,10],[-4,32],[7,31],[-18,50],[-3,22],[6,25],[-11,7],[-3,15],[4,40],[-13,16],[-18,-4],[-9,9],[-8,36],[-21,3],[-12,21],[-22,0],[-5,10],[-10,63],[-11,20],[-13,35],[-20,-2],[-28,3],[-2,17],[2,37],[-3,24],[-10,24],[-16,16],[-10,20],[-20,11],[-20,-4],[-8,11],[-10,24],[-20,9],[3,31],[14,16],[6,18],[21,34],[17,3],[15,14],[7,-4],[4,-29],[8,-19],[8,-2],[1,-33],[13,-7],[5,41],[16,7],[10,17],[13,8],[8,28],[11,5],[19,35],[7,-10],[14,20],[4,-32],[15,17],[8,-23],[8,5],[6,20],[1,38],[11,1],[4,22],[-10,15],[20,15],[13,31],[17,16],[-5,27],[53,73],[2,-34],[6,-19],[10,-9],[22,-10],[9,29],[6,0],[30,297],[7,85],[25,-7],[9,84],[-7,2],[8,71],[-13,4],[-18,34],[4,51],[9,-2],[8,80],[24,18],[17,44],[2,22],[22,28],[16,-7],[8,75],[-35,10],[30,300],[-40,11],[6,66],[-13,3],[3,47],[17,15],[-76,20],[21,213],[-42,12],[12,134],[-15,-1],[-33,-39],[-16,-26],[1,-26],[-33,-44],[-55,15],[-18,39],[-10,4],[-25,-18],[-23,-6],[-21,-16],[-23,7],[-30,-6],[-11,7],[-20,4],[-23,16],[-21,9],[-20,2],[-5,10],[-22,12],[-9,-18],[-19,7],[-10,15],[-9,-34],[-16,-6],[-21,9],[-24,0],[-33,9],[-38,-49],[-70,18],[8,41],[1,32],[-4,62],[19,-6],[-8,28],[0,38],[-6,25],[-1,25],[-8,1],[-5,16],[-21,-11],[-11,11],[-10,21],[-14,13],[-9,31],[-37,72],[-8,27],[-10,17],[-13,5],[-8,-9],[-14,-47],[-13,7],[-3,16],[-1,47],[-22,34],[-8,6],[-16,-7],[-12,5],[-16,56],[-11,53],[-12,49],[0,22],[-17,16],[-51,72],[-7,59],[-35,70],[-28,17],[-14,11],[-2,19],[-53,15],[7,64],[-27,6],[18,186],[-47,13],[-1,36],[-7,31],[2,20],[-11,14],[-9,29],[-15,4],[-10,27],[-27,15],[-5,-6],[-42,10],[-18,41],[-11,9],[-16,-2],[-23,22],[-24,28],[-16,12],[-12,17],[-9,32],[-16,37],[-26,15],[-11,18],[-5,16],[-38,49],[-100,27],[-11,17],[-12,10],[2,30],[12,16],[1,42],[-9,20],[-9,65],[-12,15],[-9,-1],[-1,30],[-6,15],[1,27],[-11,28],[4,70],[-13,32],[1,22],[-11,24],[-3,26],[-15,27],[-8,39],[-14,13],[-31,-7],[-16,2],[1,42],[-13,26],[-3,24],[6,23],[-3,12],[-22,39],[-9,2],[-10,40],[2,22],[-13,11],[-1,25],[6,21],[-7,32],[9,20],[-15,31],[-5,39],[15,19],[9,29],[-12,8],[-11,27],[-5,22],[-25,-3],[-9,6],[-6,23],[-20,14],[-5,-4],[-10,28],[6,29],[20,22],[2,17],[-12,39],[5,30],[14,18],[0,19],[15,19],[-4,9],[1,27],[7,24],[1,39],[13,17],[0,26],[-7,53],[2,28],[12,42],[-4,15],[11,13],[-4,20],[-10,4],[-14,25],[-11,1],[-4,-18],[-14,-25],[-20,-20],[-4,-13],[-15,-5],[-15,28],[-12,26],[-22,13],[-23,-40],[-2,-28],[9,-41],[10,-23],[-2,-24],[-10,-19],[-11,7],[-4,-9],[-14,-8],[-9,4],[-15,-14],[-29,19],[-14,20],[-15,1],[-5,9],[-9,-12],[-31,-14],[-7,2],[-11,-16],[-15,-7],[-18,-15],[-30,27],[-7,20],[-16,11],[-12,18],[-16,35],[-3,15],[6,31],[-8,23],[2,12],[-4,38],[16,36],[-10,15],[-16,-4],[-24,27],[-10,-3],[-7,19],[19,34],[-7,13],[2,13],[14,18],[0,25],[-7,28],[1,24],[17,38],[12,9],[13,30],[8,12],[-13,20],[-2,14],[11,40],[9,15],[-21,32],[4,14],[-7,15],[17,26],[13,9],[1,20],[10,18],[-9,26],[4,25],[7,25],[-1,20],[-12,25],[2,15],[21,22],[-1,32],[-22,49],[-2,26],[-9,23],[10,20],[-2,18],[5,16],[3,26],[17,10],[3,19],[6,13],[1,45],[-9,21],[-14,10],[-8,25],[-7,11],[0,33],[12,43],[10,6],[15,-17],[21,15],[17,30],[10,-7],[13,33],[-1,32],[20,18],[-17,43],[1,29],[13,24],[-13,64],[1,18],[11,16],[-3,12],[4,29],[12,6],[11,-2],[10,7],[-2,15],[-11,16],[-9,37],[-9,16],[-15,17],[-5,17],[-1,28],[-20,31],[-5,24],[-1,35],[3,7],[-12,61],[-9,6],[-18,-8],[-5,23],[3,21],[-4,17],[-17,27],[-11,40],[-17,20],[-12,-3],[-13,23],[-7,22],[-2,28],[-8,33],[2,20],[-4,12],[-2,44],[8,26],[-8,39],[-1,31],[10,20],[-4,13],[-13,1],[-13,9],[-16,31],[-3,27],[-15,22],[-2,29],[-10,25],[-13,-7],[-5,-20],[-12,0],[-12,-13],[-42,25],[-26,-14],[-25,5],[-10,-5],[-10,-25],[-14,-28],[-3,-20],[-21,-33],[-7,-54],[-7,-22],[-11,-11],[-17,0],[-17,11],[-33,-7],[-10,6],[-25,-19],[-14,20],[-8,5],[-44,1],[-24,-6],[-30,15],[-15,27],[-24,-2],[-9,17],[-19,-3],[3,-21],[-5,-11],[-11,2],[-11,-18],[-8,3],[-5,-20],[-20,-2],[-12,-42],[-25,-46],[-4,-40],[-8,-13],[-7,-38],[4,-22],[12,-28],[2,-37],[-17,-3],[-23,4],[-17,-11],[-13,2],[-17,25],[-27,10],[-10,-5],[-3,-18],[-13,8],[-16,-26],[4,-26],[-4,-19],[-2,-32],[7,-21],[-8,-8],[0,-15],[-7,-38],[-14,-46],[1,-21],[-7,-31],[-1,-30],[-18,2],[-13,-11],[-4,-19],[-12,2],[-11,12],[-2,-36],[-7,-16],[-8,0],[-12,-19],[-8,14],[-3,19],[-11,18],[-12,-30],[-12,4],[-15,-25],[-7,-33],[-19,6],[-18,-9],[-14,-17],[-7,-19],[-18,-13],[-12,-1],[-4,-10],[-16,-19],[-17,-37],[1,-32],[-11,-22],[-3,-17],[-9,-5],[-7,-28],[-1,-19],[-17,-21],[0,-27],[-9,6],[-7,-10],[-10,5],[-13,-11],[-23,23],[-11,3],[4,32],[-14,8],[6,31],[-4,20],[-10,10],[-18,-8],[-1,21],[-7,20],[7,21],[2,28],[-4,13],[-14,1],[-6,-21],[-7,-6],[-18,3],[-6,-27],[-9,3],[-11,-18],[-12,4],[-13,-46],[4,-18],[-27,-29],[2,23],[0,38],[-16,24],[-18,59],[-6,3],[-22,-18],[-13,-23],[-16,-7],[-28,21],[-17,29],[-13,-13],[-11,-2],[-14,-21],[-2,-15],[-12,-13],[-24,-14],[-10,-16],[-36,-18],[-8,6],[-16,-8],[-11,6],[-4,24],[-10,14],[-17,7],[-3,-22],[-9,-19],[-4,-24],[-10,-2],[9,-81],[-11,-12],[-14,-2],[-7,32],[-17,0],[-21,-11],[-31,27],[-10,-13],[-25,19],[-15,44],[-8,11],[-16,-22],[-20,-10],[-8,-13],[-16,-3],[-7,-36],[6,-13],[-9,-31],[-15,-11],[-4,12],[-13,5],[-6,-12],[-5,-54],[-21,-2],[-11,5],[1,-19],[-27,-19],[-11,-18],[-13,8],[-11,-3],[-10,-22],[-24,2],[-19,-14],[-1,-30],[-9,-23],[-12,-13],[-3,-24],[4,-25],[-4,-9],[-12,5],[-17,50],[5,27],[-10,52],[-9,16],[-14,12],[-17,-3],[-14,-22],[-4,14],[-14,16],[-16,-1],[-5,13],[-15,-7],[-5,23],[1,19],[12,24],[-2,8],[10,30],[5,38],[-5,33],[0,28],[-6,49],[-10,21],[-22,33],[-21,53],[-17,21],[-24,21],[-46,23],[-16,15],[-18,8],[-18,14],[-10,-4],[-17,4],[-7,13],[-12,-13],[-15,4],[-20,20],[-11,48],[10,40],[-13,11],[-17,-8],[-2,-7],[-5,-49],[-9,-34],[-17,-21],[-17,-14],[-12,-2],[-2,-28],[-15,-14],[-12,0],[-3,-15],[-26,-13],[2,-22],[-15,-37],[-1,-42],[-29,-30],[-28,10],[-18,-20],[-4,-23],[-7,-11],[-10,-30],[-29,-48],[-11,-25],[-9,-10],[-9,-24],[-28,-34],[-2,-22],[-8,-32],[-4,-29],[-10,-19],[-11,-10],[-8,-19],[-3,-30],[-8,-22],[-8,-5],[-2,-19],[-44,-3],[-27,31],[-4,9],[-34,14],[-9,8],[-9,-14],[-26,11],[-6,16],[6,59],[-4,33],[6,17],[2,26],[-22,-8],[-10,-31],[-26,-5],[-16,3],[-14,26],[-33,9],[-34,77],[-22,5],[11,115],[-62,17],[1,12],[-109,28],[22,241],[-231,59],[1,43],[-16,28],[-15,12],[-8,28],[-9,23],[-19,11],[-9,10],[-20,3],[-21,-9],[-15,-11],[-11,3],[-9,-11],[-22,-17],[-32,-10],[-7,-12],[-4,-31],[-16,-19],[-4,-24],[-23,-32],[-22,0],[-21,-11],[-12,-12],[-12,-3],[2,19],[-85,290],[-21,2],[-23,16],[-13,27],[4,18],[-17,27],[-6,27],[12,13],[13,43],[-17,58],[-25,-4],[-12,2],[-16,31],[1,12],[-20,7],[-10,23],[-10,-9],[-3,-44],[-11,-31],[-13,-18],[-13,-6],[-10,-13],[-22,-3],[-25,17]],[[43952,90990],[5,12],[22,16],[15,36],[-12,12],[10,9],[12,-1],[-1,16],[10,16],[-2,22],[13,9],[2,20],[-4,15],[9,41],[13,-2],[6,20],[11,11],[19,2],[15,-13],[9,23],[5,3],[14,-18],[6,16],[2,22],[14,7],[12,-12],[9,-1],[16,21],[7,15],[12,12],[13,39],[-6,29],[2,15],[9,8],[24,-2],[4,20],[-15,-4],[-4,8],[18,23],[7,-2],[5,-17],[9,-3],[13,10],[3,-17],[11,1],[9,14],[36,26],[9,-10],[8,-19],[9,20],[2,15],[8,12],[-1,19],[10,25],[-10,12],[2,23],[10,18],[20,15],[-7,13],[0,25],[18,-9],[8,16],[-6,11],[13,23],[4,24],[-13,29],[-2,36],[23,17],[2,29],[-14,19],[15,12],[1,26],[7,9],[11,-14],[9,30],[13,29],[11,1],[8,10],[-1,38],[-8,21],[4,20],[-10,14],[3,27],[8,10],[16,47],[-17,8],[18,38],[16,5],[0,24],[-19,-2],[-4,17],[-18,-12],[-10,9],[3,20],[8,26],[15,28],[10,8],[14,1],[10,33],[6,28],[9,-3],[14,15],[-3,15],[12,43],[0,26],[17,49],[26,11],[-4,25],[2,36],[-2,27],[10,40],[-6,30],[3,15],[10,-12],[21,12],[2,33],[4,10],[16,9],[14,33],[6,6],[14,-7],[-1,21],[9,4],[10,-25],[9,19],[12,-21],[-1,-45],[11,17],[21,41],[17,-8],[6,18],[0,24],[14,-12],[15,17],[8,-7],[-11,-16],[1,-16],[14,2],[4,15],[15,-17],[9,-17],[12,-8],[8,36],[8,27],[14,1],[31,17],[-2,25],[14,14],[8,1],[3,32],[6,15],[-9,6],[2,18],[-6,27],[-20,27],[8,3],[3,22],[-8,14],[5,23],[13,-1],[15,-14],[4,-15],[9,11],[-5,23],[12,6],[-3,-26],[12,-2],[6,10],[18,-10],[4,-13],[20,3],[10,-14],[5,25],[-4,9],[11,17],[8,-23],[18,8],[13,-7],[3,18],[9,0],[4,15],[17,25],[20,-6],[5,50],[8,14],[11,4],[-2,23],[19,1],[1,25],[-14,12],[-2,14],[16,34],[1,27],[-5,21],[16,4],[7,-3],[11,16],[-6,20],[-16,16],[0,18],[24,16],[5,24],[5,8],[19,-1],[1,12],[11,4],[12,-12],[15,22],[10,3],[-2,17],[6,11],[9,-21],[8,1],[19,26],[26,25],[6,-11],[0,-17],[10,-6],[3,18],[15,2],[14,23],[1,31],[11,0],[-8,30],[13,-3],[7,9],[-7,37],[11,7],[0,24],[23,-13],[0,21],[8,8],[8,-10],[5,25],[9,23],[14,15],[9,39],[13,-14],[15,1],[10,-20],[7,38],[10,-1],[3,14],[28,23],[11,-24],[-5,-28],[11,3],[5,-13],[0,-18],[14,-9],[24,38],[1,27],[-10,15],[-2,18],[15,15],[4,-6],[31,19],[14,0],[7,-15],[7,23],[-12,17],[-1,14],[12,22],[14,-6],[4,17],[-7,37],[10,8],[4,19],[12,5],[-4,15],[13,33],[4,32],[8,-4],[8,19],[25,-1],[5,15],[20,-33],[7,5],[22,-11],[2,18],[27,-6],[0,-22],[13,-7],[2,31],[16,10],[-13,18],[2,24],[13,1],[6,-20],[10,10],[20,-4],[-5,22],[4,12],[11,3],[8,12],[-2,13],[-14,24],[11,21],[27,-10],[23,34],[7,-16],[23,-1],[2,29],[6,5],[4,26],[10,0],[10,-18],[7,21],[-3,20],[16,11],[2,13],[10,8],[5,17],[14,2],[9,-10],[6,-46],[10,0],[9,-32],[13,7],[-1,17],[-7,8],[7,20],[13,-5],[13,-25],[7,-5],[4,-21],[30,30],[2,-11],[14,4],[7,-10],[1,-37],[9,-15],[6,21],[13,18],[6,14],[7,33],[7,23],[1,16],[-8,25],[9,21],[-3,30],[15,-1],[12,30],[20,-15],[17,8],[6,27],[9,25],[34,37],[-10,5],[-12,23],[1,11],[14,13],[18,-5],[7,31],[-9,20],[13,28],[16,-9],[11,8],[-1,19],[-23,-3],[-9,14],[-2,14],[10,12],[16,-1],[7,8],[10,-11],[9,11],[-4,22],[17,8],[-6,20],[4,15],[14,2],[-1,15],[-9,13],[12,27],[1,55],[-13,9],[4,18],[-8,11],[8,11],[2,21],[14,-17],[1,18],[14,3],[5,16],[8,0],[2,20],[11,13],[13,5],[5,14],[-16,7],[-2,9],[7,21],[-13,5],[4,25],[-3,19],[24,41],[3,17],[13,-2],[8,19],[13,-8],[9,13],[5,30],[-3,13],[10,12],[-9,40],[20,0],[-3,18],[4,11],[17,-17],[10,27],[8,-17],[11,2],[13,-12],[6,22],[8,-19],[33,2],[1,13],[8,9],[0,40],[8,-2],[3,-26],[7,4],[12,37],[-3,25],[13,20],[10,3],[11,-22],[13,-5],[12,24],[-3,12],[7,13],[19,20],[18,4],[12,-27],[6,1],[3,26],[-5,17],[1,19],[16,-20],[11,8],[12,-20],[9,16],[10,-24],[-3,-30],[12,-3],[2,21],[15,-7],[7,-13],[17,22],[14,-3],[12,20],[-4,26],[14,8],[15,-26],[15,5],[18,16],[26,-4],[5,-17],[11,12],[13,-14],[10,4],[18,-45],[5,10],[-6,18],[7,9],[15,-14],[5,15],[18,18],[22,12],[2,20],[12,-13],[5,23],[23,-1],[4,-19],[9,-5],[28,16],[25,-22],[16,14],[9,-7],[3,-15],[21,-7],[24,-30],[9,-27],[-1,-23],[-8,0],[0,-51],[29,19],[17,-13],[-14,-14],[5,-19],[10,-11],[3,-22],[-9,-16],[3,-31],[16,10],[10,0],[-3,-29],[7,-11],[8,16],[6,-3],[13,13],[15,-2],[9,17],[-3,10],[23,10],[6,20],[11,-27],[16,13],[3,-28],[9,-4],[2,18],[21,-23],[9,-15],[5,16],[14,-11],[24,-53],[2,-17],[-7,-19],[8,-29],[9,-4],[-1,-17],[12,-3],[7,-14],[15,5],[15,-27],[1,17],[13,13],[-8,16],[13,20],[11,-8],[3,-12],[9,-7],[-4,-54],[8,-15],[13,-6],[20,-18],[-3,-24],[12,-18],[3,-20],[-25,4],[0,-20],[14,10],[2,-19],[-10,-1],[0,-16],[-17,-13],[24,-9],[11,-13],[8,24],[17,-2],[-2,-16],[5,-16],[21,9],[-10,13],[6,24],[8,-9],[12,7],[12,-18],[18,8],[6,-26],[9,21],[8,-16],[6,20],[10,2],[5,-17],[12,7],[13,-15],[13,4],[11,35],[-8,10],[-2,16],[-9,17],[2,12],[12,-7],[4,6],[-6,23],[10,3],[15,22],[-14,7],[-5,-19],[-17,30],[3,15],[13,2],[2,25],[16,22],[7,-15],[11,23],[7,-5],[-9,-26],[9,-14],[17,20],[4,29],[7,4],[17,-18],[6,15],[-13,6],[21,20],[5,-8],[21,-7],[-8,-21],[-11,-5],[-2,-21],[12,-8],[9,7],[7,-21],[14,12],[8,-4],[11,7],[5,-15],[13,0],[-5,28],[12,13],[3,-23],[10,-25],[12,-5],[3,21],[-7,18],[7,29],[8,-6],[8,12],[24,-7],[10,5],[18,-14],[5,-24],[12,14],[13,-8],[20,2],[2,11],[14,3],[5,-17],[9,9],[3,22],[-13,9],[4,17],[16,-8],[4,-33],[8,1],[3,21],[11,11],[6,-25],[9,6],[9,-26],[13,4],[1,24],[23,-2],[18,6],[7,14],[13,-3],[8,18],[9,4],[5,-17],[9,24],[9,-3],[32,5],[10,-12],[9,4],[6,-14],[3,-25],[12,-21],[2,-24],[10,-6],[-3,27],[3,19],[12,12],[0,24],[25,-1],[2,25],[13,2],[6,27],[21,5],[11,-9],[16,5],[8,-22],[9,-7],[7,-18],[0,-18],[7,-6],[13,4],[15,13],[5,31],[19,3],[4,14],[18,-22],[13,-7],[2,27],[6,11],[14,9],[10,-11],[0,-16],[10,-23],[12,20],[9,2],[9,20],[6,-6],[-1,-30],[8,-16],[8,-4],[-3,-26],[6,-9],[25,18],[-4,-26],[48,1],[-21,-24],[12,-23],[3,-19],[24,31],[6,-13],[0,-17],[15,-8],[-2,-16],[6,-12],[11,4],[-6,20],[11,8],[11,-8],[10,8],[2,15],[-10,6],[-2,18],[23,6],[12,28],[-5,20],[42,9],[5,15],[16,-21],[29,10],[7,-14],[20,-18],[18,-6],[4,23],[8,5],[6,-19],[-2,-20],[4,-17],[28,-32],[5,6],[1,42],[13,-5],[2,12],[21,5],[-6,17],[7,26],[5,5],[13,-17],[7,16],[15,6],[-1,-22],[32,-28],[0,23],[8,-5],[18,11],[3,12],[14,-17],[2,22],[7,1],[10,-12],[10,-43],[11,5],[-3,17],[10,30],[14,5],[2,24],[31,46],[21,1],[8,5],[8,21],[1,48],[6,8],[12,-20],[9,19],[-5,17],[25,-7],[-7,31],[24,22],[2,-26],[13,-7],[6,24],[8,22],[1,14],[15,-5],[-7,23],[23,13],[-10,15],[12,10],[19,-28],[14,4],[8,11],[3,18],[8,7],[21,-14],[-4,-26],[12,-14],[7,8],[18,-30],[6,27],[12,7],[-2,-29],[8,-4],[10,16],[1,22],[16,0],[1,-12],[-8,-37],[13,-5],[9,-21],[16,45],[20,-5],[3,16],[10,6],[-2,40],[5,10],[32,16],[23,-7],[6,-32],[7,9],[-5,19],[7,14],[13,-1],[-8,-20],[5,-11],[12,-11],[13,-24],[17,-9],[12,15],[-14,19],[14,33],[7,-22],[11,-9],[10,6],[3,33],[-16,7],[15,13],[16,-4],[-6,-24],[9,-14],[6,3],[5,19],[4,39],[-11,21],[-5,32],[3,23],[-3,14],[9,14],[30,0],[12,-19],[15,6],[11,-3],[1,-25],[17,-9],[11,-16],[9,2],[2,21],[15,-6],[5,21],[-8,25],[15,8],[9,18],[13,-9],[3,32],[15,-23],[6,-30],[7,-3],[6,24],[13,1],[-3,-25],[11,-8],[15,11],[-1,12],[-12,3],[9,24],[18,4],[-3,-36],[8,-15],[8,5],[-3,47],[9,5],[14,-21],[7,20],[-6,18],[6,10],[20,-11],[1,37],[-3,21],[13,8],[11,13],[6,-10],[-6,-34],[7,-22],[22,19],[22,12],[8,-14],[17,19],[5,29],[8,8],[9,-10],[3,-30],[-6,-23],[6,-46],[0,-22],[12,-2],[-1,36],[11,17],[12,-14],[21,19],[7,13],[12,-14],[-4,-17],[-12,-20],[-3,-18],[-7,-9],[14,-17],[14,-6],[12,6],[8,-34],[-16,-6],[-9,10],[-9,-17],[14,-22],[18,-16],[7,9],[5,45],[15,15],[19,-14],[15,7],[17,-19],[8,-19],[-1,-17],[18,-12],[11,10],[17,-16],[10,-2],[6,10],[-4,21],[-2,33],[7,12],[10,0],[15,-17],[7,23],[9,-8],[12,-1],[18,-13],[10,10],[3,22],[11,24],[9,7],[6,22],[-6,13],[-13,4],[-6,30],[11,7],[20,-25],[8,-20],[17,6],[0,18],[-23,30],[8,13],[16,-6],[17,15],[8,-21],[10,14],[17,14],[15,43],[19,25],[34,10],[13,13],[22,33],[15,10],[13,-1],[23,-23],[25,-11],[12,8],[17,36],[14,16],[21,-4],[11,-14],[8,-18],[3,-32],[16,-43],[6,-11],[17,-3],[29,-18],[12,-31],[13,-22],[24,-3],[12,-12],[6,-19],[0,-24],[10,-60],[19,-37],[17,-21],[32,-12],[34,-19],[28,-4],[19,6],[6,-15],[-10,-37],[0,-34],[12,-42],[13,-23],[23,-11],[24,11],[5,-9],[1,-25],[-4,-24],[4,-34],[22,-2],[5,-14],[-2,-22],[-11,-39],[-13,-10],[-1,-27],[5,-9],[28,-9],[6,-20],[-11,-19],[9,-82],[19,-13],[29,-49],[12,-3],[15,12],[18,-4],[-2,-24],[-10,-23],[1,-15],[14,-17],[17,-6],[6,4],[25,40],[3,14],[29,18],[12,-24],[1,-15],[24,-33],[7,-4],[16,10],[13,-12],[3,-10],[-3,-43],[3,-31],[0,-32],[-7,-18],[-14,-8],[3,-23],[10,-21],[36,19],[16,-2],[22,-19],[30,-42],[22,-57],[18,-24],[9,-7],[39,-14],[21,-3],[14,23],[11,-5],[-1,-24],[5,-22],[10,-3],[32,27],[12,22],[9,7],[20,31],[13,-26],[23,-10],[17,10],[6,10],[13,51],[33,-20],[40,-2],[25,-19],[54,-11],[21,7],[9,16],[9,44],[20,16],[28,-15],[11,4],[20,-22],[12,5],[10,-28],[-7,-24],[-10,-8],[-17,10],[-11,-10],[-7,-15],[-25,-25],[12,-31],[37,-30],[8,-3],[13,17],[35,-11],[13,15],[27,-11],[4,8],[13,53],[-1,17],[-34,49],[9,40],[19,28],[15,-8],[6,-17],[1,-19],[8,-20],[6,-26],[6,-6],[12,4],[1,14],[14,8],[4,11],[13,6],[7,-12],[25,10],[22,23],[11,5],[11,-6],[22,-30],[33,-21],[21,-29],[20,-13],[5,-28],[-8,-24],[5,-15],[23,4],[32,-8],[30,-20],[15,2],[8,41],[16,6],[20,-4],[2,-38],[34,-41],[8,21],[6,29],[19,46],[19,30],[22,13],[32,32],[35,18],[17,16],[18,11],[14,22],[16,7],[15,34],[19,-19],[-4,-21],[15,-56],[10,-20],[13,6],[8,18],[21,12],[20,43],[7,4],[30,-15],[18,-2],[26,22],[19,12],[4,16],[-8,32],[8,23],[15,4],[62,45],[16,31],[-8,14],[6,10],[20,10],[5,-5],[33,6],[23,-4],[15,7],[11,-11],[23,13],[10,-4],[12,-41],[0,-13],[10,-6],[7,6],[20,1],[19,6],[6,8],[16,-10],[16,-39],[6,-22],[19,-6],[11,7],[26,-7],[28,-42],[12,-22],[12,-8],[11,-26],[13,-14],[9,-1],[7,23],[29,3],[25,-24],[32,-19],[17,2],[8,-5],[-6,-31],[-10,-11],[0,-20],[10,-27],[8,-9],[26,1],[23,-2],[18,-8],[25,-24],[19,-26],[21,6],[3,-7],[17,-4],[15,-15],[12,-41],[1,-20],[19,-31],[12,-6],[6,-17],[27,-33],[29,29],[10,-18],[8,-28],[0,-27],[11,-21],[16,9],[11,42],[13,7],[17,-20],[-1,-45],[8,-8],[24,5],[6,11],[3,33],[12,27],[32,14],[28,0],[17,-16],[12,-38],[7,-31],[22,-34],[7,-2],[16,-21],[12,5],[14,15],[14,-22],[7,-21],[16,-32],[3,-34],[0,-40],[5,-32],[2,-41],[-3,-23],[6,-17],[23,-18],[5,-15],[-3,-45],[8,-7],[17,25],[19,1],[9,-20],[0,-33],[27,-31],[16,-5],[10,18],[20,-3],[15,-22],[15,16],[16,36],[12,12],[46,-9],[14,-32],[15,-8],[26,3],[27,-24],[18,3],[12,-6],[13,-18],[10,-6],[9,8],[24,-9],[6,-27],[15,-24],[19,-17],[17,-30],[20,-24],[12,-30],[6,-46],[7,-34],[4,-73],[-11,-18],[-32,1],[-13,-7],[2,-27],[18,-12],[10,-23],[1,-24],[7,-23],[2,-26],[-3,-56],[-7,-22],[-1,-22],[5,-3],[45,1],[12,-16],[14,-25],[18,-1],[8,-46],[-7,-21],[-3,-41],[0,-44],[6,-32],[-1,-14],[-17,-11],[-9,-28],[-1,-50],[2,-35],[20,-39],[11,-16],[-3,-26],[-17,-11],[-2,-14],[5,-14],[21,-12],[2,-34],[13,-19],[6,0],[12,17],[19,-14],[2,-16],[-9,-17],[3,-16],[7,-3],[17,13],[12,25],[36,5],[17,10],[17,-1],[2,20],[-2,18],[10,14],[27,22],[18,33],[6,4],[34,-3],[17,-9],[22,-27],[12,0],[9,18],[21,-1],[6,-40],[-5,-19],[10,-28],[9,23],[9,-1],[16,-38],[14,-17],[7,-29],[19,-4],[29,7],[6,-3],[15,-37],[-1,-13],[17,-42],[6,-10],[24,-15],[20,-17],[10,9],[8,22],[20,-19],[19,-32],[8,-5],[29,4],[23,-4],[11,-22],[0,-28],[45,-79],[6,-27],[14,-7],[20,2],[15,19],[16,5],[14,-16],[33,-20],[23,-23],[16,-6],[19,-31],[5,-24],[16,-27],[1,-68],[31,-40],[13,-24],[32,-27],[27,-8],[21,-13],[10,6],[7,28],[12,9],[14,-24],[8,-25],[9,-63],[1,-49],[5,-26],[12,-21],[12,-4],[24,-17],[8,-16],[13,-12],[22,-35],[13,-4],[17,5],[11,-8],[1,-22],[12,-16],[15,-5],[24,-20],[6,-44],[7,-16],[19,-32],[6,-19],[2,-37],[-4,-37],[2,-23],[-9,-23],[4,-39],[-1,-12],[-10,-14],[-14,-2],[-16,-13],[-4,-14],[-3,-40],[4,-13],[18,-15],[18,-33],[11,-11],[5,-24],[-13,-21],[-17,-11],[-2,-25],[4,-51],[9,-54],[25,-63],[5,-44],[-4,-62],[2,-37],[-1,-15],[-15,-32],[-32,-35],[-6,-9],[-5,-30],[-8,-21],[1,-14],[25,-54],[48,2],[9,-20],[-7,-22],[0,-37],[4,-55],[24,-32],[-2,-29],[-10,-34],[-14,-6],[-4,-36],[4,-42],[-22,-38],[-4,-20],[-17,-46],[-16,-20],[-2,-58],[2,-9],[17,-19],[5,-15],[1,-26],[-6,-19],[2,-57],[3,-40],[8,-33],[13,-33],[11,-8],[15,-28],[7,-36],[8,-20],[8,-2],[17,15],[22,-1],[13,-13],[12,-24],[4,-19],[1,-34],[20,-43],[18,-48],[8,-8],[19,-46],[12,-40],[-9,-15],[-10,-9],[-17,-25],[-13,-38],[2,-75],[10,-19],[4,-22],[-2,-40],[5,-20],[16,-32],[22,2],[15,-9],[30,-39],[39,-48],[5,-33],[16,-14],[46,24],[16,13],[19,1],[19,18],[10,18],[25,0],[15,-17]],[[55801,37610],[-10,4],[-2,-21],[-7,-6],[-6,-23],[-16,15],[-6,19],[-7,-11],[-12,1],[-4,-16],[-10,13],[-8,-1],[-9,20],[12,19],[3,14],[14,24],[-7,21],[-8,-29],[-18,-24],[-7,5],[-10,-22],[1,-11],[12,-10],[-3,-16],[-14,-7],[-10,2],[-20,-12],[-11,18],[-12,-20],[-13,40],[2,12],[15,24],[-10,8],[-18,3],[-6,-23],[-13,11],[-3,40],[-13,11],[-12,-11],[-4,-24],[-13,-5],[-8,12],[-1,16],[11,9],[14,29],[5,27],[9,1],[15,16],[-13,8],[-16,-21],[-11,-35],[-11,-6],[-6,-18],[-9,6],[-1,-32],[10,-30],[8,-12],[-13,-21],[-13,-6],[-13,5],[-12,15],[-8,-15],[-17,-2],[-13,7],[-13,-4],[-5,20],[3,34],[-17,6],[2,11],[27,3],[8,11],[-3,32],[-12,17],[9,21],[16,15],[11,23],[1,12],[14,12],[-1,48],[-13,14],[-11,52],[5,13],[-5,30],[5,29],[-3,17],[13,43],[-16,4]],[[66090,66265],[-232,63],[-333,93],[0,17],[-6,34],[5,36],[-66,19],[6,-26],[-1,-23],[-5,-24],[-19,-16],[-13,-23],[-11,-13],[-8,-20],[-4,-44],[-25,-16],[-14,-16],[-14,-31],[4,-34],[-1,-29],[37,-4],[12,-4],[8,-23],[-8,-48],[-16,-52],[-2,-55],[-3,-12],[-22,-33],[-3,-22],[6,-80],[6,-47],[3,-43],[-5,-63],[6,-22],[16,-13],[16,16],[32,17],[23,34],[11,4],[9,-7],[10,-19],[11,-73],[-6,-37],[-26,-39],[-13,-11],[-16,-6],[-12,8],[-4,14],[3,33],[-13,31],[-13,8],[-18,-5],[-9,-18],[-6,-34],[3,-44],[4,-15],[13,-11],[20,6],[28,-10],[15,-21],[5,-16],[10,-123],[8,-73],[9,-34],[-40,16],[-34,4],[-41,-10],[-42,-23],[-36,-38],[-20,-35],[-34,-41],[-19,7],[-20,16],[-23,28],[-6,45],[-15,35],[-10,12],[-25,21],[-28,14],[-18,-2],[-18,-8],[-17,-22],[-5,-19],[-8,-8],[3,-15],[0,-100],[7,-68],[-2,-81],[-14,-8],[-19,11],[-6,28],[-6,14],[-36,0],[-9,-13],[-13,-7],[-3,-31],[5,-22],[8,-11],[23,-1],[19,-12],[1,-16],[-9,-34],[4,-11],[-12,-17],[-21,-20],[-14,-34],[-4,-25],[6,-29],[23,-24],[12,-5],[14,-19],[8,-19],[-8,-26],[-15,-12],[2,-12],[17,-14],[25,-29],[36,-24],[11,3],[19,55],[16,5],[-24,-245],[-122,30],[-12,-131],[47,-12],[-10,-103],[-21,-24],[-4,-32],[17,-32],[-4,-50],[-20,0],[-9,-36],[-18,-6],[-11,10],[-11,-9],[-28,17],[-14,26],[-13,3],[-28,-11],[-17,5],[-2,40],[-5,14],[-2,21],[16,36],[-45,13],[-21,-235],[-198,54],[-1,-27],[-16,-25],[-18,-175],[-18,-11],[-32,14],[-15,0],[-24,25],[-18,8],[-33,7],[-16,11],[-16,31],[-7,24],[-18,-27],[-13,1],[-39,17],[-9,-4],[-4,-17],[-33,-33],[-15,-4],[-18,3],[-26,16],[-7,-2],[-22,-22],[-12,-7],[-12,-16],[11,-37],[3,-31],[-7,-23],[3,-32],[-3,-20],[4,-30],[-10,-23],[-29,-18],[-13,11],[-13,30],[-18,25],[-13,-6],[-20,-30],[-26,-8],[-17,-35],[-19,-28],[-17,6],[-7,9],[-12,-6],[-16,-16],[-12,-2],[-12,23],[-12,0],[-10,-11],[-16,1],[-3,-24],[-10,-28],[2,-56],[17,-32],[5,-16],[3,-45],[22,-122],[19,-39],[-92,-69],[-15,-166],[-29,-326],[-12,-121],[-120,37],[-1,-11]],[[66606,75483],[-52,-124],[-26,-71],[-27,-85],[-23,-93],[-19,-96],[-7,-62],[-3,-7],[4,-43],[-13,-77],[-2,-61],[-8,-72],[-10,-43],[-8,-74],[6,-99],[16,-48],[-13,-17],[-22,-49],[-31,-113],[-10,-62],[-14,-107],[-2,-27],[1,-51],[11,-94],[-16,-55],[1,-11],[-9,-61],[0,-82],[3,-38],[8,-57],[6,-19],[3,-53],[10,-75],[8,-28],[-1,-31],[8,-32],[11,-11],[-6,-14],[-39,-27],[-9,-38],[-15,-46],[-41,-141],[-15,-63],[-9,-47],[-23,-151],[-11,-113],[-6,-108],[-3,-109],[1,-43],[7,-64],[8,-39],[14,-29],[14,-4],[13,6],[1,-29],[16,-24],[-6,-18],[7,-22],[-2,-19],[-8,-12],[5,-25],[-13,-46],[-7,-137],[1,-76],[-1,-43],[3,-38],[7,-38],[23,-4],[0,-20],[-10,-9],[-3,-38],[0,-43],[2,-107],[3,-76],[5,-67],[8,-82],[7,-54],[13,-74],[20,-102],[13,-47],[14,-42],[13,-30],[15,-43],[10,-18],[27,7],[12,-20],[22,-58],[16,-28],[10,3],[10,-9],[20,-1],[21,-19],[19,-12],[21,-7],[17,-2],[17,5],[19,13],[19,28],[5,16],[-5,13],[-6,50],[48,-32],[8,-20],[-3,-15],[0,-35],[-4,-10],[1,-37],[8,-3],[14,-39],[13,-3],[-1,-17],[8,-36],[-13,-27],[-1,-42],[3,-20],[14,-2],[6,-27],[14,-16],[2,-26],[-10,-1],[3,-18],[-5,-10],[0,-28],[19,-22],[-2,-33],[-16,-21],[-8,0],[-26,-50],[-35,-75],[-13,-31],[-13,-45],[-32,-61],[-34,-88],[-17,-53],[-29,-111],[-11,-45],[-12,-63],[-9,-41],[-13,-74],[-7,-49],[-4,-48],[1,-14],[-6,-51],[-3,-57],[2,-39],[-2,-18],[1,-74],[3,-59],[8,-41],[6,-45],[17,-57],[26,-49],[23,-26],[16,0],[11,22],[25,17],[13,24],[11,-2],[-4,-19],[-10,-19],[5,-15],[-1,-45],[-8,-4],[-20,-38],[2,-27],[-11,-1],[-10,-21],[2,-35],[-17,-18],[0,-12],[8,-17],[1,-20],[-4,-14],[7,-13],[-2,-24],[-7,-3],[-16,7],[-16,-8],[-51,-89],[-29,-57],[-53,-113],[-38,-87],[-10,-19],[-30,-68],[-18,-33],[-17,-44],[-31,-69],[-45,-128],[-27,-94],[-20,-84],[-13,-50],[-9,-45],[-9,-70],[-1,-43],[14,-52],[16,1],[7,5],[2,-62],[-19,-26],[-5,-20],[-11,3],[-8,-10],[-11,-38],[-30,-111],[-18,-83],[-13,-87],[-6,-65],[-3,-97],[1,-32],[7,-41],[15,-25],[18,6],[12,-13],[-6,-22],[-1,-23],[3,-22],[8,-27],[-17,-88],[-4,-61],[5,-34],[7,-12],[15,4],[4,-18],[-14,-18],[-2,-17],[-8,-12],[-6,-48],[-9,-29],[-4,-56],[-1,-83],[6,-43],[7,-18]],[[55615,39018],[-4,-7],[-29,23]],[[55091,39549],[0,14],[14,23],[8,29],[29,24],[19,-3],[10,7],[20,-5],[17,8],[17,26],[1,23],[4,16],[11,12]],[[55589,39672],[4,-15],[1,-50],[3,-10],[20,-29],[20,-118],[-3,-16]],[[55634,39434],[-4,-20],[14,-2],[15,-15],[34,-3],[-48,-109],[8,-26],[20,0],[-2,-46],[13,1]],[[56885,40437],[-36,11],[-32,7],[-3,-15],[-63,18]],[[56751,40458],[7,30],[11,25],[8,4],[3,28],[10,3],[6,-16],[7,-4],[41,-52],[9,3],[7,22],[0,17],[8,58],[14,29],[-1,14],[5,33],[22,7],[18,12],[-17,-58],[-17,-68],[-5,-34],[-3,-49],[1,-25]],[[56747,40572],[4,16],[-4,21],[-16,27],[-22,9],[-9,-3],[-23,6],[-18,21],[3,29],[-53,15],[5,48],[-52,14],[-23,10],[-3,-37],[-45,15],[-19,4],[-1,-17],[-14,4],[-11,-20],[-13,1],[-6,-16],[-24,-24]],[[56121,41136],[13,15],[1,21],[-14,20],[-4,40],[11,13],[22,-15],[-11,25],[5,27],[-6,21],[6,25],[-3,24],[9,18],[11,-18],[3,30],[7,35],[16,15],[-2,56],[8,6],[7,-11],[43,19],[9,30],[14,10],[19,-8],[27,2],[11,23],[10,5],[4,13],[14,10],[10,22],[13,-1],[31,24],[14,4],[7,26],[10,14],[13,-9],[10,-31],[-2,-17],[6,-22],[24,-11],[-15,28],[-1,22],[-7,44],[7,6],[-2,16],[-11,-6],[-9,16],[-14,46],[4,18],[13,-11],[11,-17],[6,24],[15,17],[7,-9],[-1,-21],[11,-7],[7,-17],[13,17],[16,-6],[12,31],[12,-8],[6,6],[6,27],[-4,23],[5,8],[14,-15],[3,-20],[-3,-15],[2,-28],[44,-21],[-11,26],[-3,33],[20,15],[9,-2],[15,-13],[6,-14],[9,19],[-22,26],[-1,22],[-41,-5],[-10,34],[2,20],[12,9],[9,-11],[41,-13],[13,10],[26,32],[8,-1],[7,-16],[10,10],[0,41],[12,7],[10,-7],[8,15],[19,16],[9,24],[-2,23],[4,24],[9,13],[5,-10],[20,-5],[14,17],[10,0],[14,-11],[10,7],[19,-10],[20,-18],[5,-11],[11,6],[15,-37],[0,-13],[-9,-14],[3,-21],[-14,-11],[1,-19],[-13,-15],[-19,-10],[-3,-23],[12,-33],[-12,-9],[-24,-67],[-11,-13],[-12,-34],[5,-10],[19,8],[6,11],[27,21],[11,-17],[-2,-23],[-15,-43],[8,-22],[-14,-20],[-1,-14],[8,-22],[5,-32],[-9,-11],[-13,7],[-23,-21],[-16,11],[-7,23],[-8,-10],[-3,-17],[-17,-6],[-12,10],[0,-20],[29,-47],[-4,-22],[-22,8],[3,-23],[-12,-1],[-6,-15],[-24,-3],[-11,-10],[13,-16],[4,-13],[20,10],[4,-20],[-29,-10],[23,-26],[-23,-33],[-13,-7],[5,-12],[-6,-41],[1,-33],[-7,-39],[7,-1],[19,69],[2,29],[11,19],[24,16],[15,-37],[-2,-22],[9,-13],[0,-17],[7,-13],[11,0],[22,-23],[4,-24],[21,-11],[5,-14],[10,2],[5,-16],[-6,-38],[12,3],[0,20],[11,8],[8,-16],[17,19],[-14,8],[-12,36],[-1,16],[-14,-12],[-9,21],[12,4],[-9,26],[-10,0],[-2,27],[12,29],[17,-2],[5,26],[-11,18],[9,33],[15,17],[-22,12],[-5,17],[10,11],[26,7],[21,42],[4,53],[8,22],[-6,14],[2,39],[-2,51],[12,-15],[8,-43],[11,-17],[12,2],[15,-6],[11,-17],[14,1],[2,16],[-9,19],[-8,-3],[-8,24],[2,35],[-9,38],[0,17],[-13,6],[-17,43],[-20,21],[-2,20],[15,30],[5,20],[-6,31],[7,10],[21,51],[11,39],[1,24],[-18,14],[10,19],[27,6],[9,-8],[22,-33],[-29,-7],[-11,-30],[-7,-32],[-7,-65],[4,-47],[8,-11],[8,10],[12,-30],[14,-19],[12,-5],[4,-27],[-8,-13],[-13,-5],[-4,-49],[7,-12],[2,-25],[28,-7],[7,-20],[4,-34],[12,-23],[1,-8],[-15,-12],[2,-9],[-6,-36],[5,-28],[-7,-10],[-24,4],[-16,-32],[12,-68],[-2,-17],[-14,8],[-8,-2],[-13,-32],[4,-25],[-16,-12],[-9,-32],[-1,-33],[6,-30],[7,-10],[2,-25],[-9,-21],[-16,-6],[-14,-30],[-5,-39],[12,-34],[-3,-11],[-19,-2],[-9,-33],[-9,-15],[-14,-45],[-9,-49],[-1,-29],[10,-8],[9,-23],[13,-11],[-21,-23],[-9,-31],[6,-31],[-9,-1],[-9,15],[-10,-14],[-9,11],[-19,-3],[-12,-11],[-2,-29],[-5,-26],[1,-24],[-19,-35],[-8,35],[-9,-5],[-33,17],[-17,16],[-22,-19],[-5,-20],[-8,0]],[[56840,41381],[12,4],[10,-45],[-4,-24],[-14,-15],[-15,21],[-6,-2],[-14,21],[5,31],[12,15],[14,-6]],[[66090,66265],[16,-23],[14,15],[10,-2],[13,-24],[-12,-11],[-6,-38],[-9,-24],[4,-23],[-13,7],[-11,-12],[-30,-57],[-21,-44],[-13,-36],[-22,-50],[-49,-134],[-32,-86],[-34,-107],[-2,-14],[-23,-72],[-27,-98],[-23,-112],[-14,-98],[-5,-83],[3,-42],[-1,-44],[20,-45],[12,-16],[18,-6],[-2,-17],[12,-36],[1,-53],[6,-35],[13,-15],[5,-22],[13,-19],[0,-19],[-7,-25],[7,-47],[14,-21],[7,-22],[-7,-21],[1,-17],[-5,-29],[7,-33],[13,-15],[-3,-20],[2,-28],[-15,5],[-10,-6],[-10,-16],[-7,-21],[-24,-30],[-9,-29],[-33,-46],[-11,-26],[-44,-69],[-33,-70],[-49,-86],[-37,-77],[-25,-44],[-33,-66],[-8,-20],[-28,-55],[-10,-27],[-23,-48],[-22,-54],[-15,-49],[-26,-68],[-11,-46],[-27,-87],[-17,-71],[-6,-34],[-6,-56],[0,-19],[14,-29],[4,-20],[12,-14],[15,-39],[-5,-34],[-8,-11],[-16,-8],[-18,-63],[-29,-146],[-3,-52],[3,-58],[14,-10],[6,-15],[-2,-29],[23,-31],[11,-1],[24,22],[1,-23],[-12,-3],[-16,-21],[-11,-35],[-11,-10],[-18,-1],[-11,-13],[-67,-123],[-16,-39],[-24,-45],[-27,-70],[-27,-61],[-35,-115],[-13,-56],[-16,-86],[-3,-36],[2,-51],[14,-39],[16,1],[13,-45],[13,-6],[8,-22],[-9,-18],[1,-16],[10,-17],[-11,-12],[-5,-28],[-6,-5],[-14,4],[-16,-35],[-21,-36],[-47,-99],[-10,-24],[-38,-73],[-13,-30],[-40,-75],[-14,-36],[-41,-92],[-40,-103],[-17,-46],[-15,-49],[-30,-123],[-14,-80],[-5,-66],[3,-71],[16,-72],[10,-24],[24,-37],[18,4],[10,16],[24,14],[13,-21],[-6,-43],[-8,-11],[-13,1],[-15,10],[-35,-34],[-8,-10],[-37,-35],[-64,-75],[-11,-19],[-17,-19],[-13,-21],[-32,-42],[-20,-30],[-18,-44],[-24,-9]],[[99787,64226],[-11,19],[-5,19],[19,-8],[3,-16],[12,-21],[-10,-6],[-8,13]],[[99835,63772],[-2,11],[-25,52],[-6,5],[-6,22],[-18,48],[-18,43],[-10,14],[-12,1],[-10,31],[0,19],[-11,13],[-11,0],[-12,-43],[-15,25],[-6,29],[-13,12],[-13,-9],[-4,-12],[3,-27],[-19,-12],[-14,63],[2,17],[7,8],[7,27],[9,-18],[10,3],[4,16],[19,-10],[19,0],[14,6],[30,-3],[10,11],[15,7],[6,-25],[-6,-27],[2,-17],[13,-15],[14,11],[19,-1],[4,-10],[3,-41],[13,-51],[23,11],[7,-3],[-6,-39],[3,-40],[9,-11],[1,-21],[-6,-9],[3,-21],[9,-16],[7,-22],[24,-19],[18,-18],[7,-24],[12,-8],[0,-46],[9,-18],[-1,-12],[8,-18],[11,8],[20,-8],[-12,-30],[13,-7],[5,-22],[-16,-22],[-6,14],[-20,7],[5,-27],[-17,-3],[4,-29],[5,-8],[-21,-23],[0,-16],[-20,-38],[1,-26],[-8,-15],[-9,0],[-3,-21],[-28,-67],[-15,-28],[-12,-1],[-13,-30],[-2,-27],[-14,32],[-15,-3],[5,25],[-12,17],[-3,21],[1,29],[5,30],[12,21],[-6,39],[18,25],[-5,15],[21,40],[4,14],[-4,24],[4,19],[-2,48],[4,28],[2,37],[-10,43],[-1,27],[11,29],[4,20]],[[59741,50075],[-29,25],[-17,11],[-41,12],[-44,3],[-35,-6],[-17,-6],[-32,-27],[-17,-10],[-13,-15],[-16,-47],[10,-21],[12,-54],[-7,-30],[-11,-25],[-8,-2],[-5,-18],[3,-13],[-4,-18],[10,-29],[-10,-11],[2,-22],[-64,-4],[-3,22],[-13,1],[-32,8],[-33,17],[-36,43],[-8,18],[-6,31],[-14,28],[-22,19],[-56,26],[-15,8],[-26,5],[-14,8],[-23,-11],[-16,12],[-21,31],[-10,8],[-7,20],[-17,25],[-12,10],[-7,-13]],[[58999,50146],[6,18],[13,17],[48,30],[25,19],[17,17],[18,30]],[[58779,51193],[2,16],[23,37],[4,20],[-4,59],[-13,29],[-12,13],[-54,14],[-9,-12],[-9,-23],[-9,1],[-5,44],[-21,33],[-33,31],[-7,33],[-20,0],[-11,14],[2,39],[-5,24],[-17,37],[-17,19],[6,14],[15,5],[2,29],[-2,24],[-6,8],[-31,14],[-10,16],[-16,45],[-5,58],[-10,37],[6,36],[5,12],[11,-4],[21,-24],[8,9],[-2,40],[3,36],[-6,35],[10,44],[12,18],[-2,9],[-19,-1],[-3,22],[5,33],[14,17],[-5,26],[-9,16],[-36,35],[-5,16],[32,28],[33,24],[9,10],[38,-8],[83,-22],[18,38],[20,14],[9,11],[7,22],[4,26],[-9,13],[-1,20],[15,20],[4,19],[-4,19],[8,13],[16,-7],[17,3],[13,36],[24,25],[11,0],[17,26],[10,8],[12,-16],[4,41],[14,-4],[16,149],[10,98],[284,-80],[12,112],[59,-15],[-3,-30],[31,-7],[-8,-83],[-67,19],[-16,-156],[-26,6],[-16,-151],[85,-22],[85,-24],[88,-23],[-8,-74],[50,8],[14,-3],[10,7],[12,34],[8,63],[-3,15],[-15,16],[-4,17],[5,56],[70,-22],[75,-25],[16,143],[4,-11],[13,-56],[4,-27],[13,-35],[4,-31],[-32,9],[-14,-144],[-79,21],[-12,-107],[93,-27],[-12,-112],[16,4],[19,-24],[13,2],[25,31],[10,-2],[10,-22],[23,4],[-14,-135],[156,-45],[26,235],[17,164],[34,-3],[16,-5],[17,1],[36,-9],[38,25],[41,13],[13,10],[17,-6],[15,-25],[5,47],[110,-34],[20,-7],[116,-30],[-10,14],[6,42],[19,29],[15,29],[16,15],[18,7],[16,13],[26,32],[15,30],[13,39],[15,69],[7,19],[24,5],[14,13],[17,1],[42,-8],[20,9],[6,12],[18,-25],[1,-22],[-10,-15],[-9,-30],[-2,-26],[4,-13],[-1,-51],[2,-45],[8,-11],[13,-32],[20,-25],[7,-29],[-2,-18],[28,28],[19,7],[23,28],[6,18],[-1,137],[12,39],[-3,46],[301,-82],[25,244],[80,-81],[2,1],[10,83],[67,-18],[37,357]],[[62363,52653],[-25,-97],[-12,-29],[-12,-11],[-51,-21],[-17,-12],[-8,-17],[8,-27],[-20,17],[-11,-4],[-67,-42],[-50,-39],[-33,-31],[-35,-37],[-40,-50],[-54,-77],[-32,-58],[-38,-79],[-22,-52],[-18,-47],[-19,-73],[-14,-70],[-9,-69],[-4,-71],[0,-70],[6,-58],[9,-33],[13,-31],[17,-2],[14,-8],[27,14],[31,-11],[9,-14],[-2,-18],[-10,-2],[-4,-27],[-6,-9],[-12,13],[-38,-19],[-24,14],[-8,13],[-3,26],[0,26],[-28,42],[-5,47],[-11,32],[-20,33],[-28,18],[-29,-4],[-29,-22],[-26,-15],[-22,28],[-20,7],[-20,-1],[-6,17],[-11,-5],[-8,-15],[-12,-42],[-7,-16],[-19,6],[-21,-16],[-1,10],[-16,28],[-5,60],[5,12],[20,17],[24,15],[8,15],[-4,23],[-42,16],[-12,15],[-11,49],[-14,11],[-6,22],[-9,-8],[5,-30],[-7,-25],[-17,-31],[-16,-52],[-2,-18],[10,-44],[-4,-37],[-10,-4],[-19,9],[-9,0],[-18,-13],[-10,-18],[-20,-22],[-8,-1],[-38,23],[-20,-5],[-15,-31],[-18,-12],[-26,9],[-26,-23],[-15,-2],[-40,15],[-16,29],[11,9],[15,-13],[11,4],[4,14],[-3,20],[-10,19],[-11,-4],[-6,-15],[-26,-4],[-7,13],[-4,24],[-9,2],[-9,23],[1,16],[18,20],[15,2],[16,16],[10,26],[3,20],[-3,16],[-15,10],[0,10],[18,22],[2,17],[-12,13],[2,25],[13,20],[2,28],[-4,17],[-8,9],[-32,4],[-18,-16],[-7,-23],[-13,-6],[-4,-29],[-23,-45],[1,-41],[5,-44],[6,-9],[-1,-27],[5,-32],[-7,-9],[-2,-27],[-9,1],[-9,-10],[-11,24],[-25,0],[2,23],[-12,9],[2,19],[8,11],[-4,19],[-12,-2],[-3,21],[-19,28],[-15,-19],[-2,-19],[-12,-6],[-7,13],[-30,3],[-13,-14],[-19,17],[-22,-1],[-4,-15],[-12,-12],[-10,1],[-17,11],[-14,5],[-15,-4],[-2,21],[-13,13],[-3,18],[5,33],[-2,8],[-15,6],[-3,-20],[-18,-37],[-13,26],[-19,17],[-8,-2],[-23,25],[-16,53],[-8,-7],[-15,-78],[9,-47],[-22,-45],[0,-12],[-17,-9],[-3,33],[-14,-30],[0,-19],[-9,-17],[-9,-1],[-11,24],[-14,19],[-1,-27],[-25,-30],[22,-2],[13,6],[22,-12],[-10,-24],[-4,-45],[2,-31],[6,-24],[16,-34],[15,-11],[24,-1],[0,16],[22,5],[16,11],[7,-3],[11,-26],[10,6],[2,34],[8,13],[2,-47],[5,-45],[-3,-41],[-1,-57],[-24,-6],[-14,-25],[-5,-20],[-7,-42],[-10,21],[-23,-1],[-50,-16],[-12,-7],[-21,-3],[-20,-20],[-8,-15],[-6,-46],[8,-82],[16,-39],[-25,7],[-8,-3],[-24,-24],[2,-9],[19,0],[18,-26],[21,6],[13,18],[18,38],[18,-16],[19,2],[12,13],[9,20],[18,-3],[13,5],[22,38],[11,6],[15,-16],[13,18],[34,9],[9,6],[5,15],[-2,18],[5,21],[9,8],[32,-8],[3,-12],[-14,-7],[-2,-14],[5,-20],[12,-17],[10,-3],[20,5],[30,-2],[11,4],[15,29],[-8,22],[11,2],[6,9],[20,-8],[22,15],[26,-24],[14,-3],[17,-13],[21,-31],[33,-21],[9,15],[9,3],[18,-15],[36,15],[-1,17],[7,77],[9,22],[10,-1],[2,-14],[-9,-49],[9,-23],[14,-11],[-5,-29],[5,-47],[2,-39],[24,7],[15,-1],[16,47],[-4,50],[-7,9],[-14,2],[-10,18],[5,18],[-2,47],[-6,2],[-3,34],[-10,8],[0,16],[-12,6],[-10,16],[0,12],[18,24],[2,25],[-4,32],[6,33],[11,-8],[8,-60],[15,-26],[12,5],[7,-52],[14,-70],[13,-22],[6,10],[12,-11],[1,-20],[14,-28],[28,-28],[11,-7],[19,-2],[30,3],[11,10],[14,44],[-1,15],[-16,22],[5,21],[6,4],[24,-9],[28,19],[23,-14],[71,-27],[8,9],[16,-5],[14,14],[57,17],[8,-13],[9,16],[4,20],[21,14],[15,-3],[10,37],[15,6],[18,-50],[17,-31],[21,-22],[19,-6],[21,4],[17,13],[6,17],[-4,26],[11,14],[6,19],[17,-16],[1,-25],[-3,-20],[4,-13],[-19,-8],[-7,-33],[-5,-50],[6,-14],[-9,-23],[1,-24],[7,-17],[-8,-7],[4,-30],[16,-38],[-27,9],[-16,1],[-16,-6],[-19,-20],[-8,-22],[-1,-26],[3,-10],[17,-6],[2,-15],[-11,-25],[12,-21],[-5,-20],[-13,-13],[-5,-36],[-15,-14],[-4,14],[-9,-6],[-19,17],[-9,-6],[2,-13],[-5,-22],[-10,-17],[-9,4],[-12,-10],[-8,13],[-7,-11],[-14,16],[-7,-17],[-24,12],[-1,-24],[-10,13],[-14,1],[-16,-12],[-12,-1],[-10,24],[-33,-23],[-26,-32],[-12,-20],[-16,-44],[-2,-28],[4,-21],[21,2],[6,-15],[-3,-19],[9,-31],[-18,-9],[5,-12],[-15,-8],[-19,6],[-9,-14],[17,-19],[-5,-15],[-19,14],[-19,-5],[-1,14],[-11,16],[-13,10],[-5,-17],[-15,9],[-27,-19],[-13,15],[-2,-19],[-8,-6],[-5,18],[-11,14],[-9,3],[-8,-10],[-14,15],[-14,-17],[-10,18],[-2,17],[-22,25],[-15,0],[-51,-8],[-24,-8],[-22,-3],[-22,-13],[-35,-10],[-10,-6],[-96,-38],[-35,-16],[-39,-22],[-17,-7],[-43,-27],[-42,-21],[-54,-33],[-27,-14],[-43,-29],[-62,-36],[-13,-11],[-25,-13],[-20,-17],[-48,-30],[-53,-38],[-23,-14],[-142,-107],[-21,-20],[-33,-24],[-46,-39],[-15,-16]],[[60560,51684],[-1,16],[8,27],[13,17],[9,2],[3,-59],[7,-35],[14,-33],[-8,-1],[-6,20],[-23,35],[-13,-1],[-3,12]],[[60641,51685],[2,-35],[-10,3],[-7,25],[-11,46],[-7,47],[29,-19],[6,-22],[9,-15],[-11,-30]],[[60740,51395],[2,6],[18,-18],[10,-21],[-10,-8],[-13,13],[-7,28]],[[61056,51370],[17,27],[6,-19],[-16,-9],[-7,1]],[[62538,52304],[15,-1],[11,-12],[-6,-28],[-14,-5],[-24,-21],[-20,47],[-9,-11],[2,-29],[13,-24],[-14,0],[-11,-12],[0,63],[-14,25],[-10,-14],[-10,5],[0,44],[-5,9],[-3,23],[6,11],[13,-19],[8,-20],[19,-8],[7,8],[8,-12],[19,-2],[10,8],[9,-8],[0,-17]],[[62579,52267],[2,18],[10,7],[3,-35],[14,2],[3,-39],[-9,-16],[-8,7],[-15,38],[0,18]],[[62499,52149],[-3,18],[8,6],[4,-23],[-9,-1]],[[61981,51515],[4,10],[-4,45],[5,5],[23,-24],[1,-24],[-8,-5],[-2,-32],[-12,-8],[-7,33]],[[62011,51340],[9,4],[4,-20],[-5,-27],[-9,18],[-9,5],[10,20]],[[61846,50905],[-17,-7],[-12,-16],[-13,-27],[-21,14],[-1,18],[13,22],[12,42],[3,21],[12,1],[4,-11],[20,5],[11,-4],[14,-35],[3,-44],[-6,-5],[-22,26]],[[54810,39907],[30,-3],[15,8],[17,-2],[18,-8],[20,-17],[29,-38],[9,-23],[11,-40],[3,-31],[4,-68],[13,-49],[14,-24],[18,-15],[23,-7],[56,-40]],[[54886,40485],[-33,-12],[-27,-48],[-25,-31],[-25,-102]],[[56085,38284],[1,-3]],[[56157,38032],[-16,-9],[-18,-32],[-4,-15],[-19,-46],[-18,-88],[-19,-72],[-6,-61],[-7,-30],[-2,-79],[6,-43],[-18,-28],[-23,-5],[-7,-16],[-5,-48],[-21,-5],[-28,-17],[-16,-5],[-13,30],[-8,6],[-8,37],[2,29],[19,29],[16,41],[11,45],[-7,18]],[[55761,39391],[-10,5],[-3,20],[-12,7],[-8,-12],[-18,4],[-8,15],[-12,6],[-26,-11],[-14,-1],[-9,14],[-7,-4]],[[55811,40050],[20,-15],[26,14],[17,-1],[14,-18],[5,-46],[11,-31],[24,-27],[5,6],[26,-7],[2,-25],[15,-4]],[[54249,32120],[-12,18],[-28,-13],[-20,-64],[1,-20],[14,-32],[15,-8],[12,-33],[0,-21],[-11,-9],[-16,3],[-9,-6],[-2,-21],[-19,-34],[-7,-2],[4,-31],[12,-42],[16,-21],[-14,-14],[-10,-21],[-21,-61],[-22,0],[-10,-9],[-15,-27],[5,-25],[8,-23],[12,-8],[12,2],[11,12],[1,24],[5,19],[16,-15],[4,-11],[-15,-27],[2,-13],[-8,-26],[-11,-7],[-18,-1],[-9,16],[-22,8],[1,-21],[9,-13],[12,-28],[15,-20],[11,-5],[17,5],[-2,19],[4,18],[29,-10],[12,8],[2,25],[5,19],[9,-3],[5,-14],[34,-31],[22,15],[18,-3],[5,7],[5,34],[12,12],[0,38],[5,38],[-1,21],[38,12],[24,-1],[19,37],[7,7],[18,-8],[38,5],[21,-23],[10,-33],[8,-19],[19,1],[-18,-41],[-8,-40],[-3,-43],[8,-46],[14,8],[15,-16],[-6,-18],[-15,-7],[-14,-26],[-1,-17],[1,-51],[19,-31],[-8,-14],[14,-33],[17,9],[6,-12],[-15,-19],[-6,-19],[1,-29],[7,-30],[12,-23],[14,-16],[10,0],[10,-13],[29,12],[11,-12],[22,1],[7,-10],[14,25],[26,-10],[-10,-12],[17,-21],[-8,-25],[-16,-9],[-10,4],[-17,-19],[-12,7],[-17,26],[-9,-11],[-4,-36],[-20,-3],[-8,-13],[14,-11],[-5,-14],[-30,-7],[-18,-10],[-9,13],[-9,27],[-17,5],[-21,-15],[4,-50],[-10,-7],[-14,2],[-4,-11],[-26,-31],[-4,-14],[3,-48],[7,-25],[17,-38],[3,-21]],[[53262,31856],[85,307],[160,580],[109,391]],[[54150,32358],[-14,-32],[35,-48],[-21,-33],[-9,-24],[1,-19],[13,-2],[2,-17],[18,-8],[7,6],[16,-18],[3,-22],[37,5],[11,-26]],[[54549,31665],[18,4],[9,-13],[-7,-12],[-14,8],[-6,13]],[[53846,28289],[0,-46],[-7,-82],[3,-20],[-1,-44],[5,-70],[10,-59],[24,-66],[24,-39],[60,49],[-1,-24],[6,-15],[-12,-11],[-3,-41],[-10,-16],[-8,-44],[-1,-34],[1,-51],[9,-56],[9,-38],[18,-36],[14,-16],[14,-4],[8,20],[28,4],[10,-13],[-15,-10],[-12,-14],[-18,-78],[-3,-26],[-4,-72],[1,-18],[0,-54],[3,-30],[10,-48],[9,-8],[1,-13],[-9,-16],[-1,-22],[3,-42],[10,-63],[5,-12],[14,-70],[16,-44],[19,-37],[39,-103],[46,-70],[24,-25],[35,-23],[22,0],[13,18],[8,20],[13,10],[-1,18],[13,41],[8,-4],[18,22],[14,-9],[-2,-12],[9,-12],[16,-6],[10,27],[9,-10],[13,-34],[-1,-37],[16,-7],[2,-23],[-11,-4],[-13,-26],[-9,-24],[-3,-20],[-20,-22],[-4,-24],[1,-20],[-4,-23],[-12,-29],[-1,-43],[-3,-32],[-20,-16],[15,-21],[5,-19],[6,-46],[13,-12],[6,16],[11,-8],[5,-17],[-10,-27],[0,-54],[-5,-27],[-8,-15],[2,-13],[-10,-19],[-6,-25],[-7,-11],[-3,-26],[-7,-20],[0,-19],[-13,-14],[-20,7],[-10,-7],[-7,-23],[-18,-34],[-7,-22],[-12,-16],[-11,5],[-21,-40],[-5,-5],[-11,-34],[-10,-19],[-16,-7],[-20,28],[-7,40],[6,20],[1,27],[-6,10],[-4,22],[-15,-9],[-16,22],[-5,25],[-6,8],[-9,-9],[-4,27],[-12,25],[-13,-5],[-13,4],[0,-49],[-10,-8],[-6,-21],[-16,16],[-12,-12],[1,51],[-2,35],[0,69],[6,27],[8,56],[0,28],[12,-2],[6,11],[7,50],[8,48],[10,10],[3,18],[13,23],[3,18],[-3,40],[-9,40],[-11,17],[-28,22],[-15,4],[-1,33],[-7,12],[-16,5],[-20,75],[5,12],[13,1],[29,22],[9,32],[4,68],[-7,7],[-10,-13],[-16,31],[-13,15],[-12,27],[-23,27],[-18,15],[-35,13],[-16,2],[-10,-16],[-46,4],[-34,-14],[-33,-23],[-14,-13],[-8,-17],[-1,-29],[10,-20],[-1,-25],[9,-28],[-18,6],[-26,-14],[-12,-22],[-16,4],[0,19],[-12,12],[-19,-2],[-55,-33],[-34,-32],[-33,-39],[-42,-72],[-21,-45],[-11,-36],[-6,-36],[-7,-30],[10,2],[5,-34],[19,-21],[-7,-40],[3,-25],[15,-6],[-12,-17],[-8,-58],[-9,-56],[5,-47],[9,-34],[31,-4],[19,-12],[17,-17],[15,0],[14,16],[15,1],[4,-13],[-12,-18],[-10,-32],[-7,-40],[-4,-35],[9,-11],[-3,-49],[9,-32],[-5,-10],[0,-43],[4,-25],[-4,-9],[4,-24],[-2,-25],[7,-71],[15,-76],[12,-34],[11,-14],[-5,-2],[-219,58],[3,-14],[-3,-37],[-7,-35],[-11,-17],[-4,-21],[-19,-17],[-16,-9],[-16,-35],[-7,-24],[-18,-20],[-8,-29],[-22,-42],[-25,-34],[-35,-11],[-24,16],[-8,11],[-19,-1],[-16,-8],[-20,19],[-15,28],[-9,3],[-16,-22],[-40,0],[-14,20],[-4,-10],[8,-27],[3,-44],[21,-12],[21,7],[13,-18],[0,-36],[-9,-23],[-15,-57],[8,-21],[0,-22],[-7,-21],[-10,-7],[-17,1],[-13,-32],[-8,-1],[-3,-24],[7,-35],[-1,-20],[6,-27],[-7,-21],[1,-24],[17,-11],[-1,-20],[-17,-7],[-9,15],[-26,21],[-51,-29],[-28,-21],[-49,-57],[-15,-29],[-11,-32],[-13,-7],[-11,-21],[-1,-13],[-27,-32],[-19,-5],[-37,-56],[-1,-20],[7,-16],[-29,-41],[1,-16],[-18,-38],[-9,-39],[7,-15],[-6,-42],[2,-39],[12,-28],[11,-9],[13,-1],[8,15],[18,2],[-5,-22],[6,-18],[14,-9],[-5,-15],[-16,-3],[-5,-11],[-13,13],[-12,-4],[-26,-26],[-24,-37],[-3,-21],[5,-23],[-15,2],[-9,8],[-8,-9],[-18,-6],[-17,-27],[-5,-20],[2,-32],[-17,-17],[-17,-1],[-4,13],[-15,-25],[-21,-20],[-31,-38],[-35,-51],[-53,-97],[-15,-45],[-14,-63],[-4,-31],[9,4],[7,-19],[-10,-10],[-10,-29],[-2,-32],[-4,-12],[1,-50],[8,-4],[10,-26],[16,-3],[28,-28],[15,5],[8,-28],[-5,-18],[-8,-7],[-7,19],[-9,6],[-20,-21],[-14,-41],[-8,-49],[0,-48],[7,-14],[15,-5],[-7,-43],[-7,-19],[17,-6],[5,-15],[27,-24],[1,-23],[-11,-12],[-15,13],[-11,2],[-7,-19],[-12,-11],[5,-23],[17,3],[1,-21],[16,-1],[8,7],[17,-5],[24,-22],[9,-51],[-15,-15],[-13,8],[-3,12],[-20,-9],[-5,-8],[-21,-4],[-7,-30],[-21,-30],[-7,-18],[-21,-19],[-9,7],[-30,-53],[-13,-39],[-38,-55],[-21,-45],[5,-27],[-3,-20],[6,-22],[-13,-5],[-3,-22],[13,-32],[-21,-15],[3,-16],[-4,-18],[-12,-3],[-16,17],[-9,-1],[-19,-18],[-11,-22],[-32,-43],[-22,-38],[-18,-35],[-16,-41],[-21,-48],[-16,-58],[0,-33],[10,-27],[15,1],[0,-26],[-43,8],[-9,-14],[-26,-69],[2,-30],[-16,-34],[-9,-1],[-5,-18],[6,-13],[-15,-8],[-11,-41],[-6,-28],[-2,-41],[2,-16],[18,-12],[8,-48],[-4,-14],[-20,-17],[-11,-59],[8,-37],[13,-18],[-13,-32],[4,-48],[8,-15],[-3,-22],[8,-15],[17,9],[15,-16],[8,-17],[-16,-2],[0,-30],[16,-11],[2,-22],[-12,1],[-4,-14],[12,-15],[1,-34],[4,-21],[14,-42],[9,-6],[0,-15],[10,-19],[-14,-20],[6,-27],[-14,4],[-3,19],[-13,-3],[-5,-14],[-14,9],[-15,-18],[-17,-34],[-7,-46],[15,-19],[-5,-12],[-24,18],[-15,-33],[-8,-33],[-10,-56],[1,-32],[8,-8],[13,5],[10,-23],[-7,-14],[1,-20],[-13,-9],[-16,21],[-9,2],[-3,-19],[-18,-2],[-2,-28],[17,-15],[3,-9],[-15,-19],[-2,-18],[-20,14],[-15,-2],[-10,-8],[-8,14],[-9,-6],[-3,-18],[-10,-15],[0,-22],[-28,-22],[-5,-20],[-9,-11],[-20,-57],[-11,-22],[-16,2],[3,-17],[-2,-43],[-10,-5],[-10,-14],[-3,-22],[3,-20],[-5,-20],[15,-26],[-26,2],[-8,-20],[-21,19],[-3,-23],[10,-35],[-14,-20],[-14,29],[-19,-16],[-8,-26],[-10,-3],[-9,-16],[15,-45],[-6,-15],[-1,-32],[-7,-20],[4,-27],[6,-8],[19,11],[-3,-24],[13,-15],[-12,-23],[-7,-25],[-2,-25],[-12,-25],[-11,-5],[-9,16],[-1,29],[-14,9],[-17,-5],[-38,-35]],[[51553,20042],[3,-18],[-20,21],[4,12],[13,-15]],[[51852,20880],[7,7],[11,-15],[-7,-10],[-11,18]],[[52018,21115],[-21,4],[-11,-16],[-8,22],[20,37],[19,10],[15,-8],[-5,-30],[5,-22],[-14,3]],[[52549,23879],[7,19],[9,-21],[-16,2]],[[55933,38840],[13,-29],[-35,-32],[-7,-13],[-13,-40],[-1,-22],[-7,-3],[-6,-20],[-2,-45],[-25,-11],[2,-16],[-4,-78],[-12,-1]],[[56014,38881],[16,8],[19,-7],[11,-19]],[[58336,45417],[-9,3],[-1,39],[-17,4],[-1,32]],[[58308,45495],[0,23],[21,26],[16,45],[-1,34],[-7,25],[-2,43],[22,-1],[23,25],[3,15],[18,32],[13,76],[12,41],[10,27],[4,21],[24,39],[-4,22],[-12,18],[-23,19],[-7,24],[2,34],[-20,15],[-20,7],[-19,-2],[-7,5],[-25,-6],[-25,-24],[-8,-14],[7,-35],[11,-4],[28,-53],[-11,-13],[-8,-24],[3,-24],[-8,-10],[-19,-67],[-13,-61],[4,-18],[11,-24],[30,-35],[-1,-16],[4,-44],[-13,3],[-19,23],[-15,5],[-21,25],[-13,7],[-17,-6],[-4,-26],[-14,7],[-17,-3],[-14,-39],[-22,30],[-5,26],[-10,13],[-2,16],[8,25],[-3,21],[-14,19],[4,27],[-2,27],[-13,-4],[-16,11],[-14,2],[-21,-13],[-14,-2]],[[58063,45830],[-19,23],[-12,7],[7,20],[30,43],[11,27],[1,41],[-20,-3],[-40,12],[-26,-3],[-70,-35],[13,143],[1,20],[-5,31],[-7,23]],[[58136,46522],[11,-20],[-3,-12],[14,-13],[7,18],[10,54],[7,11],[2,47],[14,33],[-8,17],[23,2],[10,-23],[-6,-23],[3,-17],[14,-17],[-1,-57],[5,-14],[18,2],[31,-27],[-2,-31],[8,-25],[16,-27],[2,-19],[14,-38],[14,-5],[12,-15],[13,-4],[7,45],[0,25],[-8,15],[-15,-3],[9,40],[12,30],[16,29],[2,36],[-15,31],[-10,14],[-25,19],[-35,16],[-6,16],[-14,1],[12,32],[9,48],[-5,24],[7,14],[1,31],[4,2],[13,-19],[36,-31],[8,17],[-5,30],[2,16],[13,-19],[9,-3],[32,38],[8,22],[3,20],[15,8],[12,25],[4,29],[-2,24],[-11,47],[0,35],[-16,38],[-4,24],[11,4],[-3,-23],[8,-10],[14,-29],[1,-19],[7,-24],[12,-23],[6,-4],[-2,-35],[9,-15],[-8,-37],[-22,-19],[-4,-12],[7,-32],[17,-25],[10,5],[4,-18],[-5,-14],[-13,-18],[-4,-22],[10,-15],[8,-3],[4,-24],[-9,-39],[2,-12],[-11,-34],[20,-30],[18,-49],[0,-40],[13,-6],[20,52],[-5,7],[-6,37],[-8,13],[5,12],[-5,13],[7,27],[15,-17],[16,3],[3,8],[-9,32],[0,17],[7,24],[-4,22],[-8,14],[7,24],[-1,31],[21,17],[17,23],[6,1],[14,21],[7,26],[-14,53],[-9,8],[7,15],[7,26],[13,32],[9,69],[-4,17],[4,26],[13,34],[14,23],[3,20],[14,-22],[14,31],[3,68],[5,20],[-5,32],[0,19],[16,31],[3,29],[10,35],[9,15],[6,-4],[9,-30],[0,-30],[-5,-44],[1,-52],[4,-14],[19,-17],[-2,-11],[-12,-21],[-3,-19],[5,-34],[21,-19],[32,-1],[15,22],[-13,2],[8,26],[-7,12],[-17,5],[-5,-38],[-10,-13],[-9,8],[-4,23],[7,27],[3,22],[23,-2],[9,6],[7,-19],[17,-21],[25,-9],[16,39],[15,16],[13,1],[-2,-36],[-22,-36],[-3,-32],[-10,0],[-6,-23],[-16,-12],[-16,-29],[-9,-31],[-4,-27],[-16,-38],[1,-18],[-6,-27],[6,-8],[2,-27],[8,-15],[14,13],[7,-12],[-26,-3],[-7,-21],[5,-26],[-6,-9],[2,-28],[-14,-1],[-10,-23],[11,-19],[-10,-25],[10,-25],[-11,-24],[2,-11],[-9,-24],[-11,-15],[-5,-29],[-16,4],[-18,-38],[-11,-36],[-4,-23],[3,-32],[14,-24],[11,7],[8,-13],[-3,-13],[5,-35],[-26,-14],[-1,-31],[17,-48],[21,-8],[-1,-13],[-16,-3],[-13,12],[-18,-21],[-8,-18],[4,-14],[4,-39],[-6,-8],[3,-22],[-5,-8],[-12,12],[-16,-8],[-7,-22],[7,-51],[-6,-12],[16,-28],[-17,5],[-10,-9],[-4,-16],[-15,-16],[-3,-11],[-17,7],[-6,-4],[-68,-92],[-26,-45],[-22,-46],[-27,-42],[-7,-7],[-36,-61],[-25,-47],[-11,-27],[-23,-67],[-20,-71],[-6,-49],[4,-38],[-6,-21]],[[58537,47128],[-3,-10],[-25,-1],[-8,8],[-8,22],[-11,16],[-4,15],[-18,27],[0,7],[15,20],[6,16],[9,-3],[0,-28],[19,-56],[17,0],[11,-33]],[[59250,48073],[-10,-15],[-5,-19],[-20,3],[-78,-84],[-53,-66],[-50,-69],[-42,-63],[-33,-54],[-36,-70],[-26,-62],[-16,-50],[-11,-44],[-6,-44],[-5,-47],[3,-48],[14,-48],[-16,-3],[-21,14],[-34,5],[-24,-24],[-10,-4],[-2,42],[9,14],[-3,44],[2,12],[-7,109],[18,22],[17,4],[1,22],[-9,28],[-10,13],[-23,-5],[-4,19],[25,12],[26,-14],[16,15],[7,19],[-5,13],[13,20],[6,37],[-4,23],[11,17],[0,43],[5,18],[-9,27],[-14,20],[-12,2],[-7,12],[-21,-10],[-9,5],[-14,-5],[-13,16],[-34,12],[0,14],[-8,17],[1,28],[-9,22],[-2,25],[-10,33],[-2,33],[2,17],[15,8],[16,14],[15,25],[17,15],[4,30]],[[58765,47570],[9,-30],[-4,-13],[-11,37],[6,6]],[[56291,38844],[-8,23],[-11,11],[-11,26],[12,25],[13,6],[-3,15],[17,17],[12,-2],[7,-13],[-7,-37],[17,-13],[1,-40],[12,-10],[4,31],[-4,13],[-9,127],[1,19],[17,1],[13,12],[12,-8],[12,7],[4,-13],[-6,-57],[13,-4],[13,40],[17,-27],[-2,-20],[5,-14],[14,11],[7,30],[6,1],[1,-31],[-17,-42],[11,4],[8,-11],[12,50],[8,11],[8,34],[14,-15],[-11,-20],[-3,-33],[3,-25],[-7,-26],[15,-11],[8,-15],[-10,-18],[3,-11]],[[56502,38842],[-5,-30],[12,-4],[1,-14],[13,-13],[17,-29],[1,-25],[-14,-35],[-11,-14],[18,-12],[25,6]],[[57870,63552],[-4,-15],[-61,16],[-49,-489],[-16,-6],[-15,28],[-18,15],[-3,12],[6,33],[-6,15],[-22,1],[-6,9],[-14,34],[-2,23],[-9,-2],[-17,-13],[-6,1],[-6,26],[-1,21],[8,14],[3,18],[12,18],[-15,21],[9,18],[11,12],[-3,29],[-7,5],[-12,-15],[-5,20],[13,19],[-2,11],[-19,2],[-7,9],[-1,52],[12,20],[-4,14],[-14,-7],[-6,47],[-9,2],[2,-24],[-17,-9],[8,-32],[-11,-11],[-13,8],[-12,20],[13,12],[-2,26],[-12,4],[-16,-3],[-9,-11],[-10,4],[-1,26],[-8,1],[-12,-15],[10,-17],[-22,-17],[-4,26],[-9,17],[-16,40],[-6,-4],[-1,-44],[-12,21],[-16,7],[-2,-22],[-9,-4],[-6,15],[-11,8],[6,25],[15,32],[-3,13],[-14,-5],[-14,-24],[-16,5],[-14,-15],[-3,-17],[-19,-18],[-8,-14],[-11,5],[-5,12],[-2,23],[-12,8],[-17,-22],[-10,-7],[-14,0],[-16,14],[-7,-15],[-16,-5],[-11,17],[-10,-8],[-1,-16],[-9,-25],[-7,-1],[1,27],[-6,10],[-14,-6],[-14,29],[-5,24],[-34,-24],[-7,-13],[3,-16],[11,-11],[-18,-26],[-13,9],[-3,14],[-13,-5],[-15,16],[-4,-31],[8,-24],[-3,-18],[-14,10],[-8,-9],[-3,-26],[6,-12],[10,2],[5,-22],[-8,-29],[-10,4],[-22,-6],[4,-19],[-14,-27],[-13,16],[-19,-1],[-6,-21],[-15,21],[-7,-17],[6,-13],[-14,-13],[2,-44],[-7,-12],[-18,24],[-9,-18],[-11,21],[-10,8],[-10,-11],[-8,-71],[-13,-31],[-6,3],[-13,-21],[-15,-37],[-17,10],[-9,-25],[-3,-20],[-17,-31],[-11,-5],[0,-27],[-10,-6],[-10,-21],[-5,8],[-19,-22],[-1,-14],[-9,-25],[-10,-9],[-32,10],[-6,-61],[-18,7],[-26,-264],[-49,13],[-17,-170],[-6,26],[-13,35],[8,13],[-1,29],[-13,-12],[-28,13],[-16,36],[-46,33],[-27,17],[-24,22],[-23,5],[-30,15],[-2,7],[-42,44],[-14,28],[-24,15],[-9,-1],[-20,28],[-10,-3],[-27,-33],[-18,-4],[-68,68],[-10,0],[-15,-19],[-23,-2],[-7,10],[-22,10],[-18,-6],[-14,-20],[-32,-5],[-21,-18],[-29,-11],[-10,2],[-12,34],[-12,58],[-9,17],[-2,26],[-6,6],[-14,-4],[-30,11],[-12,18],[-24,3],[-14,-7],[-15,54],[-16,7],[-25,21],[-21,3],[-12,9],[-3,16],[1,48],[-26,32],[-9,26],[-11,17],[-11,-1],[-12,-16],[-14,2],[-17,-13],[-45,-12],[-39,-4],[-33,15],[-21,24],[-12,6],[-16,-6],[-21,-29],[-17,-9],[-10,-14],[-21,-3],[-24,-18],[-23,9],[-12,-14],[-33,-8],[-5,-21],[-6,-11],[-15,-60],[3,-30],[-12,-40],[-4,-22],[16,-44],[-2,-30],[24,-59],[4,-22],[-13,-26],[-32,-28],[-12,0],[-19,-22],[-18,-5],[-13,3],[-12,-28],[-29,-21],[-17,7],[-11,18],[-50,16],[-22,-7],[-22,11],[-9,9],[-18,5],[-7,-3],[-66,18],[-11,-108],[-89,24],[-4,-40],[-9,-2],[-3,-15],[-13,-21],[-24,-7],[-14,-22],[-5,-33],[-4,-8],[-35,-33],[90,-25],[3,-27],[-24,6],[-13,-134],[-42,12],[-6,-22],[13,-37],[3,-30],[7,-25],[-33,-43],[-24,-18],[-6,15],[-7,71],[-10,-3],[-17,8],[-12,-8],[6,-21],[-2,-17],[7,-28],[22,-49],[7,-21],[-6,-7],[-39,24],[-19,34],[-11,-3],[-13,-21],[-14,9],[-15,-9],[-18,-172],[-40,11],[-3,-29],[-15,4],[-17,-148],[-29,8],[-19,10],[-24,-38],[-26,-15],[-8,2],[-21,22],[-16,-4],[-36,6],[-15,-13],[-22,16],[-31,-23],[-11,0],[-30,-35],[-6,-62],[-16,25],[-4,-37],[7,-2],[-3,-38],[-18,-4],[-8,-25],[-53,-59],[-8,-19],[19,-5],[-9,-85],[-47,14],[-3,-36],[-14,3],[-4,-37],[-23,4],[-14,-127],[-117,32],[-12,-92],[-6,-23],[-10,-6],[-38,-13],[-43,-45],[-10,-17],[-7,-24],[4,-15],[-16,-15],[-5,-21],[37,-45],[9,-21],[16,-16],[25,-21],[9,6],[-8,-71],[6,-6],[-15,-45],[-23,-26],[6,-40],[6,-25],[-7,-27],[-3,-26],[-24,-1],[-6,-10],[-21,0],[-14,8],[-9,-10],[-10,1],[-9,15],[-8,-7],[-9,-28],[-19,-9],[-20,21],[-20,13],[-33,-8],[-14,-16],[-18,7],[-11,-17],[-17,14],[-13,-3],[-7,-25],[-7,-9],[-24,13],[-12,-5],[-24,17],[-19,-8],[-15,-18],[-23,5],[-11,19],[-12,1],[-9,-9],[-20,-3],[-11,-9],[-19,-5],[-18,29],[-3,21],[-15,21],[-9,-1],[-7,-21],[-20,-25],[-7,0],[-24,-20],[-19,-33],[-18,-2],[-10,17],[-9,29],[-12,16],[-7,-10],[-33,-8],[-14,-34],[-13,-1],[-35,35],[-23,-2],[-21,-21],[-24,-7],[-13,21],[-18,3],[-7,-4],[-15,-25],[-30,-8],[-22,-20],[2,-24],[-9,-33],[-35,-38],[-33,24],[-25,10],[-16,20],[-4,23],[-26,11],[-17,36],[1,30],[-17,5],[-19,-3],[-40,41],[-20,18],[-6,22],[-1,19],[-32,3],[-11,-6],[-17,13],[-22,-12],[-20,35],[-30,-3],[-26,-29],[-20,-11],[-11,-15],[-6,-33],[-27,-51],[-22,-18],[-9,-16],[-13,-37],[-39,-26],[-30,-3],[-14,-9],[-23,32],[-33,17],[-9,27],[3,36],[-5,14],[-26,23],[-11,1],[-32,14],[-11,-6],[-9,12],[-12,39],[-10,13],[-18,6],[-20,-10],[-20,-19],[-14,-29],[-27,10],[-24,-9],[-18,-25],[-14,-10],[-19,9],[-14,-6],[-17,17],[-33,-26],[-34,45],[-4,24],[-7,7],[-7,44],[-30,17],[-20,7],[-16,-1],[-45,37],[-20,3],[-23,-17],[-18,4],[-9,-4],[-13,-18],[-18,-36],[-27,-4],[-18,-13],[-7,-14],[-17,-17],[-9,-31],[5,-34],[-31,-32],[-13,-23],[-27,-11],[-31,42],[-13,24],[-17,-14],[-9,0],[-21,20],[-27,7],[-20,30],[-11,5],[-17,15],[-31,3],[-19,6],[-16,22],[-25,51],[-13,16],[-4,13],[-13,10],[-17,-5],[-10,-12],[-25,5],[-20,0],[-24,10],[-13,21],[-29,-9],[-29,9],[-10,13],[-45,-19],[-15,13],[5,20],[-14,-2],[-15,15],[-31,50],[-22,17],[3,41],[-6,24],[-15,35],[14,33],[-10,22],[-28,11],[-18,15],[-10,19],[-7,48],[-10,3],[-9,14],[-9,34],[-11,4],[-7,12],[-7,50],[-12,35],[-18,28],[-3,35],[-10,7],[-11,41],[-37,-7],[-18,-20],[-7,19],[-29,-20],[-33,42],[-20,20],[9,33],[-6,16],[-8,45],[-18,1],[-32,10],[-28,73]],[[57265,43719],[11,-7],[14,1],[18,-14],[9,2],[17,35],[3,20],[7,14],[15,17],[12,41],[28,38],[35,68],[20,19],[5,33],[12,9],[14,33],[3,41],[10,15],[18,10],[18,-10],[15,3],[15,-6],[31,21],[15,-9],[11,-14],[13,-2],[12,-28],[1,-27],[13,-4],[7,6],[11,28],[13,43],[4,-19],[18,-25],[14,-56],[-3,-42],[24,-7],[-4,-42],[22,-17],[11,3],[5,35],[12,-10],[35,-5],[29,-7],[3,37],[46,-13]],[[57907,43927],[-11,-18],[-25,-33],[-11,-43],[-13,-3],[-28,-22],[-33,-58],[-3,-39],[-17,-11],[-3,-14],[-10,-5],[-14,-24],[-5,-31],[-7,1],[-28,-53],[-18,-65],[-3,-37],[1,-21],[13,-44],[16,-8],[9,11],[11,-5],[-3,-26],[4,-10],[-20,-6],[-5,-22],[-6,-7],[-23,-36],[-12,-5],[-13,-29],[-13,-45],[-3,-33],[7,-24],[16,1],[8,-19],[2,-51],[11,-22],[-5,-32],[5,-16],[18,-20],[1,-15],[-10,-13],[-5,-32],[-22,-17],[-8,0],[-26,14],[-14,-7],[-18,-29],[-14,-39],[-2,-30],[20,-22],[2,-10],[-5,-29],[-10,-15],[-14,-6],[-11,-31],[-16,9],[6,-44],[0,-19],[6,-11],[-7,-23],[-16,-39],[-11,-8],[-25,17],[-6,-27],[-15,-4],[-4,-33],[-18,0],[-23,18],[-11,1],[-12,32],[-19,3],[-6,-12],[-14,2],[-10,-21],[-6,-23],[0,-21],[-14,-22],[-20,14],[-27,-4],[6,14],[-9,13],[-17,-1],[-31,-18],[-23,-19],[-3,-22],[-18,-12],[-7,-15],[-11,3],[-25,-33],[-13,-42],[2,-20],[-9,-14],[-4,26],[-9,12],[3,27],[-3,16],[-14,2],[-7,20],[-8,1],[5,46],[14,18],[0,24],[-6,33],[-12,25],[0,18],[9,17],[14,8],[7,-32],[8,-18],[3,-24],[6,-7],[13,2],[10,16],[1,21],[7,15],[17,8],[5,-32],[10,-5],[19,11],[7,10],[6,22],[-16,4],[-9,38],[-3,25],[9,27],[-5,10],[-17,5],[-16,-9],[-6,9],[2,37],[-29,16],[-1,27],[22,3],[8,13],[-19,14],[-24,2],[-7,25],[3,31],[-13,48],[5,13],[14,-20],[11,-7],[19,-39],[0,-24],[4,-28],[9,-13],[8,27],[-9,27],[8,30],[3,25],[23,16],[8,-1],[13,-16],[10,-21],[32,-5],[-4,-27],[4,-31],[-11,-4],[-10,5],[-10,-6],[10,-31],[13,13],[0,12],[14,8],[26,-12],[12,15],[7,20],[0,16],[14,25],[1,39],[-16,4],[-15,-3],[-17,22],[4,20],[11,-1],[8,15],[8,45],[6,14],[0,21],[-5,11],[15,15],[6,26],[-4,13],[-11,8],[-34,-13],[-17,-4],[-14,-13],[-17,-45],[-4,-26],[2,-18],[21,-55],[18,-12],[11,-20],[-6,-15],[-15,-11],[-24,6],[-9,11],[-10,28],[-9,11],[-12,0],[-17,-16],[-17,-1],[7,17],[0,16],[-11,30],[-24,21],[-10,1],[-16,-12],[-7,10],[-11,29],[-16,13],[-3,21],[7,18],[24,15],[42,-11],[17,-23],[15,13],[9,27],[15,11],[6,13],[0,21],[-13,15],[-11,21],[-4,24],[-8,15],[8,18],[8,31],[0,35],[5,15],[19,1],[0,33],[10,14],[23,4],[15,32],[-7,20],[5,22],[-23,19],[-31,-12]],[[57066,44290],[7,26],[20,25],[23,10],[20,18],[32,5],[10,10],[22,33],[25,12],[12,13],[18,38],[18,32],[13,30],[8,35],[8,19],[14,21],[33,24],[9,20],[18,51],[10,24],[32,63],[15,42],[18,90],[10,-6],[74,-20],[5,-19],[48,-112],[3,-19],[0,-48],[7,-32],[68,-20]],[[57666,44655],[-5,-17],[-2,-35],[-6,-56],[9,-49],[19,-46],[48,-81],[14,-19],[41,-42],[34,-25],[16,-2],[16,10],[22,40],[21,31],[14,33],[10,51],[19,73],[-2,13],[2,37],[17,20],[8,0],[24,-26],[6,-38],[12,-31],[11,-10],[-6,-27],[6,-15],[3,-40],[-11,0],[-6,-14],[3,-18],[-11,-19],[2,-38],[-7,-26],[-8,-11],[-20,-15],[-27,-46],[-12,-32],[-7,-48],[15,-30],[-8,-19],[-7,9],[-12,-9],[-2,-18],[8,-12],[11,-37],[2,-31],[-5,-15],[-11,-6],[3,-42]],[[58105,44922],[15,4],[51,49],[35,-54]],[[58206,44921],[-32,-36],[-30,-42],[-30,-46],[-19,-33],[-19,-39],[-44,-101],[-10,-35],[-15,-76],[-3,19],[2,19],[-6,42],[2,10],[-1,65],[9,32],[25,0],[13,10],[12,48],[8,7],[7,25],[15,82],[9,18],[6,32]],[[68281,99028],[34,28],[14,25],[27,21],[11,5],[19,30],[28,12],[12,16],[5,23],[-6,19],[8,33],[36,95],[15,20],[30,65],[36,20],[15,19],[12,27],[7,25],[-3,21],[20,11],[16,18],[14,31],[10,6],[15,37],[24,40],[18,10],[31,24],[7,-3],[12,9],[12,17],[14,9],[14,-2],[10,7],[12,26],[-4,33],[35,80],[10,33],[10,22],[13,8],[9,-1],[12,23],[2,17],[11,12],[20,-5],[5,-9],[24,12],[250,-194],[20,-26],[11,29],[15,31],[11,33],[59,49],[-3,-15],[3,-19],[-3,-17],[-14,-1],[-18,9],[-8,-13],[7,-11],[11,-4],[-5,-24],[3,-48],[7,-36],[-5,-31],[-10,-12],[-17,-5],[-8,5],[-13,22],[7,15],[11,4],[8,-30],[10,7],[-19,28],[-15,-5],[-5,-14],[-14,-11],[-6,-14],[-21,-29],[-10,-29],[-15,-8],[-26,5],[5,25],[-32,-4],[-5,-6],[-24,-2],[-15,-6],[2,-21],[9,6],[9,-24],[-8,-22],[0,-15],[7,-31],[-14,-33],[-15,3],[2,22],[-2,15],[-9,10],[-13,2],[-22,-20],[-2,-21],[-13,-7],[-5,-15],[-3,-27],[10,-3],[7,-13],[-1,-35],[15,-23],[-2,-18],[-8,-6],[-31,-5],[8,-41],[19,-3],[7,13],[15,-6],[6,-10],[5,-36],[8,-4],[26,10],[16,15],[23,1],[18,13],[0,14],[-7,20],[-17,14],[-35,-15],[1,54],[22,42],[6,46],[1,40],[3,10],[-1,28],[6,33],[7,7],[33,1],[16,9],[21,1],[25,7],[18,29],[-12,9],[6,33],[6,-1],[12,-20],[6,-21],[-2,-24],[3,-23],[12,-15],[17,-6],[17,0],[11,7],[12,19],[8,-17],[17,-53],[4,-32],[7,-23],[5,-38],[-7,-12],[-14,-5],[-6,21],[-11,-15],[2,-32],[13,-44],[-4,-18],[-13,4],[-4,-21],[12,-25],[-7,-30],[-9,-8],[-15,8],[-13,-11],[-20,-45],[-7,-51],[13,30],[16,11],[-8,-30],[-11,-26],[4,-12],[17,13],[4,-12],[-26,-9],[-2,26],[-13,-23],[-17,-2],[-8,-17],[1,-14],[10,-5],[10,-23],[52,44],[22,32],[5,27],[-8,37],[-1,24],[20,40],[12,31],[9,36],[9,45],[8,73],[-1,57],[-6,28],[-66,209],[-10,38],[-4,5],[6,43],[23,12],[11,-2],[14,-92],[14,-74],[21,-74],[27,-65],[9,-1],[0,-19],[-8,-9],[-5,-30],[-7,-62],[-4,-72],[0,-99],[1,-48],[4,-48],[7,-54],[13,-69],[15,-49],[16,-31],[20,-19],[19,-8],[9,-13],[1,-25],[-4,-8],[-20,-126],[-11,-88],[-5,-33],[-7,-66],[-7,-48],[-14,-127],[-6,-77],[-7,-152],[2,-39],[7,-20],[17,-22],[3,-18],[-5,-31],[-3,-82],[1,-70],[8,-57],[12,3],[9,-33],[-13,-18],[-12,-41],[-8,-41],[-25,-166],[1,-5],[-12,-72],[-13,-112],[-2,-33],[2,-17],[-16,-70],[3,-4],[-19,-146],[-8,-70],[-1,-37],[-7,-46],[-5,-85],[-7,-45],[0,-25],[-6,-56],[1,-17],[-4,-60],[-2,-60]],[[56502,38842],[14,-6],[9,17],[4,27],[-2,29],[28,15],[10,-28],[-6,-30],[12,-21],[17,4],[-1,11],[14,10],[7,12],[0,23],[-7,19],[3,15],[14,12],[15,-10],[13,6],[-18,-52],[5,-15],[27,-18],[15,-1],[6,21],[10,4],[8,-11],[18,30],[6,24],[-12,36],[2,19],[-4,15],[5,14],[-8,8],[-10,25],[-8,35],[11,11],[19,31],[2,-20],[8,-21],[11,-8],[0,30],[6,10],[12,-22],[5,39],[19,7],[3,31],[-10,15],[-17,7],[14,23],[-6,21],[8,24],[0,19],[8,5],[5,-16],[-1,-21],[4,-18],[15,-38],[-4,-18],[8,-14],[7,-31],[4,-29],[-9,-25],[0,-56],[-9,-34],[-9,-9],[5,-28],[2,-40],[-3,-36],[5,-23],[-3,-22],[-8,-15],[6,-52],[10,-32],[3,-34],[-3,-21],[2,-20],[-13,-21],[-4,2],[-8,28],[-19,-5],[-20,-27],[3,-30]],[[43100,23409],[-5,-32],[-10,-21],[7,-41],[-3,-38],[-18,-32],[-4,-18],[-14,-29],[-9,-28],[11,-30],[7,-48],[10,-18],[4,-56],[-4,-25],[-11,-29],[16,-6],[7,-14],[4,-25],[10,-6],[13,-21],[-7,-34],[-3,-43],[1,-41],[7,-29],[18,-19],[0,-19],[-21,-29],[0,-20],[-7,-19],[-23,-16],[-15,-15],[-5,-14],[2,-59],[-2,-17],[3,-40],[-2,-30],[-56,-24],[3,-42],[5,-14],[16,-16],[-7,-26],[3,-17],[-3,-26],[-7,-12],[7,-35],[-8,-12],[-21,-55],[-14,-7],[-13,-45],[-6,-26],[-15,-19],[-2,-46],[-9,-36],[5,-23],[12,-35],[-18,-64],[1,-16],[-7,-12],[-25,-22],[-2,-18],[0,-43],[21,-47],[-2,-31],[3,-16],[20,-53],[0,-12],[-31,-29],[-20,-22],[-13,-50],[9,-44],[0,-37],[4,-23],[15,-19],[3,-13],[-13,-28],[5,-12],[0,-36],[3,-52],[3,-15],[0,-36],[23,-52],[0,-16],[-13,-73],[0,-41],[-2,-18],[3,-20],[18,-36],[26,-103],[3,-53],[-31,-46],[4,-16],[19,-45],[28,-61],[2,-22],[20,-13],[11,-42],[3,-21],[-7,-24],[-19,-30],[-4,-21],[-27,-13],[-26,-21],[-8,-30],[-17,-15],[-1,-16],[21,-55],[19,-24],[11,-19],[12,-45],[1,-29],[-6,-24],[7,-36],[9,-3],[6,-24],[-17,-48],[-23,-37],[-29,-39],[6,-12],[-2,-39],[-7,-15],[-7,4],[-9,-17],[15,-26],[14,-2],[2,-20],[-5,-19],[7,-19],[10,-3],[36,0],[24,-17],[5,-33],[19,12],[18,-30],[6,-15],[20,-37],[-5,-19],[-1,-39],[6,-40],[-10,-70],[-19,-44],[-5,-27],[-5,-3],[0,-40],[-16,-48],[14,-60],[12,-24],[16,-24],[1,-15],[30,-30],[13,-20]],[[56512,39871],[-14,-8],[-2,-43],[-23,-11],[-36,10],[-19,21],[-18,46],[-13,16],[-8,-5],[-20,28],[-9,-8]],[[56747,40572],[-16,-2],[-12,-23],[2,-25],[11,-20],[-3,-19],[7,-19],[15,-6]],[[56885,40437],[2,-22],[8,-46],[11,-25],[10,-10],[7,-37],[14,-11],[16,7],[8,-5],[16,-38],[-14,0],[-16,-7],[-40,-32],[-35,8],[-21,-16],[-13,2]],[[56373,39861],[23,2],[4,-31],[8,-30],[14,-1],[10,-12],[14,4],[11,-12],[25,4],[17,9],[13,-23],[4,-27],[-9,-20],[-24,5],[-8,-23],[-24,14],[-11,16],[-8,-3],[27,-35],[0,-16],[-8,-23],[33,12],[12,23],[8,-12],[-6,-24],[4,-50],[-18,5],[-7,-7],[-11,16],[-7,-39],[4,-18],[10,16],[17,-8],[9,4],[13,-20],[-8,-23],[-5,-47],[-15,-18],[-18,5],[-6,-39],[15,1],[-9,-31],[11,4],[14,26],[1,10],[13,10]],[[56025,39602],[-3,1]],[[54793,33454],[-20,-40],[-15,-50],[-17,-26],[-25,-65],[-16,-58],[-9,-53],[-3,-35],[3,-6],[-3,-60],[1,-29],[5,-14],[21,-5],[9,-17],[12,-6],[0,-16],[-20,-8],[-23,-84],[-5,-35],[-4,-49],[-7,-49],[-1,-23],[7,-150],[6,-35],[-19,12],[-11,55],[-3,56],[-11,2],[-5,-13],[-2,-37],[-25,14],[0,28],[-12,-15],[-4,-31],[22,-28],[34,-51],[12,0],[12,-12],[4,-37],[21,10],[-4,-24],[6,-30],[-5,-11],[22,-21],[16,1],[4,14],[16,-16],[1,-24],[-6,-17],[3,-32],[9,-34],[15,-9],[-10,-13],[5,-36],[8,-13],[12,3],[4,-16],[-9,-14],[-14,10],[-25,-2],[-22,11],[-32,-35],[-47,-72],[-31,-59],[-19,-42],[-20,-61],[-24,-82],[-11,-58],[-7,-63],[-2,-29],[3,-26],[-16,12],[-12,62],[-5,10],[-15,6],[-15,27],[-4,24],[5,20],[9,11],[20,7],[11,63],[0,23],[5,37],[7,39],[3,32],[-5,63],[4,27],[30,-8],[11,11],[18,-1],[15,11],[2,19],[-3,47],[-15,0],[-26,-14],[-14,4],[-17,-2],[-16,8],[-27,22],[-23,23],[-16,-5],[1,20],[-6,15],[-9,7],[-18,-3],[-32,5],[-14,-9],[-41,-41],[-10,3],[-14,16],[-11,-35],[9,-46],[26,-37],[4,-20],[-4,-8],[-30,-4],[-10,-7],[0,-30],[-8,-3],[-20,12],[-13,13]],[[54837,32233],[-13,-5],[3,37],[9,5],[8,-22],[11,5],[14,-28],[-12,-2],[-8,20],[-12,-10]],[[58063,45830],[-3,-6],[-22,-14],[-9,-19],[-2,-30],[3,-16],[-1,-35],[15,-31],[5,-26],[13,-28],[9,-7],[8,-20],[-10,-61],[6,-39],[0,-25],[12,-52],[6,-20],[-4,-10],[-30,14],[-5,7],[-21,-8],[-2,-27],[-36,8],[-20,-3],[-19,-18],[-14,-46],[2,-16],[-2,-35],[2,-16],[-3,-18],[-11,-4],[-4,-33],[-10,-19],[-19,-5],[-4,6],[-22,-8],[-8,10],[-10,-9],[-7,-17],[-2,-20],[5,-16],[-5,-26],[-9,-10],[1,-47],[-19,11],[-17,-15],[-3,-23],[4,-12],[12,-5],[-18,-25],[-8,17],[-15,18],[-14,4],[-33,-9],[-18,-18],[-12,-17],[-10,-24],[-3,-20],[-14,-8],[-3,-22],[23,-26],[9,-53],[12,-38],[19,-27],[13,-10],[17,-1],[41,-31],[16,-15],[1,-12],[-11,-9],[-5,22],[-12,-4],[-47,29],[-15,0],[-34,-17],[-18,-20],[-8,-20]],[[58336,45417],[-4,-25],[2,-46],[7,-26],[0,-35],[8,-10],[13,-38],[-1,-20],[8,-8],[9,6],[23,-25],[12,13],[10,-17],[-2,-18],[-14,-3],[0,-17],[-13,0],[-11,-17],[-4,-35],[-12,-2],[-15,-14],[-14,-23],[-1,-39],[-16,5],[-11,-4],[-42,-34],[-62,-64]],[[58105,44922],[6,45],[11,25],[20,40],[8,7],[26,52],[15,15],[15,35],[18,27],[17,47],[1,27],[-6,27],[-12,28],[-28,39],[-33,32],[-13,9],[-18,-6],[-14,4],[-2,17],[20,2],[34,-13],[21,4],[16,9],[17,26],[10,26],[9,38],[13,23],[13,33],[9,15],[9,26],[18,-12],[-3,-14],[0,-49],[6,-11]]],"transform":{"scale":[0.00018107772536725357,0.00009348360546605503],"translate":[140.9992722830001,-37.50514655899997]},"objects":{"districts":{"type":"GeometryCollection","geometries":[{"arcs":[[0,1,2,3,4,5]],"type":"Polygon","properties":{"seat":"Albury","region":null,"code":"10001"}},{"arcs":[[6,7,8,9,10,11]],"type":"Polygon","properties":{"seat":"Auburn","region":null,"code":"10002"}},{"arcs":[[12,13,14,15,16,17,18,19,20,21,22]],"type":"Polygon","properties":{"seat":"Badgerys Creek","region":null,"code":"10003"}},{"arcs":[[23,24,25,26]],"type":"Polygon","properties":{"seat":"Ballina","region":null,"code":"10004"}},{"arcs":[[27,28,29,30]],"type":"Polygon","properties":{"seat":"Balmain","region":null,"code":"10005"}},{"arcs":[[-12,31,32,33,34,35]],"type":"Polygon","properties":{"seat":"Bankstown","region":null,"code":"10006"}},{"arcs":[[36,37,38,39,40,41,42,43]],"type":"Polygon","properties":{"seat":"Barwon","region":null,"code":"10007"}},{"arcs":[[44,45,46,47,48,49,50,51]],"type":"Polygon","properties":{"seat":"Bathurst","region":null,"code":"10008"}},{"arcs":[[[52,53,54,55]],[[56]],[[57]],[[58]],[[59]]],"type":"MultiPolygon","properties":{"seat":"Bega","region":null,"code":"10009"}},{"arcs":[[60,61,-21,62,63,64]],"type":"Polygon","properties":{"seat":"Blacktown","region":null,"code":"10010"}},{"arcs":[[-17,65,-46,66,67,68]],"type":"Polygon","properties":{"seat":"Blue Mountains","region":null,"code":"10011"}},{"arcs":[[69,70,71,-23,72,73]],"type":"Polygon","properties":{"seat":"Cabramatta","region":null,"code":"10012"}},{"arcs":[[74,-15,75,76]],"type":"Polygon","properties":{"seat":"Camden","region":null,"code":"10013"}},{"arcs":[[77,78,79,80,-77,81]],"type":"Polygon","properties":{"seat":"Campbelltown","region":null,"code":"10014"}},{"arcs":[[82,-33,83,84,85]],"type":"Polygon","properties":{"seat":"Canterbury","region":null,"code":"10015"}},{"arcs":[[86,87,88,89,90]],"type":"Polygon","properties":{"seat":"Castle Hill","region":null,"code":"10016"}},{"arcs":[[91,92,93,94,95,96,97]],"type":"Polygon","properties":{"seat":"Cessnock","region":null,"code":"10017"}},{"arcs":[[98,99,100,101,102,103]],"type":"Polygon","properties":{"seat":"Charlestown","region":null,"code":"10018"}},{"arcs":[[[104,105,106,107,-24,108]],[[109]],[[110]],[[111]]],"type":"MultiPolygon","properties":{"seat":"Clarence","region":null,"code":"10019"}},{"arcs":[[[112,-105,113]],[[114]],[[115]]],"type":"MultiPolygon","properties":{"seat":"Coffs Harbour","region":null,"code":"10020"}},{"arcs":[[116,117,118,119,120]],"type":"Polygon","properties":{"seat":"Coogee","region":null,"code":"10021"}},{"arcs":[[-3,121,-41,122,-49,123,124]],"type":"Polygon","properties":{"seat":"Cootamundra","region":null,"code":"10022"}},{"arcs":[[125,126,127]],"type":"Polygon","properties":{"seat":"Cronulla","region":null,"code":"10023"}},{"arcs":[[128,129,130,131,132,133,134,135]],"type":"Polygon","properties":{"seat":"Davidson","region":null,"code":"10024"}},{"arcs":[[[136,137,138,139]],[[140]]],"type":"MultiPolygon","properties":{"seat":"Drummoyne","region":null,"code":"10025"}},{"arcs":[[-39,141,-51,142]],"type":"Polygon","properties":{"seat":"Dubbo","region":null,"code":"10026"}},{"arcs":[[143,-70,144,-7,-36,145,146]],"type":"Polygon","properties":{"seat":"East Hills","region":null,"code":"10027"}},{"arcs":[[147,148,149,-87,150,151]],"type":"Polygon","properties":{"seat":"Epping","region":null,"code":"10028"}},{"arcs":[[-8,-145,-74,152,153]],"type":"Polygon","properties":{"seat":"Fairfield","region":null,"code":"10029"}},{"arcs":[[[154,155,-93,156,157,158,159]],[[160]],[[161]]],"type":"MultiPolygon","properties":{"seat":"Gosford","region":null,"code":"10030"}},{"arcs":[[162,163,164,-124,-48,165,166,167]],"type":"Polygon","properties":{"seat":"Goulburn","region":null,"code":"10031"}},{"arcs":[[-154,168,169,170,-9]],"type":"Polygon","properties":{"seat":"Granville","region":null,"code":"10032"}},{"arcs":[[171,172,173,-67,-45,174,-94,-156,175,-90]],"type":"Polygon","properties":{"seat":"Hawkesbury","region":null,"code":"10033"}},{"arcs":[[176,177,-80,178,179,180,181,-126,182]],"type":"Polygon","properties":{"seat":"Heathcote","region":null,"code":"10034"}},{"arcs":[[183,184,185,186,187,-119,188]],"type":"Polygon","properties":{"seat":"Heffron","region":null,"code":"10035"}},{"arcs":[[-71,-144,189,190,-179,-79,191,192,193]],"type":"Polygon","properties":{"seat":"Holsworthy","region":null,"code":"10036"}},{"arcs":[[[-151,-91,-176,-155,194,-131,195]],[[196]],[[197]]],"type":"MultiPolygon","properties":{"seat":"Hornsby","region":null,"code":"10037"}},{"arcs":[[198,199,-177,200,201]],"type":"Polygon","properties":{"seat":"Keira","region":null,"code":"10038"}},{"arcs":[[202,203,-172,-89]],"type":"Polygon","properties":{"seat":"Kellyville","region":null,"code":"10039"}},{"arcs":[[204,205,-168,206,207]],"type":"Polygon","properties":{"seat":"Kiama","region":null,"code":"10040"}},{"arcs":[[208,209,-34,-83,210]],"type":"Polygon","properties":{"seat":"Kogarah","region":null,"code":"10041"}},{"arcs":[[211,212,-98,213,-100,214]],"type":"Polygon","properties":{"seat":"Lake Macquarie","region":null,"code":"10042"}},{"arcs":[[[215,216,-129,217,218]],[[219,220,221]]],"type":"MultiPolygon","properties":{"seat":"Lane Cove","region":null,"code":"10043"}},{"arcs":[[-76,-14,222,-193,223,-82]],"type":"Polygon","properties":{"seat":"Leppington","region":null,"code":"10044"}},{"arcs":[[224,225,226,-25,-108]],"type":"Polygon","properties":{"seat":"Lismore","region":null,"code":"10045"}},{"arcs":[[-194,-223,-13,-72]],"type":"Polygon","properties":{"seat":"Liverpool","region":null,"code":"10046"}},{"arcs":[[-64,227,-19,228,-68,-174,229]],"type":"Polygon","properties":{"seat":"Londonderry","region":null,"code":"10047"}},{"arcs":[[-78,-224,-192]],"type":"Polygon","properties":{"seat":"Macquarie Fields","region":null,"code":"10048"}},{"arcs":[[-96,230,231,232]],"type":"Polygon","properties":{"seat":"Maitland","region":null,"code":"10049"}},{"arcs":[[233,234]],"type":"Polygon","properties":{"seat":"Manly","region":null,"code":"10050"}},{"arcs":[[235,-189,-118]],"type":"Polygon","properties":{"seat":"Maroubra","region":null,"code":"10051"}},{"arcs":[[[-127,-182,236]],[[-180,-191,237]]],"type":"MultiPolygon","properties":{"seat":"Miranda","region":null,"code":"10052"}},{"arcs":[[238,-163,-206,239,-54,240,-5,241,242]],"type":"Polygon","properties":{"seat":"Monaro","region":null,"code":"10053"}},{"arcs":[[-63,-20,-228]],"type":"Polygon","properties":{"seat":"Mount Druitt","region":null,"code":"10054"}},{"arcs":[[-2,243,-42,-122]],"type":"Polygon","properties":{"seat":"Murray","region":null,"code":"10055"}},{"arcs":[[244,245,246,247,248,249]],"type":"Polygon","properties":{"seat":"Myall Lakes","region":null,"code":"10056"}},{"arcs":[[[-102,250,251,252]],[[253,254]]],"type":"MultiPolygon","properties":{"seat":"Newcastle","region":null,"code":"10057"}},{"arcs":[[255,-31,256,-187]],"type":"Polygon","properties":{"seat":"Newtown","region":null,"code":"10058"}},{"arcs":[[257,-220,258]],"type":"Polygon","properties":{"seat":"North Shore","region":null,"code":"10059"}},{"arcs":[[-107,259,-247,260,261,-44,262,-225]],"type":"Polygon","properties":{"seat":"Northern Tablelands","region":null,"code":"10060"}},{"arcs":[[-146,-35,-210,263]],"type":"Polygon","properties":{"seat":"Oatley","region":null,"code":"10061"}},{"arcs":[[-123,-40,-143,-50]],"type":"Polygon","properties":{"seat":"Orange","region":null,"code":"10062"}},{"arcs":[[264,-248,-260,-106,-113,265]],"type":"Polygon","properties":{"seat":"Oxley","region":null,"code":"10063"}},{"arcs":[[-139,266,-10,-171,267,-149,268,269]],"type":"Polygon","properties":{"seat":"Parramatta","region":null,"code":"10064"}},{"arcs":[[-18,-69,-229]],"type":"Polygon","properties":{"seat":"Penrith","region":null,"code":"10065"}},{"arcs":[[[270,271]],[[272,-133,273]],[[274]]],"type":"MultiPolygon","properties":{"seat":"Pittwater","region":null,"code":"10066"}},{"arcs":[[[-249,-265,275]],[[276]],[[277]]],"type":"MultiPolygon","properties":{"seat":"Port Macquarie","region":null,"code":"10067"}},{"arcs":[[[-254,278,-252,279,-232,280,-245,281]],[[282]],[[283]],[[284]],[[285]],[[286]],[[287]],[[288]],[[289]],[[290]],[[291]]],"type":"MultiPolygon","properties":{"seat":"Port Stephens","region":null,"code":"10068"}},{"arcs":[[-153,-73,-22,-62,292,-169]],"type":"Polygon","properties":{"seat":"Prospect","region":null,"code":"10069"}},{"arcs":[[-204,293,-65,-230,-173]],"type":"Polygon","properties":{"seat":"Riverstone","region":null,"code":"10070"}},{"arcs":[[-211,-86,294,-185,295]],"type":"Polygon","properties":{"seat":"Rockdale","region":null,"code":"10071"}},{"arcs":[[296,-269,-148,297,-216]],"type":"Polygon","properties":{"seat":"Ryde","region":null,"code":"10072"}},{"arcs":[[[298,-207,-167,299,-199,300]],[[301]]],"type":"MultiPolygon","properties":{"seat":"Shellharbour","region":null,"code":"10073"}},{"arcs":[[[302,-55,-240,-205]],[[303]],[[304]],[[305]],[[306]]],"type":"MultiPolygon","properties":{"seat":"South Coast","region":null,"code":"10074"}},{"arcs":[[-32,-11,-267,-138,307,-84]],"type":"Polygon","properties":{"seat":"Strathfield","region":null,"code":"10075"}},{"arcs":[[-137,308,-28,-256,-186,-295,-85,-308]],"type":"Polygon","properties":{"seat":"Summer Hill","region":null,"code":"10076"}},{"arcs":[[[309,310,311,-212,312]],[[313]],[[-104,314]],[[315]]],"type":"MultiPolygon","properties":{"seat":"Swansea","region":null,"code":"10077"}},{"arcs":[[-257,-30,316,317,-120,-188]],"type":"Polygon","properties":{"seat":"Sydney","region":null,"code":"10078"}},{"arcs":[[-37,-262,318]],"type":"Polygon","properties":{"seat":"Tamworth","region":null,"code":"10079"}},{"arcs":[[-159,319,320]],"type":"Polygon","properties":{"seat":"Terrigal","region":null,"code":"10080"}},{"arcs":[[[-158,321,322,-320]],[[323,324]]],"type":"MultiPolygon","properties":{"seat":"The Entrance","region":null,"code":"10081"}},{"arcs":[[-26,-227,325]],"type":"Polygon","properties":{"seat":"Tweed","region":null,"code":"10082"}},{"arcs":[[-95,-175,-52,-142,-38,-319,-261,-246,-281,-231]],"type":"Polygon","properties":{"seat":"Upper Hunter","region":null,"code":"10083"}},{"arcs":[[-121,-318,326]],"type":"Polygon","properties":{"seat":"Vaucluse","region":null,"code":"10084"}},{"arcs":[[-165,327,-242,-4,-125]],"type":"Polygon","properties":{"seat":"Wagga Wagga","region":null,"code":"10085"}},{"arcs":[[-130,-217,-298,-152,-196]],"type":"Polygon","properties":{"seat":"Wahroonga","region":null,"code":"10086"}},{"arcs":[[328,-134,-273,329,-271,330,-234]],"type":"Polygon","properties":{"seat":"Wakehurst","region":null,"code":"10087"}},{"arcs":[[-101,-214,-97,-233,-280,-251]],"type":"Polygon","properties":{"seat":"Wallsend","region":null,"code":"10088"}},{"arcs":[[331,-259,-222,332,-218,-136]],"type":"Polygon","properties":{"seat":"Willoughby","region":null,"code":"10089"}},{"arcs":[[-88,-150,-268,-170,-293,-61,-294,-203]],"type":"Polygon","properties":{"seat":"Winston Hills","region":null,"code":"10090"}},{"arcs":[[-47,-66,-16,-75,-81,-178,-200,-300,-166]],"type":"Polygon","properties":{"seat":"Wollondilly","region":null,"code":"10091"}},{"arcs":[[[-301,-202,333]],[[334]]],"type":"MultiPolygon","properties":{"seat":"Wollongong","region":null,"code":"10092"}},{"arcs":[[[-322,-157,-92,-213,-312,335]],[[336,-324,337,-310]]],"type":"MultiPolygon","properties":{"seat":"Wyong","region":null,"code":"10093"}}]}}}