{"type":"Topology","arcs":[[[44514,24770],[-3,54],[-11,19],[25,18],[-2,34],[-21,43],[-41,56],[15,28],[-9,47],[-27,28],[-45,69],[-61,54],[-153,120],[-51,31],[-48,50],[-18,7],[-7,-31],[-45,42],[-24,6],[-2,25],[-93,7],[-37,-22],[-20,-29],[43,-99],[-53,-45],[-64,151],[-3,50],[-39,-2],[21,-97],[26,-76],[-4,-16],[-72,133],[-22,22]],[[43669,25447],[-13,56],[-1,110],[20,73],[31,53],[43,62]],[[43749,25801],[11,53]],[[43760,25854],[28,7],[27,25],[35,13],[24,-19],[6,-30],[82,7],[78,-16],[6,30],[148,-63],[25,-17],[47,-6],[34,7],[60,50],[42,19],[44,3]],[[44446,25864],[27,-103],[-48,-26],[-15,-86],[30,-53],[58,-54],[49,-230],[21,-105],[35,-36],[43,-217],[26,-77]],[[44672,24877],[-158,-107]],[[46482,25227],[-14,-148],[-71,-649]],[[46397,24430],[-41,9],[0,-19],[-71,15],[-43,-2],[3,31],[-70,6],[0,-14],[-64,16],[-63,63],[-32,20],[-26,3],[-71,25],[-101,25],[-24,12]],[[45794,24620],[25,231],[-52,13],[-60,-32],[-25,-2],[-19,-29],[-35,-24],[-21,2],[-45,30],[-3,47],[-32,74],[-12,57],[-14,-2],[-21,53],[12,55],[-30,26],[-2,66],[-23,8],[-32,43],[-24,11]],[[45381,25247],[14,114],[283,-55],[179,-36]],[[45857,25270],[46,-6],[97,22],[36,-1],[253,-51],[67,21],[126,-28]],[[47880,13672],[30,10],[103,7],[37,-17],[59,-9],[-7,-20],[-40,10],[-27,-21],[-30,3],[-24,-25],[-78,-17],[-14,-51],[-33,-5],[-25,-23],[33,-38],[15,29],[31,9],[2,38],[44,26],[21,-24],[-5,-41],[16,-6],[27,54],[30,-30],[45,9],[51,-7],[25,-22],[66,-7],[9,-42],[-10,-27],[7,-41],[-11,-8],[-58,-7],[-22,-14],[-16,-33],[-10,-43],[-19,-46],[-11,-57],[-19,-12],[-16,-33],[-33,-34],[-2,-81],[6,-52],[21,-27],[27,-13],[44,6],[18,13],[22,55],[26,1],[-16,-90],[32,-85],[-29,-57],[-38,17],[-13,-5],[-9,-40],[-18,-19],[-10,-60],[2,-37],[16,-45],[45,-6],[21,-14],[68,0],[7,-16],[54,-17],[30,22],[15,-14],[20,28],[45,24],[28,-4],[54,42],[21,-44],[17,-3],[30,-44],[26,-8],[11,12],[50,-20],[12,24],[18,-5],[41,22],[49,-6],[20,-21],[-3,-29],[50,-82],[-20,-30],[-84,-23],[-51,-23],[-29,-32],[-32,-66],[-10,-45],[1,-46],[-24,-81],[-3,-48],[5,-30],[32,-61],[56,-80],[46,-31],[11,-47],[29,-34],[26,6],[45,-24],[-3,-47],[-14,-52],[-37,-74],[0,-27],[22,-32],[5,-48],[-48,-6],[-22,-17],[-36,-4],[2,29],[-17,47],[-59,18],[-1,22],[-24,58],[34,16],[10,30],[-3,50],[-25,75],[-60,121],[-37,59],[-39,52],[-24,41],[-61,82],[-21,36],[-79,107],[-78,96],[-64,48],[-42,11],[-17,34],[-47,17],[-62,50],[-41,15],[-31,-4],[-73,29],[-15,53],[-32,7],[-3,-35],[-39,-19],[-31,3],[-33,34],[-54,42],[-35,-16],[-18,12],[-39,-17],[-7,-51],[-28,-5],[-34,23],[-61,-55],[-5,-54],[-19,-11],[5,-51],[-12,-23],[-32,-26],[-10,-65],[-18,-47],[-27,-2],[-22,-34],[-12,-47],[-48,40],[-10,34],[-64,-19],[-23,15],[3,45],[-20,50],[-36,42],[-32,16],[-36,-36],[-18,9],[-17,45],[-31,19],[-18,-20],[-33,-2],[-20,47],[-40,8],[-25,-12],[-65,3],[-15,67],[-18,7],[-35,-22],[10,-35],[-31,-23],[-7,45],[-15,18],[-74,20],[-51,-5],[-33,-36],[-4,-60],[-14,-14],[-34,-9],[-30,18],[-61,-26],[-15,-28],[-50,-7],[-31,11],[-36,-13],[-38,1],[-17,-19],[-38,12],[3,31],[22,21],[28,45],[6,54],[25,5],[19,21],[8,57],[26,21],[17,-40],[28,-21],[49,22],[18,28],[58,3],[16,16],[26,51],[14,73],[-8,64],[0,55],[32,35],[18,81],[-9,45],[42,87],[8,62],[10,28],[56,78],[12,41],[15,8],[22,40],[21,-3],[31,20],[29,4],[43,48],[44,17],[18,29],[56,41],[57,31],[27,28],[16,45],[31,35],[16,-8],[48,27],[92,21],[58,-20],[110,2],[74,49],[45,-7],[34,13],[8,-19],[35,-16],[92,-10],[86,-16],[60,-8],[62,-15],[40,5]],[[47617,18063],[-270,58],[-37,32],[-73,135],[-51,62],[-5,66],[75,703],[50,449]],[[47306,19568],[422,-85],[299,-65],[292,-64],[14,-53],[29,229],[32,273],[32,285]],[[48426,20088],[209,-43],[210,-44],[204,-46]],[[49049,19955],[179,-336],[950,-204],[206,-47],[267,-64]],[[50651,19304],[-9,-74],[177,69],[378,145],[19,-92],[119,-124],[16,30],[219,-51],[174,-35],[385,-86],[238,-51],[-41,-362],[268,-54],[-23,-215],[86,-19],[98,4],[-30,-284],[17,-3],[-36,-342],[24,13],[-25,-237],[11,-20],[58,49],[30,-6],[30,10],[77,-36],[24,29],[30,11],[-24,-260],[-14,-119],[40,-5],[-13,-110]],[[52954,17079],[-30,-286],[-365,71],[-11,-105],[-101,19],[14,136],[-105,17],[-13,-143],[-168,33],[-57,14],[-242,45],[4,45],[-39,-41],[-61,-40],[-50,12],[-36,-48],[-32,-9],[-46,20],[-26,44],[-24,-220],[-34,-350],[23,11],[-40,-343],[150,-50],[52,-24],[35,-41],[21,0],[5,-45],[37,-45],[42,-12],[66,24],[25,1],[24,-39],[17,-79],[1,-55],[10,-56],[58,-106],[92,-100],[29,-44],[59,-64],[18,-10],[110,-26],[104,-18],[34,-54],[-5,-39],[12,-13],[3,-43],[-27,-55],[-8,-41],[9,-47],[20,-54],[15,-3],[15,-40],[-28,-249],[-7,-52],[-64,-587],[-35,-342],[32,-7],[-6,-69],[9,-2],[-13,-68],[-127,24],[-7,-71],[26,-5],[-26,-264],[-18,-17],[28,-59],[-4,-50],[42,-75],[36,-31],[52,-21],[16,-51],[32,-9],[13,-79],[26,-15],[-13,-70],[21,-26],[5,-34],[19,-15],[9,-111],[15,-10],[0,-133],[-13,-118],[-11,-142],[219,-38],[25,266],[107,-19],[-19,-188],[252,-49],[33,0],[85,-15],[-53,-536],[206,-33],[-5,-41],[-31,-146],[-94,-429],[45,-77],[18,8],[519,384],[-73,-635],[-20,-180],[4,-43],[25,15],[43,-4],[-8,-110],[22,-41],[-10,-16],[-4,-52],[20,-14],[16,-41],[-16,-24],[17,-35],[39,16],[37,-1],[-48,-90],[1,-32],[32,-50],[-6,-42],[29,-122],[31,-77],[53,-83],[37,-108],[4,-86],[-7,-12],[3,-63],[19,-9],[30,-53],[30,-29],[1,-31],[22,-86],[-13,-52],[-40,19],[-35,0],[-15,20],[-16,58],[-21,25],[-28,6],[-83,33],[-53,50],[-38,19],[-24,30],[-54,2],[1,37],[-13,43],[-18,26],[-18,-4],[-21,62],[-23,28],[-14,63],[15,35],[31,37],[16,31],[4,32],[-23,43],[-37,-2],[-29,18],[-35,1],[-13,-33],[-26,50],[-67,-16],[-34,5],[-46,40],[-78,48],[-28,39],[-14,75],[-35,23],[-88,-6],[-51,14],[-60,49],[-45,-4],[-65,14],[-54,-9]],[[52889,9923],[-173,-8],[-60,-42],[-54,6],[-57,-16],[-42,-18],[-28,-28],[-30,-8],[-23,-25],[-21,-64],[-35,-48],[2,-19],[-40,-77],[-45,-34],[-9,-41],[-37,-32],[16,-49],[-55,17],[-18,-20],[-14,11],[-63,-32],[12,-42],[-34,-46],[-33,0],[-8,-20],[-23,-2],[-9,22],[-35,11],[-24,19],[-10,25],[-21,-18],[-11,35],[-27,15],[-16,-18],[-26,13],[-20,-35],[-17,16],[-23,-3],[-22,18],[-40,-5],[-28,-33],[-16,19],[-25,-2],[-25,-40],[-22,6],[-37,-15],[-33,-43],[-23,14],[-53,67],[-47,78],[-79,43],[-10,21],[-40,43],[-32,61],[-4,23],[-25,42],[-42,28],[-32,33],[-47,5],[-10,-8],[-25,25],[-26,49],[-20,8],[-7,54],[-22,79],[-22,51],[-19,67],[-16,23],[-15,68],[-18,53],[-30,105],[-26,66],[-24,75],[-45,95],[-12,39],[-27,36],[-22,57],[-47,81],[-12,37],[-14,15],[-36,75],[-75,114],[-19,45],[-42,64],[-44,102],[-20,28],[-32,80],[-30,45],[-71,133],[-48,63],[-6,17],[-63,82],[-33,-5],[2,27],[-23,27],[-24,9],[-20,23],[-39,-3],[-12,19],[-44,-16],[-47,36],[-51,14],[-8,-21],[-32,31],[-29,-6],[-19,20],[-5,37],[-34,33],[-58,2],[6,23],[-41,47],[-93,40],[-7,-19],[-27,-8],[-16,57],[-22,-2],[-43,-24],[-62,8],[-24,-20],[-14,31],[-24,-16],[-35,1],[-49,27],[-33,-9],[-33,20],[-33,-17],[-36,16],[-37,-7],[-41,6],[-42,-43],[-11,19],[-35,13],[-20,91],[7,24],[-5,57],[-28,34],[-43,28],[-8,40],[7,27],[83,14],[57,-6],[65,23],[35,-7],[21,9],[20,-11],[48,18],[53,46],[32,0],[19,13],[21,-10],[59,27],[33,25],[57,-2],[71,77],[18,28],[18,57],[3,77],[46,117],[21,40],[-26,166],[8,78],[-16,22],[-33,79],[-44,32],[-33,5],[-35,42],[23,9],[35,46],[26,47],[29,96],[14,77],[2,50],[-4,126],[-14,37],[11,63],[10,5],[25,55],[13,13],[5,75],[-11,119],[-29,103],[-20,53],[-25,83],[-31,75],[-21,18],[-54,83],[19,12],[31,-29],[45,-9],[21,-31],[35,-7],[74,38],[15,-7],[23,19],[45,-14],[46,-60],[56,-17],[28,27],[38,49],[26,-5],[22,16],[44,-2],[76,15],[41,-6],[33,12],[28,-25],[22,-67],[39,-58],[55,-21],[78,-15],[37,3],[41,16],[56,-1],[29,11],[31,31],[20,45],[32,39],[28,54],[13,10],[42,74],[42,82],[12,58],[22,60],[48,98],[18,66],[27,140],[30,85],[0,69],[27,114],[3,103],[9,45],[-5,98],[-13,56],[-35,80],[-12,9],[-16,47],[-30,38],[-95,50],[-39,11],[-72,-2],[-28,-45],[-42,-18],[-20,26],[7,121],[1,209],[-11,29],[21,82],[20,57],[25,115],[8,111],[-30,105],[-36,76],[-44,37],[-19,33],[-22,10],[-44,37],[-35,62],[-1,14],[-37,106],[-7,134],[4,52],[-12,0],[-6,47],[-16,21],[-2,90],[-30,48],[-16,61],[-1,48],[7,51],[21,28],[-20,31],[7,34],[-24,21],[-13,67],[13,19],[-5,33],[-29,-14],[-49,47],[-31,-11],[-37,43],[-68,23],[-22,-11],[-41,4],[-28,29],[-17,-6],[-36,53],[0,36],[-44,56],[-3,34],[-49,-12],[-27,13],[-43,1],[-11,40],[-19,6],[-32,-25],[-16,28],[-41,4],[-18,-13],[-34,12],[-32,-9],[-21,-26],[-30,-58],[-12,-61],[-19,-38],[-44,-38],[-36,6],[-77,26],[-41,2],[-70,42],[-9,50],[-16,-21],[-25,3],[-34,26],[-27,-15],[-25,8],[-103,-28],[-61,17],[-47,47],[-80,91],[-60,23],[-43,-17],[-21,-23],[13,-20],[-29,-26],[-11,-43],[-2,-55],[22,-51],[14,-7],[-17,-67],[-32,-32],[-17,-36],[-16,8],[-19,-52],[-15,-16],[-66,-2],[-27,-82],[-3,-42],[-24,8],[-100,-70],[1,-41],[-23,8],[-76,5],[-38,-6],[-22,-16],[-31,3],[-71,23],[-37,-1],[-66,8],[-28,17],[-36,35],[-5,37],[22,84],[33,66],[-6,24],[-39,51],[-35,118],[-38,-5],[-35,42],[-25,7],[-18,-14],[-21,-56],[-53,42]],[[48544,12845],[-8,-29],[36,-38],[20,-39],[-3,-26],[17,-23],[1,-36],[-27,-4],[-10,31],[-51,9],[-29,45],[1,21],[23,35],[12,49],[18,5]],[[47020,25102],[49,34],[21,36],[-1,50],[32,28],[9,49],[-3,55],[27,76],[23,52],[22,24]],[[47199,25506],[69,6],[40,-26],[60,-16],[15,11],[43,-2],[24,20],[64,2],[12,13],[49,1],[73,35],[17,-13]],[[47665,25537],[33,11],[66,-19],[28,21],[17,-9],[31,12],[55,3],[15,46],[58,-9],[15,7],[70,-15],[170,-148],[-2,-18],[103,-24]],[[48324,25395],[-25,-41],[-97,-76],[94,-102],[-12,-42],[-66,-74],[-97,-18],[-16,-14],[3,-52],[-14,-37],[0,-39],[-45,28],[-7,-26],[-36,-40],[16,-33],[-9,-19],[-55,6],[-8,-222],[-2,-12],[38,-50],[-44,-14],[-24,-54],[-6,-57],[16,-40],[-15,-66]],[[47913,24301],[-70,17],[-102,-44],[-25,-6],[-2,37],[-33,1],[-17,172],[-10,-3],[1,293],[-432,248],[-131,74],[-72,12]],[[38437,16920],[-13,24],[27,27],[-80,30],[91,807],[-10,48],[-16,-7],[-22,18],[-16,51]],[[38398,17918],[12,4],[9,51],[-10,57],[31,40],[-1,53],[33,9],[22,39],[36,10],[35,100],[31,156],[-6,63],[-25,70],[37,38],[32,-9],[24,211],[48,-20],[29,234],[33,302],[2,1]],[[38770,19327],[65,-42],[62,-50],[57,-23],[81,-8],[102,21],[34,19],[23,2],[33,26],[48,-6],[34,-12],[43,6],[32,14],[41,4],[55,23],[41,-3],[27,-13],[48,33],[41,-1],[44,10],[44,30],[45,-3],[33,26],[50,-10],[56,33],[57,50],[48,76],[59,72],[23,41],[33,30],[32,43],[21,39],[32,40],[20,7],[37,56],[28,33],[41,26],[49,43],[262,257],[61,92],[41,-7],[30,-16],[68,-50],[62,-32],[48,-6],[63,11],[21,14],[41,-4],[38,-13],[15,-21],[54,-30],[27,1],[149,-81],[21,-18],[31,-57],[11,-35],[35,-52],[31,-26],[41,-19],[32,-89],[23,-36],[4,-36],[19,-30],[14,-56],[33,-42],[23,-19],[3,-25],[-28,-30],[-12,-80],[-4,-72],[2,-123],[20,-94],[14,-42],[4,-58],[-40,-111],[-17,-109],[-23,-74],[-18,-114],[-2,-67],[-12,-60],[-18,-64],[-17,-115],[-30,-93],[-16,-31],[-11,-50],[-28,4],[-15,19],[-21,0],[-10,33],[56,55],[25,97],[-1,50],[19,63],[-7,41],[-17,19],[-32,-10],[-19,28],[8,43],[-18,26],[-30,11],[-15,-20],[-82,-60],[-56,-74],[-16,4],[-45,-91],[-29,-13],[-56,-48],[-38,-101],[-6,-38],[-27,-34],[-21,-40],[-9,-38],[-17,-10],[-28,-46],[-48,-100],[-22,-22],[-24,-41],[-1,-38],[-20,-32],[-22,-13],[-26,-54],[-18,-18],[-34,-75],[2,-19],[-43,-73],[-11,-8],[-20,44],[-31,-11],[31,-62],[-25,-34],[5,-40],[18,-31],[44,-56],[53,-76],[6,-26],[-22,-13],[-22,-34],[32,-20],[30,8],[37,-5],[28,13],[54,52],[42,-3],[42,27],[17,31],[58,2],[43,27],[49,-60],[-35,-7],[-45,-39],[-28,-94],[-25,-26],[-31,6],[-61,28],[-74,8],[-99,-21],[-60,-5],[-70,-28],[-38,-26],[-20,-24],[-25,-68],[-15,-64],[-1,-31],[17,-42],[-22,-85],[-53,26],[-19,2],[-36,34],[-76,39],[-231,143],[-126,61],[-98,31],[-82,37],[-59,8],[-58,15],[-52,6],[-94,0],[-70,-14],[-79,-27],[-41,-26],[-41,-42],[-20,-28],[-43,-94],[-15,17],[-31,-4],[23,-77],[30,-45],[3,-30],[-65,15],[-95,30],[-110,4],[-53,16],[-66,29],[-91,14],[-62,17],[-35,17],[-136,36],[-74,-5],[-25,-24]],[[41154,17287],[-48,33],[13,55],[-15,81],[-39,13],[-6,26],[8,46],[29,15],[44,93],[21,15],[19,54],[45,69],[28,-7],[6,-40],[-10,-29],[0,-44],[-13,-36],[-12,-61],[20,-22],[29,49],[47,-6],[31,27],[6,40],[-8,31],[64,10],[18,23],[35,-6],[25,-30],[-2,-19],[-47,-80],[-62,-34],[-35,-30],[-82,-19],[-30,-17],[-85,-77],[14,44],[-50,2],[14,-96],[-16,-36],[24,-8],[10,19],[22,-14],[-12,-34]],[[79568,46641],[-1478,1937],[-455,598],[-1316,-688],[-724,-379],[-745,-387],[-631,-328],[-893,-462],[-332,-172],[11,-52],[-16,-70],[-29,-44],[-1,-29],[-18,-31],[-15,-64],[-29,-33],[-36,-1],[-35,-38],[10,-54],[31,-26],[7,-38],[-21,-54],[4,-65],[-34,-49],[-29,-13],[-27,-33],[-36,18],[-43,2],[-38,-17],[-22,-18],[-84,-38],[-43,-43],[-17,-60],[-32,14],[-29,-4],[-57,11],[-43,-15],[-30,-19],[-80,-16],[-12,-22],[10,-87],[-30,-98],[-53,-5],[11,-42],[-1,-58],[-8,-47],[-18,6],[-27,-27],[-32,-9],[-34,37],[-91,24],[-22,2],[-25,-19],[-22,2],[-16,32],[-88,87],[-16,53],[0,38],[-25,-11],[-24,35],[0,48],[-24,30],[-28,10],[2,23],[-36,2],[-38,-10],[-1,28],[-62,58],[-12,25],[1,55],[28,135],[-15,48],[-35,20],[-50,54],[-35,26],[-21,50],[-79,1],[-17,33],[-36,44],[-10,27],[-38,31],[-95,-17],[-39,10],[-33,21],[-49,9],[-25,-12],[-22,8],[-28,-7],[-32,7],[-86,-19],[-109,50],[-65,-31],[-54,20],[-23,32],[-34,112],[9,105],[-9,43],[-42,32]],[[70448,46873],[16,59],[10,105],[-23,76],[0,39],[-12,34],[-7,63],[12,53],[19,5],[11,30],[-8,77],[9,23],[-22,71],[-5,33],[-21,44],[-11,62],[-12,35],[-29,1],[-27,26],[1,19],[-29,20],[-29,-2],[-79,82],[-40,-34],[-41,-5],[-40,7],[-34,21],[-16,41],[-52,24],[-3,28],[-32,29],[-49,5],[-25,-17],[-16,44],[-31,18],[-19,56],[-29,-17],[-39,-54],[-51,5],[-24,21],[-54,-25],[-47,13],[-26,37],[-35,22],[-53,1],[-43,-20],[-37,17],[-81,109],[-14,9],[-13,65],[-21,25],[-17,51],[-10,78],[-11,16],[-7,48],[-66,56],[-16,24],[-38,24],[-47,75],[-30,-6],[-49,23],[-30,5],[-22,24],[7,38],[-11,69],[-45,30],[-14,30],[6,44],[-7,47],[34,90],[25,18],[24,67],[-10,67],[15,81],[-5,48],[-24,46],[-12,50],[-18,121],[4,24],[-12,86],[-13,44],[6,45],[18,28],[-26,43],[-10,33],[-22,9],[6,39],[-10,59],[0,50],[-36,76],[-69,49],[-56,-1],[-24,23],[0,67],[-57,80],[-38,22],[-33,6],[-31,37],[-31,5],[-24,-9],[-27,16],[-8,48],[12,48],[5,155],[21,81],[-4,40],[-28,27],[-38,65],[-18,71],[9,37],[-6,45],[-29,-9],[-15,32],[-19,99],[-17,49],[1,42],[-11,56],[-15,39],[51,77],[-22,5],[-17,35],[1,37],[-31,9],[-13,38],[9,36],[-14,13],[3,33],[-21,26],[7,38],[35,48],[-27,70],[-4,42],[21,39],[-1,56],[17,29],[28,19],[7,-24],[39,42],[-4,43],[13,32],[40,-39],[24,6],[-27,36],[-8,28],[2,37],[-9,54],[29,72],[7,54],[-12,57],[6,30],[21,3],[-51,442],[-335,78],[-77,-38],[-24,98],[-221,-101],[-171,-82],[7,48],[15,25],[-4,56],[5,22],[-12,51],[-44,36],[-45,-16],[-18,25],[19,32],[1,29],[-21,26],[22,21],[-11,51],[-28,35],[18,15],[11,40],[-2,39],[14,11],[14,47],[37,49],[-39,-7],[-27,-15],[-155,37],[-74,12],[-837,-265],[-82,-37],[-19,-179],[-118,26],[-17,-161],[-69,18],[-15,-109],[15,-16],[-45,-21],[-61,-4],[-29,14],[-58,-87],[-26,17],[-32,-14],[-15,-51],[0,-25],[-23,-64],[-34,-78],[-14,-55],[-31,-99],[-184,41],[46,144],[-182,41],[-19,-169],[-158,31],[-36,-12],[-114,26],[-217,46],[-6,-9],[10,-76],[-7,-7],[-860,-151],[-9,782],[-293,62],[-16,41],[-39,-36],[3,-48],[-54,12],[-13,-87],[-48,55],[-8,24],[-32,13],[-49,9],[11,75],[-25,6],[-87,68],[-80,-18],[-43,-1],[3,32],[-87,20],[-53,21],[6,70],[-34,-29],[-49,2],[-53,-16],[-161,158],[1,17],[-55,-14],[6,57],[-7,21],[25,210],[-105,2],[7,25],[41,82],[48,66],[-17,53],[-8,48],[19,32],[0,22],[18,39],[24,31],[7,39],[-39,12],[29,48],[12,59],[34,9],[40,276],[-45,11],[29,203],[13,27],[22,12],[6,84],[22,173],[40,28],[8,74],[32,-7],[-4,54],[-19,39],[-85,16],[-36,-1],[-16,-51],[1,-24],[-17,-29],[-6,-40],[-41,-23],[-96,23],[-84,-56],[-36,-7],[-23,-35],[-4,-22],[-37,-44],[-29,-7],[-53,1],[-63,-35],[-30,-50],[-31,-69],[-27,-26],[-20,7],[-18,-14],[-47,10],[-37,-48],[72,706],[78,742],[-653,131],[32,60],[70,173],[45,35],[37,3],[54,20],[16,68],[-85,203],[-30,48],[14,64],[20,65],[0,70],[14,68],[-8,56],[30,239],[52,-12],[40,25],[5,42],[-89,21],[7,59],[-121,29],[15,118],[-113,23],[-43,33],[-76,-42],[-13,46],[-26,-10],[-290,61],[-98,20],[-806,176],[-166,39],[-417,90],[-6,-2],[-400,90],[-199,41],[7,75],[31,285],[32,279],[47,418],[-202,50],[16,142],[-102,22],[-51,-7],[-49,5],[-200,46],[-425,92],[-30,16],[-12,34],[9,44],[-20,15],[-25,50],[7,126],[11,42],[-3,61],[19,31],[-15,63],[-16,10],[-35,-17],[-15,-53],[-73,38],[-43,-73],[0,-36],[-35,8],[-9,58],[-27,117],[5,72],[12,18],[5,59]],[[57856,60346],[41,12],[13,-27],[-45,-39],[5,-21],[40,-26],[22,-40],[21,-14],[25,10],[38,102],[22,16],[18,66],[31,40],[9,-55],[-1,-84],[66,-39],[7,7],[0,75],[16,13],[26,45],[21,58],[28,-11],[25,-65],[-3,-18],[-36,-6],[-19,-26],[-5,-59],[21,-4],[25,52],[57,-18],[20,24],[-9,70],[7,33],[72,28],[12,-19],[-6,-53],[20,-26],[13,7],[13,36],[6,52],[26,21],[48,-1],[28,-20],[22,25],[-4,26],[-23,35],[1,22],[77,-21],[26,30],[-11,27],[-44,6],[-13,20],[1,42],[31,17],[20,-41],[20,-5],[12,20],[11,67],[33,35],[22,-31],[38,-31],[-13,-70],[5,-27],[33,-4],[33,15],[12,-28],[-2,-54],[32,-24],[23,-4],[48,50],[10,39],[-33,21],[-9,24],[22,30],[2,44],[-15,52],[8,27],[83,12],[-7,-18],[-37,-16],[-8,-50],[11,-20],[25,5],[34,43],[37,-25],[1,-43],[28,-42],[-53,-31],[-39,-31],[-8,-23],[10,-54],[31,-14],[73,53],[-1,-38],[12,-51],[-14,-14],[-50,8],[-14,-15],[0,-43],[15,-23],[41,-27],[-7,-19],[-51,-4],[-26,-31],[-9,-57],[30,-10],[23,39],[31,16],[10,-38],[0,-52],[8,-28],[27,-25],[47,-30],[16,2],[24,56],[-20,20],[-24,-18],[-14,13],[10,30],[-8,53],[11,28],[30,32],[0,-57],[9,-50],[36,-22],[16,27],[8,46],[21,3],[18,-66],[27,-54],[21,10],[1,112],[29,4],[17,-57],[13,-12],[40,23],[37,-32],[26,4],[-1,57],[23,52],[-6,31],[-44,5],[-22,37],[21,21],[13,53],[27,36],[4,21],[35,-19],[42,25],[22,-5],[66,-53],[11,-81],[5,-92],[31,-66],[21,-17],[15,33],[19,13],[32,-9],[35,-41],[31,-75],[34,-65],[32,-11],[38,80],[56,16],[14,18],[-3,47],[-33,45],[0,31],[17,2],[53,-26],[47,54],[6,53],[-22,36],[-45,37],[-19,42],[-11,98],[14,159],[11,43],[44,70],[30,30],[40,13],[45,-9],[34,-16],[17,36],[0,50],[-21,79],[6,66],[27,59],[23,82],[37,26],[74,39],[30,25],[-6,36],[-27,24],[25,24],[4,21],[-12,55],[19,-4],[10,-38],[26,-12],[18,19],[-19,42],[1,36],[16,9],[18,-20],[19,3],[14,24],[-42,109],[5,27],[46,36],[34,-32],[81,-23],[29,-43],[4,-104],[33,-37],[31,29],[19,90],[9,98],[37,14],[24,34],[20,-4],[5,-54],[13,-22],[18,5],[25,29],[16,-2],[16,-32],[-13,-45],[0,-31],[88,-113],[-9,-29],[-38,-41],[5,-58],[18,-29],[42,27],[30,-13],[19,26],[36,-50],[69,4],[24,-25],[7,-73],[32,-23],[32,-4],[66,10],[39,33],[6,39],[-4,34],[-19,42],[-40,-53],[-56,-6],[-5,36],[42,52],[29,16],[11,50],[-33,52],[-12,44],[16,60],[-3,45],[10,26],[29,33],[6,35],[-5,89],[16,3],[46,-35],[58,-80],[44,15],[21,52],[26,-5],[19,-48],[-1,-20],[-24,-45],[0,-53],[27,-18],[50,1],[16,-44],[49,-60],[-9,-122],[8,-42],[24,-1],[32,43],[10,-49],[27,-18],[42,-64],[32,-33],[24,-35],[51,35],[18,22],[2,29],[-18,13],[-20,-13],[-22,7],[-3,40],[39,3],[13,51],[-31,45],[4,26],[33,11],[26,-12],[31,69],[-18,48],[-1,36],[50,45],[27,-35],[-33,-30],[-11,-62],[5,-28],[45,35],[21,-13],[-1,-43],[15,-25],[71,16],[25,-30],[21,-52],[43,-22],[27,11],[7,34],[-32,66],[-5,54],[37,5],[25,19],[58,-6],[19,13],[36,56],[9,-85],[24,-6],[19,41],[27,-25],[15,0],[31,40],[20,-5],[26,-28],[42,-31],[-20,-23],[-43,-18],[-19,-20],[-4,-31],[17,-11],[29,2],[3,-37],[-83,-64],[3,-39],[14,-19],[34,-17],[10,-29],[-6,-57],[20,-39],[14,1],[18,48],[34,5],[19,-26],[-20,-61],[16,-23],[23,19],[10,37],[18,0],[9,-49],[28,-18],[34,15],[10,-21],[-35,-37],[12,-35],[43,-16],[28,-34],[22,-49],[17,-2],[11,32],[-14,37],[3,30],[20,-7],[4,-35],[16,-25],[39,13],[23,-11],[-17,-64],[5,-47],[33,-28],[58,20],[9,-50],[-10,-23],[-21,-5],[-43,14],[-20,-23],[5,-43],[33,-24],[31,14],[20,-22],[-34,-46],[17,-34],[39,9],[23,-9],[20,-49],[18,-3],[49,23],[-16,42],[-22,32],[-14,79],[7,26],[24,17],[11,-16],[-8,-32],[3,-41],[24,-65],[16,-5],[13,65],[13,15],[46,-1],[28,-28],[9,-28],[-12,-27],[-54,-18],[-5,-46],[25,-11],[42,18],[11,-25],[-33,-50],[0,-26],[30,-89],[35,-30],[26,-9],[19,15],[1,31],[30,33],[26,50],[-11,32],[-34,-2],[-22,23],[15,24],[25,-21],[43,4],[31,-48],[46,-6],[27,-36],[25,1],[22,34],[-21,34],[0,38],[15,21],[33,1],[46,52],[25,-34],[33,-9],[59,37],[40,58],[18,-11],[4,-42],[-35,-15],[-14,-43],[17,-31],[27,4],[9,-75],[21,-22],[-6,-25],[-29,-18],[-10,-36],[-5,-88],[29,-24],[18,-38],[13,-6],[35,51],[17,3],[15,-29],[29,-19],[29,37],[13,53],[24,31],[18,2],[11,-31],[-19,-47],[-10,-68],[1,-29],[-30,-45],[-11,-108],[11,-36],[27,-21],[37,14],[24,44],[-31,36],[49,-4],[10,32],[-28,43],[10,23],[26,-17],[25,16],[15,-34],[-30,-46],[2,-44],[40,-31],[17,19],[2,46],[18,14],[8,-55],[9,-12],[33,20],[58,-36],[40,-88],[32,18],[-5,27],[-20,15],[11,29],[23,11],[40,0],[10,-32],[-19,-31],[0,-34],[53,15],[29,-30],[20,0],[25,20],[-4,39],[-43,8],[-8,26],[24,56],[20,-1],[30,-20],[22,26],[9,37],[13,-1],[0,-58],[30,-58],[46,-19],[39,-32],[-19,-63],[17,-19],[27,17],[19,-31],[-29,-11],[-13,-17],[2,-48],[20,-33],[44,44],[32,51],[23,-23],[3,-32],[-25,-44],[7,-26],[32,-8],[2,-31],[-32,-64],[-23,-18],[-12,-42],[4,-44],[46,-37],[32,42],[20,11],[29,-10],[12,11],[25,73],[13,0],[40,-43],[30,2],[31,-43],[23,-1],[18,40],[18,13],[27,-22],[25,-1],[37,29],[13,37],[-13,44],[-31,18],[-5,18],[16,52],[21,21],[14,-17],[-14,-41],[25,-30],[26,0],[14,29],[-21,48],[12,27],[70,-17],[17,1],[14,-63],[26,-60],[3,-55],[41,-89],[53,10],[30,-20],[26,0],[53,46],[25,-5],[24,17],[7,27],[19,11],[35,-15],[20,-21],[-43,-39],[4,-27],[23,-28],[6,-50],[-29,-103],[6,-21],[30,4],[23,-18],[10,-61],[31,-38],[-4,-31],[-61,-7],[-11,-9],[6,-49],[19,-32],[64,-29],[16,3],[18,28],[12,59],[44,-14],[20,3],[19,29],[-8,75],[-32,34],[3,27],[30,45],[21,13],[27,-14],[11,-33],[-26,-57],[7,-64],[52,-64],[4,-31],[66,-46],[31,-44],[20,-11],[22,9],[25,45],[24,10],[25,34],[-5,54],[-30,26],[-8,72],[5,33],[30,18],[4,43],[-16,71],[18,39],[39,-8],[31,16],[-2,26],[-22,8],[-15,35],[43,65],[3,32],[-21,41],[-14,42],[13,21],[27,-28],[7,-37],[30,-12],[13,31],[28,-61],[19,-1],[34,32],[13,-2],[31,-56],[13,-3],[1,-56],[19,-89],[26,-39],[39,16],[31,91],[22,41],[35,23],[74,-28],[25,16],[28,50],[46,0],[7,-23],[-25,-55],[10,-27],[23,-2],[35,29],[44,-30],[1,-28],[-28,-47],[-8,-30],[1,-44],[22,-52],[-21,-64],[3,-29],[20,-31],[23,7],[9,34],[-6,30],[7,46],[23,23],[27,-16],[22,-44],[17,-63],[46,-65],[18,-41],[4,-66],[32,-11],[15,35],[43,39],[25,55],[-13,50],[20,31],[58,5],[19,-71],[29,-8],[29,126],[-2,27],[-56,25],[19,103],[2,54],[11,9],[51,0],[20,33],[-21,50],[34,30],[24,33],[0,42],[-23,50],[-16,71],[22,143],[22,25],[12,-58],[25,-5],[9,27],[-12,59],[20,69],[11,1],[26,-57],[32,-12],[16,62],[20,11],[12,28],[-1,31],[18,21],[47,-5],[0,27],[-42,1],[0,27],[28,4],[19,18],[29,-15],[11,11],[12,58],[21,1],[9,-57],[33,-3],[3,49],[-14,32],[-31,37],[-2,50],[26,3],[6,-60],[31,7],[18,45],[5,33],[-8,24],[-21,15],[-3,38],[38,-7],[6,61],[32,29],[-2,39],[-52,14],[-62,52],[-6,27],[17,22],[26,-37],[20,3],[16,51],[-3,29],[-20,25],[12,83],[-9,45],[28,4],[0,-39],[11,-42],[41,24],[18,44],[-1,60],[-21,33],[-66,-12],[-3,42],[46,-17],[32,5],[32,-41],[19,15],[6,58],[-42,20],[-3,34],[13,31],[48,-63],[20,-9],[30,15],[4,21],[-11,54],[-21,33],[-2,28],[38,40],[33,-41],[16,20],[12,90],[27,-14],[-20,-32],[22,-34],[0,-42],[-24,-40],[6,-21],[33,-14],[5,-22],[-19,-44],[33,-50],[1,-84],[-10,-27],[6,-33],[31,-24],[1,-72],[71,-98],[39,2],[25,-20],[19,-33],[0,-25],[-20,-60],[12,-36],[15,-5],[24,39],[7,40],[15,34],[15,-12],[46,-60],[24,11],[22,29],[28,49],[26,6],[32,-13],[21,-32],[92,-53],[76,-49],[41,3],[-7,-52],[7,-27],[44,-42],[27,-10],[17,21],[98,-115],[32,-5],[88,66],[58,-33],[38,-5],[25,17],[63,101],[11,6],[59,-25],[11,7],[35,90],[16,-5],[74,-52],[32,-1],[82,26],[33,18],[47,-6],[41,-28],[97,-41],[27,58],[33,10],[6,-48],[13,-27],[37,14],[19,-20],[45,-18],[12,-36],[30,26],[17,-49],[24,10],[9,-21],[-29,-24],[13,-42],[36,-34],[1,-70],[32,-41],[16,-36],[20,-2],[27,34],[3,33],[-12,29],[-37,40],[19,27],[30,-14],[29,-26],[-6,-66],[5,-39],[29,0],[10,39],[32,18],[18,29],[35,29],[13,36],[14,90],[26,35],[83,44],[27,33],[31,91],[31,59],[31,39],[7,31],[-14,41],[-30,22],[-32,61],[2,65],[-6,43],[34,108],[40,46],[29,11],[6,20],[1,81],[-8,34],[-15,20],[-3,33],[49,118],[6,58],[28,44],[63,48],[8,26],[42,54],[44,1],[-7,50],[25,45],[-4,20],[83,77],[13,3],[75,-33],[8,67],[-4,20],[-35,67],[-6,48],[20,16],[29,5],[17,36],[-17,28],[-42,-15],[-19,16],[15,39],[33,14],[14,42],[-24,58],[-3,28],[21,37],[17,-27],[18,0],[19,39],[25,11],[29,38],[26,19],[28,-29],[3,-38],[15,-23],[37,0],[43,23],[24,-31],[46,-4],[30,-29],[50,-25],[21,-26],[46,-1],[8,-20],[47,-39],[21,14],[16,-9],[17,-53],[34,-33],[29,-10],[29,8],[31,50],[-19,120],[41,51],[6,28],[60,65],[48,5],[29,11],[65,-6],[23,17],[11,-58],[14,-19],[1,-44],[33,11],[50,-3],[29,87],[30,10],[50,-59],[13,-53],[17,-28],[43,-34],[24,-52],[1,-53],[42,-74],[13,-9],[33,65],[15,2],[76,-49],[22,-35],[2,-35],[-31,-27],[-24,-31],[-14,-64],[-17,-16],[-30,-74],[18,-38],[26,-17],[14,-44],[-8,-40],[15,-62],[12,-14],[41,18],[28,-15],[24,-52],[77,-84],[50,-42],[42,-16],[13,-28],[8,-62],[12,-33],[34,-14],[38,17],[70,88],[49,72],[36,69],[86,34],[29,21],[47,55],[2,20],[-14,95],[-27,38],[-101,-8],[-27,6],[-40,-13],[-33,85],[-31,30],[-22,-13],[-22,-33],[-81,-75],[-9,11],[3,71],[8,20],[32,26],[6,31],[-35,32],[-2,47],[5,35],[22,-8],[21,-32],[54,-28],[42,-11],[36,62],[23,-13],[-31,-38],[2,-24],[25,-9],[44,17],[28,-6],[9,-17],[-12,-45],[6,-27],[20,-23],[38,13],[13,41],[-9,47],[24,37],[16,4],[32,-26],[29,-10],[70,-3],[40,-51],[-8,-20],[-2,-58],[43,-50],[53,33],[49,64],[54,44],[59,77],[43,20],[17,28],[63,18],[32,24],[27,9],[20,20],[14,33],[-1,36],[28,95],[3,61],[50,77],[77,36],[79,18],[41,-10],[86,23],[20,-34],[18,-7],[48,4],[73,111],[50,27],[56,42],[51,53],[30,40],[55,34],[32,-29],[23,-82],[48,-82],[4,-25],[-14,-49],[6,-37],[15,-24],[31,-27],[47,-2],[31,-9],[26,-26],[27,-47],[58,-72],[31,-29],[71,-20],[19,1],[61,31],[29,20],[23,-14],[14,-32],[28,-30],[105,1],[7,-23],[-38,-9],[-23,-15],[-16,-35],[6,-33],[20,-13],[22,11],[26,-5],[23,-49],[19,-20],[22,12],[6,27],[40,18],[56,-30],[34,17],[26,38],[31,11],[64,-27],[40,4],[60,-44],[11,-55],[14,-28],[27,-23],[-29,-62],[13,-39],[34,-34],[36,4],[12,16],[27,-27],[18,15],[69,-14],[12,16],[88,-92],[-3,68],[12,6],[10,-44],[36,16],[54,1],[10,-23],[-24,-22],[-20,-1],[14,-45],[-7,-45],[10,-19],[28,11],[32,-3],[31,11],[13,25],[29,-16],[-2,-73],[16,-10],[24,47],[17,7],[20,-19],[2,-33],[13,-23],[18,9],[17,40],[33,-33],[42,-56],[29,-19],[-7,-36],[4,-42],[12,-23],[37,21],[-17,37],[44,22],[61,-15],[20,-25],[30,18],[7,55],[-14,31],[-28,24],[75,8],[31,-51],[31,-14],[55,11],[11,-52],[-31,-33],[-19,-6],[-8,-24],[33,-27],[30,20],[23,-68],[-26,-64],[9,-25],[24,-17],[-40,-109],[0,-43],[27,-8],[-3,-23],[-33,2],[-19,-38],[45,-9],[-7,-37],[-23,-10],[-1,-39],[32,-23],[32,14],[38,-25],[28,-4],[37,-37],[20,-59],[28,-21],[-9,-24],[-25,20],[-40,2],[-13,-27],[16,-21],[-19,-80],[14,-17],[63,-29],[38,-65],[40,20],[4,80],[26,-23],[33,-3],[14,-48],[30,9],[26,-7],[6,49],[32,-8],[26,41],[46,17],[-2,-31],[-29,-8],[5,-23],[28,2],[11,-29],[43,-23],[27,18],[-9,38],[13,17],[25,-9],[25,14],[19,44],[11,-56],[-11,-28],[3,-30],[16,-12],[38,6],[18,23],[4,79],[17,-65],[25,36],[37,0],[-5,-27],[-27,14],[-7,-23],[11,-28],[23,-19],[-15,-40],[3,-28],[16,-30],[16,24],[20,-25],[19,9],[-10,39],[12,26],[39,11],[20,42],[19,-21],[-23,-17],[-10,-58],[13,-44],[-9,-45],[8,-33],[16,-27],[-19,-13],[-16,-46],[-21,-28],[-31,-22],[33,-33],[-41,-11],[-15,-74],[29,-11],[-16,-32],[22,-30],[-9,-30],[-33,2],[1,-59],[-23,-23],[-41,35],[-16,-17],[9,-57],[21,-27],[-8,-31],[-34,-31],[4,-42],[17,-2],[30,-44],[21,-11],[-2,-23],[29,-13],[37,19],[11,-25],[-25,-20],[4,-40],[16,-7],[5,43],[19,-13],[7,-41],[-22,-31],[0,-21],[32,-3],[-12,-44],[22,-29],[-42,-19],[19,-30],[-2,-42],[-33,-9],[-12,-27],[13,-33],[-2,-49],[15,-17],[40,19],[-8,-33],[-33,7],[-7,-19],[25,-27],[-51,-37],[17,-46],[27,2],[26,-33],[27,17],[14,-19],[-16,-54],[10,-37],[29,-29],[6,-32],[-15,-53],[26,-91],[40,-12],[12,35],[-9,22],[22,34],[16,-62],[26,34],[22,-32],[28,-3],[15,-43],[20,-5],[21,37],[23,-2],[30,-29],[-6,-31],[26,-20],[14,34],[28,-1],[8,22],[32,11],[2,-26],[-31,-49],[7,-43],[-14,-26],[16,-42],[-5,-41],[-16,5],[-17,47],[-10,-37],[-27,-34],[0,-38],[-69,29],[18,-47],[5,-59],[29,-49],[42,12],[39,-27],[-9,-39],[-30,3],[-18,-35],[-6,-46],[-28,13],[-15,-8],[-16,-55],[21,-18],[11,-38],[-20,-28],[-16,34],[-15,-26],[-2,-33],[13,-56],[-8,-37],[22,-19],[3,-48],[10,-15],[-12,-36],[10,-12],[43,11],[8,-56],[26,-21],[-2,-25],[33,6],[18,-40],[-18,-14],[16,-43],[27,4],[-7,-82],[15,-29],[11,-66],[-8,-33],[-30,-11],[-3,-20],[20,-61],[-16,-10],[-23,-43],[-22,2],[-3,-37],[-15,-19],[-30,-77],[-16,22],[-15,-34],[9,-48],[30,-19],[1,-24],[23,-22],[3,-66],[30,-15],[-8,-80],[13,-60],[-25,-6],[-44,-56],[11,-32],[-13,-27],[22,-44],[19,1],[18,-21],[21,-47],[-17,-52],[20,-17],[22,-38],[7,-66],[-28,-26],[-3,-27],[-29,-13],[6,-26],[-13,-34],[24,-91],[-23,-45],[27,-77],[-16,-61],[29,-48],[30,20],[7,-21],[-15,-26],[14,-29],[-14,-21],[16,-47],[-10,-30],[-38,26],[20,-77],[37,-72],[21,-92],[-22,-39],[-29,17],[-18,-38],[-15,-70],[32,-65],[22,-7],[35,24],[37,-38],[12,-39],[-6,-23],[24,-10],[25,6],[18,29],[20,10],[37,-37],[7,-35],[-10,-39],[-29,-4],[-37,-22],[-9,-27],[4,-67],[10,-32],[32,-49],[4,-25],[-24,-23],[-12,-60],[19,-31],[-4,-26],[-34,-15],[-4,-29],[-29,-59],[5,-47],[-16,-10],[-16,-37],[22,-18],[17,-35],[-5,-29],[-41,38],[-28,-64],[3,-55],[-24,-67],[-27,-54],[1,-25],[47,5],[39,20],[1,-24],[-27,-4],[-3,-32],[-30,-41],[4,-21],[30,-26],[-13,-43],[-39,-30],[-6,-18],[41,-31],[36,-18],[-2,-37],[-45,-50],[-31,-42],[-7,-30],[13,-35],[44,-18],[45,26],[4,-104],[29,-51],[37,2],[55,-36],[6,-48],[-10,-37],[10,-33],[-41,-34],[2,-22],[22,-38],[17,-49],[25,-35],[25,5],[48,-24],[31,2],[17,-23],[17,4],[40,-17],[39,-66],[-13,-35],[4,-28],[21,-17],[14,-77],[37,-20],[10,-16],[16,-104],[-17,-21],[9,-94],[-9,-25],[12,-67],[-2,-73],[16,-14],[43,-14],[51,-39],[18,-2],[27,-30],[42,15],[32,-15],[24,1],[56,-39],[29,-41],[36,-2],[26,-33],[11,-35],[-25,-120],[17,-31],[-7,-42],[18,-43],[-1,-46],[-10,-21],[-46,-41],[71,-34],[0,-25],[-27,-72],[-42,-36],[-12,-61],[-14,-17],[39,-25],[52,-54],[-3,-29],[31,-36],[-5,-40],[6,-91],[16,-70],[21,-62],[37,-76],[18,-22],[33,-80],[-37,-107],[3,-35],[-31,-24],[-6,-52],[10,-24],[-9,-29],[-52,-36],[4,-88],[-32,-40],[-20,-55],[75,-160],[6,-52],[18,-27],[-6,-40],[6,-29],[26,-10],[25,39],[36,1],[66,42],[26,38],[-3,52],[19,-4],[9,-43],[34,-49],[44,-41],[1,-12],[-22,-106],[60,-14],[4,-27],[-14,-62],[-10,-17],[2,-35],[25,8],[24,22],[10,29],[1,46],[37,12],[10,-13],[3,-52],[15,-26],[39,17],[14,-5],[19,-38],[18,-5],[17,22],[44,6],[45,38],[17,-20],[-14,-43],[-3,-42],[4,-46],[54,-31],[20,8],[43,-40],[18,-7],[15,31],[29,-14],[-28,-31],[6,-54],[29,-42],[30,21],[22,-16],[-2,-33],[24,-11],[45,-59],[-25,-26],[-27,-11],[3,-22],[29,-29],[-6,-34],[-19,-1],[-23,-23],[-12,-64],[-25,-12],[-12,39],[-37,-33],[-8,-33],[15,-18],[74,3],[40,26],[-11,-53],[3,-29],[28,-23],[-17,-33],[-6,-32],[21,-2],[23,25],[15,-15],[2,-80],[10,-40],[-18,-36],[-30,-24],[1,-36],[-14,-72],[-19,28],[-17,1],[16,-83],[27,-24],[-1,-29],[-41,-1],[-5,-63],[-22,-45],[4,-28],[19,-15],[-5,-51],[-33,-15],[-18,-46],[-29,5],[-11,-26],[10,-33],[-34,-40],[30,-72],[-66,-48],[-14,-68],[35,-44],[-9,-45],[-33,2],[-66,-50],[-2,-70],[-50,-83],[0,-40],[26,-10],[-18,-33],[37,-10],[-44,-79],[-43,-36],[-4,-61],[-33,-43],[-45,-45],[-11,-29],[-11,-130],[-8,-34],[-25,-42],[-14,1],[-22,50],[-21,5],[-20,-17],[2,-59],[-8,-16],[-32,-23],[-44,-62],[-33,11],[-28,-2],[-6,-40],[-29,-26],[-20,-40],[-12,-62],[-23,-22],[-21,-51],[-33,-11],[-22,18],[-36,-69],[28,-30],[23,-8],[12,-38],[-23,-84]],[[35330,49060],[422,0],[-33,147],[-20,139],[-49,313],[-207,3],[2,-69],[-82,0],[-2,31],[1,143],[-102,-1],[0,141],[-402,-2],[0,143],[-199,-1],[-1,-29],[-86,124],[-18,45],[103,-1],[2,143],[201,-1],[0,140],[-327,0],[1,281],[123,0],[1,128],[-389,-1],[-43,105],[-28,32],[-143,147],[-601,0],[14,42],[-2,32],[18,24],[42,4],[17,33],[10,50],[-23,36],[-38,40],[18,74],[43,50],[35,32],[9,54],[-6,51],[-17,42],[-27,-3],[-16,-23],[-24,-1],[-10,29],[11,116],[-3,77],[-7,18],[-51,34],[-1,22],[-538,109],[53,514],[30,78],[-11,39],[-22,-3],[-5,56],[-34,30],[0,74],[-21,12],[6,24],[-34,31],[-32,-2],[-48,52],[11,29],[-4,31],[-37,7],[-2,43],[-22,-17],[-20,61],[-19,31],[-27,-3],[-23,-21],[-18,15],[-21,-4],[-16,24],[-28,-35],[4,71],[-8,45],[-22,-6],[-24,26],[-4,36],[-40,88],[3,52],[-25,45],[11,20],[-60,23],[-16,-11],[-10,37],[-22,15],[-20,38],[-33,21],[4,31],[-14,27],[-22,-6],[-12,30],[-33,19],[6,55],[-14,33],[47,44],[-12,79],[-15,27],[6,33],[-25,45],[-4,38],[17,37],[2,69],[-10,68],[12,65],[14,-11],[28,39],[-17,39],[9,45],[-8,27],[-22,-12],[-13,30],[-2,55],[-14,33],[16,31],[16,-4],[-5,101],[-34,-10],[27,56],[34,10],[-4,39],[9,24],[-25,16],[1,34],[37,4],[2,22],[35,2],[3,21],[44,36],[27,-1],[3,21],[-22,28],[-4,35],[-16,25],[55,16],[-26,18],[-12,45],[-31,53]],[[32336,55229],[208,-1],[26,3],[249,0],[975,2],[266,0],[0,-247],[360,4],[207,-1],[2,-41],[112,0],[0,-108],[55,3],[26,39],[46,-19],[8,30],[-3,93],[151,-1],[202,245],[27,0],[0,32],[81,98],[0,147],[48,0],[14,38],[6,51],[27,8],[10,49],[51,12],[26,21],[13,24],[55,62],[-2,44],[13,46],[0,59],[42,0],[0,23],[29,0],[21,-18],[33,8],[53,-4],[-1,-140],[1056,0],[0,-1116],[556,1],[1,-833],[-22,0],[2,-279],[313,2],[3,-120],[5,-59],[29,5],[10,-49],[43,29],[22,-9],[-1,-63],[13,0],[-1,-172],[237,1],[100,5],[177,217],[150,-282],[9,-1],[0,83],[375,-1],[177,1],[279,-4],[792,1],[292,2],[726,2],[-32,-82],[42,-36],[13,-115],[19,-3],[23,-86],[3,-43],[-31,1],[-25,22],[-41,-66],[11,-26],[-5,-37],[-18,-34],[-33,0],[-19,-45],[-6,-78],[23,-12],[21,-37],[14,2],[30,-24],[42,10]],[[41146,52462],[11,-16],[20,-80],[-41,-32],[-18,-40],[16,-17],[6,-49],[12,-11],[1,-41],[-18,-30],[-33,-2],[5,-35],[-21,-9],[-25,42],[-22,-6],[-18,-50],[-5,-39],[-22,8],[-41,-40],[-5,-18],[11,-48],[-6,-45],[13,-28],[-65,-30],[-6,35],[-58,-2],[-46,-41],[-30,-74],[-16,-8],[-10,-34],[-21,-2],[-24,55],[-24,-18],[-26,14],[-17,-10],[-25,-72],[-1,-45],[20,-1],[-2,-52],[14,-16],[-5,-29],[18,-10],[8,-37],[-22,-6],[-9,-35],[-25,-8],[-17,38],[-14,-23],[-31,-20],[-42,-49],[-6,-22],[16,-25],[0,-47],[23,-37],[18,4],[-1,34],[36,-4],[21,14],[23,-42],[-11,-45],[-33,-53],[-14,10],[-26,-14],[-50,-70],[-13,-75],[29,-77],[19,13],[14,-16],[22,21],[34,-14],[8,-23],[53,-61],[-4,-48],[-15,-20],[-36,19],[-15,29],[-16,-25],[-43,-12],[-15,-16],[-52,-2],[-5,-33],[20,-42],[32,-3],[9,-47],[28,14],[0,-45],[9,-30],[-22,-83],[-31,-14],[-48,-35],[-18,-37],[28,-56],[-8,-29],[13,-27],[27,-15],[-14,-43],[-19,-23],[-39,49],[-39,2],[-25,-20],[-42,-19],[-30,-3],[-22,-21],[-17,13],[-26,-16],[-4,-80],[9,-19],[71,-73],[30,-62],[-3,-41],[20,-38],[-1,-20],[-35,-73],[-24,-24],[-2,-24],[-24,-8],[-19,-42],[-39,20],[-21,-43],[20,-26],[12,-62],[36,-56],[4,-29],[-34,-73],[-29,-8],[-33,30],[-43,-47],[18,-63],[-45,-77],[-43,-28],[-9,-31],[10,-23],[-12,-24],[-31,-14],[-6,-31],[-23,7],[-15,22],[-28,-37],[-4,-42],[33,-31],[3,-49],[-35,-41],[-10,-22],[11,-32],[-5,-21],[-42,-16],[-48,-50],[-14,-6],[-26,-50],[-31,-133],[-20,-28],[19,-43],[4,-50],[-69,-50],[-16,-54],[8,-37],[-17,-32],[-48,-34],[-7,-19],[-31,-23],[-39,-2],[-9,-12],[-2,-54],[23,-44],[17,-12],[4,-39],[-9,-49],[30,-36],[-3,-64],[-11,-77],[10,-31],[14,-94],[28,-30],[-16,-74],[-49,32],[-30,7],[-13,-11],[-25,-70],[29,-73],[16,-95],[-21,-91],[-18,-38],[-34,-41],[-12,-64],[21,-31],[-16,-60],[7,-56],[-21,-64],[-2,-43],[17,-24],[9,-42],[8,-97],[-5,-25],[-22,-20],[-11,-46],[-21,-39],[-9,-38],[-11,-89],[19,-39],[28,-37],[18,-51],[-7,-26],[-26,-40],[12,-52],[-2,-45],[17,-95],[-14,-48],[-29,10],[-18,-11],[-3,-118],[-16,-85],[-26,-71],[1,-50],[-21,-57],[-38,-43],[-15,-40],[0,-50],[20,-30],[76,-5],[27,4],[11,-28],[7,-52],[11,-32],[-7,-36],[-36,-46],[-3,-38],[12,-21],[30,-13],[16,-31],[54,-49],[10,-69],[29,-33],[16,-37],[21,-23],[-13,-90],[13,-39],[-21,-84],[7,-25],[34,-26],[9,-24],[-23,-41],[10,-46],[27,-21],[6,-34],[-26,-37],[-28,56],[-13,-21],[9,-106],[-7,-25],[15,-46],[-37,-42],[-16,3],[-8,44],[-12,25],[-26,15],[-28,-37],[-10,61],[10,49],[-19,40],[12,54],[-8,16],[-27,-28],[-19,16],[3,-54],[-10,-25],[1,-65],[-44,-26],[-5,-48],[5,-25],[-25,-9],[3,-44],[-12,-35],[12,-41],[-26,-28],[-17,-69],[9,-49],[-31,-6],[0,-40],[-10,-21],[-27,-4],[11,-46],[-26,-24],[17,-24],[-14,-23],[-13,-48],[-16,-26],[-41,-106],[-23,41],[-22,79],[-107,46],[-146,-150],[-255,55],[-27,-70],[-51,-108],[-5,-52],[49,-135],[-22,-198],[-20,-214],[172,-34],[33,-50],[17,-78],[29,-43]],[[38754,42856],[-17,-37],[-16,13],[-35,-2],[-13,27],[-25,-12],[-41,39],[0,26],[-41,26],[-28,-44],[3,-20],[-28,-46],[-1,-34],[-18,-26],[-27,5],[-15,67],[-2,47],[-21,-24],[-51,21],[2,49],[-26,40],[2,19],[-31,41],[-33,11],[8,55],[-15,26],[-12,49],[-40,8],[-19,-6],[-39,-67],[-5,-33],[-17,-20],[0,-47],[-33,-50],[-5,-32],[15,-14],[10,-62],[-20,-19],[14,-49],[-15,-44],[-10,-169],[-18,-15],[-45,3],[-3,30],[-50,17],[-24,-48],[-10,-37],[-19,1],[-19,43],[-22,-2],[16,45],[-626,128],[-78,-17],[-35,8],[-16,49]],[[37160,42773],[-125,27],[-28,-276],[-3,-1],[-604,126],[-29,-3],[-20,81],[-25,67],[-16,98],[-51,143],[-23,156],[-59,-24],[-6,67],[7,108],[-2,26],[-30,129],[-17,43],[-31,228],[-30,92],[-5,37],[1,97],[21,79],[35,71],[13,85],[38,142],[44,116],[23,67],[8,104],[9,41],[33,71],[45,50],[21,41],[19,98],[-1,33],[21,-2],[31,24],[18,27],[16,-1],[-2,64],[-34,156],[-5,60],[9,91],[34,215],[34,172],[-5,2],[23,119],[38,84],[27,35],[98,80],[132,67],[30,25],[45,59],[23,48],[35,167],[15,42],[6,51],[-6,71],[-17,49],[-29,37],[-28,15],[-185,60],[-30,23],[-47,105],[-26,43],[-33,32],[-61,73],[-54,47],[-35,39],[-16,5],[-116,8],[-59,28],[-42,71],[-53,98],[-54,34],[-78,73],[-28,79],[11,102],[-10,124],[-62,218],[-21,60],[-95,128],[-38,87],[-114,226],[-176,314],[-20,85],[-109,149]],[[34324,36843],[-2,30],[-53,-18],[-46,-44],[-51,-60],[-17,-34],[-8,-41],[-27,-81],[1,-68],[11,-54],[-21,8],[-16,57],[8,32],[-18,40],[-60,27],[-24,0],[-21,-16],[-12,62],[-11,-3],[-9,-62],[-55,-8],[-3,29],[-30,4],[-44,65],[-36,-2],[-11,47],[-18,-18],[-17,23],[-16,90],[-21,45],[-50,81],[62,58],[-10,34],[-21,14],[-13,69],[-35,-23],[-16,62],[-12,-5],[-39,30],[-24,-6],[-15,-20],[-11,39],[-32,2],[12,36],[-15,23],[-15,-28],[-24,-1],[-17,34],[-45,-6],[-8,17],[-60,65],[-21,13],[-30,48],[-11,5],[-6,48],[-30,39],[6,45],[-12,11],[0,45],[-25,68],[-19,88],[-22,24],[1,58],[-16,33],[13,41],[29,16],[0,54],[13,31],[25,18],[-9,49],[21,15],[9,37],[36,11],[-2,26],[18,42],[11,47],[-10,67],[-25,2],[2,43],[12,26],[-20,18],[25,83],[27,15],[-6,32],[5,73],[-20,53],[13,30],[-5,42],[6,56],[-17,24],[1,28],[-31,28],[-21,70],[-17,16],[8,27],[23,22],[22,54],[3,60],[11,30],[17,16],[-4,45],[-14,35],[6,60],[-3,40],[13,36],[-10,37],[9,40],[16,22],[-1,26],[13,25],[-18,52],[26,63],[-14,64],[29,23],[31,56],[0,85],[22,19],[31,-34],[27,-88],[20,-32],[16,15],[18,51],[-10,53],[10,40],[37,75],[33,32],[58,15],[43,68],[19,49],[28,10],[65,7],[50,24],[19,55],[-6,95],[-7,45],[-21,63],[-48,86],[-39,30],[-35,3],[-44,22],[-43,36],[-13,37],[-3,65],[-30,67],[-42,49],[-16,48],[-9,61],[-27,45],[-43,43],[-21,67],[-162,32],[-3,-3],[-243,47],[-99,21],[-313,62],[-43,-47],[44,444],[-95,5],[-97,35],[21,235],[-398,71],[-197,37],[35,4],[24,37],[-21,102],[33,34],[-4,41],[-22,15],[4,45],[15,23],[8,42],[26,-3],[21,24],[47,-20],[18,62],[-7,40],[42,-2],[22,15],[26,57],[27,22],[31,56],[-2,21],[-44,30],[-1,63],[-47,151],[-31,32],[15,67],[-37,63],[16,30],[24,13],[43,65],[5,41],[18,22],[5,37],[25,27],[46,6],[-5,34],[7,78],[24,41],[20,16],[-19,52],[10,52],[111,-19],[15,151],[114,-21],[45,30],[-23,65],[20,173],[43,402],[429,-92],[105,-21],[30,262],[604,-127],[65,587],[200,-43],[72,670],[170,-37],[14,125],[93,154],[33,53],[25,234],[8,53],[100,4],[23,229],[25,221],[-32,66],[-55,99],[5,54],[-93,20],[25,220],[73,-16],[0,1124],[634,0],[1,284],[162,0],[-1,557],[69,0]],[[37160,42773],[-38,-359],[4,-90],[-13,-98],[11,-72],[10,-13],[18,-87],[83,-89],[21,-8],[19,-58],[26,18],[-76,-726],[46,14],[7,-47],[82,-457],[-36,-327],[-108,29],[13,-33],[-57,-43],[12,-32],[-21,-16],[-18,47],[-29,-22],[48,-92],[-43,8],[-16,-139],[-48,-1],[-41,-31],[20,-82],[11,-24],[-15,-23],[-3,-33],[17,-3],[-11,-48],[-19,-27],[-7,-30],[10,-21],[-19,-57],[36,-22],[-10,-48],[34,-13],[-19,-227],[-188,36],[-2,-12],[-412,85],[10,98],[-28,6],[-39,-41],[-45,-10],[-10,-102],[-7,1],[-14,-121],[-50,11],[-11,-100],[-39,18],[-20,-54],[-31,-46],[-29,-17],[-44,-43],[-36,-56],[-7,-56],[-62,-15],[-20,-17],[-37,2],[-60,-22],[9,-43],[0,-45],[30,-8],[-10,-115],[-30,7],[-22,-42],[-3,-31],[-48,11],[-31,-80],[28,-45],[0,-54],[-26,-26],[-51,9],[-20,-12],[-8,41],[-53,21],[-100,20],[-1,-14],[-83,17],[4,38],[-24,-7],[-86,-8],[-285,55],[10,107],[-115,25],[-109,18],[-68,16],[3,36],[-47,-27],[-196,41],[-27,-236],[-12,-62],[-9,1],[-26,-235],[15,-4],[-7,-78],[-12,-18],[-16,-162],[0,-80],[-21,-183],[-31,8],[-12,-111],[82,-52],[-20,-70],[-6,-62],[11,-69],[-1,-79],[-19,-94],[-24,-57],[-16,-64],[0,-46],[12,-51],[28,-62],[-1,-56],[-17,-96],[-75,20]],[[45711,23849],[-27,-253],[-5,-32],[-29,-254],[-31,-305],[-181,39]],[[45438,23044],[-195,478]],[[45243,23522],[-54,134],[-143,258],[22,217],[17,139]],[[45085,24270],[199,-44]],[[45284,24226],[198,-43],[260,-55],[-31,-279]],[[48801,22921],[65,-28],[135,-29],[9,23],[31,-22],[16,79],[45,-13],[0,-76],[61,1],[0,-72],[71,0],[43,57],[45,-53],[68,25],[46,-58],[83,30],[47,5]],[[49566,22790],[0,-209],[15,-24],[-20,-30],[-6,-36],[0,-246],[-9,-25],[-13,-96],[-28,-4],[-3,-73],[-37,-44],[-29,-5],[1,96],[-57,0],[2,-26],[-30,-35],[-36,-9],[3,-62],[-31,-23],[-10,-49],[-27,-37],[-10,-138],[-34,-50],[-9,-48],[-33,-3],[-13,-35],[-59,-468],[-126,29],[45,-66],[16,-46],[-29,-7],[-28,-175],[26,-6],[17,-30],[2,-69],[18,-29],[-13,-20],[15,-58],[33,-38],[0,-22],[62,-21],[23,-51],[24,-8],[31,-43],[14,-35],[-6,-61],[23,-54],[2,-58],[-19,-48],[10,-46],[22,-52],[-2,-17],[-57,-4],[-90,-23],[-44,-66],[-13,-32]],[[48426,20088],[34,287],[27,283]],[[48487,20658],[38,365],[-37,4],[-22,18],[-3,20],[-29,7],[20,169],[-78,20],[-17,24],[-9,90],[-21,41],[-3,27],[16,58]],[[48342,21501],[23,41],[13,92],[92,-19],[5,14],[-41,80],[-21,9],[-24,46],[-54,79],[100,-23],[-2,30],[-19,23],[39,349],[12,34],[3,63],[24,-5],[10,79],[84,-18],[62,85],[-2,-81],[31,-13],[12,106],[-8,64],[20,44],[17,147],[11,33],[66,99],[6,62]],[[46374,26299],[29,-8],[20,-45],[21,-4],[37,21],[21,-27],[31,-2],[35,-14]],[[46568,26220],[-23,-202],[-16,-117],[-22,3],[-13,-41],[-9,-89],[13,-91],[36,-74]],[[46534,25609],[-22,-228],[-18,-53],[-12,-101]],[[45857,25270],[48,466],[-13,35],[15,11],[5,61]],[[45912,25843],[12,105],[12,63],[-9,17],[18,36],[15,118],[-16,106],[7,24],[46,43],[3,24]],[[46000,26379],[13,-35],[35,-7],[24,-17],[18,7],[25,-14],[24,-28],[43,-18],[46,38],[2,14],[40,14],[9,-17],[38,-11],[26,-23],[31,17]],[[45243,23522],[-108,19],[-17,33],[-57,11],[-7,-63],[-231,50],[-3,-23],[-40,7]],[[44780,23556],[-9,25],[-87,169],[-37,52],[-11,3],[7,76],[13,22],[-2,44],[-12,26],[0,48],[-14,33],[9,98],[-21,41],[3,54],[-7,43],[28,92],[-2,76],[-20,57],[-47,83],[-32,39],[-10,34],[-2,51],[-13,48]],[[44672,24877],[88,-246],[48,-99],[54,-185],[5,-31],[218,-46]],[[44508,29207],[25,-69],[-19,-44],[11,-33],[-7,-33],[22,-40],[-24,-27],[-28,-1],[14,-34],[-12,-51],[29,-20],[10,-57],[-20,-23],[-1,-49],[25,-6],[-14,-43],[28,-37],[-35,-3],[-20,-26],[17,-27],[4,-31],[-21,-15],[3,-23],[-14,-30],[-10,-73],[30,-47],[-14,-17]],[[44487,28348],[-17,-34],[34,-4],[30,-40],[29,9],[-3,-49],[19,-9],[-11,-44],[35,-60],[-8,-19],[-33,-10],[-2,-16],[24,-37],[-23,-16],[-18,-45],[21,-41],[-17,-29],[33,-7],[3,-26],[-29,-19],[6,-49]],[[44560,27803],[-38,-4],[-28,-15],[-233,41],[4,47],[-166,34],[-8,-22],[-29,5],[-4,-29],[-48,11],[-12,-122],[-75,14],[12,-60],[-31,-12]],[[43904,27691],[-34,27],[-21,-4],[-24,56],[-19,-19],[-15,49],[9,29],[-25,17],[-26,-5],[-37,15],[8,34],[-19,46],[-41,59]],[[43660,27995],[6,25],[30,31],[3,22],[24,22],[-1,41],[13,21],[-7,37],[-65,13]],[[43663,28207],[51,70],[37,16],[43,-3],[-19,59],[-24,40],[-5,61],[5,61],[-4,26],[-26,4]],[[43721,28541],[10,94],[37,-8],[25,17],[6,-23],[41,26],[48,107],[1,45],[42,46],[13,72],[25,29],[19,44],[41,114],[8,41],[-5,46],[-21,61],[-2,68],[247,-52],[2,-14],[250,-47]],[[44527,26377],[-81,16],[-35,-18],[-56,38],[-16,26],[16,228],[-238,50],[-16,-10],[-9,42]],[[44092,26749],[22,43],[-31,11],[-1,24],[23,17],[8,144]],[[44113,26988],[65,-13],[17,170],[382,-77]],[[44577,27068],[21,-65],[12,-18],[-17,-31],[25,-18],[18,-44],[-12,-18],[0,-75],[48,-110],[15,-53],[18,-9],[4,-48],[39,-40]],[[44748,26539],[0,-45],[-41,-23],[-131,-94],[-49,0]],[[46000,26379],[-33,21],[-18,71],[-35,49],[-15,70],[-20,34],[-25,16],[-103,-5],[-51,10],[-9,27],[-20,15],[-27,-7],[-20,-42],[-33,-3],[-23,-30],[-27,6]],[[45541,26611],[10,71],[16,45],[-2,49],[19,25],[37,-29],[13,34],[-38,32],[-5,44],[12,7],[37,-18],[35,97],[-18,27],[-6,46],[-45,-16],[19,49],[50,-25],[7,24],[-29,19],[6,30],[28,8],[16,-44],[12,20],[-13,25],[9,47],[23,-4],[9,-21],[29,1],[33,-28],[24,14],[24,58],[3,24],[30,6]],[[45886,27228],[40,-67],[59,-47],[24,-10],[40,3],[28,43],[71,27],[1,31],[25,-12],[13,25],[-24,35],[-33,-8],[-2,65],[18,62],[11,16],[43,3],[73,-47],[39,48],[17,41],[50,-14],[31,7],[33,26],[19,-21],[10,39],[28,38],[21,7],[76,-72]],[[46597,27446],[5,-30],[18,0],[12,-59],[37,-16],[9,-32],[34,-38],[5,-49],[24,-24],[48,-21],[25,-56],[-17,-34],[28,-45],[-15,-63],[15,-21],[3,-49],[-184,39],[-37,-367],[-204,42],[-27,-276],[-2,-48]],[[46001,27745],[-20,-2],[-284,55],[5,49],[-43,8],[-13,-28],[-64,-65],[-16,-50],[-21,-18],[-66,13],[-10,-96],[-57,0],[-187,36]],[[45225,27647],[-28,75],[-14,5],[-2,45],[-33,-22],[-24,37],[23,9],[-10,54],[-34,7],[-26,70],[18,20],[29,-4],[17,12],[33,-13],[15,59],[-19,51],[15,14],[-3,67],[15,40],[19,24],[-59,29]],[[45157,28226],[26,17],[59,20],[15,14],[17,71],[15,21],[46,23],[36,43],[-7,34],[-29,9],[-22,-12],[-13,-24],[-39,16],[-19,24],[13,20],[11,60],[-3,63],[30,28],[-6,14],[8,58]],[[45295,28725],[25,-44],[74,108],[45,60],[36,-61],[57,-32],[54,-10],[-16,-152],[166,-17]],[[45736,28577],[-4,-20],[24,-21],[54,36],[0,-42],[42,15],[30,-24],[38,6],[25,-23],[30,25],[68,-13],[49,53],[22,4],[36,-26]],[[46150,28547],[-28,-46],[-57,-115],[-21,-89],[-48,-61],[-5,-56],[78,-4],[11,-37],[13,-107],[22,-14],[14,-27],[-97,-77],[17,-27],[28,-7],[-17,-57],[-21,-15],[-38,-63]],[[46084,21219],[33,13],[-4,19],[91,53],[14,27],[56,33],[14,-45],[115,67],[22,-105],[283,244],[42,71],[49,93],[18,61],[15,17]],[[46832,21767],[44,-91],[13,0],[432,-93],[4,27],[150,-33],[41,-144]],[[47516,21433],[84,-296],[12,-35],[122,-280]],[[47734,20822],[-74,14],[-206,45],[-27,-246],[-38,-320],[-44,-386]],[[47345,19929],[-95,14],[-16,-139],[-69,14],[11,110],[-270,58],[-33,9],[-46,-33],[-12,-29],[-90,93]],[[46725,20026],[16,137],[-352,75],[-35,41],[-40,3],[-38,-42],[-100,20]],[[46176,20260],[2,97],[-1,114],[-6,132],[-17,179],[-25,147],[-15,119],[-30,171]],[[45347,24678],[-54,-166],[15,-72],[-24,-214]],[[44672,24877],[13,8],[11,97],[101,-22],[15,144],[101,-24]],[[44913,25080],[51,-12],[194,-146],[67,-109],[17,-20],[54,-18],[17,-18],[34,-79]],[[46666,23068],[-13,-107],[-49,-444],[-8,-89]],[[46596,22428],[-29,18],[-29,35],[-20,53],[-238,47],[-654,139],[-38,5]],[[45588,22725],[-15,28],[-135,291]],[[45711,23849],[653,-142]],[[46364,23707],[-18,-158],[5,-51],[-25,-206],[-14,-148],[354,-76]],[[47306,19568],[39,361]],[[47734,20822],[158,-36],[181,-37],[328,-73],[86,-18]],[[48128,26873],[-34,-37],[0,-19],[22,-24],[15,-37],[32,-45],[40,-17],[9,-27],[-21,-34],[3,-39],[14,-36],[46,-22],[39,5],[37,26],[23,-36],[62,-25],[38,15],[-22,-203],[-12,-21],[25,-59],[114,-22],[9,-24],[-7,-46],[-60,-26],[-11,3],[-12,-43],[-38,-28],[5,-21],[-65,-76],[5,-28]],[[48384,25927],[-73,-35],[21,-261],[0,-166],[-8,-70]],[[47665,25537],[-1,44],[12,32],[29,0],[18,70],[11,71],[5,88],[19,62],[-61,13],[0,39],[-28,7],[0,76],[6,28],[50,26],[-22,74],[7,8],[-22,53],[-53,82]],[[47635,26310],[13,17],[-24,126],[14,142],[-1,10],[15,140],[50,-10],[14,135],[31,-6],[63,78],[3,14],[70,24],[202,-31],[-6,-57],[43,-9],[6,-10]],[[47553,22017],[-18,-125],[-3,-54],[7,-160],[-4,-73],[-19,-172]],[[46832,21767],[11,20],[24,142],[11,49],[-5,63],[5,131],[18,62],[10,52],[5,70],[-216,52],[-99,20]],[[46666,23068],[253,-53],[48,25],[14,39],[41,85],[29,98],[20,144],[26,156],[131,-25]],[[47228,23537],[21,-60],[28,-58],[27,-38],[-3,-20],[38,-55]],[[47339,23306],[33,-9],[21,-78],[-7,-72],[-11,-20],[13,-53],[-4,-41],[14,-12],[26,-69],[4,-41],[22,-71],[22,-43],[107,-174],[24,-66],[9,-48],[-9,-65],[-16,-163],[-34,-264]],[[51942,23976],[-23,-19],[-65,9],[-45,-4],[-41,20],[-37,2],[31,250],[-162,30],[-106,27],[6,59],[-159,34],[-20,-25],[-31,19],[-76,-22],[-25,3],[-11,-34],[-25,14],[-25,51],[-12,-39],[-24,19],[14,56],[-16,34],[-27,93],[-25,36],[-4,71],[-9,16],[-56,42],[-26,31],[-7,71],[-23,28],[-25,-8],[-16,14],[-38,12],[-32,-8],[-22,23],[2,30],[-35,43],[-34,11],[-31,-4],[2,39],[-21,41],[-70,84],[-34,0],[-26,15],[-10,46],[-57,25],[-22,22],[-20,-3],[-27,34],[-23,-3],[-23,16],[-37,72],[-32,46],[-14,37],[25,56],[21,100],[-7,32],[14,35],[-4,23],[15,36],[28,33],[-16,91],[18,32],[8,40],[27,25],[8,64],[14,10]],[[50419,26009],[21,62],[-1,47],[49,17],[22,15],[22,-12],[9,29],[-19,36],[-17,8],[12,52],[22,9],[-12,55],[24,48],[17,-6],[4,53],[-37,77],[-32,-25],[-63,39],[-7,127],[26,71],[-6,44],[44,38],[-10,29],[8,26],[-6,57],[-30,31],[17,41],[-4,20],[18,25],[-3,58],[-35,53],[17,51],[-12,15],[11,30],[-28,49],[6,22],[77,52],[-24,14],[10,40],[-28,54],[-37,-25],[-17,20],[2,30],[-22,12],[-20,-6],[-22,45],[-22,17],[-22,50],[30,105],[0,42],[9,41],[38,70],[16,53],[-2,19],[17,46],[-7,26],[15,22],[-12,19],[20,36],[-1,21],[-24,10],[-17,-28],[-9,57],[-15,12],[10,46],[-25,0],[-7,53],[-31,18],[-23,-7],[-3,58],[4,34],[-21,6],[21,64],[-13,27],[-23,13],[3,38],[-10,25],[-26,18],[-12,64],[21,30],[-26,19],[2,19],[31,3],[-22,64],[-33,43],[9,57],[-28,-10],[-15,40],[-43,-16],[-21,-42],[-26,51],[-32,-26],[-9,-105],[-32,-41],[-4,-52],[-13,-8],[-33,13],[-14,26],[-27,5],[-56,50],[-73,-31],[-32,-29],[-28,22],[-19,-16],[-11,20],[-46,26],[-11,44],[-38,11],[-23,22],[10,26],[-18,34],[13,18],[-61,65],[9,27],[-47,21],[-20,-14],[16,-27],[4,-34],[-16,-11],[-20,-48],[-61,-15],[-20,-39],[-24,7],[-11,-22],[-19,-113],[-27,-17],[-14,14],[-18,-30],[-20,57],[2,58],[-21,30],[-14,2],[-95,70],[-31,50],[-32,-14],[-7,40],[-31,15],[-19,-7],[-34,-39],[-35,-78],[-1,-25],[-21,-16],[-38,1],[-2,-38],[-18,8],[-18,-30],[4,-54],[-38,64],[-44,-41],[-24,-62],[1,-94],[-27,0],[-6,40],[-24,7],[-4,53],[-20,17],[1,26],[-24,3],[-26,-60],[-21,16],[-21,-38],[-6,-51],[-41,-117],[-20,-23],[-9,-86],[-18,12],[-5,29],[-21,20],[-94,-45],[-8,-22],[23,-32],[-9,-63],[-37,-23],[-4,-20],[63,-136],[-17,-25],[-31,23],[-28,-5],[0,-59],[-27,10],[11,-51],[1,-65],[-20,-13],[-55,1]],[[48187,27862],[-37,-9],[-8,37],[-28,37],[-32,-21],[-6,21],[-46,25],[-9,35],[-17,14],[22,30],[13,96],[-19,-11],[-40,-3],[-29,-48],[-18,-56],[2,-22],[23,-38],[2,-53],[20,-8],[-8,-33],[-28,-44],[-11,10],[4,45],[-20,41],[-30,12],[-15,-8],[0,-35],[-50,-12],[33,109],[-34,48],[5,52],[-10,28],[-52,6],[11,-74],[-28,-19],[-21,18],[-38,-11],[-30,-42],[-33,2],[15,-38],[-1,-33],[-26,-66],[-48,-29],[-10,-41],[-24,4],[-39,24],[8,-73],[-11,-42],[-20,4],[-36,83],[-23,12],[6,58],[-39,24],[-26,-12],[-36,0],[-49,51],[-122,31],[2,11]],[[47146,27949],[20,176],[-179,35],[17,157],[-26,7],[-55,50],[40,75],[12,-2],[22,65],[17,124],[28,14],[-52,24],[7,15],[18,130],[38,2],[-23,33],[14,20],[19,-3],[11,52],[35,-14],[28,128],[-41,17],[9,23],[-28,21],[-7,-61],[-36,28],[-17,-43],[-16,13],[-23,-55],[-12,50],[9,84],[-24,5],[-3,-24],[-24,5],[-8,-57],[-57,9],[12,46],[-128,24],[10,94],[-36,7],[14,122],[-44,9],[2,18],[-50,10],[5,46],[25,76]],[[46669,29504],[2,25],[-26,73],[-1,25],[43,63],[12,49],[20,25],[19,150],[-50,13],[13,124],[21,56],[9,93],[36,-7],[7,30],[10,115],[16,63],[63,-13],[7,70],[-152,32],[-15,26],[8,66],[23,47],[4,38],[-21,16],[-65,-20],[-258,-29],[5,45],[17,16],[38,80],[89,82],[84,59],[43,129],[-23,48],[23,27],[30,52],[40,33],[33,64],[19,64],[19,-1],[1,46],[-23,77],[34,42],[10,27],[34,45],[12,3],[13,63],[28,66],[46,31],[26,39],[3,40],[-15,22],[-33,81],[-26,43],[-4,45],[30,-24],[59,-15],[44,-55],[21,53],[29,25],[89,20],[15,-10],[19,33],[19,6],[11,52],[-16,57],[11,18],[1,54],[56,46],[-1,49],[20,47],[9,41],[87,97],[-33,19],[-89,18],[-36,33],[19,179],[9,99],[51,-9],[-18,81],[41,75],[2,18],[28,54],[-5,59],[10,62],[3,50],[15,41],[39,48],[20,-1],[17,25],[26,15],[37,51],[18,9],[22,45],[39,6],[22,36],[26,18],[14,30],[46,37],[2,381],[0,509],[-45,17],[-10,26],[-28,-11],[-20,70],[165,-2],[0,160],[31,0],[1,82],[-46,1],[1,157],[29,15],[15,87],[21,44],[-62,-17],[0,34],[72,26],[26,-8],[0,108],[-27,-5],[-28,30],[0,18],[-45,56],[-54,-8],[-21,-33],[-17,-5],[-1,237],[-58,0],[0,122],[-53,0],[-1,118],[-270,-3],[-2,210],[-354,2]],[[46964,36012],[2,306],[-33,-20],[-31,2],[-32,19],[1,125],[-71,0],[0,142],[-97,-37],[1,-235],[-42,-54],[-57,71],[24,85],[-4,24],[8,52],[33,51],[-10,57],[28,-5],[33,54],[-3,57],[-26,41],[-35,15],[-17,30],[1,40],[53,37],[-6,40],[16,13],[-24,42],[-13,38],[-5,51],[35,35],[21,-1],[48,49],[-4,34],[-25,28],[-34,79],[-22,38],[-1,34],[-34,97],[-31,49],[3,30],[16,14],[48,-43],[27,9],[8,31],[20,24],[-3,40],[18,71],[-12,64],[128,1],[0,22],[53,-2],[58,-44],[0,120],[64,1],[-1,245],[60,1],[1,-78],[132,1],[1,96],[65,1],[0,59],[26,0],[19,57],[25,8],[31,34],[34,0],[39,17],[0,162],[-97,1],[-7,20],[0,198],[37,0],[-11,39],[-21,46],[-10,69],[-1,45],[15,20],[-3,24],[-25,61],[-13,76],[-3,57],[29,5],[6,-59],[66,-79],[61,-46],[11,11],[87,37],[33,53],[15,65],[9,6],[117,-23],[24,-26],[30,-52],[9,-34],[61,-21],[2,68],[62,20],[0,182],[28,70],[-1,35],[13,28],[-12,34],[31,70],[-3,45],[13,71],[-4,41],[-21,43],[8,80],[-11,53],[164,-1],[14,-79],[185,-1],[-5,43],[26,-6],[95,42],[111,-1],[1,-31],[124,-1],[27,36],[7,36],[115,1],[1,124],[15,-23],[50,-30],[1,173],[27,0],[1,170],[199,-2],[1,287],[0,341],[48,29],[42,55],[45,14],[41,54],[27,103],[44,13],[46,53],[67,40],[47,65],[-8,104],[2,31],[-18,154],[43,33],[16,-19],[-11,-21],[18,-20],[28,1],[7,-51],[60,-47],[42,-3],[0,-56],[37,-13],[67,35],[13,24],[19,-2],[44,-78],[37,-42],[45,-27],[67,-10],[16,-11],[77,-15],[64,5],[13,32],[2,34],[32,40],[-36,78],[8,30],[8,94],[-20,22],[-8,42],[17,34],[-6,25],[15,19],[63,50],[27,106],[32,2],[25,28],[37,-12],[22,15],[20,-6],[20,19],[28,0],[31,-75],[28,-12],[45,6],[34,-6],[21,69],[-3,44],[24,33],[21,81],[1,20],[-30,42],[-1,384],[334,0],[21,21],[22,-15],[24,-45],[41,-5],[83,23],[35,-31],[48,48],[7,22],[47,12],[13,29],[35,28],[2,33],[28,47],[27,-2],[35,76],[29,37],[4,62],[13,12],[38,-12],[33,39],[27,-11],[7,33],[51,7],[15,-13],[23,12],[19,-17],[15,-89],[34,-35],[19,-1],[25,-35],[17,-9],[8,46],[28,19],[8,-13],[63,15],[34,-36],[36,9],[15,44],[0,38],[30,97],[14,19],[38,17],[15,30],[46,-2],[51,8],[82,42],[68,-2],[31,-12],[73,10],[30,21],[20,0],[55,98],[134,-1],[10,-59],[105,2],[11,37],[-7,37],[219,1],[3,-81],[95,-1],[-1,-90],[115,7],[35,13],[38,-38],[85,32],[29,-14],[83,0],[779,426],[8,28],[3,60],[-2,69],[53,0],[0,155],[-54,0],[2,170],[-59,0],[33,49],[16,83],[16,-68],[62,41],[11,-1],[44,-35],[9,-21],[24,9],[15,36],[20,11],[64,-105],[71,-53],[11,2],[27,-39],[2,-49],[34,-87],[28,-1],[35,-57],[1,-21],[24,-44],[13,-50],[-3,-54],[56,-68],[37,1],[36,-40],[-9,-38],[17,-48],[-7,-102],[-14,-26],[87,-4],[19,39],[3,126],[10,104],[-5,34],[2,66],[19,41],[33,-24],[12,17],[38,21],[17,28],[44,-34],[60,5],[28,-9],[23,10],[21,-13],[6,44],[15,59],[43,22],[7,26],[0,149],[-3,118],[32,71],[5,42],[33,51],[33,-12],[24,-19],[14,4],[23,32],[33,12],[67,84],[28,16],[19,48],[40,38],[50,-16],[29,37],[26,7],[18,65],[38,44],[31,65],[56,-14],[24,-29],[3,-32],[34,-29],[25,-74],[-3,-105],[13,-25],[48,-46],[14,-24],[2,-62],[20,-28],[9,-76],[16,-32],[4,-37],[26,-34],[17,-99],[16,-30],[31,-94],[4,-37],[39,-38],[16,3],[15,-27],[34,-11],[4,-35],[42,-22],[51,-15],[96,883],[455,-87],[-5,-42],[30,-6],[31,-74],[21,-64],[25,-2],[24,-17],[41,-49],[-3,-69],[11,-23],[33,49],[34,25],[51,26],[16,-34],[17,30],[-11,116],[-11,24],[154,-35],[-12,-31],[37,-8],[42,-43],[-6,-50],[-17,-67],[-36,16],[9,-67],[9,-17],[31,16],[14,-14],[65,-12],[6,45],[24,-20],[45,-73],[23,-22],[45,20],[31,-43],[24,-9],[39,24],[22,-21],[9,-34],[-9,-52],[41,-20],[42,-4],[26,-36],[46,-14],[20,-41],[16,-7],[23,15],[26,-44],[25,-17],[10,-37],[46,-16],[13,-30],[29,-21],[5,-23],[29,-22],[36,-6],[22,-26],[54,-6],[58,18],[50,-14],[47,29],[36,8],[36,27],[22,-14],[69,-15],[48,-29],[25,-50],[31,-2],[23,-15],[73,-107]],[[58982,43142],[-15,-67],[-3,-59],[35,-58],[59,-22],[22,14],[27,-21],[1,-34],[21,-50],[26,-44],[58,-54],[33,-23],[18,-37],[13,17],[47,10],[21,-23],[38,-5],[18,-34],[6,-55],[207,3],[818,-962],[1643,-1921],[993,-1176]],[[63068,38541],[-262,-940],[-307,-1098],[-540,-1932],[-232,-907],[-329,-1282],[-261,-1017],[-412,-1608]],[[60725,29757],[-17,-30],[-47,2],[-41,18],[-19,24],[-57,49],[-83,105],[-40,18],[-58,85],[-36,-58],[-54,22],[-12,36],[-46,-95],[-30,13],[-26,-2],[-16,-25],[-1,-66],[8,-64],[-17,-59],[2,-49],[-26,-33],[-42,-87],[-11,-11],[-33,5],[-55,-16],[-23,52],[-22,3],[-19,-22],[-70,53],[-54,-6],[-45,31],[-11,34],[-45,90],[-32,9],[-17,31],[-30,21],[-14,21],[-3,83],[-13,15],[-39,4],[-14,24],[-6,47],[-41,50],[-5,21],[-30,22],[-27,-13],[-61,16],[-9,30],[-24,16],[-41,59],[-69,48],[-24,-41],[-18,-1],[-53,-49],[-18,-38],[-64,-46],[-24,-45],[-49,-47],[-103,-29],[-35,0],[-38,-39],[-52,-38],[-25,11],[-37,-12],[-61,36],[-32,33],[-30,7],[-32,-27],[-36,9],[-6,-23],[-23,13],[-56,59],[-32,26],[-20,-9],[-72,35],[-13,16],[-41,18],[-16,-5],[-36,30],[-17,73],[-94,136],[-51,22],[-25,47],[8,61],[-14,29],[-83,-56],[-14,-30],[-24,-7],[-32,-73],[-1,-47],[-17,-49],[-17,-24],[14,-24],[7,-65],[-39,-1],[-54,62],[-26,2],[0,-61],[-27,-27],[15,-68],[25,-72],[-12,-41],[22,-49],[-3,-22],[27,-65],[-8,-112],[-29,-2],[-17,26],[-29,-66],[16,-76],[-10,-23],[-32,7],[-23,54],[-29,35],[-76,-40],[-40,-65],[-14,-34],[22,-42],[0,-44],[-16,-40],[-62,-73],[-37,-21],[-4,-63],[5,-70],[18,-53],[15,-210],[-20,-77],[1,-64],[10,-59],[-10,-18],[5,-38],[13,-27],[39,-1],[33,-56],[7,-33],[17,-164],[-70,-110],[2,-48],[-6,-41],[34,-48],[5,-31],[-15,-37],[6,-30],[30,-1],[12,12],[34,-22],[27,-79],[30,-8],[28,-68],[-14,-12],[22,-109],[25,-24],[8,-36],[25,-46],[-3,-47],[17,-64],[-1,-62],[24,-22],[-6,-35],[14,-43],[1,-61],[-31,-60],[1,-48],[-19,-63],[3,-58],[-12,-20],[10,-25],[-21,-24],[-1,-36],[-24,-12],[-5,-26],[-37,-40],[-31,1],[-39,-25],[-26,-30],[-5,-58],[-45,-51],[5,-63],[-7,-36],[-31,-43],[-11,-61],[-34,-6],[-21,-15],[-33,20],[-20,-25],[-30,23],[-6,31],[-46,84],[6,52],[-5,40],[-41,23],[-9,22],[-30,7],[-34,69],[-18,20],[-1,27],[-17,11],[7,78],[-9,21],[-34,21],[-24,74],[-19,29],[-25,3],[-57,48],[-46,-132],[-38,-47],[-44,16],[-42,-25],[-3,-33],[-53,-30],[-6,-38],[-41,5],[-37,-28],[-41,-2],[-58,-18],[-36,-30],[-19,2],[-30,-26],[-38,5],[-24,-14],[-19,20],[-63,0],[-22,-20],[-56,6],[-30,-13],[-12,41],[-14,18],[-28,4],[-45,54],[-21,-1],[-25,22],[-39,-19],[-16,3],[-19,34],[-25,25],[-39,-20],[-63,-44],[-47,6],[-51,-4],[-14,25],[-31,-4],[-27,16],[-25,31],[-49,9],[-52,-25],[-23,12],[-14,28],[-73,28],[-112,82],[-80,-135],[9,-67],[-5,-56],[-116,-5],[-29,4],[-16,-37],[-45,-50],[-8,-27],[12,-32],[2,-54],[-12,-28],[5,-50],[48,-114],[34,-45],[37,-69],[-1,-28],[-23,-39],[-20,-73],[-21,-37],[-3,-58],[8,-29],[33,-34],[17,-37],[13,-53],[28,-40],[-3,-26],[-37,-5],[-14,-20],[-6,-81],[2,-54],[-33,20],[-48,12],[-21,36],[-27,1],[-25,64],[-58,112],[-20,11],[-28,-16],[-15,-37],[-34,-44],[-6,-50],[-34,-35],[-37,16],[-52,71],[-40,29],[-20,25],[-39,10],[-10,33],[-66,105],[-24,-1],[-39,67],[-11,29],[-20,-4],[-23,53],[-29,20],[-6,24],[-40,25],[-37,-1],[-60,41],[-47,-5],[-19,-12],[-13,-52],[5,-59],[-27,-15],[-12,-40],[-34,-20],[-25,-55],[-17,-23],[-31,33],[-58,8],[-33,25],[-22,31],[-45,-14],[-15,8],[-30,-66],[-3,-28],[-28,-30],[-13,11],[-30,-21],[-54,-6],[-8,-21],[15,-46],[-4,-72],[-20,-84],[48,8],[57,1],[18,-23],[-8,-42],[34,5],[15,-24],[3,-101],[25,-13],[-3,-44],[-15,-84],[-19,-62],[-41,-68],[7,-48],[32,-16],[27,-41],[17,-13],[30,10],[11,19],[19,-32],[7,-38],[-34,-13],[-34,-51],[-9,-25],[-22,-18],[-8,31],[-53,19],[-17,-55],[14,-87],[25,-47],[4,-30],[-26,-32],[-21,29],[-35,-21],[-34,-32],[-25,-53],[-54,-3],[-34,-15],[-64,34],[-56,-58],[-51,-20],[-22,-47],[-3,-25],[-22,-32],[12,-25],[-10,-66],[-29,-77],[0,-33],[24,-37],[-50,-55],[-34,-14],[-34,-37],[-22,4],[-38,-50],[-8,-20],[-35,39],[-22,8],[-58,59],[-39,9],[-9,-29],[-35,-7],[-19,23],[-17,52],[14,27],[-4,23],[-38,52],[-34,174],[-31,6],[-30,23],[-34,-45],[-78,-22],[-41,13],[-31,27],[-20,-11],[-42,-6],[-48,43],[-17,45],[-13,13],[-19,-26],[-3,-31],[15,-37],[1,-61],[-54,-47],[-20,-44],[-35,7],[-15,-14],[-38,8],[-10,-44],[-17,-25],[-2,-48],[22,-75],[-4,-72],[-32,-24],[-62,-8],[-48,16],[-82,-91],[4,-35],[19,-37],[-88,-13],[-6,-6]],[[45886,27228],[1,28],[32,4],[12,36],[9,100],[49,40],[-7,42],[22,27],[-52,24],[18,29],[21,62],[-13,43],[27,2],[-24,54],[20,26]],[[46150,28547],[38,55],[7,73],[52,-10],[12,104],[9,-1],[13,139],[43,-9],[8,87],[47,-7],[6,52],[-23,21],[-25,7],[5,44],[50,-11],[4,34],[19,1],[5,-40],[48,-9],[-5,37],[5,45],[-10,40],[26,3],[69,-15],[-17,60],[4,27],[17,20],[24,-5],[20,14],[-20,43],[25,22],[-16,31],[20,82],[3,35],[56,-12]],[[47146,27949],[-56,2],[-52,12],[-10,-95],[11,-2],[-14,-127],[-29,49],[-4,-33],[-18,-25],[-4,-37],[-18,4],[-40,-28],[-21,-28],[45,-2],[24,8],[-9,-71],[-38,-24],[-18,7],[-11,28],[-40,-9],[-36,20],[-7,-37],[-25,-35],[14,-76],[-32,-12],[-2,53],[-64,13],[-9,-5],[-50,14],[-18,-16],[-18,-51]],[[43830,26337],[-50,28],[-47,35],[-14,22],[12,119],[-27,38],[-40,38],[-9,27],[-12,89],[-1,35],[23,34],[44,28],[3,18],[-7,63]],[[43705,26911],[6,13],[40,-7],[1,35],[16,141],[-103,22],[28,275],[-89,62],[3,35],[-37,21],[17,174],[14,164],[-5,30],[-37,86],[49,25],[52,8]],[[43904,27691],[29,-42],[3,-28],[22,-3],[11,-32],[-13,-27],[48,-66],[3,-43],[13,-13],[0,-35],[17,-40],[22,-7],[13,-29],[-21,-30],[-38,2],[-3,-38],[-26,-80],[42,-42],[19,19],[27,-9],[-11,-34],[10,-33],[-16,-47],[58,-46]],[[44092,26749],[6,-77],[19,-59],[18,-131],[-24,-26],[-144,25],[-126,-137],[-11,-7]],[[39002,26610],[1,-7],[-26,-233],[-95,-882],[-198,39],[-55,-520]],[[38629,25007],[-21,15],[-9,31],[6,22],[-63,74],[-27,40],[-37,-68],[-17,39],[-10,80],[-28,22],[-5,28],[-26,28],[-11,33],[3,70],[12,45],[-11,9],[-2,56],[14,19],[-1,38],[-35,35],[1,53],[-22,45],[27,24],[6,25],[-11,38],[12,38],[-6,15],[-35,5],[-28,60],[22,32],[2,40],[-10,57],[-32,11],[-19,-15],[-28,31],[-13,-16],[-26,37],[-11,35],[21,17],[-5,61],[-28,-67],[-47,-200],[-412,85],[-7,-31],[-29,-263],[-10,-37],[-32,-292],[-19,-43],[-10,35],[-63,29],[-16,-40],[-32,5],[-11,-20],[-23,-1],[-19,34],[-79,-61],[-37,46],[-49,-14],[-16,62],[-23,4],[-31,27],[-17,54],[-30,12],[-77,-3],[0,33],[-22,5],[-38,70],[-34,42],[-28,-2],[20,180],[-55,4],[-184,36],[-103,30],[-18,83],[-172,39],[-11,-57],[-100,22],[4,38],[-55,8],[-11,-43],[-111,23],[-20,-77],[-35,-96],[-17,-23],[-52,-37],[-7,-55],[88,-97],[70,-45],[45,-9],[27,-63],[10,-175],[17,-62],[2,-43],[-6,-116],[-10,-84],[18,-110],[26,-63],[84,-37],[48,-38],[-59,-20],[-26,-33],[-83,-174],[-13,-44],[-44,-51],[-48,-132],[-29,-20],[-39,-8],[-7,-22],[-40,-30],[-12,-108],[-6,-24],[4,-45],[-45,-43],[-15,-66],[-23,-214],[-24,-211],[380,-79],[-20,-33],[-2,-65],[28,-33],[-14,-27],[-11,-73],[16,-41],[-9,-25],[4,-91],[-3,-47],[6,-30],[32,-44],[12,-31],[-9,-44]],[[36360,22910],[-106,24],[-23,19],[-23,-30],[-30,29],[-358,78],[-16,7],[-89,18],[-33,-281],[-138,29],[-27,29],[-10,-40],[13,-27],[-21,-54],[-19,14],[-21,-4],[4,-47],[15,-5],[-176,-83],[16,-35],[-59,-40],[-3,-46],[-25,-18],[-33,-47],[1,-60],[-8,-9],[-231,47],[-26,-243],[-125,24],[-28,33],[-50,-460],[92,-45],[-59,-548],[4,-14],[-20,-189],[20,0],[0,-40],[-22,-36],[24,-27],[-10,-39],[17,-44],[41,-13],[58,-80],[-19,-32],[1,-48],[-11,-30],[20,-42],[21,-24],[-9,-41]],[[34879,20440],[-10,-1],[-48,-55],[-4,-19],[-27,-12]],[[34790,20353],[-40,-38],[-40,-27],[-19,-24],[-44,-7],[-43,1],[-67,-8],[-40,16],[-25,-15],[-56,21],[-6,-17],[12,-37],[-40,-30],[-27,23],[-22,-14],[-2,-28],[-24,-31],[-37,-21],[-12,60],[-18,-8],[-38,16],[-9,26],[-59,-42],[-45,17],[-13,-61],[-31,-22],[-35,9],[-9,-38],[9,-22],[-9,-49],[-87,16],[-11,-31],[-22,-12],[-25,60],[-8,52],[-24,29],[-60,34],[-42,-16],[-23,-17],[-23,24],[-33,-64],[18,-17],[-34,-97],[-41,-27],[-27,-57],[-18,7],[-8,29],[-29,5],[-27,-52],[-45,60],[-26,-40],[-21,12],[-10,28],[12,25],[-24,34],[-47,10],[10,45],[-16,18],[-30,8],[-15,-26],[2,-45],[-11,-11],[-56,20],[-14,13],[6,38],[-28,20],[6,53],[-17,23],[-58,14],[-89,-20],[-10,18],[-33,-15],[-55,5],[-27,-12],[-33,26],[-34,8],[-11,41],[-66,63],[-15,-21],[-26,14],[-10,21],[11,44],[-24,13],[-22,-208],[-50,-439],[-479,99],[-352,71],[-2,4],[-174,35],[12,137],[107,299],[14,15],[27,240],[46,-5],[-43,216],[-66,16],[51,469],[-1,2],[73,645],[-683,50],[-44,-6],[-172,-89],[-145,-52],[-146,15],[-162,-7],[-393,-47],[-111,44],[-91,19],[-276,53],[-6,34],[21,60],[-28,42],[10,14],[40,-13],[-2,44],[14,30],[49,15],[41,-10],[29,9],[26,-27],[29,0],[62,22],[13,22],[1,65],[-25,32],[-31,6],[26,56],[-6,22],[7,42],[-32,25],[8,19],[-17,38],[-4,33],[-28,21],[2,48],[12,25],[-28,35],[-30,-4],[-32,47],[-28,3],[0,49],[-21,-2],[-14,-70],[-28,8],[4,38],[-30,37],[-50,-2],[-5,-19],[-29,4],[-14,59],[28,-9],[12,25],[-28,92],[-34,48],[19,22],[-14,22],[0,51],[-25,16],[-14,50],[-39,52],[0,14],[-45,11],[-121,-69],[-43,145],[-631,133],[-634,134],[9,21],[-27,16],[-6,25],[26,36],[1,45],[13,50],[-18,29],[2,29],[-25,67],[-21,-12],[-30,28],[-4,33],[-38,22],[-16,33],[-22,23],[-13,41],[-17,27],[-20,0],[-37,77],[-27,27],[-48,20],[-25,-44],[-19,2],[2,38],[-20,6],[-26,41],[12,91],[19,-15],[10,23],[-1,77],[16,33],[-20,30],[-25,113],[19,82],[21,3],[41,34],[1,31],[14,35],[-5,49],[4,39],[-52,90],[-26,93],[-38,50],[-15,34],[3,41],[22,16],[12,29],[7,76],[-17,24],[-5,54],[-11,31],[24,19],[-21,44],[-2,29],[42,24],[-1,83],[5,37],[18,43],[-16,62],[3,93],[17,30],[-1,44],[-10,50],[2,56],[-12,41],[-33,44],[-25,56],[19,130],[-11,52],[-3,48],[11,40],[0,76],[-15,69],[61,558]],[[27560,27094],[56,505],[224,-49],[17,157],[218,-46],[10,93],[-13,3],[18,143],[315,-69],[-36,-354],[177,-35],[-7,-65],[372,-80],[5,-86],[25,-15],[37,23],[36,-21],[11,-28],[41,-6],[14,22],[45,-7],[65,-59],[27,7],[31,35],[50,9],[0,55],[26,-14],[36,42],[73,50],[13,80],[22,55],[-6,32],[-46,7],[19,52],[14,-3],[8,76],[-15,34],[15,64],[20,40],[-27,27],[-30,6],[-16,21],[18,176],[50,-9],[51,37],[4,43],[-24,17],[3,26],[77,-18],[26,2],[77,-165],[15,-21],[30,11],[8,-22],[51,-13],[131,-25],[51,15],[49,-9],[48,2],[-12,-43],[41,-7],[24,83],[1,71],[33,8],[82,-12],[32,-22],[51,24],[33,-2],[21,9],[34,34],[259,-48],[6,62],[248,-47],[313,-71],[31,-5],[25,231],[149,-32],[61,-62],[31,59],[224,-226],[28,57],[69,-11],[-12,-38],[31,-30],[67,-108],[16,-74],[106,46],[-7,33],[51,22],[-13,53],[39,186],[22,-10],[-6,-43],[139,58],[-2,32],[12,38],[-24,45],[4,76],[-11,44],[9,42],[-4,41],[-18,35],[-30,-20],[-26,53],[-68,-13],[-19,-40],[-22,19],[16,61],[19,32],[-22,25],[-30,-24],[-18,5],[-5,32],[18,9],[13,34],[-3,28],[-28,9],[7,25],[-19,43],[14,38],[-22,3],[0,54],[-20,-3],[-6,35],[-33,10],[-32,-43],[-12,11],[-26,64],[-5,54],[-24,5],[-2,49],[14,57],[-27,84],[15,54],[37,17],[-36,98],[-26,50],[18,65],[-41,80],[13,34],[2,63],[-18,31],[14,62],[36,87]],[[31868,29677],[42,14],[7,56],[30,50],[5,45],[32,37],[13,47],[21,24],[-5,40],[7,38],[14,22],[-7,51],[18,37],[-29,87],[23,30],[-4,47],[4,50],[-16,40],[7,64],[-25,39],[18,51],[-10,26],[17,31],[25,-9],[57,88],[39,85],[35,-4],[12,113],[-37,7],[6,38],[17,28],[21,-7],[47,28],[65,-1],[57,53],[52,-11],[30,32],[20,-9],[38,27],[64,-37],[25,42],[35,28]],[[32638,31094],[31,37],[1,39],[37,-5],[11,36],[14,1],[2,45],[44,118],[7,38],[21,34],[48,-7],[93,-71],[-4,117],[30,88],[-5,110],[-14,73],[8,58],[32,320],[-12,88],[32,322],[430,-84],[112,-24],[-7,47],[27,-6],[17,-34],[131,-26],[-1,-11],[52,-12],[190,-37],[3,-16],[-27,-34],[173,3],[17,13],[34,327],[8,94],[142,-120],[11,44],[28,-7],[5,41],[29,-8],[-5,-40],[26,-3],[17,24],[41,16],[39,60],[51,6],[36,35],[28,110],[9,103]],[[34630,32996],[47,-30],[-1,21],[410,-58],[20,-29],[9,-45],[18,-56],[-4,-20],[-10,-142],[15,-36],[-12,-14],[6,-50],[181,63],[220,75],[12,82],[-11,150],[33,34],[11,69],[13,11],[31,-29],[75,-15],[6,58],[-64,17],[14,135],[-16,84],[994,-197],[-15,-113],[-105,-971],[15,-31],[15,-4],[-2,-69],[23,-71],[16,-97],[30,-28],[-1,-78],[12,-32],[23,-9],[-15,-90],[-31,-11],[-22,-49],[-32,-24],[-19,13],[-9,-35],[22,-70],[27,-54],[35,-9],[32,-46],[30,13],[55,-26],[-7,29],[67,23],[47,-60],[26,-26],[47,1],[4,47],[94,-16],[-6,-66],[57,-9],[24,26],[25,-23],[14,-31],[10,91],[25,-5],[2,-30],[24,-19],[72,15],[8,-31],[-4,-54],[-38,-49],[53,-90],[29,-6],[13,35],[17,15],[17,-18],[19,10],[40,-8],[18,10],[21,64],[52,77],[58,-12],[30,-53],[39,20],[15,-51],[20,11],[-10,36],[43,23],[33,-54],[26,13],[10,-36],[16,9],[43,416],[46,19],[32,-29],[-22,-17],[6,-29],[63,-49],[16,-48],[15,-2],[15,-60],[31,7],[9,-53],[-6,-31],[-32,-13],[13,-62],[-14,-40],[34,-12],[-5,-32],[-18,-44],[7,-19],[40,-18],[33,7],[18,-41],[25,10],[10,-66],[-6,-23],[19,-34],[32,14],[10,-25],[6,-62],[-29,-3],[17,-37],[42,-5],[-54,-58],[31,-47],[-22,-79],[-19,30],[-14,48],[-15,-113],[11,-29],[28,-32],[-35,-31],[25,-26],[22,-82],[68,-33],[2,-54],[12,-18],[18,-62],[30,-13],[9,-21],[-17,-29],[15,-27],[19,1],[28,-53],[33,-34],[22,-10],[14,-28],[37,-21],[24,-88],[118,-22],[159,-24],[86,-213]],[[38846,29442],[-10,-37],[-6,-112],[-21,-45],[-3,-29],[-20,-36],[-53,-41],[-11,-17],[-14,-89],[22,-43],[-12,-117],[-20,3],[-4,-29],[15,-23],[81,-17],[53,-36],[26,-44],[11,-57],[4,-80],[10,-35],[50,-51],[29,-14],[20,-32],[32,-10],[38,6],[14,-11],[-14,-134],[31,-26],[16,-47],[-2,-71],[-19,-80],[10,-14],[46,-10],[-34,-345],[-52,-540],[-57,-569]],[[46964,36012],[-778,5],[5,-38],[-109,1],[5,-23],[-17,-73],[22,-132],[132,-4],[26,-180],[-281,-1],[-3,-5],[-181,-1],[-40,-40],[-24,-6],[-4,-58],[-200,0],[0,14],[-125,0],[-28,3],[-4,-43],[7,-22],[-29,-34],[-13,-36],[-41,-7],[-146,31],[-6,-58],[-19,-69],[-26,-56],[-49,-91],[-8,-43],[1,-64],[15,-91],[6,-87],[-2,-55],[-22,-137],[-3,-76],[10,-62],[43,-135],[11,-85],[-7,-105]],[[45082,34149],[-254,51],[8,69],[13,59],[-37,40],[-47,30],[-39,50],[-10,-81],[-201,43],[-31,9],[-48,60],[-55,-27],[3,-14],[-282,61],[-8,-83],[-39,10],[-30,-6],[-23,12],[-16,52],[-3,69],[-32,-21],[-54,16]],[[43897,34548],[9,52],[-5,37],[18,40],[-65,16],[30,279],[-284,54],[11,42],[-38,8],[-26,30],[1,74],[-47,48],[1,-36],[-45,-15],[-13,4],[-20,62],[-17,-5],[-7,67],[-34,23],[-25,-10],[-28,19],[-17,91],[-49,-22],[-25,-19],[-12,19],[-7,49],[-63,19],[-16,-6],[23,222],[50,489],[-31,-48],[-52,-15],[-30,-26],[-48,39],[-43,-9],[-21,17],[-82,35],[-33,34],[-2,67],[-9,25],[-21,142],[45,433],[30,268],[-37,82],[-100,24],[23,143],[14,69],[-98,35],[13,67],[-99,36],[-9,-52],[-188,32],[-88,-130],[-2,92],[-89,-1],[1,-107],[-84,-2],[-340,4],[-22,47],[-251,89],[-33,11],[22,34],[8,-31],[33,7],[22,45],[51,25],[0,487],[-17,0],[-5,137],[-26,1],[3,147],[-22,0],[2,179],[72,-1],[28,-18],[81,17],[-12,34],[3,270],[60,-10],[20,210],[10,-1],[15,137],[-80,17],[-87,91],[-11,23],[-32,34],[-10,48],[19,85],[-32,65],[-5,55],[18,87],[-200,3],[-1,-65],[-38,1],[-24,-19],[-4,-66],[-147,4],[-726,10],[-115,-1],[-42,6],[-44,17],[-39,51],[-53,18],[-66,61],[-32,-16],[-40,19],[-36,-49],[-41,-2],[-23,-18],[-35,-42],[-29,6],[-38,-43],[-40,-5],[-23,-63],[-100,-70],[-27,36],[-36,20],[-8,22],[9,52],[-31,26],[13,39],[-34,52],[5,27],[40,-4],[13,79],[-19,29],[41,38],[17,76],[35,1],[-46,48],[-2,36],[-18,6],[8,37],[-4,36],[15,90],[12,34],[-23,43],[-2,47],[19,25],[29,9],[32,-8],[17,80],[-16,62],[-54,9],[-210,43],[39,65],[-93,18],[-17,8],[-239,45],[69,639],[27,267],[-2,3],[57,532],[-93,91],[-44,126],[-31,58],[-12,-22],[44,-66],[1,-18],[-45,-84],[-14,20],[-4,43],[4,49],[-76,55],[-3,33],[-20,8],[7,30],[-23,17],[16,54],[-15,28],[-52,-5],[-11,8],[-8,44],[-15,36],[-24,-48],[-101,78],[4,33],[35,36],[-23,15],[-16,31],[-19,4],[-12,42],[-15,2]],[[41146,52462],[24,5],[251,0],[203,2],[-2,281],[415,1],[591,1],[-1,545],[302,0],[1,5],[429,2],[430,0],[0,503],[252,0],[0,333],[548,1],[0,-280],[-2,-279],[164,-1],[400,0],[0,404],[1,109],[-1,286],[794,-2],[519,-1],[-1,143],[80,-1],[-1,-141],[123,0],[0,284],[302,0],[-1,-568],[101,0]],[[47067,54094],[0,-1137],[-4,-1],[-1,-168],[104,-105],[0,-174],[51,-5],[-3,-59],[-42,1],[-7,-84],[12,0],[-1,-69],[15,1],[0,-73],[77,0],[0,-287],[-308,0],[-1,-134],[-24,0],[-1,-112],[-93,0],[-7,-88],[22,-46],[0,-106],[-17,-11],[-30,-49],[-1,-22],[663,2],[203,-1],[402,0],[0,-282],[102,0],[0,144],[68,-1],[15,140],[41,0],[1,-68],[38,-73],[47,24],[28,4],[39,17],[20,-25],[7,33],[18,2],[17,-33],[23,-20],[30,25],[35,-40],[65,-40],[28,5],[21,-21],[27,29],[60,-10],[15,31],[-5,32],[22,19],[25,0],[15,24],[10,88],[41,-5],[178,-2],[251,1],[563,1],[7,-21],[93,0],[8,21],[294,0],[0,-190],[370,3],[0,637],[1,673],[0,339],[21,-26],[8,-32],[16,-2],[18,25],[28,-11],[38,53],[44,-40],[26,17],[34,-50],[24,20],[5,35],[20,6],[12,-19],[41,16],[27,-12],[23,29],[21,5],[44,-42],[30,2],[76,-55],[33,-1],[16,-40],[27,7],[27,-40],[28,2],[-9,30],[19,28],[14,-17],[43,21],[19,-8],[19,-36],[57,40],[63,19],[22,22],[53,-25],[43,22],[22,46],[37,-1],[24,-30],[22,19],[30,-27],[18,29],[27,69],[15,-9],[15,-37],[21,-8],[16,-43],[30,3],[41,-10],[31,-28],[16,-62],[22,-18],[-30,-282],[198,-41],[6,51],[221,1],[0,286],[34,4],[23,-41],[38,-7],[37,14],[17,47],[24,30],[49,3],[15,53],[11,13],[33,4],[44,24],[2,-20],[44,-22],[31,2],[44,-9],[19,-47],[22,-13],[11,-61],[-23,-25],[55,-23],[18,19],[25,-12],[50,-5],[25,-18],[34,14],[40,-12],[26,-25],[16,14],[16,-22],[-6,-33],[15,-52],[25,6],[29,-58],[22,-8],[28,21],[18,169],[93,781],[11,110],[41,351],[93,769],[-1,614]],[[53654,55228],[0,2],[366,-1],[321,1],[784,-2],[301,-3],[361,0],[446,4],[2,255],[1,393],[19,26],[44,175],[205,0],[327,-3],[313,2],[204,-1],[-4,-103],[4,-12],[-1,-168],[2,-258],[47,-87],[126,-223],[156,2],[27,3],[27,21],[43,46],[24,-11],[39,-2],[60,-26],[-1,-361],[2,-187],[0,-227],[71,-14],[22,19],[47,-1],[36,63],[61,-154],[24,-81],[-6,-29],[2,-153],[9,-45],[-10,-47],[0,-58],[17,-24],[36,20],[44,85],[46,32],[26,10],[-33,-346],[2,-5],[-32,-308],[-4,1],[-34,-348],[-27,-20],[-41,-9],[67,-174],[61,-238],[44,-113],[-20,-15],[75,-198],[-152,-112],[-176,-132],[35,-84],[-82,-43],[-92,-39],[-73,-50],[97,-258],[162,-154],[36,-100],[79,-65],[-6,-24],[6,-40],[-9,-59],[-75,-1],[1,-209],[-77,-59],[-1,-368],[52,0],[1,-387],[-33,-31],[-22,1],[-1,-463],[101,-2],[0,-34],[98,-1],[-20,-158],[43,10],[36,-35],[20,4],[61,-15],[-68,-510],[23,-19],[-37,-59],[-42,-347],[231,-946],[1,-54],[10,-6],[-9,-62],[-49,-114],[11,-35],[-8,-108],[20,-34],[131,-28],[0,-22],[35,-54],[-1,-24],[19,-25],[-5,-77],[14,-30],[-4,-109],[20,-25],[11,-59],[15,-40],[-22,-26],[-9,-47],[-13,-8],[-4,-60],[14,-66],[-22,-20],[-24,-39],[-40,-13],[13,-76],[-6,-30],[6,-39],[-15,-59],[-20,-49],[11,-17],[-4,-35],[-24,-57],[23,-107],[31,-78],[12,-71],[-2,-31],[15,-39],[-4,-40],[12,-40],[-2,-87],[9,-21],[-7,-31],[-1,-114],[5,-53],[-8,-40],[16,-120],[-7,-21],[5,-76],[13,-41],[15,-175],[2,-46],[-11,-85],[-31,-32],[-10,-27],[-13,-88],[-3,-92],[-18,-54],[-5,-80],[-1,-100],[5,-48],[16,-37],[51,-59],[49,-50],[-6,-66],[63,-79],[4,-61],[-16,-50],[1,-58],[-21,-78],[-9,-114],[14,-15],[37,4],[19,-11],[78,-97],[46,31],[5,-53],[27,-78],[-1,-24],[54,-84],[0,-42],[-19,3]],[[50419,26009],[-16,5],[-24,53],[-48,17],[-27,44],[-24,16],[-33,-11],[-10,-26],[-121,32],[-22,64],[-26,38],[-31,20],[-27,3],[-46,60],[-79,8],[-21,8],[-320,-302],[8,-17],[-44,-42],[-13,-44],[-18,-3],[7,-57],[-125,-21],[-35,24],[-23,37],[-43,-41],[-2,-61],[8,-11],[-8,-109],[-44,3],[-5,24],[-24,-11],[-26,34],[-35,-13],[-14,-20],[-54,38],[-24,6],[-13,-24],[-26,-9],[-10,22],[-6,53],[-32,22],[28,30],[1,18],[68,-39],[12,65],[15,-5],[15,80],[-44,21],[1,21],[-23,45],[17,71],[-32,-12],[-11,-19],[-44,-20],[-18,-21],[-7,-68],[-45,7],[-26,-27],[-19,4],[-20,-72],[-27,-6],[-29,-24],[-46,5],[-36,-34],[-18,39],[-25,-8],[-40,-45],[-8,54],[-42,18],[-7,33],[-48,-23],[-16,61],[-85,-40]],[[48128,26873],[53,44],[58,66],[20,42],[44,21],[39,358],[12,92],[202,-35],[13,110],[-205,35],[-199,41],[-2,4],[24,211]],[[43830,26337],[27,-27],[13,-28],[-19,-43],[-26,12],[-16,-10],[-15,-33],[-35,-136],[-11,-89],[0,-35],[12,-94]],[[43749,25801],[-515,101],[8,74]],[[43242,25976],[10,69],[13,138],[-19,8],[5,64],[15,-3],[38,353],[5,64],[-22,5],[0,67]],[[43287,26741],[13,37],[30,3],[38,-12],[35,35],[-2,40],[-40,48],[26,91],[55,44],[45,68],[36,-2],[5,-16],[-14,-44],[-1,-37],[11,-14],[47,-7],[37,-62],[14,-9],[45,22],[38,-15]],[[46225,18517],[-296,660],[-19,-13],[-5,42],[-22,39]],[[45883,19245],[22,33],[38,82],[40,42],[17,5],[42,36],[44,123],[17,36],[18,79],[22,124],[18,165],[9,124],[6,166]],[[46725,20026],[-14,-121],[-18,-6],[-81,13],[-10,-85],[118,-56],[-3,-197],[-9,-70],[-13,-51],[-53,-147],[-47,-307],[-32,-128],[-19,-42],[-36,-150],[-21,-54],[-49,8],[-92,-62],[-68,31],[-53,-85]],[[38398,17918],[5,51],[-3,140],[-22,32],[-40,-5],[-15,35],[-26,35],[-12,36],[-16,4],[-64,-19],[-13,-39],[-35,-51],[-30,7],[-40,77],[-10,41],[-28,61],[-42,27],[-19,53],[-20,155],[-18,56],[-29,37],[-42,10],[-47,-20],[-41,14],[-34,56],[-12,77],[-17,11],[-24,-12],[-25,31],[-18,-26],[-24,-6],[-5,28],[-35,-48],[-5,-42],[-16,5],[-8,-74],[-32,6],[-22,23],[-1,25],[-29,6],[-47,-16],[-5,-32],[-57,-7],[-1,16],[-42,-7],[-11,28],[180,297],[-136,29],[11,101],[-35,27],[-57,117],[-7,46],[-23,73],[7,38],[30,37],[9,37],[-27,87],[-38,17],[-41,-8],[-29,-67],[-47,-51],[-32,8],[-18,39],[-21,6],[-16,-22],[8,-28],[-21,-22],[-33,1],[-21,-14],[0,-72],[-17,-20],[-33,0],[-7,15],[-3,100],[-12,30],[11,29],[-34,36],[-19,9],[-12,-20],[-22,16],[-41,-8],[-12,15],[-29,-31],[-27,21],[-25,-6],[-66,89],[-28,76],[-109,-32],[-67,-32],[-36,-11],[-4,16],[27,43],[-17,67],[-9,1],[-59,-39],[4,-19],[-13,-39],[-19,-4],[3,-40],[-29,6],[-13,23],[-53,-95],[-28,11],[-41,34],[29,18],[-17,89],[-15,18],[-36,4],[-49,-24],[5,-24],[-8,-38],[-29,-25],[-34,-9],[-8,-22],[-47,-16],[-2,-38],[-26,3],[-50,49],[-19,-6],[-18,-28],[-22,-1],[-5,41],[15,33],[33,0],[18,20],[-5,28],[-23,8],[-23,73],[-59,-6],[-15,29],[-32,20],[-28,-8],[-32,-28],[-17,44],[-55,27],[-11,13],[-28,102],[-51,-5],[-21,67],[-32,11],[-12,58],[-23,57],[12,16],[-11,29],[-72,-4],[-3,27],[-39,33],[-26,-32],[30,-101],[0,-86],[-26,4],[5,50],[-26,9],[-33,-36],[-9,21],[-15,77],[-24,82],[-19,-22],[-6,-47],[-21,-45],[-15,3],[-35,63],[-1,30],[-20,9],[-17,-26],[-7,-39],[15,-23],[-5,-28],[-2,-83],[-28,-27],[-58,-31],[-34,-2],[-25,17],[2,46],[-15,44],[-36,26],[-10,53],[43,159],[43,79],[-6,47]],[[36360,22910],[22,-27],[-19,-50],[23,-32],[4,-46],[-16,1],[-7,-53],[38,-5],[17,-48],[25,-17],[-22,-41],[18,-16],[-5,-49],[-12,-16],[15,-73],[-4,-15],[-40,-4],[8,-31],[-9,-93],[-22,-70],[23,-33],[2,-38],[21,-3],[22,-84],[2,-43],[31,-17],[21,-31],[-23,-83],[16,-61],[-6,-22],[9,-41],[28,-41],[18,7],[31,-36],[2,-49],[-21,-27],[43,-32],[1,-59],[24,-30],[-19,-40],[23,-54],[-5,-97],[-34,-80],[0,-120],[27,-17],[36,3],[2,-17],[55,-4],[11,29],[16,6],[22,-35],[22,-12],[-2,-35],[31,-52],[21,-7],[29,-85],[22,-10],[1,-28],[-24,-18],[2,-55],[-34,-6],[-6,-29],[-20,-37],[9,-29],[-18,-15],[-41,23],[-25,-73],[8,-30],[-49,10],[-37,-342],[126,-25],[23,206],[43,-9],[-2,60],[21,-12],[60,8],[70,48],[8,21],[99,-43],[89,-80],[-9,-87],[13,-27],[84,-18],[-11,-169],[-15,-72],[-15,-138],[280,-62],[147,-30]],[[37652,19817],[-5,-32],[7,-77],[47,-70],[73,-63],[18,-24],[59,-3],[52,28],[18,19],[53,14],[12,-37],[30,-62],[35,-18],[29,0],[18,-40],[53,-34],[19,-39],[41,16],[100,-16],[17,6],[19,99],[9,100],[-9,37],[-1,48],[18,107],[18,75],[33,91],[17,-8],[21,-66],[12,-65],[26,-67],[12,-53],[33,-64],[79,-126],[35,-33],[72,-88],[48,-45]],[[74813,22415],[-1,36],[-21,2],[-43,26],[-22,28],[-10,65],[33,81],[5,32],[-12,57],[82,73],[64,36],[44,18],[50,59],[18,50],[-28,121],[-86,165],[-92,-101],[-35,-14],[-67,-70],[-34,-41],[-56,-13],[-30,11],[-22,-62],[-81,-41],[-24,-24],[-31,-15],[-43,-39],[-29,-1],[-26,-17],[-24,-45],[-21,-19],[-54,-64],[4,-93],[-3,-109],[-19,-44],[-39,-26],[-33,-41],[-66,-35],[-39,-48],[-10,-25],[-33,-47],[-16,-9],[-56,-66],[-25,-20],[-19,0],[-47,36],[-21,-13],[-24,-35],[-7,-68],[6,-69],[-1,-91],[-9,-17],[-63,-42],[-31,-53],[-72,-72],[-49,-23],[-33,-34],[-40,-92],[-33,-58],[-69,-106],[-58,-65],[-40,-21],[-49,27],[-56,-17],[-21,1],[-26,22],[-22,0],[-41,-28],[-44,-47],[-16,-5],[-111,-11],[-48,58],[-24,39],[-38,-24],[-54,-57],[-32,-5],[-68,-96],[-9,-39],[-59,-143],[-21,-27],[-39,20],[-25,-14],[-39,-4],[-26,25],[-25,59],[-22,-5],[-40,-47],[-37,-26],[-47,-10],[-43,15],[-37,-24],[-15,-23],[-29,-13],[-35,-48],[-47,-14],[-47,35],[-18,50],[23,31],[94,9],[18,12],[-3,52],[-31,42],[-8,48],[23,62],[2,53],[28,46],[41,29],[33,-4],[-4,45],[-68,-36],[-38,-59],[-16,-53],[-55,-79],[-35,-62],[-52,-78],[-12,-32],[-6,-92],[37,-263],[-10,-85],[-34,-88],[-21,-38],[-52,-59],[-43,-58],[-18,-8],[-22,12],[-29,33],[-70,118],[-19,69],[14,31],[23,83],[-3,181],[-6,70],[-13,94],[-29,151],[-41,155],[-39,97],[-23,46],[-28,14],[-52,65],[-27,22],[-30,6],[-23,-17],[-4,-27],[-35,-17],[-51,21],[-58,54],[-39,-13],[-103,17],[-48,-4],[-29,11],[-51,-5],[-59,-22],[-59,-16],[-46,-3],[-94,-56],[-60,-28],[-21,-3],[-50,-37],[-17,-27],[-41,-22],[-64,6],[-82,28],[-19,-4],[-57,88],[-50,67],[-51,46],[-39,12],[-41,2],[-48,-41],[-10,-20],[-8,-61],[-19,-48],[-53,20],[-36,63],[-40,-11],[-30,-23],[-22,-3],[-15,-40],[-8,-74],[-39,-62],[14,-13],[7,-51],[-11,-37],[-3,-85],[-13,-73],[-5,-61],[-13,-59],[-9,-88],[-17,35],[-59,35],[-29,6],[-54,-5],[-27,-15],[-33,-36],[-16,-6],[-104,82],[-57,-16],[9,86],[-53,100],[-5,23],[-28,41],[-52,7],[-43,-43],[-13,-37],[-509,110],[-32,-287],[-71,19],[-538,117],[-29,-246],[-64,14],[-6,-48],[-26,7],[14,115],[20,9],[4,79],[-36,41],[3,32],[-9,25],[-45,10],[-27,102],[-27,9],[-40,-5],[-94,37],[-55,13],[-7,-67],[-13,3],[-19,40],[-53,11],[-56,62],[7,60],[-50,11],[-39,-16],[-20,-34],[-29,5],[-2,27],[-21,5],[46,-149],[0,-53],[-64,-110],[-24,-59],[-4,-43],[22,-38],[50,-6],[-45,-387],[-25,17],[-30,-8],[-8,23],[-39,-2],[13,54],[2,37],[-11,15],[-21,-21],[-10,19],[21,25],[0,109],[-17,49],[-29,36],[52,7],[19,-23],[16,16],[-44,25],[-10,56],[-32,12],[3,25],[-18,33],[25,12],[-38,34],[-14,23],[-18,-45],[-13,46],[-33,-1],[-9,23],[30,17],[-5,39],[-47,-31],[-11,44],[-13,4],[-1,75],[-8,26],[42,8],[4,52],[23,32],[-8,18],[-39,0],[-28,-20],[24,86],[-10,42],[10,22],[-81,20],[-11,31],[-36,-4],[-26,80],[-50,24],[-10,42],[-39,52],[-38,-49],[-19,17],[-19,37],[-6,46],[-24,28],[-22,-13],[-15,49],[-51,-8],[4,22],[-21,22],[4,83],[-28,2],[-10,26],[-40,-26],[-27,-7],[-20,34],[-25,-4],[-1,-56],[-21,-20],[-23,13],[-14,-30],[-35,12],[6,28],[-50,27],[-10,21],[8,33],[-34,1],[-2,34],[-17,20],[-24,56],[-28,-11],[-34,40],[-7,27],[-23,7],[-16,26],[-35,14],[-32,-35],[-17,-2],[-29,23],[-36,60],[-31,-5],[-24,13],[-84,-64],[-43,-23],[-8,-34],[-59,-14],[16,43],[-16,24],[-37,23],[-38,7],[-49,-21],[-20,-71],[-32,-6],[-37,32],[-15,27],[-45,29],[-40,34],[-20,-46],[-27,-34],[-39,2],[-17,-27],[-22,25],[-18,3],[-14,45],[-25,41],[-25,13],[-7,-27],[-32,7],[-7,19],[-46,49],[-12,35],[-54,-8],[-71,-61],[-35,27],[-5,18],[-28,1],[9,45],[-21,15],[-34,-30],[-43,-65],[-20,42],[-49,75],[-15,-21],[-16,13],[-5,50],[16,11],[-23,50],[-23,1],[-20,-17],[-7,37],[7,35],[23,47],[-21,8],[-57,-18],[-9,-32],[-26,10],[-49,1],[8,-38],[-8,-29],[-56,19],[-31,35],[-12,37],[-38,1],[-9,-29],[-36,-18],[-35,17],[-24,-22],[16,-40],[-52,-8],[-17,48],[-28,-10],[-75,-11],[-15,-27],[6,-31],[-9,-21],[-40,-3],[-13,-20],[-16,19],[-25,-12],[-38,-53],[-18,-5],[-12,24],[-29,-7],[-15,67],[-38,17],[-16,26],[-18,-13],[-44,19],[-23,25],[-11,66],[-29,-54],[-16,32],[6,33],[-16,33],[-28,-9],[-60,9],[-20,-12],[-12,20],[-38,-37],[-17,24],[-28,-4],[-46,19],[1,-31],[-43,6],[-20,-110],[29,-7],[-9,-25],[-37,-18],[-27,-45],[-18,-14],[-70,-17],[-43,-16],[-40,-5],[-27,7],[-45,36],[-21,32],[-25,77],[-24,36],[-41,96],[2,30],[-34,79],[-19,62],[38,23],[1,26],[-23,13],[-40,-25],[-51,20],[-11,-61],[-18,-51],[-34,-40],[-22,9],[-2,52],[38,53],[-26,35],[-48,1],[-6,-56],[-22,-6],[-30,21],[-27,2],[0,-34],[11,-39],[-6,-42],[-31,1],[-11,82],[-42,19],[-22,-18],[-11,-45],[-17,-6]],[[62404,22804],[-35,12],[-24,28],[-10,-8],[-14,-51],[-25,-31],[-41,-12],[-39,-47],[-24,24],[-22,-5],[-18,-22],[-15,19],[-7,82],[-58,57],[-17,60],[-36,33],[-13,-9],[19,-62],[-15,-40],[-31,27],[-29,-9],[1,30],[-12,29],[17,69],[2,30],[-33,-6],[-28,42],[-29,14],[-19,-19],[-5,-65],[-17,-2],[-23,32],[8,41],[-14,28],[-49,13],[-42,-3],[-13,-11],[-2,-50],[-21,-100],[-19,-69],[-28,-26],[-12,-43],[-26,-5],[13,-36],[1,-42],[-61,-8],[-17,-20],[-49,-27],[-3,-28],[-19,-16],[-8,31],[-21,-28],[-21,-10],[-33,8],[-30,58],[-49,-31],[-41,-16],[-11,-20],[3,-45],[-76,-60],[-24,-6],[136,2238],[54,908],[51,850],[108,1789],[-22,39],[-5,44],[12,35],[39,1],[25,20],[31,57],[15,4],[-13,64],[28,17],[15,35],[-4,56],[-29,49],[-2,37],[-34,-4],[-25,18],[-15,44],[-9,74],[-27,20],[-23,45],[-37,104],[-14,70],[1,41],[-62,116],[-24,34],[-49,20],[-13,-12],[-61,42],[-34,-22],[-50,78],[-14,43],[-21,-4],[-28,77],[-38,45],[-17,50],[6,34],[-29,51],[-34,100],[-21,27],[-42,-3],[-30,20],[-24,37],[-30,-32],[-16,-35],[-40,-47]],[[63068,38541],[0,23],[-24,52],[-7,102],[13,70],[-7,56],[-50,109],[11,102],[-17,28],[-15,50],[7,48],[-5,45],[25,35],[71,36],[21,5],[26,72],[39,-43],[95,-23],[27,-29],[18,-77],[16,-25],[35,-7],[26,-53],[31,-10],[7,-27],[38,-33],[9,-97],[-11,-17],[40,-44],[53,-11],[36,-73],[42,-33],[34,-13],[16,-18],[42,-7],[18,-27],[25,-7],[40,-44],[48,-13],[26,-20],[59,15],[34,39],[26,-4],[41,17],[51,-11],[42,15],[26,-18],[10,53],[-6,60],[22,0],[26,38],[31,16],[23,-40],[20,-6],[27,54],[25,18],[35,3],[-1,-36],[26,-22],[38,-9],[20,-22],[6,-44],[14,-41],[35,-55],[14,-70],[2,-47],[36,-30],[20,-43],[2,-76],[25,-32],[10,-33],[22,-21],[2,-29],[31,-8],[45,-44],[31,6],[65,-64],[17,-37],[26,-18],[48,-6],[27,5],[14,-47],[35,-11],[55,-48],[26,-84],[3,-49],[-6,-78],[9,-22],[39,15],[22,-19],[73,-20],[894,-222],[1577,-392],[916,-225],[661,-162],[707,-172],[776,-189],[531,1235],[-13,7],[-14,61],[18,41],[6,39],[-16,35],[-39,27],[-35,4],[-22,29],[-38,-13],[-31,37],[-1,41],[-30,37],[-30,51],[-15,39],[2,42],[-13,21],[-19,101],[-33,35],[-15,52],[-13,21],[-41,32],[-33,59],[8,50],[-20,39],[4,16],[-11,67],[-30,33],[-8,25],[-32,10],[-13,29],[-1,32],[-26,22],[-25,-4],[-14,20],[11,24],[-2,35],[-27,39],[-11,72],[-17,9],[-24,38],[3,45],[14,13],[20,93],[-10,110],[-43,52],[21,64],[-21,39],[-24,18],[-11,41],[-27,12],[-18,46],[475,-9],[21,21],[10,47],[18,38],[-17,18],[14,89],[21,35],[23,7],[29,-40],[40,60],[15,-15],[62,42],[-1,119],[-12,25],[5,42],[22,19],[10,63],[1,43],[-21,20],[-1,289],[2,122],[-7,30],[113,121],[-14,19],[4,56],[-24,-20],[-22,4],[5,34],[46,28],[-5,79],[-18,8],[33,51],[-32,71],[2,40],[12,27],[-10,24],[-26,11],[-42,-8],[-18,12],[-28,-18],[-85,10],[-12,-17],[-54,-35],[-14,-27],[-18,-3],[-23,29],[-48,5],[-15,-34],[-27,-38],[-26,11],[-4,67],[-69,9],[-12,16],[11,27],[-38,21],[-26,-19],[-22,28],[-25,4],[-46,40],[-14,28],[-17,-9],[-44,29],[-36,52],[-50,14],[-32,34],[-6,34],[-36,43],[1,20],[-53,45],[-29,-7],[-25,26],[-1,19],[-41,38],[-45,-4],[-11,33],[-42,3],[-48,-60],[-45,9],[-18,-20],[-35,10],[-28,-5],[-2,28],[-19,27],[-36,-26],[-9,11],[198,1550],[26,8],[53,53],[34,90],[16,30],[-15,38],[-1,35],[-22,62],[-6,75],[11,34],[52,58],[9,56],[21,68],[35,27],[-3,71],[25,6],[9,-21],[35,-12],[9,14],[1,100],[-9,23],[11,28],[81,-15],[17,-23],[25,4],[38,65],[1,24],[-46,65],[-7,19],[8,42],[32,38],[20,1],[19,74],[41,41],[51,8],[37,-22],[19,4],[39,60],[6,19],[-16,64],[-4,49],[18,37],[7,61],[-37,48],[-21,38],[-15,49],[-1,44],[32,50],[0,21],[-44,135],[-18,26],[-44,6],[-22,-9],[-59,19],[-14,-6],[-18,-39],[-22,-10],[-47,8],[-22,14],[-22,51],[-21,0],[-27,-38],[-6,-36],[-19,-1],[-49,50],[-37,22],[-75,21],[-49,0],[85,64],[16,20],[-4,37],[20,103],[1,71],[-10,41],[-70,81],[-46,86],[-27,68],[-41,57],[-18,42],[-9,57],[-24,58],[-29,48],[-1,43],[-10,49],[5,29],[20,23],[34,22],[42,40],[32,106],[14,7],[51,-22],[25,10],[26,45],[22,147],[-2,35],[-45,49],[9,64],[-4,21],[7,114],[-3,58],[17,49],[68,74],[71,17],[85,32],[19,-6]],[[79568,46641],[-29,-27],[15,-36],[-6,-75],[-12,-10],[-22,23],[-18,-55],[-25,-7],[-53,-48],[-16,-51],[10,-19],[49,9],[3,-29],[-25,-16],[-13,-64],[-25,-17],[-37,-1],[-36,-48],[-18,-62],[-4,-51],[-26,-27],[4,-24],[-46,-75],[9,-82],[-21,-64],[-22,-16],[-32,39],[-9,-8],[22,-81],[19,28],[20,-24],[19,8],[15,-60],[12,-6],[14,-53],[18,-22],[-27,-22],[9,-30],[49,7],[5,-30],[21,-4],[24,-32],[2,-20],[24,-22],[25,92],[43,-4],[6,23],[-3,70],[39,18],[19,-19],[32,4],[-2,30],[49,2],[61,-17],[52,33],[-4,35],[39,-10],[43,52],[24,-57],[22,-2],[13,18],[32,-50],[30,35],[33,1],[15,-33],[24,-23],[45,-22],[22,13],[14,-44],[-1,-43],[9,-10],[11,-69],[39,9],[41,54],[23,63],[35,41],[64,-46],[561,-399],[1140,-810],[786,-557],[1095,-769],[1734,-1220],[808,-568],[506,-356],[851,-591],[1303,-907],[672,-467],[903,-628],[795,-549],[760,-522],[907,-622],[952,-652],[541,-372],[635,-435],[486,-334],[948,-643],[542,-367],[752,-511],[910,-617],[1109,-748],[-36,-46],[-59,-64],[-31,-13],[-28,-65],[-24,-11],[-28,6],[-90,-41],[-36,-23],[-61,-27],[-85,-52],[-92,-73],[-34,-34],[-64,-81],[-34,-57],[-60,-114],[-10,-33],[-23,-4],[-63,7],[-99,36],[-110,13],[-136,-8],[-46,-10],[-92,-28],[-82,-40],[-30,-20],[-32,0],[-43,14],[-75,14],[-103,-7],[-80,-17],[-119,-38],[-174,-89],[-80,-54],[-120,-110],[-58,-64],[-22,-33],[-24,-18],[19,-82],[27,-55],[-84,-39],[-99,-68],[-64,-54],[-33,-47],[-11,-4],[-42,-98],[-7,-49],[-21,-23],[-17,-54],[5,-61],[-24,-4],[-63,-101],[-43,-97],[0,-43],[-26,-40],[6,-31],[-18,-18],[16,-55],[-58,-195],[-22,-44],[-6,-89],[-10,-44],[-17,-17],[-18,-77],[-40,-30],[-6,-36],[-31,-13],[-22,-73],[-31,-22],[3,-45],[-19,1],[-49,-56],[9,-37],[-16,-5],[-12,-39],[-27,-10],[-25,-33],[-6,-30],[12,-37],[-16,-17],[1,-37],[-10,-28],[-22,-6],[-9,-39],[9,-27],[0,-54],[-19,-103],[-25,-40],[-35,-25],[-41,-9],[-15,-16],[-82,-8],[-16,-15],[-68,-9],[-49,-16],[-69,-35],[-41,-29],[-11,-17],[-29,-4],[-62,-41],[-24,-6],[-103,-56],[-56,-55],[-23,-33],[-39,-34],[-5,-34],[-52,-65],[-7,-93],[-21,-78],[-9,-10],[3,-62],[-37,-33],[-26,44],[-28,26],[-79,4],[-59,-9],[-173,-46],[-7,-18],[-154,-52],[-28,-22],[-31,-49],[-2,-28],[-45,21],[-63,-31],[-70,-51],[-50,-52],[-39,-78],[23,-10],[-24,-35],[-10,-53],[-47,33],[-21,-18],[-41,-5],[-23,-11],[-60,-44],[-28,-45],[-1,-45],[7,-74],[-10,-16],[-5,-71],[-12,-78],[-13,0],[-41,-76],[-13,-38],[-58,-15],[-40,43],[-54,25],[-14,22],[-45,19],[-43,4],[-89,-3],[-51,-7],[-24,-28],[-69,1],[-63,-16],[-62,-80],[-28,-23],[-46,0],[-16,16],[-40,4],[2,31],[-13,14],[-41,10],[-80,5],[-46,-10],[-32,-34],[-36,-4],[-34,8],[-85,-18],[-35,-34],[-42,17],[-22,-10],[-45,29],[-45,13],[-61,8],[-141,-9],[-86,-13],[-152,-39],[-103,-42],[-47,-36],[-100,-8],[-82,-34],[-66,-32],[-83,-59],[-24,-30],[-2,-39],[-19,-8],[-11,-38],[14,-61],[-30,-9],[-17,35],[-33,-46],[-10,-73],[-17,-13],[-18,26],[-16,-13],[-32,26],[3,41],[-35,5],[-16,25],[36,81],[4,23],[-16,39],[-56,74],[-47,43],[-71,54],[-54,25],[-111,28],[-18,-3],[-73,12],[-167,21],[-135,-5],[-57,-11],[-16,-23],[-36,-2],[-60,14],[-19,-15],[-93,28],[-61,5],[-21,-10],[-91,13],[-71,-6],[-123,1],[-128,13],[-40,-5],[-39,7],[-461,-27],[-89,-2],[-113,-9],[-88,1],[-117,-14],[-30,3],[-95,-3],[-49,-7],[-70,0],[-68,-13],[-112,10],[-150,0],[-50,-4],[-175,-2],[-22,5],[-177,-5],[-47,2],[-175,-6],[-113,-10],[-62,-13],[-91,-13],[-146,-41],[-49,-31],[-52,-7],[-41,-26],[-21,-33],[-38,2],[-16,25],[-29,19],[-71,30],[-105,20],[-106,7],[-104,2],[-100,-7],[-32,-6],[-64,0],[-54,-11],[-118,-13],[-86,-16],[-116,-29],[-36,-16],[-72,-17],[-149,-40],[-145,-67],[-57,-20],[-46,-34],[-26,-33],[-11,-39],[4,-28],[17,-31],[-14,-24],[-49,7],[-42,-30],[-19,-41],[-19,-20],[-4,-30],[-16,-45],[-35,33],[12,31],[-12,38],[5,20],[-70,61],[-35,25],[-58,25],[-77,20],[-71,7],[-147,3],[-126,-8],[-88,-9],[-109,-16],[-112,-20],[-56,-15],[-79,-27],[-83,-34],[-20,16],[-96,49],[-50,20],[-74,14],[-138,13],[-109,6],[-65,-6],[-192,-7],[-90,-13],[-30,27],[-22,-17],[-135,18],[-153,9],[-133,-8],[-75,3],[-54,-4],[-235,5],[-32,-3],[-48,7],[-87,0],[-64,-5],[-197,-6],[-47,-6],[-273,-9],[-238,-13],[-25,2],[-200,-11],[-76,-13],[-164,-19],[-102,-20],[-102,-13],[-67,-15],[-111,-21],[-228,-35],[-81,-18],[-116,-32],[-134,-31],[-33,-14],[-157,-46],[-140,-45],[-65,-26],[-71,-22],[-97,-39],[-57,-19],[-72,-30],[-202,-77],[-111,-50],[-101,-49],[-55,-24],[-43,-25],[-83,-39],[-194,-104],[-67,-31],[-49,-30],[-164,-91],[-105,-64],[-60,-31],[-19,-19],[-65,-32],[-53,-38],[-125,-59],[-37,15],[-81,-16],[-114,-52],[-68,-27],[-245,-119],[-123,-63],[-46,-37],[-55,-24],[-117,-72],[-37,-36],[-21,-10],[-44,-1],[-36,-21],[-121,-25],[-45,-14],[-58,-29],[-105,-65],[-61,-33],[-62,-41],[-101,-61],[-36,-18],[-33,-26],[-57,-28],[-38,-29],[-37,-18],[-42,-30],[-31,-13],[-100,-64],[-30,-14],[-85,-52],[-41,-32],[-53,-27],[-21,-23],[-25,-9],[-98,-66],[-47,-25],[-49,-43],[-28,-11],[-157,-109],[-49,-39],[-20,-7],[-157,-119],[-29,-16],[-146,-117],[-55,-35],[-162,-137],[-52,-53],[-22,-11],[-99,-86],[-77,-62],[-14,-19],[-74,-65],[-105,-102],[-86,-75],[-126,-127],[-99,-93]],[[99218,30794],[-13,104],[43,16],[2,53],[-13,34],[-16,79],[38,-29],[9,-34],[49,-75],[8,-50],[29,-38],[-13,-37],[10,-65],[-15,-61],[-30,-2],[-79,39],[-14,42],[5,24]],[[74813,22415],[-82,-85],[-49,-58],[-68,-62],[-69,-77],[-50,-45],[-143,-160],[-127,-131],[-84,-94],[-35,-34],[-34,-45],[-116,-126],[-91,-109],[-14,-11],[-73,-90],[-138,-162],[-24,-22],[-132,-156],[-37,-35],[-82,-113],[-115,-133],[-49,-64],[-118,-141],[-81,-86],[-146,-182],[-31,-44],[-69,-81],[-137,-168],[-79,-101],[-27,-38],[-107,-133],[-126,-166],[-115,-155],[-72,-93],[-11,-22],[-87,-119],[-50,-74],[-37,-47],[-49,-75],[-46,-61],[-147,-220],[-31,-40],[-46,-71],[-74,-97],[-53,-78],[-181,-240],[-97,-128],[-15,-30],[-188,-256],[-244,-340],[-28,-33],[-84,-125],[-75,-102],[-40,-49],[-93,-133],[-50,-64],[-74,-108],[-62,-81],[-81,-115],[-127,-172],[-23,-25],[-87,-123],[-105,-152],[-42,-51],[-15,-29],[-115,-161],[-50,-63],[-49,-71],[-19,-19],[-102,-139],[-103,-135],[-21,-34],[-41,-47],[-105,-140],[-51,-74],[-193,-250],[-76,-111],[-25,-29],[-47,-74],[-38,-51],[-43,-69],[-74,-97],[-37,-61],[-77,-111],[-83,-113],[-20,-33],[-64,-80],[-30,-33],[-63,-79],[-57,-83],[-31,-33],[-87,-117],[-7,-16],[-76,-100],[-115,-165],[-123,-161],[-13,-25],[-58,-79],[-97,-147],[-56,-75],[-33,-56],[-64,-87],[-45,-72],[-79,-110],[-40,-64],[-45,-62],[-37,-62],[-41,-59],[-106,-165],[-64,-92],[-22,-40],[-57,-79],[-46,-79],[-112,-173],[-74,-128],[-27,-39],[-147,-243],[-21,-41],[-133,-225],[-84,-133],[-66,-90],[-83,-126],[-127,-175],[-148,-194],[-22,-24],[-91,-133],[-18,3],[1,81],[32,58],[-2,49],[27,85],[37,37],[20,-10],[53,5],[36,30],[31,51],[3,40],[-18,77],[14,15],[21,-16],[31,2],[33,38],[23,14],[24,42],[28,17],[17,22],[43,95],[30,20],[-22,23],[-32,-28],[-34,-71],[-61,-64],[-58,-39],[-5,-24],[-48,-1],[-26,-38],[9,-61],[-11,-17],[-51,-8],[-32,16],[-34,2],[-14,27],[-29,-45],[25,-18],[-12,-20],[-23,60],[21,19],[15,53],[-6,33],[-69,25],[-21,-40],[-28,-27],[-36,-19],[-24,36],[-20,-8],[-94,0],[-85,26],[-58,-8],[-14,19],[-22,-14],[30,-38],[-17,-22],[-18,5],[0,-64],[-12,-68],[-18,-10],[-30,25],[-57,14],[-16,31],[-38,-5],[-9,47],[-27,18],[-19,-16],[-90,-23],[-12,-40],[-32,1],[-33,-24],[-14,-45],[-39,-13],[-29,-24],[-40,-142],[-21,71],[-50,-28],[-23,30],[-31,-8],[15,-31],[39,-17],[32,18],[9,-16],[-28,-28],[-20,-46],[-34,-34],[-14,-50],[8,-49],[34,-84],[-9,-19],[-36,-36],[-3,-53],[-87,11],[-61,-20],[-45,-29],[20,-49],[-35,-66],[-62,49],[-29,-3],[-9,17],[-55,-40],[-20,-37],[-20,-118],[-36,-31],[-27,17],[-11,22],[-39,-28],[23,-54],[-96,71],[-45,51],[-33,81],[-16,24],[-36,2],[16,37],[0,55],[-30,-2],[-21,17],[-55,-7],[-5,-48],[7,-16],[-4,-50],[16,-29],[14,-85],[11,-25],[-47,-44],[-8,-70],[-20,-4],[-31,48],[-33,-7],[-40,-51],[-3,-24],[-41,-21],[-17,-24],[-3,-34],[32,-34],[-49,-20],[-36,35],[-27,13],[-19,23],[-35,19],[-46,12],[-54,-15],[-86,23],[9,59],[38,25],[9,19],[-2,58],[-13,43],[-12,73],[-20,47],[-33,45],[-9,34],[-37,50],[-34,-7],[-17,47],[-20,21],[-62,-63],[-13,-46],[2,-69],[17,-42],[29,-10],[17,9],[8,-79],[-13,-14],[-28,-87],[-54,-37],[-32,-53],[-37,-27],[-34,-12],[-49,-5],[-37,-25],[-112,-35],[-64,-8],[-45,-15],[29,-46],[-33,-1],[-39,-24],[-47,-8],[-25,18],[17,22],[-24,27],[-12,-11],[-84,1],[-8,-42],[1,-48],[-6,-40],[48,9],[3,-29],[-46,-56],[-14,-47],[-27,-21],[17,-34],[29,-13],[-33,-55],[-16,-46],[-25,18],[-6,35],[16,33],[-5,24],[10,32],[-7,37],[9,38],[24,24],[-30,12],[-4,39],[28,38],[-36,-3],[-17,27],[-21,-45],[5,-29],[-9,-100],[-9,5],[5,106],[-14,37],[-1,50],[-33,22],[6,-63],[-19,-24],[-15,44],[-71,17],[-33,-46],[-73,-48],[-26,2],[-52,-14],[14,-39],[42,18],[32,-20],[36,15],[27,27],[27,-51],[29,-17],[17,-58],[-6,-58],[-35,-3],[-14,-33],[-23,28],[-31,-12],[-11,14],[1,40],[-7,70],[-28,-13],[-18,-41],[-3,-146],[23,-62],[-19,-31],[-34,13],[-43,28],[-49,44],[-10,32],[4,38],[-5,64],[15,40],[-4,23],[15,24],[-22,24],[-3,-42],[-34,-13],[-14,5],[-14,53],[-31,-45],[-48,-14],[-47,14],[-26,-36],[65,-36],[-23,-26],[-40,-12],[-57,6],[-28,15],[-85,26],[-19,12],[-5,38],[22,30],[9,36],[-12,63],[-46,-44],[-8,-28],[-30,-12],[1,31],[-13,80],[-21,4],[-17,-63],[16,-63],[-10,-59],[9,-35],[-1,-75],[-60,4],[-11,-33],[-25,-3],[-43,14],[-84,-27],[-26,7],[-36,-36],[-13,-26],[-37,-7],[-13,44],[-59,12],[-65,-17],[-21,15],[20,40],[-16,53],[-12,-39],[-48,30],[-12,-12],[-56,22],[1,-42],[16,-9],[-4,-54],[-26,-6],[-53,-32],[-19,-24],[-101,-52],[-31,-6],[-62,-98],[-24,-15],[-9,-49],[-17,-25],[-16,-44],[30,-25],[35,6],[-14,-43],[-48,-22],[-67,23],[-24,0],[-49,27],[-26,2],[-21,-26],[-33,5],[-27,16],[-15,39],[10,53],[-4,149],[-18,56],[-22,29],[-14,66],[9,62],[-4,38],[6,46],[-10,48],[-18,28],[29,9],[11,39],[-40,39],[-1,41],[-33,8],[-15,-25],[-19,-4],[-11,-29],[-30,10],[-41,45],[-36,12],[-31,85],[-74,63],[-51,-30],[-23,-39],[-63,52],[-17,-31],[0,-49],[11,-45],[-71,-14],[-12,-124],[69,-65],[-47,-3],[-18,12],[1,32],[-27,33],[-34,-21],[-66,6],[-2,-30],[-46,-13],[-62,-34],[-71,1],[-100,-44],[-28,-24],[-22,15],[-55,13],[-12,31],[-123,56],[-34,9],[-25,18],[-11,-61],[-59,3],[-41,-26],[-11,30],[-24,17],[-17,-50],[-8,-57],[20,-14],[-14,-28],[-93,33],[-13,58],[-4,92],[30,84],[-16,17],[-44,-51],[-2,-35],[-16,-30],[-36,11],[-27,-8],[-20,-21],[-35,1],[33,-45],[8,-46],[-14,-14],[-24,9],[-59,-32],[-30,12],[-71,3],[-15,-23],[47,-24],[28,12],[53,-20],[43,27],[13,-12],[6,-38],[-7,-46],[-30,-50],[4,-21],[-57,-26],[-36,-63],[-75,-13],[-26,9],[-30,-39],[-37,-15],[33,-37],[12,-2],[19,40],[25,-34],[7,-37],[14,-12],[6,-40],[-41,48],[-20,-58],[-41,1],[-28,30],[-10,43],[-21,-7],[-17,-26],[-23,-89],[-34,-66],[11,-26],[56,-37],[28,10],[-12,-61],[16,-20],[44,56],[42,32],[23,-25],[-32,-47],[2,-43],[-25,-44],[35,-17],[-33,-37],[-15,36],[-37,23],[-12,52],[-23,-18],[-9,-33],[-23,8],[-11,37],[27,25],[2,39],[-38,36],[-43,-29],[-20,-83],[-15,-130],[-10,-41],[55,-11],[18,15],[7,-42],[37,-100],[11,-68],[21,-32],[21,-13],[-2,-65],[24,-86],[49,-70],[30,-9],[36,-41],[40,-7],[18,-19],[8,-70],[20,-42],[18,-4],[13,-92],[14,-68],[19,-224],[9,-59],[34,-82],[16,-60],[23,-30],[63,-28],[55,16],[48,3],[26,11],[47,39],[26,6],[40,23],[43,15],[67,-6],[-26,-44],[-16,-141],[12,-28],[-13,-54],[-39,-42],[0,-110],[16,-74],[-6,-32],[15,-37],[-7,-43],[12,-19],[5,-46],[-5,-26],[13,-20],[-2,-45],[11,-63],[0,-90],[9,-19],[3,-68],[11,-55],[25,-24],[29,-9],[61,-52],[54,-26],[12,-83],[57,-111],[10,-47],[-7,-23],[-38,-56],[-13,-38],[-7,-50],[-3,-144],[8,-20],[17,-87],[27,-80],[50,-14],[19,-21],[50,-10],[23,13],[33,-6],[20,19],[73,-6],[11,15],[45,13],[29,16],[29,43],[8,43],[39,79],[1,46],[19,40],[5,42],[25,36],[8,27],[-5,50],[8,34],[28,33],[27,6],[23,29],[38,25],[9,71],[22,17],[43,63],[100,34],[23,28],[14,38],[35,51],[24,-8],[90,1],[34,13],[29,27],[35,45],[53,100],[39,-3],[12,-22],[37,18],[93,20],[24,-40],[22,-20],[20,23],[24,61],[21,96],[25,203],[6,288],[-21,13],[5,52],[-2,54],[6,31],[27,14],[-3,80],[-23,41],[28,11],[48,34],[0,59],[36,11],[8,16],[44,19],[17,61],[-13,34],[16,20],[11,88],[-8,38],[-15,16],[2,39],[22,35],[32,-23],[27,40],[42,-25],[22,-33],[30,12],[29,-22],[46,6],[12,-21],[53,29],[42,-16],[13,-75],[41,-83],[10,21],[25,-6],[13,-22],[15,-64],[-3,-112],[-20,-116],[-20,-82],[-27,-157],[-4,-72],[10,-23],[-8,-57],[-21,-103],[-2,-42],[10,-67],[16,-22],[16,-63],[17,-24],[-11,-21],[-7,-57],[-31,-156],[-18,-66],[-17,-118],[-6,-101],[3,-86],[16,-73],[32,-39],[13,-38],[42,-10],[20,-18],[26,19],[23,-9],[6,-44],[-28,-26],[-4,-108],[59,-31],[2,-163],[-7,-51],[14,-40],[-17,-46],[39,-37],[-27,-43],[-31,21],[-27,-13],[-28,-30],[3,-36],[-31,-28],[-35,-5],[-31,-58],[-95,-203],[-30,-74],[-79,-212],[-88,-282],[-85,-362],[-6,-44],[17,-31],[21,-73],[16,-27],[8,-39],[16,-18],[7,-48],[27,-85],[-2,-82],[-17,-67],[-38,-37],[-48,2],[-46,-17],[-9,-34],[6,-106],[18,-55],[23,-38],[32,-20],[42,-9],[15,60],[12,22],[24,-6],[24,-26],[34,-11],[101,5],[34,-51],[44,-12],[44,-71],[29,21],[12,-43],[-44,-20],[-21,43],[-28,-16],[-30,-53],[15,-27],[53,-60],[-7,-21],[-27,-15],[-35,6],[-25,30],[-27,-44],[29,-57],[8,-39],[21,-7],[25,54],[27,-28],[4,-63],[33,-39],[14,43],[31,3],[-6,-100],[-25,-38],[-6,-77],[14,-5],[21,41],[24,-7],[-4,-35],[15,-49],[21,-9],[9,-46],[-28,-26],[-1,-75],[-25,-11],[-27,59],[-17,-33],[-29,9],[-6,19],[-27,-3],[-27,41],[-24,-3],[-19,33],[-33,34],[-33,52],[-12,29],[-32,-8],[-53,-39],[-19,-30],[-20,-56],[-4,-56],[-39,-13],[-26,15],[-44,-12],[-39,-25],[-30,-93],[-24,-95],[-11,-110],[5,-50],[34,-38],[28,-19],[34,-46],[37,-17],[12,50],[34,-30],[-12,-59],[-32,-27],[-23,-143],[8,-37],[-8,-25],[-5,-65],[-36,-37],[-43,25],[-12,-5],[-4,-44],[58,-74],[-44,15],[-37,-15],[-7,-64],[-21,-103],[33,-25],[1,-33],[16,-16],[1,-60],[-19,-20],[-30,22],[-13,77],[-68,4],[-21,-43],[-53,-22],[-20,-39],[-54,-2],[-34,-14],[-37,-49],[-64,10],[10,44],[-27,31],[-12,60],[-15,-9],[-12,-42],[-34,-1],[-19,-43],[-4,-32],[-45,-13],[-24,14],[-54,-10],[-10,38],[-42,-5],[-21,38],[-28,31],[-26,-7],[-44,71],[-27,11],[-41,-15],[-14,22],[-15,64],[4,49],[-8,18],[10,38],[0,36],[-17,32],[-5,33],[-28,0],[-57,76],[-12,54],[7,39],[-20,24],[-6,31],[-29,27],[-17,31],[-34,36],[-16,83],[-20,35],[11,106],[-19,37],[9,49],[30,21],[64,-16],[33,-24],[36,1],[10,29],[36,38],[20,71],[4,35],[-1,192],[-54,7],[-31,21],[4,43],[-12,56],[-19,39],[-36,32],[-22,-12],[-39,-51],[-30,-12],[-30,5],[-15,26],[36,50],[15,52],[16,11],[20,66],[18,31],[-20,29],[-20,46],[-27,39],[-46,35],[-48,2],[-9,-42],[-28,-50],[-31,-30],[-15,10],[-4,51],[27,96],[8,65],[-46,90],[-56,-13],[-52,13],[-17,18],[-13,-23],[-3,-54],[-39,24],[-32,7],[16,67],[19,25],[34,20],[20,-1],[7,64],[-31,41],[15,18],[-46,45],[-45,64],[-14,9],[-17,52],[-6,37],[-30,27],[-4,49],[-29,39],[-37,9],[-26,-7],[-18,16],[-24,-11],[0,-43],[-20,-14],[-25,29],[-24,61],[-54,-4],[-23,-27],[-25,3],[9,36],[36,4],[4,22],[43,-2],[3,19],[52,20],[30,-17],[26,1],[18,55],[-13,28],[5,32],[20,36],[9,44],[-9,34],[-19,16],[-11,39],[22,73],[-12,7],[-60,121],[-46,124],[-42,95],[-28,77],[-18,90],[-10,16],[-33,131],[-29,63],[-61,187],[-54,134],[-21,33],[-44,96],[-90,176],[-78,123],[-57,105],[-89,154],[-95,142],[-19,41],[-58,78],[-115,117],[-18,11],[-147,168],[-56,73],[-67,78],[-88,86],[-50,64],[-49,47],[-87,89],[-72,51],[-69,67],[-114,80],[-165,96],[-54,23],[-140,51],[-51,14],[-89,10],[-83,4],[-81,-11],[-63,-23],[-23,-15],[-48,-47],[-24,-9],[-37,-33],[-15,-30],[-62,-40],[-47,-44],[-30,-43],[-1,-24],[-23,-85],[-19,-33],[-17,-77],[-21,-32],[-28,-108],[-14,-32],[-14,-109],[9,-67],[-3,-44],[16,-50],[33,-17],[-1,-83],[-4,-24],[20,-40],[21,-105],[18,-47],[-3,-21],[-25,-1],[-15,-21],[-10,-47],[-39,-14],[-35,-34],[-17,-36],[-20,-2],[-36,-33],[-23,-36],[-38,-22],[-2,-30],[-40,-56],[-41,-6],[-46,-29],[-46,17],[-23,-6],[-22,-45],[-41,35],[-25,12],[-35,-5],[-53,3],[-37,20],[-25,-16],[-38,3],[-38,-29],[-35,-84],[-54,-60],[-27,-12],[-29,-50],[-28,-24],[1,44],[-26,6],[-1,42],[-44,51],[18,21],[-35,53],[19,62],[-9,39],[-27,23],[8,65],[23,64],[-13,39],[8,25],[24,24],[4,20],[-19,143],[-35,138],[-43,154],[-29,34],[-22,120],[-24,10],[-23,33],[12,71],[-25,57],[-7,41],[9,42],[-4,28],[-34,141],[-4,76],[-42,87],[-38,92],[-26,100],[-10,74],[-29,104],[-28,116],[-32,91],[-48,181],[-22,64],[-15,21],[-45,103],[-30,84],[-65,152],[-78,174],[-22,61],[-98,201],[-51,118],[-64,105],[-74,152],[-100,176],[-9,24],[-66,106],[-26,55],[-29,43],[-73,130],[-88,128],[-112,148],[-145,172],[-116,114],[-14,9],[-190,167],[-29,29],[-14,58]],[[52954,17079],[211,-43],[77,-13],[-28,26],[3,69],[18,19],[15,44],[-4,55],[-23,29],[137,-26],[11,98],[118,-26],[188,-35],[3,-67],[26,-28],[18,9],[30,-13],[39,-34],[36,-50],[-12,-38],[14,-73],[21,-28],[-11,-28],[19,-35],[4,-41],[21,-18],[9,-48],[18,-26],[-8,-28],[14,-35],[49,-51],[8,-61],[39,-63],[-36,-328],[183,-40],[184,-38],[18,0],[5,50],[150,-30],[13,140],[82,-11],[-9,-99],[18,-3],[-14,-130],[60,-10],[-14,-144],[199,-43],[2,20],[-36,86],[-23,28],[12,32],[-12,30],[7,45],[429,-82],[13,142],[133,-24],[4,44],[124,-23],[23,222],[116,-20],[-13,-126],[122,-24],[-13,-131],[227,-40],[9,-31],[43,-26],[25,24],[114,37],[28,-35],[23,9],[60,-17],[221,158],[-22,14],[-29,43],[160,194],[100,-157],[15,86],[181,-274],[67,51],[104,-253],[4,3],[119,-277],[59,-134],[105,82],[149,122],[29,32],[138,-28],[19,168],[300,-64],[28,253],[10,74],[101,-22],[24,212],[143,-82],[20,21],[128,-28],[24,104],[37,38],[36,128]],[[58540,16438],[1,-2],[324,-68],[64,87],[25,17],[18,-31],[42,-23],[44,43],[76,43],[26,3],[30,-25],[30,3],[17,17],[65,-27],[103,-20],[136,-40],[18,5],[15,45],[17,3],[5,-86],[13,-89],[57,-41],[28,-10],[14,-68],[15,-5],[31,-86],[31,19],[-1,42],[18,8],[44,-29],[43,3],[21,10],[8,24],[30,-7],[38,-37],[37,9],[16,19],[28,-6],[18,28],[29,8],[51,-46],[45,-56],[28,-45],[4,-33],[33,-67],[89,-20],[39,-1],[48,20],[24,28],[-10,-78],[43,-24],[318,-70],[3,28],[26,-6],[12,106],[-24,80],[13,-3],[12,-43],[30,-14],[4,-28],[52,-36],[18,-22],[45,34],[51,-11],[-7,-65],[23,-26],[5,-39],[40,-34],[30,-17],[19,-42],[-6,-59],[4,-54],[-38,-2],[16,-29],[25,-15],[17,-68],[-39,-23],[-19,-29],[36,-42],[-9,-33],[18,-46],[-18,-27],[-20,-4],[3,-68],[-31,-62],[-14,-59],[17,-60],[-24,-86],[9,-28],[17,1],[13,-59],[-7,-26],[13,-23],[4,-42],[19,-73],[32,-56],[30,-67],[-26,-37],[-6,-68],[39,-33],[41,7],[47,-49],[51,9],[22,33],[56,21],[28,18],[78,-15],[19,156],[117,-27],[-11,31],[12,16],[3,41],[14,27],[-3,42],[64,116],[24,-5],[25,-23],[16,-70],[23,-4],[16,-28],[15,-50],[32,-57],[-10,-26],[8,-63],[392,-88],[50,392],[-14,3],[45,382],[51,287],[10,90],[-2,42],[30,37],[5,64],[-18,52],[61,58],[2,32],[14,14],[-5,35],[30,63],[-5,49],[3,138],[-46,116],[-3,57],[3,41],[-9,20],[26,56],[19,4],[9,33],[38,54],[25,24],[11,46],[36,19],[23,-4],[30,57],[23,27],[5,38],[29,19],[5,43],[-14,79],[20,71],[21,12],[-12,31],[27,64],[-1,29],[43,86],[-18,45],[11,26],[-2,36],[32,31],[10,47],[-5,64],[18,34],[11,40],[51,55],[4,28],[35,44],[35,-8],[-1,26],[29,24],[31,93],[32,1],[21,12],[-7,29],[9,60],[-11,29],[18,26],[-25,68],[11,51],[-7,24],[15,40],[20,7],[23,27],[32,-11],[20,31],[23,15],[9,50],[23,-6],[31,14],[28,-10],[24,32],[14,46],[23,20],[10,36],[-2,42],[-34,29],[10,29],[3,52],[10,22],[34,10],[6,33],[18,27],[-4,26],[44,63],[-3,28],[48,52],[18,30],[-9,34],[22,26],[4,44],[23,13],[46,55],[0,16],[25,54],[34,56],[-5,27],[11,63],[20,41],[-16,62],[13,35],[-3,31],[23,71],[-18,9],[-27,35],[-44,-2],[6,31],[-17,9],[-9,33],[-20,-27],[4,-71],[-22,-33],[-21,-14],[-15,15],[-28,2],[6,29],[-32,36],[-15,32],[-23,14],[-68,-43],[-23,-2],[-45,-29],[-23,39],[-32,-18],[-14,14],[-11,-57],[-16,29],[-18,-7],[-12,57],[-25,-31],[-24,23],[-24,6],[-27,-11],[-7,-17],[-32,-8],[-12,32],[-36,-13],[-22,35],[0,40],[33,8],[-50,35],[-12,-27],[-27,-1],[-26,12],[9,-48],[-48,-25],[-12,-44],[-27,18],[-15,-29],[-17,15],[-28,-16],[13,-23],[-21,-65],[-15,4],[-57,-36],[-47,6],[-11,-24],[-31,-30],[-9,19],[-27,-15],[-20,9],[-27,41],[-18,-54],[-28,35],[-31,72],[-7,-25],[-20,4],[-7,32],[-26,3],[-12,32],[-39,-1],[-17,-14],[-17,11],[-20,-22],[-35,-2],[-63,27],[-6,17],[9,57],[19,21],[-17,52],[32,23],[17,27],[44,18],[19,-19],[12,25],[-2,42],[-19,18],[0,26],[-19,21],[-5,59],[17,12],[-10,49],[-14,22],[10,32],[-18,29],[14,16],[-3,27],[26,25],[25,66],[4,65],[66,24],[8,8],[29,101],[-5,63],[10,79],[162,414],[88,230],[-522,119],[-9,-76],[-206,47],[11,100]],[[61999,21244],[17,18],[3,38],[189,-41],[31,283],[-24,17],[-35,64],[26,37],[4,38],[-31,90],[7,33],[85,-21],[15,132],[38,314],[80,558]],[[58374,3655],[-11,27],[12,31],[23,-5],[50,18],[23,-11],[9,-37],[-39,-20],[-23,-27],[-44,-23],[0,47]],[[58457,1362],[1,25],[-59,12],[-14,26],[-3,93],[-26,71],[-10,78],[20,34],[35,-34],[2,-52],[37,-164],[22,-31],[12,32],[20,-11],[6,-27],[43,-28],[25,-32],[-17,-75],[-24,-76],[-15,-23],[-28,42],[7,20],[-12,67],[-22,53]],[[58491,861],[2,16],[43,33],[8,-49],[-26,-65],[-27,31],[0,34]],[[58524,960],[-6,45],[-13,31],[8,48],[18,-7],[0,-36],[35,-62],[-33,-34],[-9,15]],[[59139,23],[12,33],[24,-17],[-7,-31],[-27,-8],[-2,23]],[[58543,2701],[25,24],[24,-37],[4,-57],[25,-36],[-21,-22],[-4,-53],[-35,-23],[-24,15],[14,35],[26,-2],[3,49],[-37,13],[-26,53],[27,14],[-1,27]],[[58555,835],[22,33],[17,-31],[-17,-39],[-22,37]],[[59334,33],[-43,92],[17,42],[15,4],[15,-36],[16,-13],[6,-52],[29,-24],[-13,-35],[-29,-3],[-13,25]],[[59459,278],[-26,15],[-23,36],[-36,97],[-3,34],[61,-64],[38,-7],[20,11],[30,-35],[20,15],[9,-46],[-15,-52],[-13,-1],[-21,-55],[-41,52]],[[59842,388],[45,27],[60,-12],[29,-20],[-2,-16],[-62,2],[-34,-19],[-36,38]],[[63431,3938],[-2,35],[35,6],[14,-23],[-27,-23],[-20,5]],[[63392,4193],[-2,20],[-30,37],[14,31],[30,-28],[18,-39],[-10,-47],[-20,26]],[[63234,4574],[28,-26],[12,-37],[-16,-24],[-33,-7],[-11,17],[-13,79],[33,-2]],[[61591,4804],[-8,-57],[-57,-31],[-24,31],[17,30],[22,10],[11,32],[23,20],[16,-35]],[[62188,8046],[20,61],[23,12],[0,45],[56,22],[42,1],[44,-77],[-15,-56],[8,-24],[29,15],[16,41],[40,-32],[-82,-97],[23,-18],[30,17],[52,77],[36,-2],[58,-23],[8,-33],[-32,-24],[2,-48],[17,-20],[0,-26],[23,-4],[22,47],[19,7],[9,-28],[88,-31],[12,-14],[51,-7],[-39,-35],[-28,-11],[59,-39],[84,-2],[83,18],[92,31],[52,2],[64,14],[19,41],[24,1],[4,-24],[-26,-26],[-58,-16],[-65,-6],[-97,-30],[-122,-27],[-51,6],[-76,48],[-38,5],[-49,-9],[-99,-54],[-70,-58],[-69,-67],[-46,-54],[-101,-142],[-79,-127],[-89,-94],[-62,-45],[-65,-19],[-55,11],[-33,18],[-28,27],[-60,78],[-28,20],[-108,58],[-99,33],[-42,21],[-86,31],[-30,24],[-44,83],[-39,93],[-17,22],[-69,123],[-82,149],[-43,95],[-30,98],[15,40],[22,-7],[33,52],[-10,59],[8,71],[49,-17],[35,7],[12,21],[26,-28],[28,16],[46,0],[19,-12],[54,8],[25,18],[51,95],[27,33],[15,39],[18,-23],[-17,-57],[2,-28],[-33,-33],[12,-14],[52,34],[43,-1],[31,-96],[-16,-30],[-50,-28],[-35,6],[-5,-14],[23,-38],[1,-21],[59,-6],[30,27],[18,30],[34,6],[-21,32],[61,54],[6,33],[25,-3],[39,-21],[59,4],[55,30],[7,-18],[-27,-32],[-63,-163],[-54,18],[-36,-26],[-14,-22],[0,-31],[-15,-19],[-104,-61],[-55,-115],[10,-41],[25,9],[19,-12],[20,24],[47,20],[14,33],[37,-35],[-3,-14],[-39,-21],[-11,-28],[-53,-30],[-64,-50],[-39,-12],[-17,12],[-25,-22],[11,-33],[25,7],[28,-9],[29,12],[31,-16],[29,11],[42,36],[48,-7],[50,33],[31,3],[49,29],[32,-2],[46,-21],[-1,50],[44,47],[44,27],[21,24],[-1,30],[96,68],[3,17],[44,19],[35,27]],[[62789,7893],[17,45],[76,1],[87,44],[23,23],[14,-26],[-20,-33],[-25,-24],[-54,-13],[-26,17],[-27,3],[-32,-35],[-33,-2]],[[63876,8807],[-85,-89],[-54,-80],[-27,-26],[-60,-74],[-35,-32],[-49,-88],[-42,-60],[-12,18],[48,68],[47,86],[25,59],[37,24],[-5,20],[35,25],[45,14],[22,43],[16,12],[53,67],[37,33],[23,29],[-7,32],[71,50],[44,-3],[-1,-29],[-54,-30],[-72,-69]],[[62875,8397],[60,7],[39,37],[40,-25],[18,14],[30,-16],[23,22],[31,-13],[51,24],[25,32],[27,9],[13,-29],[21,-1],[43,44],[4,-41],[-135,-90],[-25,-28],[-20,-6],[-44,8],[-30,16],[-96,2],[-31,12],[-35,-2],[-9,24]],[[61929,8017],[-4,39],[23,3],[19,-18],[61,30],[-5,-45],[-54,-42],[-34,10],[-6,23]],[[61546,8395],[-4,49],[61,9],[-26,-52],[-31,-6]],[[59971,6123],[34,15],[-3,-50],[-26,-7],[-5,42]],[[62010,8786],[23,31],[46,-35],[18,20],[17,-6],[5,-35],[-54,9],[-55,16]],[[62158,8592],[30,13],[46,-25],[-48,-23],[-28,35]],[[62249,8846],[13,-63],[-37,-2],[24,65]],[[62845,8404],[-8,-16],[-60,9],[16,23],[-9,28],[-19,-4],[-7,-32],[-22,-8],[-17,15],[-32,4],[-54,-22],[-24,27],[-42,2],[-28,43],[17,38],[-55,-27],[-2,-17],[39,-42],[11,-32],[23,14],[29,-11],[-22,-52],[-67,57],[-52,62],[-13,21],[-53,52],[-11,25],[6,51],[34,14],[-10,36],[122,142],[9,22],[67,53],[52,6],[49,-4],[-4,-42],[37,6],[23,-21],[95,1],[28,10],[38,54],[24,0],[-11,-59],[-38,-2],[-23,-22],[-28,-9],[28,-45],[42,9],[26,-24],[19,57],[2,32],[28,44],[80,-11],[32,-12],[2,-27],[-27,-38],[18,-26],[13,22],[61,44],[55,-3],[29,14],[22,-20],[63,0],[-61,-64],[-47,-30],[7,-21],[44,9],[12,34],[42,-18],[19,20],[24,-11],[-5,-39],[13,-48],[-23,-49],[-22,-24],[-18,15],[-63,-20],[-33,9],[-39,-9],[-66,-69],[-10,8],[-73,-28],[-47,-12],[-25,11],[-20,-32],[-40,-25],[0,41],[-38,-18],[-32,-39]],[[63570,8693],[6,-22],[32,7],[-34,42],[21,7],[23,-44],[-16,-21],[-34,6],[2,25]],[[62479,9083],[-5,-24],[-45,-40],[-19,26],[18,14],[41,11],[10,13]],[[62835,9016],[25,-56],[16,-17],[44,-22],[-30,-18],[-22,8],[-42,40],[-31,5],[4,45],[38,53],[-2,-38]],[[62185,8917],[32,18],[8,-41],[-46,-9],[-35,18],[-1,23],[42,-9]],[[61025,8599],[-4,21],[67,2],[37,-9],[46,19],[63,-3],[62,-34],[30,5],[37,-51],[40,-25],[37,43],[17,-26],[-24,-19],[-1,-29],[-39,-44],[-39,-57],[-22,14],[-40,48],[-37,65],[-59,1],[-20,-34],[-93,42],[-40,-53],[-14,-40],[-47,-50],[-39,-12],[-64,-42],[-16,-21],[-27,-6],[-48,3],[-29,16],[-1,51],[23,93],[26,62],[6,39],[26,59],[55,33],[51,-7],[32,-42],[36,-23],[12,11]],[[62643,9164],[-20,-38],[-74,-5],[-20,18],[32,31],[51,12],[31,-18]],[[63308,9199],[8,35],[30,34],[42,34],[33,10],[69,-17],[-31,-26],[-47,-3],[5,-56],[-17,-19],[3,-39],[24,-1],[40,-36],[8,-48],[-20,-7],[-82,44],[-30,23],[-33,42],[-2,30]],[[63114,9387],[8,40],[19,24],[22,-64],[-49,0]],[[63138,9606],[21,53],[14,-33],[-35,-20]],[[65342,10131],[-76,-43],[-53,-47],[-42,-12],[-59,-37],[-8,-15],[-57,-37],[-18,-25],[-59,-30],[-41,-33],[26,-9],[34,10],[-6,-36],[-37,14],[-38,4],[5,35],[-55,8],[-78,0],[-63,23],[-23,28],[11,81],[-19,44],[-18,85],[8,40],[39,28],[37,-62],[25,14],[9,32],[-7,53],[3,96],[18,61],[25,9],[39,30],[16,40],[52,0],[37,52],[23,12],[37,-9],[8,-50],[-7,-18],[18,-51],[19,-8],[35,35],[-33,7],[4,34],[116,-32],[59,4],[18,69],[40,10],[16,17],[94,-20],[23,-21],[58,-33],[87,2],[13,14],[45,11],[17,-32],[-24,-126],[2,-56],[-74,-53],[-72,-26],[-63,-7],[-34,-24],[-21,-40],[-31,-10]],[[64006,9500],[-12,78],[12,16],[16,-50],[46,-43],[-9,-34],[-29,25],[-24,8]],[[63712,4002],[-16,19],[1,27],[27,1],[12,-37],[-24,-10]],[[63618,9109],[1,54],[25,37],[36,21],[61,92],[27,-9],[11,-71],[-16,-27],[-2,-58],[17,-31],[44,16],[6,-27],[-28,-32],[-53,-19],[-22,0],[-47,-19],[-46,-35],[0,24],[-19,17],[5,67]],[[63922,9302],[-6,-22],[-27,-25],[-15,-30],[-32,-18],[-10,-30],[-28,56],[-14,91],[45,-31],[49,25],[16,60],[-15,124],[33,6],[24,30],[-2,39],[23,35],[20,-35],[-22,-34],[1,-45],[37,-55],[22,2],[8,-25],[25,-23],[38,-12],[-47,-56],[-22,1],[-18,-18],[-27,37],[-1,37],[-29,8],[2,-47],[-28,-45]],[[63931,9163],[1,-14],[-33,-20],[-7,24],[27,26],[12,-16]],[[64161,9288],[-26,-28],[-39,13],[37,66],[28,-51]],[[64298,9337],[-28,-19],[-20,24],[17,42],[24,-3],[7,-44]],[[64107,9498],[70,-15],[1,-25],[-18,-15],[-37,-1],[-40,16],[-4,14],[28,26]],[[64357,9654],[-16,-13],[-59,33],[-9,50],[14,33],[46,9],[74,-37],[30,-33],[24,-61],[-9,-24],[-39,5],[-52,23],[-4,15]],[[64516,9673],[36,9],[23,-13],[-30,-34],[-22,1],[-7,37]],[[64935,9654],[-69,1],[-32,-7],[-9,-37],[-46,-26],[-12,25],[-79,-57],[-23,-44],[-4,-40],[-33,-23],[-16,8],[27,71],[13,66],[44,103],[36,20],[33,-44],[94,-3],[27,4],[49,-17]],[[65522,9903],[-83,-150],[-37,-62],[-16,-14],[-65,-92],[-15,-29],[-102,-156],[-46,-78],[-27,-63],[-12,17],[19,30],[-2,23],[31,103],[5,70],[31,53],[40,18],[56,87],[15,32],[-17,21],[-126,4],[-16,24],[30,32],[46,-11],[16,29],[72,48],[10,26],[43,24],[24,41],[24,25],[31,46],[23,50],[57,-36],[49,-4],[54,47],[-17,-46],[-45,-47],[-50,-62]],[[64800,9517],[7,9],[55,7],[31,11],[27,41],[19,-20],[-71,-38],[-68,-10]],[[64915,9314],[3,-32],[39,9],[54,-2],[-9,-22],[-68,-7],[-48,6],[-13,-25],[47,-10],[70,-32],[32,-2],[14,23],[21,-30],[-7,-34],[-19,-7],[-15,19],[-83,33],[-26,4],[-27,19],[-41,0],[-142,16],[-72,-5],[-65,-22],[-48,-28],[-95,-66],[-95,-82],[-36,-9],[-41,25],[64,23],[49,36],[40,10],[60,53],[55,31],[74,48],[59,18],[58,41],[22,-1],[37,17],[53,-31],[90,25],[9,-9]],[[47020,25102],[7,-29],[-15,-20],[-9,-36],[-47,-37],[4,-30],[-20,-69],[0,-74],[-22,-48],[-4,-42],[25,-66],[23,-14],[-4,-48],[12,-18],[3,-40],[24,-11],[21,-48],[5,-52],[23,-31],[20,7],[26,-26],[7,-78],[-17,-27],[-29,-17],[20,-39],[0,-59]],[[47073,24150],[-13,-2],[-241,48],[-160,35],[-167,31]],[[46492,24262],[-17,3],[-17,46],[-28,55],[-37,29],[4,35]],[[46534,25609],[141,-32],[22,-1],[219,-47],[247,88],[38,1],[-2,-112]],[[43721,28541],[-22,5],[-60,-3],[2,32],[-30,-20],[-14,29],[-37,7],[-7,29],[-23,32],[-27,15],[-26,-28],[-49,24],[-9,48],[-25,20],[-32,-16],[-43,23],[-44,6],[-33,78],[-34,57],[14,30],[-28,56],[-22,10],[-19,-9],[-31,50],[-40,32],[9,65],[-20,36],[6,38],[-22,49],[-101,20],[11,118],[-1,34],[17,126]],[[42981,29534],[3,1],[194,-37],[10,33],[52,35],[33,-37],[35,4],[24,26],[20,58],[14,127],[-13,9],[-7,50],[10,88],[15,17],[-27,128],[255,-53],[-11,-81],[102,-23],[3,50],[118,-25],[15,6],[-25,128],[-7,105],[32,-18],[2,-36],[42,14],[13,72],[79,-15],[-6,-63],[88,-9],[8,-16],[28,-10],[15,-36],[56,-60],[-15,-125],[68,-14],[-9,133],[8,2]],[[44203,29962],[19,-16],[25,-58],[23,7],[-7,-44],[23,-10],[6,-38],[13,-13],[-3,-38],[7,-62],[-30,-39],[25,-9],[-1,-34],[36,-38],[3,-14],[-18,-67],[13,-48],[35,-25],[42,-4],[16,-47],[19,-1],[17,-41],[-10,-45],[18,-6],[7,-41],[27,-24]],[[45906,14620],[44,336],[-78,-52],[0,255],[53,0],[-1,381],[7,12],[58,0],[-115,286],[-58,284]],[[45816,16122],[115,0],[481,0],[-1,679],[0,587],[103,731],[-462,120],[-37,14],[177,56],[64,43],[-51,149],[20,16]],[[47617,18063],[-5,-37],[18,-46],[-1,-91],[-22,12],[-9,-30],[28,-75],[38,-22],[33,-48],[-11,-45],[-55,-25],[-50,-39],[3,-43],[-22,0],[-14,-63],[-81,-150],[-8,-29],[-31,-54],[-44,-50],[-13,-23],[-56,-65],[-38,-98],[-19,-80],[-10,-75],[0,-51],[9,-55],[67,-5],[1,-38],[-22,-24],[-4,-102],[-24,-21],[1,-81],[-4,-44],[-22,0],[-110,43],[-57,6],[2,53],[-6,28],[-26,43],[-36,17],[-28,-12],[-41,-53],[21,-36],[7,-91],[9,-26],[21,6],[15,-83],[-21,-67],[-40,-1],[6,-39],[27,-76],[-24,-48],[-32,6],[13,-43],[3,-43],[39,-30],[-9,-55],[14,-30],[34,-45],[37,-22],[0,-29],[19,-39],[28,-22],[64,-9],[10,-52],[28,-45],[0,-50],[-43,-88],[-13,-74],[6,-53],[-3,-92],[15,-55],[28,-32],[21,-43],[47,-12],[-19,-37],[2,-52],[-81,-38],[-43,24],[-24,50],[-29,24],[-38,8],[-18,21],[-8,69],[-22,41],[-20,19],[-25,-4],[-16,-43],[0,-77],[-88,24],[-8,-56],[83,-27],[37,3],[10,-15],[44,-23],[48,-17],[42,-51],[42,-22],[41,-13],[24,-54],[13,-41],[6,-74],[-16,-36],[47,-47],[1,-35],[48,7],[21,-18],[13,-53],[0,-60],[33,-40],[29,1],[-4,-57],[-34,-3],[-47,26],[-54,22],[-42,6],[-31,-8],[-58,11],[-79,32],[-63,42],[-74,33],[-49,37],[-77,25],[-45,23],[-34,8],[-52,-14],[-84,30],[-17,13],[-67,32],[-76,17],[-60,5],[-69,34],[-50,-4],[-36,-27],[-34,-40],[-24,10],[-57,-32],[-19,-31],[-1,-37],[-20,-36],[-19,-12],[-45,3],[-16,-16],[-61,-3]],[[47158,16029],[-49,-78],[3,56],[-8,39],[15,24],[23,0],[16,-41]],[[49263,15138],[-58,-102],[-52,-46],[-23,-39],[-14,-71],[5,-30],[26,-41],[9,-32],[-7,-52],[-82,-51],[11,-147],[-57,-3],[-20,-26],[0,-34],[-24,2],[-19,35],[5,28],[-14,29],[-36,26],[-28,-11],[-16,-26],[-34,1],[-39,-28],[-22,-40],[4,-35],[-15,-32],[-36,-30],[-3,-34],[-17,-80],[-40,3],[-43,46],[-27,59],[-28,12],[-21,23],[-50,15],[-45,-29],[-3,-25],[-40,66],[-31,-6],[-35,-25],[-18,27],[3,59],[-16,36],[-17,9],[-18,51],[-31,30],[-36,14],[-27,-6],[-25,32],[-31,25],[-32,4],[-63,32],[-51,19],[-49,-31],[-24,20],[-27,-8],[20,-124],[15,-25],[-21,-26],[-34,-7],[-19,-56],[-25,-14],[-27,16],[13,21],[-1,41],[-14,45],[50,99],[8,74],[18,51],[0,79],[-9,48],[-36,40],[23,20],[23,74],[10,52],[-22,134],[-19,58],[-4,156],[20,61],[33,151],[32,195],[13,108],[9,105],[-10,55],[17,87],[10,11],[19,73],[9,79],[12,38],[-16,7],[-10,38],[7,19],[-1,91],[8,62],[23,51],[-11,83],[10,51],[2,42],[10,19],[74,31],[78,-9],[46,-37],[14,-21],[38,-19],[16,11],[58,-78],[47,-20],[55,-12],[18,-14],[20,-53],[25,-34],[21,-58],[17,-77],[17,-26],[46,-44],[45,-53],[23,6],[26,-26],[44,-7],[27,5],[25,-16],[62,-18],[92,-17],[67,8],[49,15],[72,50],[45,41],[115,56],[55,14],[111,-45],[30,-20],[126,11],[67,-8],[68,28],[43,-3],[29,-17],[41,-42],[19,-29],[36,-90],[33,-72],[1,-56],[9,-60],[37,-61],[41,-80],[32,-27],[19,-29],[47,-17],[37,-50],[51,-2],[1,-26],[25,-53],[33,-38],[30,-63],[25,-30],[27,-59],[-29,-10],[-78,-77],[-60,-41],[-32,-15],[-54,-45],[-43,-71],[-21,9],[-46,-12],[-50,8],[-10,-7],[-43,12],[-46,-9],[-14,-17],[-24,0],[-32,-20],[-26,-38],[-38,25],[-27,3],[-17,-19],[-32,12],[-55,-11],[-30,-23],[-38,-13],[-74,29],[-99,-12],[-15,-22],[-38,-17],[-38,-44]],[[48857,14340],[19,51],[0,22],[23,17],[-4,-57],[7,-28],[22,-29],[-40,-28],[-27,52]],[[45381,25247],[-18,8],[-48,55],[-37,7],[-35,45],[-2,102],[-15,29],[-30,17],[-43,13],[-41,-10],[-42,64]],[[45070,25577],[26,33],[15,34],[-57,57],[-21,56],[-33,-20],[-25,34],[-4,56],[-13,78],[-2,38],[11,66]],[[44967,26009],[488,-101],[-9,-78],[230,-47],[11,106],[225,-46]],[[45541,26611],[7,-32],[-14,-22],[-24,16],[1,26],[-22,5],[-19,26],[-53,-45],[-16,21],[-16,-64],[-18,51],[-57,23],[-44,-20],[-24,-48]],[[45242,26548],[-25,20],[-5,69],[-31,20],[9,74],[-15,39],[30,3],[-3,40],[-46,-4],[-9,65],[-12,47],[-28,15],[-1,31],[23,48],[-11,38],[36,31],[-17,28],[12,44],[-4,30],[21,44]],[[45166,27230],[17,10],[14,29],[-26,39],[15,15],[-23,52],[-12,70],[20,23],[5,29],[33,-1],[33,61],[-21,31],[25,8],[-21,51]],[[42981,29534],[-199,38],[15,148],[-89,125],[-28,-13],[-55,9],[-28,77],[54,16],[6,31],[69,66],[48,51],[-31,28],[-19,-12],[-74,34],[78,18],[-4,37],[25,4],[-44,48],[-1,49],[-29,-8],[-17,10],[31,68],[24,-13],[10,18],[-20,62],[-22,19],[15,26],[22,-11],[69,-1],[35,57],[0,28],[-28,21],[3,37],[-8,30],[11,28],[40,25],[73,93],[21,9],[-3,31],[-21,10],[-17,27],[2,28],[18,32],[-33,10],[12,42],[23,3],[16,-15],[72,51],[-6,-48],[22,-11],[16,61],[19,-1],[9,-26],[-12,-28],[36,-32],[23,26],[-28,34],[2,26],[40,17],[7,61],[43,35],[-2,39],[11,33],[-4,28],[43,22],[-41,31],[-10,29],[-19,3],[-14,39],[16,22],[9,45],[22,-43],[5,61],[42,0],[6,45],[-30,-7],[-9,47],[35,41],[14,-54],[21,8],[34,58],[18,13],[-2,40],[15,31],[-2,51],[28,35]],[[43360,31736],[11,45],[-18,16],[-30,5],[-4,23],[24,27],[-24,28],[-2,31],[13,14],[23,-15],[8,26],[-27,9],[11,29],[23,-29],[43,50],[31,-63],[40,1],[23,10],[-5,38],[-26,12],[26,66],[24,-1],[25,36],[-9,59],[15,17],[78,-6],[-10,45],[-21,25],[37,11],[-46,63],[18,53],[21,96],[56,56],[-5,86],[3,23],[37,38],[21,-11],[6,69],[-40,8],[-37,-25],[-27,29],[2,29],[-40,18],[-1,26],[56,22],[-12,25],[15,51],[-11,29],[10,41],[-41,32],[34,33],[13,34],[-21,8],[3,29],[23,-3],[11,42],[0,40],[-27,-4],[-3,34],[26,13],[20,39],[-15,28],[16,26],[-18,40],[17,10],[-12,47],[-22,21],[-17,-14],[-12,28],[-2,55],[53,-6],[21,5],[21,69],[-28,58],[-31,39],[39,12],[15,23],[-20,17],[2,54],[-10,24],[-20,4],[-5,24],[20,16],[37,-7],[-8,35],[43,67],[16,155],[8,7],[26,217],[27,17],[17,73],[0,41],[31,51],[5,44]],[[45082,34149],[-13,-56],[-25,-64],[-86,-157],[-29,-42],[-38,-42],[-61,-50],[-58,-64],[-130,-234],[-25,-60],[-13,-51],[-11,-78],[0,-60],[205,-39],[7,-3],[-75,-749],[-16,-81],[-62,-280],[225,-45],[-40,-32],[9,-42],[-27,-71],[-27,22],[-29,-1],[3,-54],[-9,-15],[-37,-24],[-13,-38],[-163,32],[-30,-42],[10,-37],[3,-72],[-20,-51],[8,-45],[24,-44],[-7,-26],[-18,-7],[-23,-60],[-4,-35],[-38,13],[-45,-51],[-16,-44],[-27,7],[-14,-62],[-11,4],[-38,-23],[-14,-30],[-8,-56],[8,-34],[18,-16],[39,-70],[20,-46],[35,-15]],[[44396,30929],[18,-56],[-25,-130],[9,-32],[-4,-52],[18,-18],[-10,-56],[-23,-45],[9,-36],[-33,-22],[-3,-26],[-26,5],[-11,-19],[20,-48],[-16,-14],[11,-43],[-8,-16],[16,-33],[-32,-16],[-10,-38],[2,-29],[-23,-30],[-8,-65],[13,-30],[-4,-45],[-12,-16],[4,-45],[-63,-4],[-2,-8]],[[44967,26009],[5,27],[-70,5],[-6,48],[-19,15],[-72,0],[-16,30],[11,27],[46,-21],[35,24],[0,15],[-55,71],[-29,26],[-6,25],[27,7]],[[44818,26308],[23,10],[15,-35],[28,30],[14,-18],[-25,-23],[-4,-39],[13,-6],[41,35],[38,-21],[10,-48],[40,-21],[18,23],[-27,44],[26,27],[-35,29],[-3,38],[-36,21],[-3,37],[60,-10],[0,18],[-33,64],[-33,43],[22,13],[62,-24],[17,9],[67,-11],[10,-28],[30,-28],[92,4],[52,100],[-46,-17],[-9,24]],[[42378,27642],[-73,-729],[-8,-96],[122,-27],[53,20],[38,4]],[[42510,26814],[-5,-54],[3,-61],[-10,-53],[-24,-45],[-26,-90],[-23,-145],[18,-2],[4,-38],[17,-4],[-16,-59],[-191,28],[-2,-27],[-116,16],[-35,0],[-51,19],[-21,-256],[-465,68],[-44,15],[-100,20]],[[41423,26146],[-102,19],[-707,140]],[[40614,26305],[26,272],[25,287],[300,-67],[35,409],[16,-3],[6,114],[-258,-17],[12,112],[51,-9],[8,70],[-33,20],[4,40],[31,-9],[8,88],[-298,57],[12,115],[98,-20],[3,26],[95,-53],[16,165],[98,-122],[27,255],[90,-27],[9,146],[5,18]],[[41000,28172],[20,-29],[46,-3],[19,-36],[51,-77],[43,-34],[17,-28],[26,-9],[21,-43],[-7,-47],[29,-52],[25,-20],[21,-45],[-18,-57],[-7,-51],[10,-39],[24,8],[9,46],[30,23],[24,34],[25,-16],[-3,-55],[21,-47],[2,-44],[57,3],[36,-49],[57,-4],[50,22],[13,-20],[34,-3],[15,12],[21,-16],[31,0],[9,55],[21,26],[19,188],[213,-50],[374,-73]],[[38629,25007],[24,0],[11,-18],[2,-53],[20,-18],[12,21],[31,9],[35,-74],[-2,-21],[25,-38],[25,5],[27,-28],[6,-37],[32,-62],[32,-76],[22,20],[18,0],[-15,-68],[18,-28],[16,28],[60,-41],[9,-29],[-14,-91],[20,-38],[-3,-46],[33,-59],[7,-130],[-36,2],[-37,-33],[7,-33],[-3,-46],[-23,-31],[12,-30],[-9,-40],[3,-38],[16,-6],[28,18],[18,-25],[-20,-18],[0,-28],[-19,-48],[-38,-4],[-6,-14],[22,-40],[-2,-48],[-30,-21],[5,-46],[24,0],[23,-44],[-23,-19],[2,-41],[30,-8],[0,-39],[-26,-12],[-2,-19],[32,-61],[-1,-15],[49,-66],[44,-73],[4,-64],[58,-38],[28,-38],[-12,-22],[-8,-97],[9,-62],[21,-5],[51,-33],[45,35],[28,-14],[-1,-53],[9,-22],[27,14],[19,-34],[30,1],[16,-30],[33,16],[18,-5],[13,38],[-6,35],[14,63],[27,-11],[57,52],[20,2],[34,-25],[38,22],[20,1],[40,-19],[25,8],[2,-32],[31,-45],[-10,-57],[15,-13],[14,-55],[27,-48],[69,2],[32,-35],[32,5],[19,19],[1,-61],[55,-114],[-2,-33],[-13,-35],[14,-25],[44,-47],[33,-17],[36,-2],[90,-36]],[[40266,22295],[4,-15],[-69,-55],[-47,-57],[-38,-67],[-16,-37],[-17,-83],[-47,-11],[-33,-23],[-21,-72],[-21,-18],[-13,-38],[1,-37],[-11,-37],[-23,-17],[-13,-26],[-1,-46],[-26,21],[-33,10],[-29,-2],[-35,-35],[-18,0],[-44,-32],[-29,-10],[-64,-55],[-55,-13],[-86,-9],[-27,-7],[-31,-24],[-16,-35],[-21,-89],[16,-52],[-15,-33],[-5,-50],[11,-29],[28,-14],[1,-48],[-21,-95],[4,-15],[-20,-32],[-11,-74],[2,-164],[-20,-77],[-28,-47],[-6,-33],[-32,59],[-21,16],[-39,6],[-31,44],[-15,5],[-18,40],[-14,1],[-43,85],[-63,7],[-40,22],[-32,-33],[-18,-32],[-26,-64],[-50,52],[9,24],[-17,45],[-29,8],[-52,-9],[-15,-19],[-9,-90],[-16,22],[-22,-10],[-29,-36],[-2,-21],[-27,-28],[-6,-42],[-18,-16],[-10,-41],[-33,24],[-2,27],[20,13],[3,39],[-26,12],[-24,-10],[-68,19],[-92,12],[-36,-11],[-56,18],[-43,3],[-65,54],[-36,78],[-62,69],[-51,-23],[-44,-31],[-6,-28],[-29,-31],[-10,-52],[-24,-33],[-11,-98],[12,-9],[-1,-51],[-18,-98],[-66,-76],[-27,7],[-23,-14],[-37,-56],[-22,-15],[-42,8],[-12,-35],[54,-30],[9,-31],[-68,-88],[-15,-105],[9,-45],[-18,-13],[2,-68],[-12,-21],[2,-31],[-18,-71]],[[42320,25024],[-24,-61],[-22,-21],[-34,-14],[-202,-33],[-314,-139]],[[41724,24756],[-2,120],[-15,43],[-40,1],[-15,30],[17,45],[31,23],[-2,34],[-37,68],[-32,21],[-11,50],[-18,33],[16,26],[-2,48],[9,30],[-28,51],[-53,-3],[-9,17],[10,70],[-22,9],[-23,104],[13,28],[8,83],[-14,29],[13,44],[-56,11],[-23,53],[-5,29],[-37,11],[26,282]],[[42510,26814],[33,-2],[-24,-47],[-4,-104],[19,-3],[39,41],[31,5],[20,-13],[34,46],[185,-40],[258,-50],[12,115],[28,-6],[6,62]],[[43147,26818],[15,-58],[63,-53],[27,-3],[35,37]],[[43242,25976],[-389,-188],[-57,-80],[-32,-18],[-15,-25],[-44,-49],[-287,-233],[-41,7],[-16,-39],[-30,-218],[-11,-109]],[[20577,52128],[-201,0],[0,-264],[-103,0],[1,-438],[-48,1],[-3,-37],[-587,1],[-1,-596],[-2,-429],[163,-87],[209,-120],[23,-20],[156,-173],[51,-14],[229,1],[109,-2],[0,-424],[-58,-213],[-36,-21],[-38,-133],[22,-33],[-134,-474],[-339,-332],[-191,-408],[-181,-390],[-180,-444],[-24,-285],[139,-312],[79,-182],[0,-1025],[198,-55],[1,-426],[-1,-9],[-198,-278],[0,-284],[1,-275],[397,4],[710,3],[0,-52],[163,0],[23,-68],[12,-57],[4,-109],[1,-545],[25,-64],[0,-57],[-43,-151],[63,-86],[56,-8],[0,-181],[-29,-19],[19,-32],[0,-38],[29,-11],[22,20],[28,-14],[-10,-37],[23,-32],[26,44],[31,-17],[33,7],[23,-38],[41,-27],[14,-38],[-16,-51],[20,-274],[-126,-283],[274,1],[406,-2],[-1,-854],[792,2],[412,1],[20,-3],[405,-1],[-1,-426],[-288,0],[41,-452],[-151,24],[-36,-345],[2,-536],[203,-126],[7,-18],[-5,-68],[-25,-153],[-4,-50],[-42,-127],[13,-162],[-20,4],[-147,-98],[12,-32],[-165,-111],[-10,28],[-19,4],[-16,-143],[-291,63],[11,110],[-24,17],[-39,5],[-23,-8],[-29,20],[-15,-3],[-113,19],[9,88],[-15,33],[-30,35],[-90,-7],[-9,-84],[-32,-8],[17,-45],[-7,-13],[-15,-163],[12,-3],[-47,-470],[-325,67],[-14,-23],[-47,36],[-197,40],[-199,36],[6,27],[-85,17],[4,39],[-66,14],[-61,-1],[2,15],[-50,11],[-3,-17],[-155,29],[46,-106],[6,-25],[-22,-205],[-15,3],[-5,-46],[-14,-65],[-36,7],[9,-41],[-4,-50],[-64,-155],[26,-6],[-13,-123],[33,-57],[-29,-228],[-33,-153],[-10,-96],[-43,-34],[-21,-84],[-13,-20],[83,12],[16,-10],[39,18],[26,-8],[112,-94],[26,-26],[27,-121],[-42,9],[-1,-15],[-171,34],[-27,-253],[12,-28],[6,-54],[12,-38],[8,-58],[15,-18],[4,-30],[-17,-45],[1,-37],[23,-61],[-20,-176],[-49,-486],[638,-127],[-4,-40],[49,-9],[12,-59],[-21,-50],[-37,-50],[-2,-27],[-30,-30],[-12,-42],[-10,-78],[-18,-15],[12,-28],[-11,-41],[26,-61],[23,-38],[-6,-77],[23,-35],[61,-12],[9,-19],[-27,-23],[5,-17],[41,-8],[-68,-663],[602,-119],[-81,-773],[-3,-61],[199,-42],[144,-77],[274,-82],[39,-34],[284,-154],[65,-142],[58,-63],[37,-19],[82,-80],[396,-402],[-52,-427],[9,5],[396,-94],[-21,-170],[89,-21],[2,21],[114,-28],[106,-22],[73,108],[59,148],[13,93],[104,6],[70,568],[90,-22],[8,-7],[152,-36],[-34,-49],[-50,-50],[-19,-31],[-45,-124],[-16,-97],[-19,-85],[-47,-112],[-22,-97],[-23,-43],[-120,-115],[-14,-21],[-52,-126],[-84,-139],[-50,-76],[-10,-32],[-11,-111],[-28,-104],[-37,-71],[-72,-165],[-19,-37],[-73,-120],[-36,-134],[-57,-216],[-53,-107],[-24,-33],[-72,-47],[-44,-46],[-17,-33],[-47,-148],[-30,-62],[-11,-37],[-30,-149],[-8,-67],[-26,-142],[11,-163],[-21,-133],[-10,-103],[-62,-156],[-42,-90],[-42,-33],[420,-80],[213,-42],[410,-77],[246,-48],[40,-9]],[[24614,27566],[-15,-18],[-4,-69],[-16,-26],[-34,-109],[-33,-24],[-15,10],[-25,-15],[18,-30],[13,-85],[-25,17],[-15,-9],[7,-84],[-22,5],[-15,-70],[10,-98],[20,-20],[-24,-28],[-41,66],[-33,9],[-24,-11],[-61,-13],[-18,16],[-14,-26],[3,-23],[-21,-17],[1,-31],[-12,-38],[-26,19],[-5,-35],[-27,-25],[-31,3],[-31,-63],[23,-28],[-6,-21],[-31,-19],[-15,-29],[-22,2],[-43,-15],[-24,15],[-35,41],[-11,40],[-36,12],[-38,-41],[-22,-11],[-28,-32],[-17,-66],[10,-66],[-19,-76],[1,-47],[30,-51],[-12,-49],[-2,-48],[6,-35],[-44,-36],[-25,-41],[-5,-32],[-26,-55],[19,-56],[-2,-51],[-38,3],[-6,-44],[-13,-16],[5,-61],[37,-18],[17,-41],[12,-62],[-10,-32],[14,-27],[30,0],[12,-48],[-11,-40],[8,-55],[-30,0],[18,-79],[-13,-19],[-47,-14],[6,-63],[-15,-24],[11,-31],[-34,-19],[-44,-60],[-21,-5],[-17,-32],[-23,13],[-28,-19],[-16,-114],[-26,-8],[-10,-32],[11,-25],[-5,-30],[7,-48],[26,-54],[-30,-68],[10,-49],[16,-15],[42,-4],[27,59],[13,-29],[28,-33],[33,32],[3,-37],[26,-10],[29,-27],[-10,-24],[-26,38],[-93,31],[-17,-6],[-27,-57],[-22,-33],[-48,-15],[-33,7],[-22,-18],[6,-37],[18,-16],[-11,-27],[25,-11],[2,-25],[26,-25],[-19,-22],[-26,9],[-41,-28],[4,-24],[27,-4],[53,-30],[2,-27],[31,-61],[-14,-12],[31,-49],[36,-1],[34,37],[24,7],[13,-52],[22,14],[20,-34],[-16,-25],[-3,-32],[-22,-39],[-31,-16],[-5,-28],[-21,-14],[3,-56],[-19,-25],[-7,-29],[-18,-2],[-15,-37],[38,-14],[2,-16],[-50,-58],[-57,10],[-16,-27],[-19,0],[-3,-38],[36,-40],[-21,-37],[-4,-64],[28,-4],[17,-33],[-7,-47],[14,-10],[9,-36],[24,-50],[-9,-17],[-52,-32],[-21,-28],[13,-63],[-18,-8],[-11,-36],[-44,-6],[-9,-66],[-37,-14],[-9,15],[-31,-13],[-20,-30],[-39,33],[-26,-33],[-28,-10],[3,-41],[-6,-91],[20,-26],[-14,-20],[-5,-51],[-19,9],[-36,-21],[-13,-52],[-25,-39],[11,-44],[34,0],[19,-45],[-35,-26],[-17,4],[-44,-28],[8,-36],[-34,9],[-21,-45],[3,-57],[12,-46],[36,-9],[5,-27],[23,-6],[9,-25],[29,24],[13,-26],[28,-15],[-35,-46],[32,-22],[-38,-37],[-30,-54],[14,-43],[-20,-29],[-39,2],[-17,-38],[-46,40],[-26,-4],[-15,-21],[7,-28],[33,-29],[14,-54],[-3,-27],[-22,-40],[-22,-18],[24,-25],[-37,-39],[27,-59],[-18,-48],[14,-22],[30,21],[6,-23],[-17,-36],[-37,-20],[-47,30],[-20,-17],[-41,-93],[13,-10],[-19,-52],[-32,10],[-42,-24],[-9,-90],[22,-57],[31,-11],[15,-27],[34,-25],[9,8],[37,-15],[-6,-35],[-15,-8],[-36,-62],[-21,-3],[-18,-24],[-32,-4],[-22,-58],[-55,-43],[-17,-29],[-42,-15],[-30,0],[-44,-71],[-6,-33],[-37,-61],[17,-63],[-4,-61],[9,-25],[-13,-25],[23,-16],[18,-29],[-7,-41],[23,-34],[38,-3],[-5,-21],[28,-92],[12,-12],[3,-36],[-21,-44],[11,-14],[-6,-42],[10,-18],[-19,-23],[1,-30],[38,-63],[-3,-44],[6,-38],[-10,-19],[12,-29],[35,-39],[16,-45],[-7,-53],[41,-31],[-6,-29],[36,-50],[26,-22],[-18,-25]],[[22807,19730],[-182,32],[-157,32],[-13,0],[-191,42],[-257,51],[-553,114],[-64,-570],[41,-49],[20,-106],[19,-83],[-18,-181],[3,-83],[-57,-301],[-84,14],[-76,-27],[-165,-53],[-31,-6],[-321,52],[-16,-148],[-63,12],[-61,-30],[-87,14],[-35,15],[-151,27],[-44,64],[-65,-578],[-271,56],[-16,-140],[-134,28],[-14,-130],[-204,42],[36,329],[98,-7],[29,24],[48,179],[-150,33],[30,274],[24,191],[-67,67],[-18,36],[-312,66],[-20,-211],[20,-71],[-26,5],[-19,21],[-13,34],[-34,25],[-36,-1],[-18,-17],[-31,-1],[1,52],[-7,39],[-15,7],[-2,37],[21,50],[21,73],[-1,25],[-235,-2],[27,29],[28,66],[60,181],[29,49],[30,30],[41,27],[-11,39],[27,6],[54,32],[7,-21],[55,32],[32,31],[88,184],[86,106],[194,173],[-63,93],[-14,-5],[9,84],[-52,12],[4,37],[-89,18],[7,47],[11,19],[-618,136],[-25,42],[-30,6],[-15,36],[-51,7],[-5,43],[-16,23],[-3,46],[-36,9],[-27,-50],[-5,37],[7,31],[-46,26],[-7,-22],[-25,26],[-24,45],[10,25],[-2,64],[29,14],[-26,54],[-9,97],[36,-22],[22,34],[-10,17],[19,70],[-103,20],[-108,0],[-5,-97],[28,-113],[-151,51],[-60,56],[-21,-2],[-29,-265],[-107,30],[-10,-37],[-56,-65],[-47,-35],[-32,-48],[-114,-89],[-32,18],[-64,131],[-2,123],[141,1],[23,202],[4,53],[-43,0],[-1,188],[65,1],[12,119],[-34,21],[-33,-25],[-9,31],[28,33],[-24,29],[10,47],[-18,32],[-20,0],[-18,44],[4,58],[22,-20],[60,107],[-23,59],[-13,8],[-165,-81],[1,-3],[-774,-11],[22,-24],[-243,-6],[-57,1],[-5,155],[-22,-1],[-2,157],[-91,0],[2,93],[52,57],[-2,162],[-46,-1],[-1,238],[-66,8],[-28,-14],[-49,9],[-30,-24],[-67,24],[-26,23],[-29,-7],[-47,58],[-24,19],[-19,72],[-24,13],[-6,27],[-48,32],[-21,25],[-47,12],[-34,-53],[-23,-15],[-58,-20],[-39,12],[-33,46],[-9,26],[16,53],[16,25],[8,60],[33,33],[-14,54],[-3,41],[23,23],[5,29],[-38,47],[3,53],[335,-73],[259,-18],[3,15],[53,-3],[0,373],[17,-7],[11,100],[-6,107],[-18,98],[-55,169],[-11,11],[-63,101],[-23,8],[-84,0],[-38,62],[-107,121],[10,-132],[-17,-127],[10,-88],[2,-113],[10,-155],[19,-12],[-416,-9],[-635,-10],[-118,-6],[-37,4],[-567,-13],[-441,-9],[0,-56],[-47,1],[-54,25],[-21,-32],[-109,-27],[-38,39],[-13,-21],[-98,-42],[-24,-34],[12,-50],[-16,-19],[-29,-11],[-42,29],[-39,-9],[-24,69],[-18,30],[-15,0],[-5,-81],[-39,-36],[-38,-12],[0,-100],[-46,-20],[-15,37],[-18,4],[-29,-18],[-48,37],[-53,-2],[8,-81],[-24,-20],[-8,-26],[-233,-6],[21,189],[-336,-6],[-384,-10],[-205,-7],[-39,-63],[-22,-10],[-13,-34],[-26,-20],[-34,-58],[-38,-5],[-56,42],[-35,-18],[-9,-49],[-38,-7],[-32,13],[-44,1],[-29,-53],[-2,-32],[-55,-39],[1,-47],[-19,-20],[-3,-25],[-20,-21],[-23,18],[-13,-27],[-77,-1],[-19,-14],[-53,6],[-27,22],[-22,-6],[-44,-36],[-23,25],[-68,46],[-16,0],[-39,33],[-53,36],[-24,27],[-37,5],[-53,43],[-126,-30],[-57,-4],[-178,236],[-162,175],[-41,10],[-44,28],[-25,-7],[-45,69],[-33,102],[-16,64],[31,28],[282,82],[0,213],[224,2],[17,149],[31,347],[-197,-1],[-64,42],[-27,-5],[-99,31],[-44,77],[-71,33],[-87,11],[-70,-10],[-42,6],[-190,104],[-43,10],[-21,27],[-47,22],[-19,-190],[4,-26],[28,-67],[17,-69],[-1,-118],[-269,44],[-188,32],[-121,-223],[-375,68],[-70,27],[-76,0],[-10,256],[-19,196],[-445,1],[-29,-6],[-85,-75],[-174,-196],[-49,-7],[-31,-24],[-86,-103],[-55,-43],[-30,-54],[-65,-46],[-41,-53],[-4,-52],[0,-220],[-215,1],[-17,-7],[-171,-155],[-14,3],[-338,60],[-15,53],[-6,66],[-24,165],[-1,55],[-29,77],[-175,31],[-13,-15],[-11,-103],[57,-11],[-21,-219],[-32,-19],[-181,29],[-26,-263],[-37,-47],[-39,-11],[-45,-4],[-29,-25],[-62,-7],[-14,-11],[-26,10],[-29,-15],[-11,20],[-31,6],[-19,29],[-25,8],[-15,-14],[-35,1],[-19,12],[-40,-2],[-23,12],[-36,-30],[-25,-9],[-6,-38],[-14,-22],[25,-51],[-15,-34],[-101,-78],[10,-28],[-6,-24],[-60,13],[-22,35],[-7,45],[-23,33],[-9,46],[-41,32],[-39,150],[-49,99],[-34,28],[6,43],[-14,27],[-17,-23],[-43,-2],[-12,46],[-71,19],[-17,41],[-53,-33],[-21,-67],[-88,17],[42,416],[279,-48],[35,410],[-157,-105],[16,33],[-30,85],[102,67],[-26,73],[-24,-16],[-21,59],[124,82],[21,-59],[22,14],[44,-127],[95,62],[16,-47],[29,19],[149,-28],[23,257],[4,72],[-45,37],[-45,22],[-65,-26],[-71,18],[-48,19],[-14,29],[-63,-40],[-2,-41],[-31,22],[-28,7],[-3,-51],[-14,-15],[-89,-28],[-42,33],[-38,-31],[-6,-63],[-23,-61],[-25,-9],[-28,-30],[-1,-36],[-27,-25],[-25,-9],[-42,-73],[-78,-19],[-28,41],[-34,-6],[-30,7],[-33,-25],[-26,41],[-29,-17],[-52,11],[-34,19],[-45,4],[-26,-11],[-41,-448],[-101,20],[10,121],[-100,152],[-90,17],[-17,-188],[-74,14],[-52,-55],[125,-219],[-57,-54],[-43,-20],[-156,-194],[-37,-14],[105,-19],[-23,-107],[-24,-9],[-74,-111],[29,-33],[-12,-123],[-35,29],[-8,-100],[16,22],[18,-12],[-29,-280],[51,-10],[-75,-94],[-11,-81],[-13,-22],[-177,35],[-33,-38],[-62,3],[-65,-14],[-12,-122],[37,-8],[-7,-84],[-42,9],[-40,-381],[-37,6],[-24,-80],[2,-21],[39,-42],[41,22],[32,-37],[-2,-30],[-22,-43],[-28,-27],[-42,9],[-48,-57],[-8,-25],[10,-47],[16,-19],[41,9],[63,-30],[32,-2],[-1,-42],[-38,-97],[8,-29],[65,-6],[8,-11],[-6,-72],[51,-39],[0,-42],[-33,-49],[-7,-28],[33,-43],[18,-72],[-5,-19],[-35,-46],[-31,-52],[-33,-20],[-34,62],[-56,34],[-30,61],[-15,45],[-32,28],[-22,50],[-23,22],[-45,21],[-17,-26],[5,-46],[-25,-29],[-9,-39],[20,-43],[-33,-105],[15,-23],[49,-41],[-35,-70],[11,-59],[58,-31],[-3,-16],[-64,-29],[-40,28],[-21,38],[3,95],[15,25],[-8,42],[-26,7],[-39,-63],[-46,-55],[-16,-31],[-41,10],[-29,49],[-8,60],[-45,0],[-22,15],[0,23],[45,43],[-7,18],[-53,33],[-26,-20],[0,-69],[-6,-11],[-49,15],[-33,-26],[-4,-39],[-17,-9],[-24,23],[-30,65],[-79,19],[-19,9],[-28,38],[-26,12],[-60,55],[-9,26],[-8,63],[-12,12],[-27,-37],[-3,-40],[18,-57],[-16,-11],[-57,27],[-25,-26],[-27,38],[-53,29],[0,30],[40,37],[-2,13],[-65,37],[-8,46],[15,50],[-65,8],[-19,-36],[-29,51],[-71,37],[-20,-49],[-15,-1],[-21,30],[2,49],[-26,42],[-16,3],[-19,-23],[-6,-49],[-10,-12],[-42,26],[12,32],[-13,26],[-58,7],[-32,-12],[-31,37],[-34,16],[-28,-7],[-19,11],[6,63],[-6,30],[-24,4],[-36,-32],[-13,13],[-41,82],[-12,50],[-24,28],[-45,6],[-18,12],[-18,40],[-39,10],[-22,22],[-27,3],[-33,47],[-30,1],[-25,34],[-43,18],[-34,-22],[-16,5],[-13,36],[-33,31],[-40,-33],[-45,14],[-14,25],[-2,53],[-19,10],[-39,-9],[-12,8],[-13,45],[-49,-2],[-37,19],[-24,25],[-35,-20],[-23,-2],[-30,19],[-29,-9],[-10,-48],[-17,-5],[-33,25],[-45,3],[-21,18],[-49,4],[-73,36],[-22,-7],[-37,-37],[-19,25],[0,47],[-26,20],[-35,-43],[-60,-28],[-35,-44],[-19,-7],[-43,1],[-22,-15]],[[57,22492],[9,1055],[12,1229],[9,680],[20,1433],[6,691],[17,246],[-16,9],[1,524],[4,528],[4,170],[-3,159],[-3,50],[3,69],[1,551],[4,808],[6,1190],[2,885],[-2,669],[-2,313],[-5,1324],[0,628],[-10,552],[-2,213],[-5,340],[-6,466],[3,0],[2,561],[3,3],[-2,400],[3,916],[-1,4],[3,1249],[-1,588],[-3,528],[-2,47],[-3,693],[-6,1145],[-2,116],[-6,1086],[-7,472],[-3,604],[-1,513],[-1,625],[-2,0],[1,775],[2,0],[0,562],[-2,1180],[-2,1015],[-4,0],[-2,1238],[-3,731],[-1,1311],[-3,146],[-3,574],[-7,1682],[-9,1570],[-15,2729],[-4,742],[-1,646],[-4,1975],[-2,1008],[-2,1151]],[[14,65859],[4075,0],[511,1],[1367,-2],[-3,4786],[0,43],[883,0],[2940,2],[1701,0],[0,-1307],[0,-919],[1,-500],[-29,-83],[0,-193],[26,0],[0,-864],[2,-234],[-58,0],[74,-104],[67,-194],[34,-147],[22,-119],[2,-295],[-3,-164],[-20,-154],[3,-49],[-52,-294],[-46,-163],[-4,-327],[-38,-182],[18,-9],[0,-562],[-2,-4],[-1,-259],[171,-5],[169,2],[169,-3],[577,-3],[801,-6],[797,-2],[0,-1242],[0,-1260],[530,1],[502,-1],[461,0],[25,-4],[140,4],[666,0],[510,1],[212,-1],[564,1],[150,0],[171,-2],[122,2],[-1,-982],[0,-1386],[302,0],[1,-93],[36,34],[486,499],[24,26],[1,-69],[248,-3],[316,-64],[-34,-329],[3,-516],[-12,-13],[170,0],[-11,-105],[59,-12],[-19,-191],[-40,8],[-5,-52],[-58,12],[-12,-112],[15,-94],[-16,-144],[-36,8],[1,-512],[-78,-1],[2,-286],[30,1],[0,-290],[-66,0],[0,-441],[233,-44],[-33,-351],[-143,26],[-18,-196],[-42,8],[-29,-310],[137,168],[1,-265],[0,-991],[-1,-236],[38,-5],[88,-329],[-123,-83],[0,-152],[336,0],[0,-56],[202,1],[204,-1],[-3,-13],[2,-556],[201,2],[1,-286],[-1,-141]],[[34630,32996],[102,1210],[-22,44],[-8,66],[-11,36],[-11,66],[-5,117],[-44,74],[-21,-4],[-5,-42],[-35,-19],[-95,18],[-40,3],[19,194],[-23,19],[-63,-12],[-4,173],[30,37],[34,17],[-19,30],[-2,73],[-6,22],[24,12],[25,76],[-1,56],[315,-83],[-3,92],[5,72],[12,37],[-2,41],[15,142],[-32,26],[-25,60],[33,27],[-27,57],[-31,-26],[-37,-13],[-23,17],[-12,-37],[-21,14],[-9,-28],[-22,14],[20,63],[-59,33],[-4,-33],[-57,11],[8,84],[18,0],[30,-54],[44,-25],[17,55],[-7,92],[-23,15],[-36,60],[-3,28],[-43,138],[-37,63],[-24,1],[14,97],[-24,38],[7,36],[2,52],[-23,23],[24,244],[-61,11],[-20,83],[-24,54]],[[43360,31736],[-342,74],[-119,28],[-85,16],[1,7],[-247,57],[-288,62],[-34,20],[-33,-50],[-9,31],[-42,65],[-36,10],[-19,80],[-23,-21],[-39,-21],[-27,14],[-41,46],[-4,34],[-55,55],[-16,-22],[16,-41],[-22,-16],[-30,35],[-20,35],[-8,32],[-20,21],[-55,7],[-44,56],[-34,1],[-9,-36],[3,-29],[-23,-9],[-21,15],[-20,-17],[-12,32],[14,19],[0,30],[-25,21],[-72,0],[-16,-48],[-29,52],[-8,-52],[-35,0],[-7,-19],[19,-65],[-41,-4],[-19,14],[-8,38],[-38,-61],[7,-70],[-24,12],[-5,-35],[-18,-14],[-6,49],[-64,-29],[-6,-28],[33,-19],[4,-31],[-25,-21],[-44,11],[-13,-29],[-26,30],[-44,7],[-3,-22],[-25,-17],[-9,28],[-30,-1],[-15,14],[-39,-32],[-57,30],[4,33],[-29,13],[-12,-14],[-33,35],[-78,-86],[-29,-260],[-33,-331],[100,-161],[62,-69],[21,-34],[79,-176],[23,-33],[46,-48],[24,-39],[80,-166],[-268,47],[-236,46]],[[40650,30822],[6,56],[-197,37],[-135,30],[-261,54],[-4,-2],[-131,27],[-21,-55],[-37,-30],[3,-43],[-37,-44],[-22,-8],[-3,-37],[-19,-12],[-13,-55],[-31,-76],[-29,-55],[-28,-6],[-18,-29],[6,-32],[-9,-35],[8,-85],[-22,-38],[-15,-92],[-39,-91],[-18,2],[-15,-48],[-13,-20],[-8,-66],[-40,-26],[-7,-36],[22,-21],[-10,-23],[21,-18],[-19,-21],[25,-29],[-3,-29],[18,-71],[-11,-18],[8,-26],[-32,-65],[-30,-89],[-22,-22],[5,-91],[-164,32],[-35,-36],[-21,-9],[-116,-20],[-48,39],[-26,11],[-174,40],[-43,-99]],[[44868,25633],[34,-38],[13,36],[25,23],[41,-33],[28,11],[33,-20],[9,-29],[19,-6]],[[45794,24620],[-19,-172],[-32,10],[-21,25],[-34,62],[-92,58],[-23,6],[-82,0],[-99,25],[-24,14],[-21,30]],[[44913,25080],[20,211],[-101,23],[36,319]],[[44663,25671],[-34,38],[-42,17],[-50,69],[-22,45],[-33,28],[-36,-4]],[[44527,26377],[-28,-287],[189,-35],[12,0],[-37,-384]],[[40650,30822],[-2,-35],[-14,-26],[-5,-88],[37,-107],[23,-3],[8,-43],[12,-16],[-3,-93],[8,-33],[-15,-16],[24,-66],[15,-24],[253,-49],[-22,-52],[2,-67],[24,-27],[-12,-26],[2,-67],[-11,-30],[-15,-73],[6,-40],[21,-16],[17,-32],[4,-47],[12,-31],[-8,-44],[17,-14],[-2,-32],[10,-43],[-10,-29],[-12,-73],[-40,-24],[-1,-101]],[[40973,29355],[-41,-77],[-7,-39],[-25,-61],[-19,18],[-53,-44],[18,-53],[-4,-44],[21,-26],[5,-37],[22,-31],[-14,-44],[-19,-18],[4,-28],[-10,-83],[17,-30],[6,-40],[-40,-14],[-14,-49],[24,-35],[-16,-35],[-25,-11],[-43,-63],[28,-42],[13,-49],[6,-54],[-19,-75],[-25,-49],[8,-17],[51,-47],[3,-33],[29,-12],[63,40],[29,26],[29,-26],[25,-1]],[[40614,26305],[-202,41],[-138,21],[-40,9],[-5,-23],[-39,-8],[-73,-90],[21,-28],[25,-9],[-8,-34],[-27,-19],[-19,-55]],[[40109,26110],[1,53],[-111,102],[-208,33],[-179,191],[-610,121]],[[26392,78605],[-92,0],[1,-116],[-108,144],[-90,17],[-69,-531],[0,-554],[0,-835],[-503,-4],[-69,21],[-107,-5],[-16,-17],[-759,-2],[-27,-13],[-25,13],[-165,11],[-12,-17],[-208,-1],[4,-564],[1,-521],[-790,-5],[40,-123],[-441,0],[-311,-5],[35,-971],[-7,-16],[44,-42],[4,-96],[-40,-86],[36,-988],[7,0],[0,-203],[-144,0],[-2,-4],[0,-559],[1,-217],[0,-824],[0,-659],[361,1],[52,3],[140,-2],[12,3],[118,2],[11,-7],[144,2],[25,7],[127,-8],[8,6],[244,-8],[123,3],[59,-2],[20,6],[43,-5],[-7,-27],[0,-177],[-35,-169],[-44,-88],[11,-107],[2,-73],[49,-48],[30,-78],[43,-21],[-13,-112],[-9,-38],[9,-53],[28,-59],[28,-21],[66,6],[69,35],[26,-11],[103,-8],[80,48],[51,-6],[38,-32],[66,-1],[115,-101],[24,-3],[11,-27],[-1,-44],[38,-161],[1,-41],[-33,-142],[2,-96],[-4,-83],[-69,-99],[-15,-72],[7,-39],[-7,-215],[-41,-86],[48,-281],[9,-50],[50,-71],[16,-71],[10,-74],[-12,-28],[-13,-71],[37,-265],[384,-2],[95,-3],[260,3],[235,-2],[2,150],[92,-45],[306,-141],[-22,-22],[-23,-56],[-3,-47],[-18,-28],[-5,-40],[3,-58],[33,-57],[42,-43],[14,-26],[78,-65],[50,-11],[30,-27],[29,-12],[-6,-28],[16,-31],[-29,-23],[-8,-48],[-41,-54],[-2,-67],[-17,-47],[10,-48],[3,-48],[-6,-22],[9,-37],[-6,-41],[6,-29],[22,-47],[0,-20],[43,-62],[43,-37],[-1,-38],[25,-20],[15,-55],[-5,-76],[-23,-33],[22,-55],[0,-23],[24,-45],[37,-21],[21,-25],[25,-12],[12,-30],[40,-24],[8,-51],[47,-37],[4,-51],[23,-19],[-8,-40],[18,-18],[5,-47],[-11,-24],[5,-43],[-28,-34],[-25,-75],[20,-48],[-38,-54],[-2,-43],[15,-42],[-49,-71],[-11,-68],[-33,12],[-24,-54],[3,-51],[-37,-46],[0,-62],[-28,-22],[3,-30],[27,-55],[6,-75],[-11,-37],[13,-88],[30,-16],[11,-65],[-36,-38],[-8,-26],[20,-54],[-15,-56],[6,-42],[28,-38],[2,-49],[26,-48],[-26,-48],[28,-5],[-15,-144],[223,-44],[70,-18],[-6,-113],[-49,-490],[-13,-110],[35,-7],[-103,-1028],[-80,0],[0,-603],[2,-387],[0,-137],[131,-1],[0,-288],[16,0],[0,-141],[181,0],[29,-4],[23,11],[30,-25],[7,-36],[20,4],[25,-19],[10,29],[-10,25],[13,62],[20,12],[21,-8],[8,42],[47,47],[13,40],[-3,21],[23,24],[7,30],[32,21],[15,29],[13,69],[25,35],[6,43],[16,44],[24,0],[5,41],[-4,58],[205,0],[70,7],[271,-1],[2,-487],[-2,-698],[2,-956],[4,-148],[192,7],[134,0],[-1,-617],[-29,9],[-47,-37],[-11,-41],[5,-58],[15,-52],[31,-43],[10,-29],[22,-112],[26,0],[1,-409],[176,1],[80,-16],[-43,-438],[-12,-128],[199,-38],[-28,-280],[240,-47]],[[28919,56711],[-87,-53],[-16,-24],[-59,-109],[-58,-84],[-33,-69],[-65,-92],[-34,-40],[-44,-36],[-105,-25],[1,-286],[-122,-2],[-51,-5],[65,-581],[-353,0],[0,-125],[-68,-644],[112,-88],[-21,-226],[-15,-4],[-31,-316],[-17,-162],[-120,22],[6,62],[-200,38],[-126,27],[0,-347],[2,-81],[82,-22],[-57,-584],[29,-10],[-25,-273],[55,-9],[-17,-173],[-52,9],[29,-92],[-21,-191],[-44,10],[-6,-60],[-54,10],[-14,-139],[-7,-2],[-196,37],[-60,-623],[-222,37],[13,89],[-297,54],[-56,-30],[-18,24],[-22,-5],[-65,18],[-155,27],[-182,236],[-12,-6],[-15,64],[-34,48],[-5,84],[12,41],[-20,87],[3,27],[-9,66],[-36,4],[-11,27],[-15,76],[4,88],[-25,27],[-4,34],[6,37],[-32,-5],[-8,43],[24,26],[-61,42],[-21,-15],[-12,20],[20,27],[2,36],[-29,13],[5,59],[-11,35],[22,75],[-43,9],[-1,53],[27,0],[-1,85],[-9,35],[20,7],[-58,69],[-13,33],[-31,-2],[-333,-3],[-53,30],[-107,-1],[0,-78],[-1009,-6],[-92,-63],[-66,-703],[-672,126],[-3,-34],[-44,8],[-52,-19],[-208,40],[70,-152],[40,-103],[50,-107],[-40,-40],[12,-62],[-2,-26],[-40,8],[-18,-178],[-335,65],[-15,-169],[-850,151],[-628,112],[-256,45],[-450,83],[-69,56]],[[14,65859],[0,122],[20,3981],[11,2235],[3,602],[0,256],[-3,2669],[-2,2533],[-1,1898],[-1,911],[0,631],[-2,1131],[0,567],[-6,3916],[-3,1854],[-1,754],[-1,1235],[-5,1353],[-4,885],[-5,937],[-6,1380],[-4,1001],[-4,1066],[12,0],[9,2042],[-1,181],[23,-1],[27,-22],[19,-31],[3,-38],[-17,-59],[-4,-65],[2,-79],[25,-37],[62,12],[20,-12],[25,-35],[8,-36],[-3,-60],[-14,-28],[-34,-17],[-14,-41],[14,-15],[46,11],[46,2],[20,-15],[3,-26],[-17,-24],[-33,-15],[-18,-25],[-3,-27],[13,-34],[41,-49],[6,-31],[-6,-53],[4,-55],[18,-42],[28,-39],[23,-2],[17,15],[12,31],[-2,97],[19,67],[18,20],[33,-3],[26,-35],[0,-13],[50,-31],[36,4],[11,-35],[-53,1],[-23,-12],[-22,-56],[9,-58],[-22,-108],[12,-54],[49,-38],[19,-40],[40,-28],[27,-4],[23,-18],[11,-25],[5,-47],[-5,-59],[16,-63],[42,-47],[41,11],[6,32],[-7,28],[-22,23],[-15,30],[2,42],[19,25],[42,16],[30,32],[7,37],[-13,36],[-3,44],[22,100],[24,7],[17,-12],[51,-61],[12,-23],[13,-52],[-1,-30],[-37,-84],[-8,-67],[13,-75],[4,-60],[37,-39],[39,3],[19,18],[20,38],[23,27],[64,27],[36,29],[21,44],[22,27],[10,-105],[20,-81],[18,-32],[34,-31],[35,1],[35,38],[24,9],[20,-7],[20,-40],[-5,-53],[-22,-35],[-6,-53],[28,-79],[30,-27],[44,-2],[32,33],[20,32],[11,84],[-6,57],[-18,100],[-37,48],[-53,11],[-3,32],[13,30],[53,62],[49,21],[29,-11],[18,-26],[16,-80],[19,-64],[29,-35],[54,-24],[45,-27],[43,-18],[25,0],[57,23],[84,76],[8,26],[21,2],[-7,-55],[28,-40],[26,-10],[16,11],[7,39],[-5,50],[9,34],[16,19],[82,12],[-24,-60],[7,-62],[19,-35],[-3,-19],[-37,-14],[-68,-46],[6,-27],[19,-16],[20,5],[36,28],[26,-33],[0,-95],[-8,-99],[6,-37],[21,-34],[20,-16],[37,-9],[36,12],[47,37],[11,21],[18,75],[2,37],[20,34],[15,6],[18,-19],[3,-25],[-11,-64],[8,-70],[27,-48],[3,-50],[14,-40],[23,-29],[32,-17],[38,-1],[35,11],[20,16],[18,47],[2,40],[-17,53],[-44,41],[-12,40],[27,-1],[23,16],[7,79],[58,21],[17,19],[11,37],[12,92],[24,47],[35,36],[29,5],[34,-30],[8,-42],[19,-14],[20,12],[28,60],[21,3],[12,-18],[-11,-91],[11,-46],[40,-67],[19,-13],[42,10],[40,36],[15,22],[6,39],[-3,59],[18,55],[21,19],[23,-9],[20,-46],[6,-102],[25,-68],[-16,-77],[-38,-72],[-9,-51],[5,-61],[16,-30],[45,-3],[21,31],[17,119],[12,25],[38,29],[29,-2],[34,-26],[33,-79],[19,-92],[33,-83],[74,-116],[50,-18],[35,-82],[25,-22],[42,-8],[45,-22],[60,-18],[4,-35],[-8,-47],[26,-47],[21,-6],[114,42],[27,3],[32,-24],[4,-67],[-55,-151],[5,-31],[22,-25],[22,-6],[47,34],[29,-5],[16,-26],[2,-40],[-11,-37],[-24,-38],[1,-85],[24,-27],[35,12],[32,45],[-6,19],[11,64],[22,28],[69,33],[24,18],[46,63],[11,35],[2,36],[-7,107],[9,41],[15,22],[29,14],[65,9],[41,-15],[18,-39],[5,-76],[11,-71],[18,-52],[25,-42],[6,-22],[25,-4],[7,41],[-20,39],[-7,53],[37,11],[54,-30],[31,-6],[31,-26],[12,-21],[14,-58],[6,-62],[-5,-20],[11,-45],[23,-21],[29,1],[30,25],[44,61],[62,60],[36,3],[27,-29],[13,-40],[1,-36],[-27,-75],[-20,-113],[3,-45],[21,-52],[41,-53],[41,-15],[34,3],[35,24],[27,29],[52,37],[26,11],[30,-11],[8,-19],[-7,-45],[-18,-56],[-5,-115],[11,-43],[32,-45],[32,-18],[34,-37],[24,-42],[23,-14],[20,4],[15,32],[-8,65],[19,41],[25,-4],[108,-83],[52,2],[22,23],[14,32],[1,55],[30,6],[68,-64],[41,-13],[17,9],[19,32],[-2,89],[17,36],[26,15],[54,-8],[19,-15],[36,-47],[24,-58],[23,-124],[20,-66],[58,-138],[37,-33],[32,-1],[19,-28],[-2,-31],[-19,-31],[-50,-17],[-18,-15],[-39,-70],[-5,-64],[15,-36],[72,-70],[35,-64],[9,-32],[-11,-64],[-21,-20],[-36,-17],[-51,-4],[-19,-37],[-6,-37],[14,-46],[35,-32],[30,1],[55,50],[43,14],[81,4],[46,28],[25,46],[13,43],[-6,62],[-56,147],[4,55],[26,34],[31,-5],[32,-41],[31,-80],[33,-51],[55,1],[67,55],[21,57],[3,50],[30,24],[52,-4],[27,-14],[39,-64],[18,-17],[43,-9],[63,-44],[28,1],[18,17],[16,42],[6,81],[-6,60],[19,30],[24,-21],[6,-33],[25,-36],[42,-15],[24,1],[36,32],[20,49],[-6,68],[-17,26],[-29,23],[-77,-8],[-19,10],[-25,31],[-10,44],[5,52],[36,48],[56,49],[35,13],[14,15],[14,63],[-10,63],[-24,83],[-16,36],[-39,13],[-42,-38],[-40,-7],[-31,24],[-14,21],[-10,45],[11,33],[24,15],[49,-48],[46,-33],[38,25],[29,60],[34,25],[35,-22],[18,-33],[3,-35],[29,-53],[14,-10],[33,1],[26,13],[20,26],[10,36],[1,47],[-11,50],[-16,31],[-77,126],[8,29],[17,-2],[26,-30],[14,-58],[39,-40],[44,-18],[23,8],[26,30],[26,77],[-1,46],[-22,122],[1,70],[18,99],[10,23],[27,21],[73,14],[84,26],[51,24],[43,53],[79,77],[108,151],[32,26],[90,-23],[43,6],[36,52],[40,25],[47,15],[49,32],[37,-13],[18,-23],[11,-51],[0,-59],[8,-124],[19,-66],[22,-29],[19,-8],[37,7],[34,35],[19,52],[53,88],[-1,55],[-32,59],[-11,34],[-5,53],[4,42],[16,28],[46,11],[28,-18],[17,-23],[32,-74],[38,-55],[15,-37],[25,-28],[32,-8],[43,17],[35,46],[22,56],[19,15],[34,-22],[1,-41],[-27,-34],[-44,-26],[-19,-20],[-16,-43],[0,-42],[21,-52],[27,-19],[37,-2],[27,16],[41,68],[51,60],[46,45],[37,7],[9,-44],[-41,-119],[-10,-76],[20,-44],[27,-8],[19,12],[38,81],[35,6],[24,-48],[43,-27],[59,17],[39,-17],[33,-65],[16,-20],[41,-3],[50,-13],[33,-28],[27,-35],[58,-64],[81,-49],[71,-19],[37,-26],[28,29],[32,93],[32,37],[17,-10],[5,-42],[-13,-50],[20,-32],[31,-1],[66,53],[21,8],[34,-6],[34,-23],[22,-27],[21,-43],[2,-30],[18,-47],[23,8],[27,107],[21,32],[30,23],[35,46],[11,73],[-33,62],[-13,36],[6,48],[77,8],[20,9],[55,45],[51,3],[49,-52],[41,-23],[34,-7],[63,29],[20,-6],[34,-116],[41,-73],[8,-31],[-14,-59],[-31,-69],[-3,-37],[14,-28],[32,-31],[55,-15],[32,22],[18,70],[-2,61],[-10,17],[4,61],[15,76],[35,46],[46,1],[16,-24],[28,-82],[24,-53],[39,-68],[50,-51],[13,-34],[20,-15],[37,-3],[46,32],[7,53],[-30,88],[-7,51],[9,105],[26,84],[32,39],[55,22],[39,0],[35,-34],[19,-34],[32,-87],[20,-17],[36,44],[21,10],[85,-75],[60,-33],[23,-26],[99,4],[21,20],[5,49],[-68,61],[-26,40],[-11,72],[-3,70],[-20,30],[3,41],[38,19],[35,-32],[48,-17],[27,5],[44,36],[43,77],[16,18],[28,-3],[39,-61],[2,-54],[-32,-50],[-40,-31],[-34,-56],[-19,-65],[-22,-48],[-4,-33],[3,-68],[9,-38],[18,-30],[32,-30],[39,-10],[33,13],[63,53],[29,15],[32,2],[70,-9],[41,3],[57,-27],[84,-64],[17,-26],[15,-49],[2,-64],[-27,-71],[-31,-28],[-48,-14],[-16,-22],[-14,-51],[0,-63],[15,-42],[33,-34],[55,-13],[19,-17],[19,-38],[29,-134],[11,-80],[5,-74],[20,-15],[23,2],[40,30],[39,3],[41,-21],[45,-36],[34,-46],[38,1],[25,25],[39,19],[34,7],[17,-11],[35,20],[8,33],[-12,105],[-20,86],[-1,52],[19,60],[23,10],[27,-12],[77,-66],[38,-10],[31,12],[28,40],[20,102],[38,70],[42,6],[42,-20],[34,-24],[32,-13],[27,11],[46,-20],[12,-36],[-6,-43],[-47,-113],[-19,-82],[-13,-97],[25,-18],[41,26],[17,-29],[-37,-74],[7,-47],[21,-76],[27,-19],[49,-1],[36,-12],[25,13],[22,42],[9,89],[28,25],[29,-32],[36,-53],[62,-50],[39,-16],[87,-4],[49,15],[63,40],[42,-16],[40,-100],[19,-13],[27,-40],[-11,-69],[2,-57],[9,-35],[3,-80],[9,-97],[11,-30],[40,6],[18,81],[33,-10],[30,-56],[26,-31],[10,-67],[-8,-78],[-34,-27],[-25,-50],[-27,-38],[-5,-28],[17,-34],[38,-32],[23,-39],[19,-57],[10,-104],[-16,-158],[-14,-32],[-23,-15],[-50,-6],[-19,-28],[-17,-72],[0,-40],[18,-21],[50,0],[36,-18],[49,-63],[31,-72],[6,-36],[-11,-54],[-35,-79],[-8,-60],[11,-53],[31,-66],[1,-67],[-22,-57],[-49,-64],[-57,-41],[-31,-4],[-20,-31],[-6,-37],[0,-68],[14,-41],[30,-52],[30,-16],[53,13],[61,-1],[62,32],[91,130],[21,20],[23,42],[27,-5],[16,-100],[19,-49],[29,-8],[29,16],[38,65],[37,52],[22,11],[27,-54],[32,-51],[82,-62],[-4,-27],[-26,-16],[-34,20],[-43,4],[-20,-15],[-40,-80],[-14,-51],[-22,-42],[-6,-49],[2,-59],[35,-94],[36,-11],[21,8],[44,53],[18,7],[24,-21],[40,-73],[59,-29],[33,-3],[61,9],[29,-13],[22,-33],[8,-45],[29,-53],[60,-35],[44,-12],[30,1],[75,19],[39,6],[52,28],[44,74],[53,24],[34,48],[52,36],[41,3],[19,-48],[25,-36],[19,-9],[46,18],[19,-5],[36,-41],[23,-15],[36,2],[36,-15],[35,-33],[16,-33],[10,-77],[-8,-33],[-13,-7],[-78,23],[-30,-22],[-19,-62],[2,-49],[20,-104],[27,-59],[30,-35],[-2,-25],[-26,-36],[-42,-10],[-20,10],[-23,37],[-30,30],[-27,8],[-38,27],[-38,-9],[-28,-36],[-31,-18],[-6,-33],[19,-37],[17,-4],[53,40],[27,10],[28,-7],[21,-50],[-12,-35],[-95,-48],[-6,-31],[19,-37],[6,-43],[-7,-76],[10,-74],[38,-72],[-18,-25],[-50,54],[-45,-4],[-18,-22],[-26,-64],[-87,-85],[-12,-40],[8,-49],[37,-6],[16,-18],[-40,-68],[-11,-41],[16,-50],[62,-20],[20,-40],[-10,-37],[-80,-105],[-11,-50],[21,-41],[31,-3],[42,30],[31,7],[22,-20],[2,-33],[-15,-63],[-42,-64],[14,-33],[34,-10],[35,-27],[-4,-29],[-51,-35],[-16,-36],[-1,-43],[43,-65],[4,-25],[-33,-138],[-5,-58],[-11,-45],[-30,-53],[-46,-43],[-11,-59],[12,-60],[20,-29],[24,-1],[63,54],[37,-6],[47,-34],[33,4],[24,27],[17,55],[27,-9],[14,-73],[20,-76],[9,-55],[-17,-22],[-49,52],[-37,-8],[-27,-72],[-68,-51],[-23,-27],[-31,-61],[-26,-104],[10,-124],[60,-41],[28,-31],[21,-8],[14,21],[7,112],[15,42],[31,49],[41,23],[33,1],[107,-25],[28,-23],[-16,-41],[-37,-25],[-25,-26],[-18,-44],[-8,-71],[-24,-53],[-44,-62],[-31,-33],[-15,-35],[-1,-31],[15,-44],[27,-30],[22,-7],[40,7],[48,49],[52,9],[16,-18],[32,-70],[24,-25],[-18,-37],[-79,3],[-79,-2],[-80,-34],[-43,-6],[-50,-23],[-9,-57],[9,-34],[28,-58],[27,-3],[20,14],[19,39],[17,-7],[-26,-90],[-2,-32],[9,-41],[23,-22],[37,-16],[60,-56],[12,-44],[24,-22],[20,-1],[18,19],[46,14],[28,25],[26,81],[30,6],[1,-77],[8,-39],[44,-109],[-11,-67],[-29,-74],[-8,-100],[28,-57],[31,-7],[71,42],[40,38],[22,46],[31,4],[21,-34],[12,-51],[0,-58],[-9,-51],[18,-43],[50,-26],[98,18],[15,-5],[24,-48],[29,-96],[21,-25],[37,-6],[38,34],[1,53],[-13,33],[-41,54],[-22,53],[-10,106],[-20,94],[-3,47],[26,39],[43,8],[64,-57],[46,-22],[36,-51],[11,-37],[10,-66],[18,-48],[14,-61],[-13,-53],[-52,-64],[-10,-34],[-81,-52],[-3,-39],[13,-29],[16,-5],[67,6],[28,-22],[17,-58],[-23,-78],[5,-62],[-18,-36],[-55,-26],[-18,-52],[3,-33],[26,-36],[48,-41],[-7,-23],[-50,-8],[-34,-28],[-15,-31],[-1,-51],[49,-70],[12,-49],[-6,-30],[-17,-22],[-51,-29],[-37,-4],[-18,-35],[-2,-30],[20,-39],[36,-14],[44,34],[24,8],[23,-7],[16,-69],[15,-23],[41,-18],[27,16],[37,54],[24,19],[33,-4],[12,-47],[-44,-31],[-32,-35],[-15,-29],[-39,-131],[-8,-42],[6,-52],[-2,-120],[-7,-66],[3,-49],[15,-62],[16,-35],[51,-32],[131,11],[35,25],[24,45],[-6,44],[-20,8],[-57,-9],[-20,14],[-5,35],[8,26],[27,14],[22,-9],[47,-36],[39,-1],[27,21],[14,43],[-2,25],[15,48],[17,17],[34,-2],[27,-24],[54,-117],[-25,-45],[-82,-8],[-25,-9],[-68,-94],[-8,-80],[15,-86],[17,-29],[22,3],[40,19],[23,-24],[18,-86],[45,-82],[2,-35],[-19,-42],[-42,-40],[-32,-11],[-44,-4],[-21,-21],[-6,-27],[9,-48],[18,-17],[35,-2],[53,47],[34,22],[27,-3],[42,-24],[4,-40],[-42,-69],[-29,-67],[-29,-50],[7,-49],[23,-44],[8,-60],[-3,-30],[-43,-83],[-88,-117],[-10,-38],[-9,-72],[15,-28],[41,-12],[51,13],[35,-20],[4,-28],[-52,-64],[-2,-48],[10,-24],[72,-59],[44,-62],[68,-66],[30,6],[38,59],[22,66],[10,-16],[26,-116],[27,-62],[44,3],[50,17],[32,-21],[3,-37],[-7,-64],[15,-45],[59,-91],[32,6],[24,39],[9,61],[36,51],[28,-1],[28,-40],[27,-24],[35,-18],[103,22],[85,-31],[29,-18],[103,-138],[60,-61],[56,-39],[58,-12],[54,8],[70,26],[28,20],[44,45],[52,77],[11,28],[12,75],[1,52],[9,92],[-3,23],[-36,76],[-36,26],[-33,-4],[-34,-25],[-62,-28],[-40,4],[-30,34],[-27,78],[-1,53],[7,108],[-8,56],[-28,102],[-3,36],[4,82],[14,50],[25,28],[37,5],[92,-117],[25,-22],[37,-6],[48,57],[25,16],[56,14],[35,21],[31,33],[44,64],[16,47],[32,-10],[7,-28],[5,-69],[-3,-32],[22,-100],[15,-30],[30,-29],[84,-33],[21,1],[46,38],[26,30],[0,50],[-26,20],[-36,12],[-30,22],[-19,40],[-1,25],[20,69],[35,31],[22,-12],[40,-48],[40,-36],[45,-1],[47,22],[13,50],[-31,53],[-88,51],[-45,55],[-2,61],[16,62],[14,28],[35,41],[7,60],[-11,46],[-48,77],[-32,64],[-33,119],[-9,55],[-2,54],[20,105],[-4,29],[23,33],[43,13],[32,-18],[59,-59],[82,-69],[55,-24],[15,10],[25,46],[5,35],[-3,65],[3,62],[-13,86],[-13,33],[-34,35],[-45,20],[-33,-1],[-34,-11],[-29,78],[-23,27],[-17,38],[1,22],[35,61],[35,107],[20,41],[-25,70],[-1,28],[36,59],[16,57],[5,69],[13,39],[26,14],[43,-6],[15,29],[-16,60],[-60,-18],[-75,17],[-33,-13],[-24,11],[-10,44],[17,22],[35,2],[28,-9],[45,4],[31,29],[9,34],[-26,117],[-25,64],[2,66],[12,28],[29,15],[24,-7],[102,-50],[34,32],[9,62],[28,52],[38,10],[40,-86],[43,-56],[56,-34],[45,-12],[31,-17],[27,-1],[91,18],[56,44],[42,60],[3,103],[-9,32],[-29,25],[-64,-1],[-60,-9],[-20,16],[-20,42],[0,53],[30,124],[28,6],[29,-30],[39,-27],[41,-6],[53,26],[84,0],[29,-9],[55,-6],[20,-13],[20,32],[-6,40],[-67,36],[-54,39],[-20,24],[-10,41],[18,55],[56,-28],[31,9],[23,37],[12,64],[51,46],[17,41],[1,49],[-9,68],[24,90],[23,-19],[9,-57],[32,-29],[29,-9],[28,4],[48,-32],[28,-88],[24,-44],[-11,-24],[-41,-22],[-28,-30],[-71,-141],[3,-43],[34,-29],[17,-38],[-12,-39],[-99,-30],[-26,-15],[-34,-33],[2,-81],[20,-54],[61,-81],[30,-49],[39,-1],[24,102],[4,48],[34,28],[33,-5],[27,-15],[9,-41],[-27,-89],[-23,-36],[-28,-27],[-16,-46],[-3,-64],[8,-41],[22,-29],[41,-26],[72,-26],[24,-23],[26,36],[0,26],[-17,71],[-2,41],[8,29],[22,31],[19,4],[24,-25],[2,-25],[-12,-90],[14,-30],[32,-26],[49,-4],[33,-11],[29,-37],[16,-81],[2,-57],[-4,-67],[13,-41],[40,-17],[24,31],[5,74],[17,32],[21,8],[45,-9],[20,-30],[37,-106],[22,-30],[24,-2],[35,20],[15,-22],[-30,-30],[-37,-72],[-52,-44],[-19,-36],[-6,-37],[18,-73],[17,-26],[22,6],[-3,92],[28,23],[15,-21],[5,-83],[20,-34],[36,-28],[27,-55],[1,-45],[-26,-92],[-19,-34],[-41,-32],[-32,-35],[-9,-38],[18,-46],[40,2],[33,44],[18,11],[25,-18],[-3,-86],[20,-82],[32,-31],[47,39],[33,17],[25,1],[7,-32],[-21,-63],[18,-54],[24,-8],[43,13],[13,17],[-1,35],[-33,49],[2,43],[15,7],[48,-30],[35,29],[5,27],[-12,29],[-56,28],[-7,48],[17,20],[48,8],[16,47],[-4,55],[5,49],[12,22],[68,53],[32,18],[68,1],[23,9],[47,47],[13,-33],[-40,-99],[20,-41],[20,-1],[43,25],[35,8],[15,-15],[12,-75],[21,-26],[21,-8],[43,8],[27,-33],[6,-52],[11,-33],[34,-46],[34,2],[17,17],[37,64],[29,-4],[-17,-66],[7,-55],[34,-38],[19,-54],[9,-88],[15,-74],[23,-76],[1,-53],[25,-42],[40,-26],[30,16],[24,64],[5,45],[29,64],[11,52],[-3,68],[-23,64],[-43,56],[-9,44],[15,11],[89,22],[30,39],[16,83],[20,-16],[0,-79],[26,-94],[17,-27],[21,-2],[15,22],[9,42],[24,19],[66,-18],[64,-7],[40,-27],[13,-26],[1,-37],[-20,-42],[-30,-45],[-18,-49],[-36,-63],[0,-93],[24,-56],[41,-22],[53,13],[34,24],[9,24],[3,109],[9,46],[35,35],[66,-24],[2,-13],[-35,-71],[-6,-61],[16,-61],[27,-36],[29,-56],[16,-53],[32,-25],[34,30],[13,48],[-58,78],[-19,64],[1,40],[13,36],[20,25],[33,-14],[6,-44],[-2,-62],[8,-31],[28,-65],[38,-40],[23,-5],[60,37],[26,63],[39,64],[20,50],[13,98],[1,70],[22,23],[23,0],[9,-21],[-4,-112],[4,-70],[15,-56],[32,-73],[41,-45],[115,-64],[46,10],[22,67],[47,48],[40,14],[32,43],[16,46],[10,84],[19,77],[36,-13],[69,-97],[-9,-16],[-39,36],[-28,-4],[-23,-23],[-11,-32],[0,-50],[-22,-87],[-23,-70],[2,-31],[34,-10],[34,52],[42,37],[48,55],[52,35],[29,-12],[-14,-36],[-53,-23],[-31,-23],[-23,-52],[2,-39],[28,-31],[21,6],[44,42],[49,12],[40,-11],[-3,-77],[16,-53],[25,-36],[103,-98],[24,26],[-10,25],[-4,44],[12,29],[44,35],[25,50],[12,76],[32,38],[33,2],[26,-22],[16,-34],[6,-53],[0,-68],[-22,-111],[-4,-48],[7,-38],[20,-23],[42,-29],[26,-5],[19,27],[25,122],[40,54],[21,-11],[-5,-31],[-37,-61],[16,-44],[25,12],[28,34],[82,42],[23,-4],[29,-26],[21,-37],[22,-16],[-32,-47],[-5,-26],[11,-57],[-4,-84],[10,-43],[30,-59],[24,-21],[46,12],[44,49],[47,34],[38,2],[40,-56],[-85,-59],[-11,-31],[9,-45],[74,-78],[-11,-67],[-14,-107],[10,-54],[41,-48],[10,-21],[35,5],[14,18],[-7,82],[-11,52],[9,42],[14,23],[25,9],[43,-13],[39,11],[16,28],[27,-26],[6,-40],[0,-87],[23,-60],[37,-26],[26,4],[17,16],[24,47],[29,28],[53,23],[37,63],[33,-28],[54,-66],[-55,7],[-13,-44],[8,-26],[27,-21],[10,-37],[-46,-44],[-13,-26],[-39,-29],[-54,-8],[-38,-28],[-21,-52],[-3,-67],[6,-35],[35,-61],[35,-17],[27,22],[14,34],[5,41],[37,-32],[78,-34],[-18,-52],[37,-30],[7,-36],[-23,-50],[-2,-65],[25,-52],[87,-66],[32,2],[7,37],[-17,59],[-17,82],[15,22],[22,-5],[26,-37],[27,-66],[18,-10],[15,25],[3,49],[23,39],[44,30],[28,40],[38,25],[46,-2],[22,-42],[-7,-82],[23,-54],[35,-28],[39,-2],[47,69],[28,19],[25,-21],[9,-90],[16,-20],[28,-7],[77,35],[29,19],[46,-33],[22,-31],[4,-37],[-50,-175],[5,-44],[13,-24],[36,-40],[59,-33],[24,-95],[-44,-38],[-39,-65],[-1,-51],[25,-80],[-4,-33],[-31,-47],[-6,-32],[14,-52],[-5,-18],[-52,-73],[-54,-52],[-3,-29],[17,-27],[49,34],[51,3],[3,-13],[-39,-17],[-21,-69],[-16,-28],[5,-40],[32,-36],[43,-25],[-33,-37],[-20,-59],[10,-26],[-34,-30],[-24,0],[-28,-49],[-28,-35],[-13,-91],[18,-19],[19,19],[24,-16],[-22,-43],[14,-33],[-2,-33],[-33,-5],[-31,30],[-2,-67],[-40,-27],[-24,10],[-29,35],[-16,-34],[-20,11],[-11,-21],[0,-41],[-18,-22],[8,-68],[20,-15],[21,-34],[17,-6],[7,-29],[-27,-32],[19,-28],[2,-39],[17,-10],[8,-30],[24,-22],[5,-21],[-30,-14],[20,-23],[17,-71],[40,-55],[15,22],[20,-8],[9,-63],[16,-51],[-11,-41],[6,-19],[-23,-19],[-7,-46],[4,-51],[32,-64],[2,-40],[-17,-41],[-36,-20],[-5,-64],[44,-7],[-15,-50],[-31,-42],[-32,76],[7,33],[-24,17],[-6,-42],[-40,14],[-10,-39],[-39,-29],[-29,17],[8,-64],[-24,-22],[-3,-21],[27,-25],[4,-22],[-15,-26],[-27,4],[-17,-27],[25,-45],[-8,-85],[10,-38],[-3,-64],[7,-20],[-5,-41],[33,-22],[8,-19],[-20,-56],[15,-42],[-1,-26],[12,-42],[-8,-46],[-25,-17],[-4,-42],[-26,-28],[-2,-70],[8,-53],[10,-22],[46,-8],[27,25],[42,-61],[7,-41],[19,-25],[11,-35],[28,-35],[-3,-38],[19,-41],[0,-49],[8,-19],[-35,-76],[-17,-71],[18,-30],[-4,-28],[-16,-12],[-14,-38],[5,-27],[21,-10],[3,-24],[-13,-32],[18,-9],[0,-106],[12,-55],[-61,-1],[-19,63],[-12,6],[-55,-32],[3,-40],[48,-2],[4,-28],[-24,-15],[-12,-31],[8,-23],[35,24],[14,-7],[-19,-45],[9,-33],[24,0],[23,17],[12,31],[21,-20],[-27,-28],[-16,-106],[-15,-27],[5,-40],[34,7],[9,22],[-11,34],[2,37],[29,29],[32,-100],[2,-51],[-9,-33],[-25,-48],[18,-34],[34,-10],[3,24],[-9,44],[19,-1],[21,-51],[39,-19],[10,-25],[21,-20],[-1,-67],[-23,-29],[-20,35],[2,39],[-20,15],[-46,12],[-21,-59],[-2,-51],[51,-28],[21,-43],[-30,-52],[3,-43],[-57,-19],[1,-27],[37,-22],[24,2],[-21,-48],[11,-18],[-19,-52]],[[45295,28725],[-51,27],[-37,-2],[20,53],[-36,36],[11,38],[-4,55],[-14,28],[4,37],[-19,58],[10,44],[-15,18],[13,30],[-21,9],[-6,79],[-62,9],[3,79],[-2,57],[55,561]],[[45144,29941],[151,-26],[198,-38],[186,-33],[21,-2],[122,-28],[0,-45],[10,-36],[34,-70],[222,-51],[41,-14],[-11,-30],[-29,13],[-32,-14],[-11,-50],[-33,-30],[-7,-36],[6,-29],[-16,-35],[17,-34],[-21,-22],[-61,33],[13,-110],[25,-20],[-8,-41],[18,-10],[-37,-53],[16,-41],[-22,-2],[-9,-35],[46,-30],[-37,-39],[7,-63],[-25,-22],[-33,1],[-19,-45],[-20,34],[-35,-39],[-4,-38],[-28,-30],[-14,17],[-35,-47],[27,-11],[-2,-30],[23,-15],[6,-29],[-37,4],[-13,-43],[2,-50]],[[51942,23976],[39,-6],[-16,-155],[-41,20],[12,-67],[-36,8],[-1,33],[-45,-22],[-8,-69],[20,-4],[-16,-157],[-114,24],[18,154],[-142,30],[-5,-52],[-33,-12],[-33,21],[-10,-104],[-56,-130],[-19,-179],[-81,17],[-25,-237],[2,-1],[-44,-409],[-38,-392],[-23,-207],[-87,-5],[-2,71],[-160,-19]],[[50998,22127],[-15,71],[-35,89],[18,89],[-3,25],[-23,34],[-11,77],[-71,15],[7,69],[-63,13],[-7,-66],[-37,31],[42,91],[-38,28],[6,55],[-52,11],[23,22],[5,37],[-24,1],[-25,-20],[-9,-76],[-93,34],[-5,-41],[-39,9],[-10,-88],[-59,12],[-11,-98],[-82,20],[-99,19],[-19,42],[9,31],[3,61],[-12,36],[12,61],[-131,27],[-11,38],[0,35],[42,36],[6,17],[-139,31],[18,154],[-34,7],[-37,-45],[-11,-26],[-36,-54],[-20,-88],[3,-20],[30,-52],[-14,-84],[-21,-20],[-50,-4],[-37,13],[-62,-56],[-51,-8],[-32,-12],[-36,25],[-53,57],[-39,-2]],[[48801,22921],[-34,14],[-433,95],[-21,-28],[-264,57]],[[48049,23059],[74,645],[44,-38],[-5,139],[-10,70],[-23,43],[4,46],[-16,63],[-15,24],[8,35],[-27,24],[-39,63],[31,40],[5,37],[-16,55],[-59,-4],[-27,-16],[-65,16]],[[46084,21219],[-36,158],[-53,192],[-71,228],[-65,171],[-57,124],[-52,80],[-12,-4],[-42,101],[-44,78],[-56,85],[-37,47]],[[45559,22479],[4,13],[25,233]],[[45816,16122],[-40,152],[-38,100],[-224,45],[-278,59],[-439,89],[-133,23]],[[44664,16590],[-49,29],[-8,42],[41,82],[4,23],[29,61],[18,19],[29,77],[68,106],[13,41],[-1,74],[23,17],[36,-14],[19,17],[81,111],[50,91],[64,122],[23,86],[8,77],[-11,40],[12,68],[-12,52],[2,30],[-22,17],[12,28],[-14,59],[12,36],[47,62],[11,26],[0,92],[20,34],[6,40],[42,-2],[36,33],[14,-11],[28,5],[46,53],[31,63],[24,22],[29,44],[59,59],[22,54],[12,9],[46,107],[29,83],[12,51],[12,93],[35,60],[16,47],[-3,18],[64,55],[39,131],[39,31],[24,-30],[38,16],[14,19]],[[58540,16438],[10,26],[139,150],[27,271],[15,104],[16,8],[27,42],[25,77],[-41,106],[-4,45],[25,46],[90,136],[52,25],[16,17],[40,78],[7,58],[39,41],[23,59],[29,28],[20,63],[-10,35],[-24,41],[11,44],[35,20],[15,36],[-204,44],[-4,-43],[-21,-41],[-14,8],[-26,-40],[7,-31],[-119,27],[5,38],[-109,24],[-11,-92],[-159,41],[20,169],[-91,13],[-45,23],[-65,14],[18,130],[32,47],[21,6],[11,28],[-3,31],[46,69],[3,12],[-44,38],[4,232],[22,12],[-29,193],[23,11],[37,37],[23,-10],[34,9],[32,-2],[33,48],[28,0],[25,-19],[42,30],[20,37],[1,42],[25,45],[37,28],[12,41],[-26,159],[-20,48],[5,47],[32,41],[9,40],[-10,23],[54,71],[95,29],[23,28],[44,83],[0,39],[-12,83],[-10,26],[39,39],[14,27],[58,86],[46,46],[16,67],[15,22],[38,-30],[148,-46],[119,-89],[119,-15],[72,18],[155,147],[136,81],[21,-23],[51,-24],[47,-31],[26,-55],[5,-68],[-16,-31],[14,-59],[20,-37],[9,-51],[30,-45],[7,-47],[13,-38],[31,0],[23,-38],[54,-24],[39,-42],[117,58],[54,61],[138,45],[38,9],[29,39],[3,25],[19,18],[8,87],[-29,54],[-37,-21],[7,-19],[25,-3],[-1,-25],[17,-33],[-23,-17],[-34,-2],[-2,46],[-19,13],[17,46],[-11,15],[4,52],[-2,120],[-22,7],[30,242],[219,-52],[386,-89],[11,80],[-27,22],[19,162],[-28,57],[7,84],[-3,74],[-14,41],[-1,31],[42,11],[46,-15],[10,-17],[43,-27],[47,-9],[42,4],[32,-31],[61,-16],[63,7],[67,-16],[48,-39],[78,-25],[64,417],[12,110],[174,-40],[3,3]],[[47073,24150],[7,-42],[-15,-47],[-18,-98],[14,-65],[17,-51],[-8,-33],[20,-42],[-3,-63],[39,-45],[17,-41],[46,-29],[29,8],[19,-56],[-9,-9]],[[46364,23707],[16,107],[7,24],[46,-51],[35,336],[10,-2],[14,141]],[[32336,55229],[8,36],[29,20],[8,27],[-9,32],[29,18],[13,-19],[29,42],[-13,48],[-34,42],[14,15],[4,41],[-13,45],[27,22],[0,32],[-834,168],[5,55],[-197,40],[-40,-42],[-71,15],[21,201],[-114,24],[20,193],[-200,39],[1,10],[-152,33],[-45,-469],[-19,-168],[-295,58],[4,17],[-110,22],[24,231],[-216,43],[17,168],[-118,24],[5,47],[-130,28],[-941,188],[20,209],[-144,-53]],[[26392,78605],[28,-55],[28,-34],[-7,-19],[-47,-10],[-1,-25],[39,-10],[-1,-59],[15,-37],[13,-65],[26,-10],[13,58],[21,-15],[8,66],[46,-40],[25,-8],[-20,-54],[8,-44],[15,-24],[-11,-48],[37,-66],[1,-53],[17,-14],[29,-50],[32,9],[53,-57],[5,-43],[16,-34],[8,-42],[29,-53],[81,-103],[6,-20],[-8,-73],[9,-34],[32,-13],[12,-45],[-23,-75],[-43,-36],[-25,-43],[-8,-32],[8,-23],[38,-26],[6,-18],[-39,-20],[-5,-41],[33,20],[0,-29],[-13,-67],[-26,-65],[-5,-50],[11,-26],[22,10],[3,42],[20,-18],[36,24],[19,-38],[0,-45],[22,-29],[-7,-32],[-19,-31],[-44,-34],[-7,-28],[21,-55],[26,30],[21,-24],[-24,-45],[25,-28],[16,-50],[19,-14],[30,57],[16,5],[41,-74],[44,1],[15,-12],[25,18],[30,-26],[37,-2],[49,57],[27,41],[22,-1],[17,-70],[38,-31],[25,32],[-4,42],[43,14],[20,21],[80,-10],[25,17],[16,-15],[-7,-29],[6,-42],[26,-39],[40,-17],[25,-47],[5,-67],[23,-28],[32,30],[14,-22],[0,-53],[11,-31],[-2,-47],[5,-90],[27,-31],[15,-41],[17,-16],[29,15],[30,-10],[55,1],[28,11],[22,-12],[34,5],[33,-21],[33,4],[28,29],[35,1],[32,48],[15,35],[23,-6],[64,32],[33,-6],[22,22],[20,-21],[19,-51],[14,-57],[24,-27],[51,-1],[13,21],[57,31],[49,13],[32,-1],[71,75],[1,21],[-36,79],[7,24],[46,11],[26,-1],[62,54],[26,-6],[28,10],[13,-23],[63,-59],[45,-86],[51,-48],[9,-25],[-1,-46],[8,-28],[-5,-41],[-29,-33],[-22,-70],[4,-75],[21,-31],[-38,-21],[-10,-37],[-24,-11],[-28,7],[-42,-12],[-13,-44],[24,-18],[2,-33],[-28,-33],[-3,-18],[39,-46],[30,-14],[3,-86],[15,-23],[3,-37],[25,-49],[-22,-81],[0,-61],[-12,-32],[18,-65],[28,4],[-8,43],[18,18],[23,-36],[25,7],[22,34],[10,-27],[-19,-21],[-8,-33],[13,-53],[17,-24],[23,0],[21,24],[25,-1],[11,-30],[-33,-59],[-27,0],[-10,-38],[19,-23],[16,9],[30,-16],[6,-25],[-14,-26],[-33,-35],[1,-29],[-28,1],[-23,-29],[-11,-53],[4,-40],[-12,-21],[-6,-43],[28,-35],[-51,-5],[-11,-20],[13,-81],[-42,-4],[-20,32],[-18,9],[-19,-22],[29,-38],[10,-31],[-49,-40],[-22,-123],[-27,-32],[-9,-37],[10,-81],[-22,-33],[-3,-27],[28,-38],[-5,-72],[4,-31],[-20,-57],[1,-41],[19,-34],[13,-54],[19,-27],[39,19],[3,39],[16,59],[19,1],[-2,-47],[23,-19],[33,24],[37,-27],[8,-46],[19,-48],[42,-8],[13,-15],[2,-46],[12,-18],[62,1],[28,-39],[-14,-42],[25,-35],[5,-33],[22,-30],[17,-47],[-12,-34],[4,-29],[38,3],[23,-26],[1,-42],[18,-23],[29,40],[35,-18],[6,-65],[-16,-51],[-19,-25],[26,-69],[41,-59],[-8,-36],[10,-43],[17,-22],[27,-9],[16,18],[-11,57],[5,40],[20,29],[16,-2],[22,-69],[32,25],[23,-62],[-35,-43],[-24,-65],[18,-31],[3,-34],[14,-15],[32,-8],[20,13],[15,-26],[10,-51],[14,-21],[18,2],[24,27],[34,21],[4,28],[17,34],[33,-2],[16,11],[-15,67],[24,1],[14,21],[-2,25],[21,78],[32,-19],[26,16],[41,-28],[17,37],[-25,42],[10,65],[-28,25],[24,19],[9,90],[8,19],[47,2],[25,-13],[28,-1],[27,-36],[42,-5],[3,47],[-4,53],[24,8],[26,-27],[13,-31],[6,-42],[1,-74],[39,-11],[-6,-76],[12,-43],[37,2],[13,51],[30,28],[8,35],[22,-3],[7,-44],[-29,-118],[4,-26],[18,-29],[29,18],[3,32],[17,8],[21,49],[19,-11],[8,-29],[-33,-58],[-6,-59],[13,-13],[27,13],[15,-15],[44,4],[67,35],[39,11],[38,-8],[18,-67],[23,19],[30,5],[25,-14],[23,32],[23,12],[36,52],[24,15],[26,0],[6,-90],[24,2],[44,-43],[53,51],[25,-27],[-14,-59],[-6,-81],[55,-11],[8,-32],[-18,-23],[1,-45],[19,-31],[-30,-20],[-12,-20],[-18,7],[-20,-12],[-14,-28],[-15,-63],[0,-33],[27,-13],[34,34],[18,-8],[-4,-41],[-28,-38],[-9,-30],[16,-37],[17,2],[23,25],[26,3],[13,-27],[64,-12],[44,5],[23,21],[29,-14],[15,16],[38,3],[4,-50],[28,-33],[5,-44],[33,-9],[24,-37],[12,-33],[38,-26],[30,22],[31,1],[24,-25],[39,-15],[16,-28],[25,-14],[10,-46],[-38,-47],[-17,-8],[-16,-31],[6,-37],[23,-15],[19,19],[28,-8],[24,12],[10,-84],[51,-94],[23,-16],[50,-5],[39,-32],[28,3],[20,-18],[32,-69],[19,-21],[41,-1],[47,34],[16,-5],[8,-49],[-26,-71],[6,-33],[28,-32],[40,-73],[-25,-45],[1,-36],[31,-14],[25,56],[17,-8],[19,-52],[15,-23],[26,6],[-6,47],[23,10],[12,-49],[23,-26],[8,-64],[43,-35],[17,1],[22,23],[33,15],[25,-9],[36,-61],[35,-68],[33,-27],[25,-32],[44,3],[10,-66],[27,-21],[20,24],[19,-19],[20,14],[-13,38],[9,37],[32,-33],[23,-6],[-5,-49],[27,-23],[32,20],[18,-35],[69,-4],[37,44],[25,-5],[3,-23],[-29,-6],[-9,-21],[5,-67],[18,-19],[17,15],[10,58],[29,2],[35,23],[36,-12],[25,27],[21,-10],[34,-48],[66,-13],[23,21],[-12,67],[18,20],[21,-16],[22,-47],[29,-9],[-7,40],[32,1],[-2,-48],[-16,-50],[40,-81],[-35,-20],[-18,37],[-22,12],[-21,-26],[-12,-60],[3,-40],[40,-58],[35,-24],[15,-33],[-17,-49],[23,-28],[26,-105],[5,-36],[17,-28],[23,-13],[43,2],[50,-6],[36,-19],[28,25],[42,-18],[12,-34],[-1,-57],[-13,-38],[9,-31],[22,-15],[8,-25],[-33,-78],[-42,-23],[-34,-51],[9,-31],[36,-32],[33,12],[49,-55],[25,-41],[39,-20],[27,-27],[29,4],[4,49],[-26,25],[-3,22],[37,77],[27,-11],[38,34],[54,-22],[46,-25],[14,-19],[16,11],[9,35],[35,-38],[28,50],[10,66],[26,-6],[-14,-62],[30,-46],[24,22],[4,40],[24,0],[-2,-36],[21,-33],[-14,-75],[-1,-52],[41,-39],[36,-5],[49,-43],[21,-28],[35,-16],[13,-36],[-21,-41],[0,-61],[37,-14],[50,-48],[20,30],[12,-46],[31,-5],[27,-47],[27,-22],[58,4],[69,-62],[48,9],[18,-32],[31,-4],[12,-48],[34,14],[9,-19],[-3,-39],[8,-32],[-31,-36],[2,-20],[30,7],[36,-8],[-7,-50],[16,-31],[32,12],[9,-69],[-32,-23],[8,-44],[29,-29],[13,-37],[4,-42],[-25,-31],[-2,-28],[14,-41],[34,-3],[22,-27],[-29,-60],[3,-30],[17,-29],[22,-11],[29,-49],[35,-31],[2,-31],[20,-18],[15,25],[14,-6],[-10,-39],[13,-55],[-6,-30],[24,-21],[27,22],[37,-32],[17,-91],[26,-16],[46,0],[12,22],[0,38],[27,29],[18,-14],[-29,-28],[10,-36],[31,12],[30,-59],[-26,-23],[-22,-43],[-1,-21],[22,-38],[13,-40],[41,-10],[0,-66],[27,-42],[3,-45],[16,-39],[-8,-52],[16,-21],[42,20],[18,-21],[37,-1],[15,-45],[17,-1],[20,38],[38,-21],[38,27],[21,31],[19,-9],[-6,-35],[15,-24],[-17,-34],[35,-19],[-15,-35],[4,-45],[30,4],[33,-52],[9,-47],[47,-13],[24,36],[21,-9],[-7,-28],[26,-17],[15,32],[20,-32],[24,-1],[35,14],[9,-42],[3,-51],[12,-17],[42,1],[21,-20],[-12,-26],[-36,-10],[-10,-19],[8,-32],[21,2],[3,-29],[-36,-30],[-9,-69],[10,-39],[28,-27],[35,-14],[19,-25],[25,-7],[33,-53],[15,-39],[36,-21],[50,-48],[60,-6],[23,-34],[24,0],[12,-16],[-15,-59],[9,-29],[-5,-58],[25,-29],[30,19],[-6,-70],[28,-30],[-7,-56],[8,-26],[52,-58],[6,-29],[24,-43],[-6,-65],[73,-90],[21,-9],[17,25],[0,38],[11,34],[29,62],[32,21],[8,23],[-10,52],[41,13],[21,22],[20,38],[13,6],[29,-29],[42,8],[28,17],[17,-6],[9,-42],[32,-20],[9,-21],[-2,-50],[-10,-24],[-62,-99],[-2,-43],[7,-23],[22,-8],[11,45],[24,8],[26,-49],[11,-36],[16,-20],[35,17],[15,101],[17,30],[21,0],[12,-23],[-12,-54],[2,-36],[14,-28],[27,20],[-2,48],[16,24],[58,-22],[48,13],[18,-20],[-3,-27],[-25,-28],[-28,-1],[-27,-26],[-2,-26],[13,-42],[-8,-56],[-28,-3],[-8,-41],[41,-36],[30,3],[28,53],[28,14],[28,-27],[16,-61],[31,-16],[10,15],[20,91],[30,1],[-17,-66],[2,-49],[27,-18],[16,16],[20,55],[28,14],[5,-64],[-4,-32],[-26,-42],[9,-30],[50,12],[13,-14],[-2,-44],[-20,-90],[2,-42],[9,-27],[28,-14],[49,49],[-6,-31],[-29,-13],[-9,-23],[9,-26],[63,-51],[1,-60],[25,-22],[21,25],[19,64],[26,25],[24,4],[33,-19],[16,-27],[5,-36],[-10,-31],[-34,-29],[1,-29],[27,-41],[-14,-51],[-22,-30],[-2,-53],[-19,-19],[-36,-15],[-7,-23],[13,-26],[70,13],[33,14],[9,-36],[-13,-35],[-35,36],[-37,0],[-23,-14],[-20,-36],[-18,-81],[6,-57],[16,-34],[19,-9],[24,9],[16,34],[-12,56],[9,53],[18,3],[9,-62],[19,-13],[21,18],[49,23],[20,-18],[2,-23],[-16,-24],[-38,8],[-43,-55],[-13,-53],[15,-25],[-29,-35],[-9,-28],[3,-35],[34,-21],[36,40],[29,-4],[48,-41],[9,-29],[-19,-28],[-14,66],[-25,-2],[3,-48],[-15,1],[-41,31],[-22,-4],[-16,-29],[-1,-35],[20,-35],[71,-35],[-2,-34],[35,-29],[2,-17],[-29,-68],[-5,-45],[18,-10],[39,-41],[19,12],[0,49],[14,29],[16,-38],[-8,-59],[-14,-32],[9,-41],[54,-28],[30,23],[8,-55],[17,-7],[14,44],[38,9],[27,25],[30,7],[21,-10],[-13,-34],[-28,17],[-22,-6],[-2,-32],[24,-47],[-4,-40],[-27,-6],[-27,-19],[-6,-23],[11,-32],[30,-20],[30,25],[22,-4],[3,-38],[-70,-36],[6,-39],[27,23],[13,-17],[-36,-43],[-16,-51],[18,-30],[56,30],[11,-24],[-38,-13],[-11,-24],[30,-20],[31,-40],[7,-91],[10,-19],[28,-1],[-19,-52],[27,-26],[-15,-23],[-23,22],[-36,-11],[-26,-38],[-9,-45],[9,-50],[21,-12],[37,-2],[26,9],[23,67],[22,22],[31,3],[29,-27],[-6,-27],[-39,-3],[-47,-59],[-13,-65],[29,-41],[27,7],[-7,80],[13,22],[27,-20],[-11,-70],[13,-52],[22,-1],[10,-28],[-8,-22],[0,-46],[14,-28],[41,-1],[26,-24],[1,-36],[12,-32],[18,-15],[35,6],[8,-23],[-16,-64],[6,-39],[33,-34],[25,10],[19,-47],[18,-16],[18,6],[28,-31],[19,-2],[45,26],[9,-51],[23,-23],[14,23],[-4,51],[4,26],[23,20],[26,0],[15,-33],[-41,-57],[-7,-24],[13,-37],[66,32],[17,-12],[2,-29],[-42,-23],[-19,-30],[4,-35],[21,-12],[35,18],[12,-28],[28,-7],[9,37],[24,13],[25,-33],[-2,-19],[-26,-44],[-7,-26],[11,-28],[29,1],[8,39],[26,37],[36,-12],[-1,-36],[-47,4],[-16,-47],[19,-24],[-24,-42],[3,-44],[28,-5],[36,48],[16,-14],[-18,-110],[25,-42],[23,9],[20,-58],[25,-17],[19,12],[32,86],[-5,44],[14,69],[26,-16],[-5,-76],[-9,-30],[-31,-61],[3,-34],[19,-25],[49,-13],[42,36],[18,61],[19,24],[29,-11],[-6,-29],[-24,-12],[-21,-33],[-11,-63],[22,-31],[27,4],[15,51],[25,46],[26,-11],[16,-55],[-16,-44],[-30,-46],[-8,-28],[-8,-75],[10,-38],[-6,-39],[-42,-29],[-3,-23],[32,-49],[6,-52],[24,-28],[27,-1],[68,38],[36,-8],[39,-46],[13,-34],[53,-50],[34,-12],[53,25],[-4,-81],[26,-11],[30,35],[20,9],[15,-58],[6,-80],[15,-68],[20,-11],[33,37],[-4,83],[28,-2],[16,-45],[-1,-53],[-11,-17],[-3,-42],[28,-39],[40,27],[9,-23],[-1,-99],[27,-28],[55,67],[17,0],[26,-24],[32,-73],[18,-20],[-14,-37],[-21,7],[-22,-31],[23,-66],[-11,-56],[10,-45],[33,-2],[30,10],[9,-69],[25,-24],[25,31],[40,78],[18,2],[27,-67],[21,-26],[39,1],[26,26],[0,41],[-37,19],[-4,31],[28,26],[24,39],[49,28],[9,-26],[-8,-41],[7,-24],[29,-32],[3,-33],[-52,-28],[-10,-36],[40,-34],[9,-18],[-6,-52],[-39,-60],[0,-30],[-23,-48],[-5,-70],[-28,-82],[5,-31],[41,-34],[29,9],[2,-22],[-50,-54],[0,-34],[33,-31],[32,-60],[38,-14],[22,22],[1,26],[-14,75],[40,59],[34,26],[2,44],[-35,21],[-55,1],[-16,52],[15,22],[33,-18],[25,-33],[27,25],[1,45],[-18,56],[-9,65],[49,20],[37,57],[53,9],[15,-64],[17,-39],[11,-49],[34,-24],[21,9],[-2,88],[14,18],[25,-5],[39,-42],[-3,-64],[6,-56],[-13,-61],[21,-85],[-14,-133],[27,-29],[12,16],[9,74],[14,2],[18,-37],[2,-46],[25,-34],[24,3],[18,26],[-7,69],[28,53],[6,-42],[34,5],[20,50],[11,5],[26,-25],[17,-1],[10,90],[-11,27],[13,18],[38,-4],[35,9],[19,15],[20,-21],[-20,-74],[14,-36],[36,-25],[-9,-73],[-57,-40],[-7,-30],[6,-56],[-9,-42],[-26,-20],[-8,-41],[20,-54],[6,-72],[-13,-47],[3,-23],[23,-20],[34,13],[26,43],[13,38],[48,-55],[13,12],[3,106],[31,-2],[24,-64],[32,-28],[21,4],[40,25],[26,50],[12,49],[48,2],[-3,-51],[6,-32],[19,-8],[41,30],[10,-25],[-26,-42],[-4,-37],[6,-39],[15,-45],[-67,-31],[-2,-25],[7,-86],[-22,-71],[-2,-39],[11,-28],[30,-21],[24,10],[21,34],[-1,-67],[22,-40],[30,16],[31,-2],[24,15],[4,20],[-42,59],[100,92],[34,-25],[0,-66],[7,-12],[8,-67],[20,-40],[11,-54],[77,-20],[15,51],[17,18],[35,-2],[40,-16],[19,14],[29,60],[34,-4],[-4,-62],[27,-31],[-6,-52],[4,-37],[19,-35],[8,-32],[23,-20],[31,31],[68,12],[15,26],[-1,27],[-29,38],[-1,16],[29,17],[24,-32],[20,7],[19,85],[21,38],[16,49],[27,9],[12,-30],[-11,-26],[-37,-12],[-8,-21],[23,-46],[31,8],[18,-8],[14,-42],[28,-28],[23,4],[14,25],[11,91],[36,57],[-7,35],[-19,2],[-35,-16],[-9,10],[8,60],[-16,42],[13,10],[65,-64],[33,13],[-11,27],[-55,90],[12,30],[64,-52],[19,-54],[22,7],[7,34],[29,60],[62,-5]],[[42908,59018],[13,-34],[14,-7],[22,41],[75,21],[16,-18],[-6,-53],[25,-34],[16,-38],[24,-7],[18,14],[-1,36],[-28,7],[19,41],[6,37],[21,-18],[-1,-51],[26,-5],[-12,39],[17,30],[44,-9],[8,36],[-4,47],[-37,14],[-23,-23],[-35,7],[29,75],[-20,38],[33,-7],[15,11],[-23,46],[36,-2],[44,10],[8,89],[17,-14],[0,-39],[24,10],[4,-36],[31,-56],[25,2],[-9,55],[19,18],[16,-19],[29,-8],[8,-26],[-10,-45],[26,-9],[26,52],[26,39],[20,-3],[7,-53],[35,-9],[32,-21],[57,26],[-4,44],[-36,29],[-5,56],[26,13],[1,-29],[18,-31],[16,-5],[13,69],[-14,27],[4,80],[28,1],[3,-59],[15,-22],[15,18],[-6,40],[8,42],[28,2],[0,-33],[11,-26],[-2,-60],[12,-9],[22,31],[22,-16],[15,-47],[26,4],[1,-34],[29,6],[24,-27],[-30,-33],[27,-20],[6,-33],[26,-16],[17,35],[23,-71],[-12,-17],[1,-36],[40,-22],[28,0],[-41,-94],[30,13],[33,-5],[3,-17],[-19,-57],[15,-24],[44,11],[23,-45],[12,-39],[41,75],[58,-64],[33,-18],[30,26],[5,37],[21,47],[31,29],[21,-44],[62,-21],[0,-25],[-27,1],[2,-33],[20,-25],[-30,-13],[0,-23],[34,-18],[14,-49],[21,-11],[29,25],[27,-4],[-32,-108],[17,-26],[20,21],[29,-5],[33,-31],[7,14],[-23,31],[14,24],[20,-37],[27,10],[-18,56],[35,27],[-2,46],[19,14],[14,48],[14,13],[45,-2],[6,-20],[-26,-17],[-4,-46],[25,-18],[3,-42],[-20,-44],[37,-11],[21,-30],[15,-51],[25,11],[19,-8],[0,-31],[-21,-39],[-30,-27],[24,-13],[5,-32],[-13,-44],[23,-33],[13,22],[-10,31],[58,-9],[32,-17],[3,-35],[-18,-22],[27,-48],[4,-42],[-11,-9],[-39,16],[-8,-13],[-7,-70],[8,-26],[19,7],[4,54],[20,-49],[25,-6],[7,-36],[-25,-8],[-12,-25],[11,-57],[30,-65],[18,-10],[21,9],[-4,26],[-24,34],[3,44],[20,17],[17,-8],[11,-47],[28,-34],[9,30],[-23,37],[-1,34],[20,18],[21,-28],[31,15],[-9,82],[15,30],[18,-10],[15,-66],[-17,-49],[8,-21],[24,8],[5,55],[43,13],[-12,-36],[8,-36],[30,26],[8,-10],[-19,-53],[19,-31],[12,18],[0,58],[13,-3],[3,-42],[33,23],[16,-19],[-20,-57],[21,-31],[53,-12],[26,-34],[16,29],[17,1],[2,-32],[37,3],[7,-32],[-8,-30],[3,-58],[33,1],[-12,37],[19,11],[10,-29],[22,-1],[26,61],[48,37],[31,-10],[19,46],[13,-54],[22,-5],[13,54],[44,19],[14,53],[13,18],[27,0],[4,-25],[-33,-35],[6,-18],[33,3],[19,-51],[23,-9],[27,21],[28,-15],[2,-55],[32,-4],[23,-27],[27,42],[22,5],[21,-21],[13,-69],[-15,-30],[20,-69],[37,1],[22,-45],[19,-20],[19,9],[3,43],[13,4],[14,-50],[9,-54],[25,-12],[11,31],[22,17],[10,27],[-12,26],[-34,3],[-11,19],[14,29],[33,-5],[4,18],[-22,37],[9,39],[17,-12],[6,-48],[23,-30],[19,13],[-14,38],[30,23],[-8,23],[-25,26],[7,28],[30,19],[-32,48],[-28,-2],[-26,12],[-11,28],[9,20],[38,-19],[-1,36],[-20,35],[7,45],[16,6],[6,-40],[17,4],[-1,48],[18,14],[14,-16],[-4,-58],[16,-23],[17,12],[9,51],[14,12],[31,-74],[-18,-34],[13,-37],[22,41],[21,-7],[35,21],[32,43],[25,-7],[1,-41],[30,6],[37,-6],[18,-33],[-20,-38],[22,-11],[-6,-58],[22,-4],[26,36],[24,12],[3,-29],[-23,-5],[-12,-23],[17,-19],[21,28],[21,-4],[-3,-31],[-26,-10],[9,-25],[-9,-84],[11,-41],[44,-78],[21,24],[24,-38],[-1,-26],[17,-23],[17,14],[-4,51],[-33,43],[9,27],[30,-14],[29,3],[24,-30],[46,19],[30,88],[-17,17],[-45,-37],[-26,8],[7,39],[22,20],[4,28],[-27,77],[12,33],[24,-16],[59,-6],[16,23],[-6,23],[-21,7],[-26,-12],[-13,21],[12,70],[51,38],[20,2],[1,-34],[-14,-37],[51,-10],[-5,-43],[10,-49],[18,-27],[42,-3],[1,31],[-20,4],[-6,38],[49,92],[15,14],[18,-32],[-18,-17],[30,-84],[29,2],[13,26],[15,65],[48,36],[44,-4],[14,-22],[-20,-27],[-20,16],[-19,-18],[-34,-9],[-3,-41],[19,-11],[-1,-34],[-11,-25],[8,-53],[16,-2],[51,111],[19,-16],[-27,-44],[-5,-42],[25,-11],[10,61],[26,55],[17,11],[31,-10],[5,-22],[-19,-16],[-23,4],[-25,-27],[33,-50],[-8,-56],[5,-46],[21,-35],[10,14],[-12,58],[23,41],[21,-9],[-5,-57],[5,-72],[23,-27],[16,2],[-7,70],[28,3],[-2,-42],[27,-22],[11,-26],[-10,-108],[22,-9],[16,42],[21,17],[24,-6],[-5,-37],[-23,-9],[-15,-31],[18,-38],[-17,-42],[40,-26],[54,-73],[-3,-29],[15,-18],[46,1],[27,-19],[9,-34],[-19,-24],[-30,12],[-19,-20],[0,-33],[27,-26],[10,-34],[21,-15],[-25,-99],[-1,-32],[-75,20],[23,-246],[-21,0],[1,-514],[1,-851],[201,0],[0,-223],[-28,-60],[-375,0],[0,-283],[-202,0],[0,-568],[-201,0]],[[50651,19304],[80,697],[51,22],[26,216],[32,280],[-119,27],[21,178],[-83,20],[23,186],[-117,28],[20,164],[61,20],[36,299],[-43,11],[23,184],[81,-19],[-3,62],[36,45],[7,31],[32,49],[18,17],[5,32],[19,36],[19,8],[-1,43],[13,19],[39,11],[30,50],[30,68],[11,39]],[[48342,21501],[-14,-5],[-112,5],[-52,29],[-22,26],[-16,60],[-22,47],[3,50],[13,34],[-6,42],[-24,18],[-37,44],[-17,41],[-41,10],[-26,-10],[9,71],[-181,34],[-8,-74],[-26,31],[-39,19],[-62,-17],[-72,52],[-37,9]],[[47339,23306],[50,182],[-5,15],[118,-27],[396,-83],[28,-58],[2,-59],[16,-9],[39,-58],[29,-9],[-14,-31],[5,-72],[23,-33],[23,-5]],[[45906,14620],[-40,-10],[-32,-30],[-24,-35],[-22,-48],[-57,-56],[-24,-38],[-48,-96],[-13,-76],[21,-37],[-26,-31],[-49,16],[-44,-2],[-85,-48],[-36,-45],[-40,11],[-34,-18],[-14,-45],[0,-31],[-34,-35],[-12,-39],[2,-33],[-45,-60],[-18,-48],[15,-36],[-33,-53],[-7,-43],[-37,-50],[-15,-39],[6,-43],[-8,-22],[-4,-105],[-56,-97],[-1,-39],[-17,-57],[6,-84],[25,-39],[21,-2],[38,-73],[-23,-29],[-10,34],[-39,40],[-23,7],[-64,-9],[-19,10],[-31,53],[-38,8],[-28,-31],[-26,2],[-81,-52],[-21,-3],[-42,-33],[-7,14],[-36,16],[-20,-32],[-34,11],[-49,-38],[-13,-46],[-35,-16],[-48,35],[-20,29],[-18,-6],[-41,18],[-41,-16],[-10,10],[-55,-39],[-22,-8],[-16,21],[-26,-7],[-26,-32],[-16,9],[-26,-30],[7,-76],[-54,3],[-6,-26],[-21,-12],[-31,39],[-46,-23],[-14,15],[-34,-16],[-4,-22],[-64,7],[10,45],[-30,13],[-21,24],[-3,48],[-39,20],[-31,-12],[-22,-24],[-41,15],[-11,-23],[-80,1],[-26,-27],[-42,-77],[10,-21],[-22,-17],[-5,95],[-16,7],[-17,48],[7,10],[7,65],[-9,6],[-2,59],[28,127],[-22,18],[-29,76],[-60,90],[-10,52],[-22,33],[-21,69],[-74,121],[-34,35],[-9,31],[-73,106],[-36,37],[-9,26],[-32,39],[-15,7],[-6,33],[-54,93],[-70,96],[-42,40],[-16,30],[-42,50],[-26,46],[-51,51],[-58,100],[-25,36],[-27,19],[-16,35],[-55,64],[-6,21],[-33,25],[-6,20],[-32,35],[-48,86],[-26,17],[-13,24],[8,25],[-21,12],[-24,-4],[-40,68],[-20,17],[-20,37],[-28,30],[-3,18],[-27,19],[-42,61],[-12,49],[-34,10],[-43,56],[-55,56],[-21,1],[-9,69],[-36,45],[-27,23],[-36,16],[1,34],[-26,49],[-33,43],[-57,32],[-33,71],[-18,9],[-12,27],[-28,-12],[-23,37],[-210,188],[-47,36],[-55,52],[-11,-3],[-51,64],[-11,33],[-38,14],[-41,65],[-32,33],[-38,-3],[-4,34],[-24,15],[-56,76],[-12,25],[-43,31],[-34,46],[-20,7],[-11,26],[-49,46],[-5,39],[17,7],[10,-41],[65,-55],[31,-14],[32,5],[28,-18],[66,40],[70,15],[50,-34],[35,-41],[56,-39],[53,-24],[58,-48],[24,-10],[2,-26],[19,-18],[45,-17],[53,-5],[37,18],[43,-53],[112,-35],[23,-22],[43,-22],[9,-48],[-4,-61],[12,-57],[39,-52],[3,-50],[17,-33],[37,-37],[80,-49],[17,-2],[12,-32],[51,-43],[-14,-31],[9,-63],[40,-56],[63,-38],[22,-20],[84,-27],[37,-21],[140,-53],[100,-35],[44,-4],[13,-22],[63,-19],[36,2],[43,-18],[74,-11],[59,-3],[40,6],[115,26],[48,20],[47,12],[75,37],[24,17],[131,71],[36,10],[123,64],[64,28],[47,28],[18,18],[65,18],[59,22],[70,36],[121,92],[28,25],[10,-11],[27,23],[54,28],[181,140],[148,129],[54,59],[75,107],[54,104],[18,57],[15,85],[-1,22],[-30,34],[-20,46],[-20,9]],[[43147,26818],[-1,34],[20,27],[12,33],[-3,57],[-53,28],[-8,24],[14,97],[-14,69],[-17,62],[-18,24],[-49,-15],[-15,8],[-14,93],[-15,17],[-20,-5],[26,122],[-31,-1],[-23,-21],[-33,15],[-22,27],[10,37],[-25,27],[9,19],[-25,48],[3,61],[-43,66],[-2,21],[15,40],[-12,46],[-179,35],[-132,24]],[[42502,27937],[17,99],[0,34],[-15,40],[-44,57],[21,1],[-2,32],[71,110],[107,-116],[52,-3]],[[42709,28191],[67,-6],[30,18],[48,3],[33,-50],[-32,-7],[3,-42],[28,-16],[11,-24],[23,-1],[16,28],[34,14],[19,-40],[14,-11],[-2,-63],[104,-20],[-1,-14],[133,-26],[-3,-76],[10,-38],[64,-89],[47,62],[17,-13],[167,169],[20,17],[-25,59],[21,36],[108,146]],[[44818,26308],[-9,37],[44,46],[8,26],[29,41],[-4,38],[-33,28],[-19,40],[-19,5],[-30,-44],[-37,14]],[[44577,27068],[-10,63],[28,37],[-14,43],[9,18],[-12,54],[14,25],[-20,41]],[[44572,27349],[65,-14],[255,-44],[263,-53],[11,-8]],[[53654,55228],[-708,0],[-1144,0],[1,977],[0,952],[-226,-2],[-720,0],[-164,1],[1,758],[-303,0],[-1,492],[37,16],[19,36],[-2,44],[26,33],[47,-38],[23,3],[5,26],[-16,29],[-2,61],[40,17],[21,-55],[22,-22],[0,43],[13,38],[20,26],[24,-10],[2,38],[26,23],[54,-23],[37,-45],[28,43],[12,41],[19,-13],[0,373],[-151,0],[-1,1327],[1,802],[-1,86],[0,1647],[0,1352],[0,458]],[[50693,64762],[35,61],[12,-15],[-19,-45],[-1,-21],[25,-41],[37,12],[26,-23],[-21,-62],[-35,-74],[-2,-73],[23,-37],[26,-8],[17,17],[24,120],[18,40],[21,6],[35,-28],[36,-9],[84,32],[15,-30],[-9,-32],[-54,-23],[-9,-51],[22,-29],[4,-40],[-24,-42],[7,-47],[18,-10],[22,12],[13,27],[29,19],[24,-37],[-9,-30],[-33,-47],[2,-47],[32,9],[28,-11],[21,-58],[37,-10],[21,-41],[7,-57],[22,-29],[16,-60],[21,-21],[112,-7],[14,-43],[-10,-72],[-9,-26],[-43,-31],[-16,-55],[22,-38],[25,4],[27,23],[37,3],[15,-38],[-22,-45],[-10,-42],[6,-54],[46,-63],[14,-28],[27,-9],[20,23],[-33,60],[-12,50],[20,15],[33,-38],[27,-13],[28,10],[33,78],[37,29],[60,25],[25,18],[19,-19],[21,-49],[2,-25],[-16,-24],[-61,-6],[-29,-11],[-30,-29],[-19,-38],[9,-42],[37,-16],[38,46],[40,-6],[25,-50],[-31,-23],[-12,-24],[-39,-35],[-9,-39],[4,-32],[26,-13],[28,31],[22,62],[23,-2],[16,-39],[8,-51],[-2,-46],[10,-32],[50,-12],[30,-91],[24,-17],[20,4],[29,31],[19,-5],[29,-108],[25,-23],[36,1],[18,-12],[15,-38],[30,-189],[16,-18],[46,20],[16,-11],[4,-35],[-6,-71],[23,-30],[50,30],[15,30],[23,7],[12,-25],[-20,-53],[-34,-27],[-12,-24],[4,-53],[54,-9],[19,-47],[26,-27],[28,-9],[25,23],[-15,75],[24,48],[80,51],[31,-13],[48,-56],[6,-32],[-16,-20],[-17,23],[-29,15],[-19,-15],[-5,-24],[23,-65],[-16,-76],[13,-47],[32,-10],[69,95],[36,-22],[13,-46],[24,-26],[36,-7],[18,11],[20,41],[20,-14],[12,-58],[42,-76],[10,-55],[-23,-22],[-33,36],[-38,4],[-17,-17],[-18,-62],[6,-36],[24,-20],[37,-8],[24,-44],[26,2],[43,53],[38,-1],[15,-14],[22,-57],[-12,-15],[-40,-8],[-16,-32],[16,-42],[19,-10],[64,24],[47,1],[-2,-68],[11,-22],[26,-9],[19,21],[61,33],[30,58],[23,-13],[44,-46],[11,-76],[24,-26],[16,21],[11,51],[39,0],[25,13],[26,32],[17,8],[29,-37],[7,-32],[-32,-71],[-3,-40],[-12,-16],[-3,-40],[12,-10],[73,19],[25,-55],[36,6],[16,32],[19,-15],[-8,-67],[10,-110],[32,-15],[26,12],[52,-13],[30,16],[27,-31],[-19,-80],[8,-25],[28,-29],[24,-9],[38,25],[12,41],[-13,35],[-45,21],[-1,27],[72,35],[53,-41],[26,-5],[26,21],[19,30],[-9,39],[-36,5],[-1,32],[27,49],[46,-28],[45,5],[9,-21],[-5,-61],[11,-39],[38,-4],[22,11],[22,-7],[40,26],[10,54],[-34,42],[-14,32],[16,33],[27,7],[32,-49],[29,-21],[38,18],[23,30],[0,49],[-25,18],[-89,27],[0,31],[35,13],[21,40],[-16,63],[26,38],[37,-19],[25,2],[30,37],[29,6],[30,25],[22,30],[64,2],[39,-46],[36,9],[24,37],[35,-34],[33,13],[14,47],[20,15],[40,2],[51,12],[59,-20],[21,-24],[4,-32],[-16,-38],[-28,-21],[-28,-4],[-33,-35],[-7,-56],[31,-85],[22,-3],[-5,40],[5,55],[22,12],[9,-34],[34,-30],[20,-47],[21,-6],[7,29],[-10,48],[8,19],[41,-5],[63,10],[29,-16],[14,-26],[-3,-33],[-32,-47],[4,-35],[13,-21],[24,-8],[14,19],[34,-4],[18,8],[10,56],[35,25],[26,42],[28,68],[28,29],[77,4],[20,-31],[-3,-33],[-34,-15],[-23,11],[-49,-23],[-11,-31],[7,-41],[26,-20],[41,-84],[3,-55],[-25,-27],[-25,6],[-18,-43],[17,-68],[27,-2],[10,24],[27,-8],[5,-67],[-5,-80],[49,-30],[18,-38],[18,-16],[43,-3],[9,-36],[-26,-34],[-43,-94],[0,-41],[8,-28],[26,-25],[22,7],[22,34],[27,27],[40,4],[23,-44],[-24,-39],[-19,-46],[-1,-24],[26,-41],[19,-2],[16,42],[4,50],[24,33],[14,-2],[33,-44],[55,-30],[52,16],[116,81],[15,22],[7,40],[33,32],[35,-19],[35,-50],[27,-3],[20,14],[30,104],[48,60],[44,21],[15,28],[20,12],[24,-10],[49,-111],[19,-17],[27,36],[15,6],[35,-62],[27,-5],[24,20],[5,37],[-4,85],[23,-8],[28,-47],[7,-28],[-2,-46],[11,-120],[-3,-31],[6,-53],[34,-45],[43,11],[66,-19],[15,8],[16,53],[-21,52],[24,4],[8,-86],[0,-48],[14,-29],[16,-3],[38,16],[45,-37],[38,13],[31,-40],[16,-9],[37,19],[12,58],[-12,33],[-51,42],[-15,5],[-1,48],[31,26],[12,-4],[29,-52],[44,-17],[32,26],[19,63],[26,21],[51,15],[15,-19],[-6,-27],[-25,-15],[-28,-43],[1,-45],[20,-19],[41,-3],[53,-50],[22,13],[-8,47],[7,17],[29,-20],[23,16],[8,81],[36,14],[24,50],[4,52],[11,19],[31,11],[26,-24],[39,-91],[-21,-28],[-31,13],[-30,-4],[-17,-20],[15,-83],[-23,-58],[6,-33],[24,-8],[40,43],[48,22],[23,42],[30,1],[-8,-67],[7,-48],[12,-24],[51,-53],[30,-17],[27,75],[34,-55],[37,0],[23,22],[53,34],[17,29],[22,0],[4,-54],[11,-44],[29,-52],[3,-46],[-15,-45],[5,-35]],[[44560,27803],[-1,-42],[36,7],[38,-6],[-25,-279],[-36,-134]],[[41339,22890],[-28,28],[-38,-2],[-21,-31],[-38,-7],[-73,42],[-10,44],[-16,34],[-1,67],[-7,52],[8,29],[8,115],[-7,18],[-45,60],[6,54],[53,58],[11,60],[14,25],[-11,24],[-31,-32],[-2,-37],[-27,-6],[-19,80],[-6,63],[-22,27],[19,21],[52,74],[8,46],[-6,22],[-42,6],[-45,40],[-26,63],[390,230],[22,20],[135,162],[13,32],[23,106],[0,56],[-9,67],[13,61],[22,35]],[[41606,24696],[29,21],[89,39]],[[42320,25024],[32,14],[51,-17],[24,-25],[36,-9],[21,10],[63,-108],[10,-35],[4,-74],[-5,-45],[14,-29],[66,-17],[34,-29]],[[42670,24660],[-9,-54],[-1,-49],[11,-26],[-9,-53],[-50,-86],[-35,-102],[-6,-40],[-15,-37],[-15,-152],[6,-62],[0,-54],[22,-74],[-40,-26],[-20,-51],[-25,-15],[-45,-4],[-32,6],[-71,-11],[-40,-16],[-49,-38],[-63,-71],[-39,-54],[-94,-37],[-23,7],[-71,-7],[-30,-37],[-42,-18],[-42,-42],[-20,-49],[-35,-40],[-31,-19],[-29,-30],[-54,-114],[-56,-86],[-17,-12],[-45,-52],[-22,-57],[-48,-69],[-26,-29],[-56,-27],[-27,-4],[-38,21]],[[21281,10631],[1,45],[34,54],[12,31],[-3,34],[-48,22],[-26,45],[-5,67],[-9,31],[-22,36],[-3,49],[-34,84],[-12,69],[21,57],[-32,62],[17,60],[-10,55],[-31,56],[-40,11],[-43,37],[-66,87],[-3,41],[11,29],[-1,38],[-19,20],[-54,5],[-44,82],[-29,30],[-27,54],[-39,32],[-21,28],[0,30],[34,40],[-10,92],[3,31],[26,49],[2,25],[-41,91],[18,32],[23,-12],[30,24],[-1,20],[29,81],[54,10],[32,-4],[46,8],[7,43],[-24,50],[8,28],[45,21],[-4,77],[7,11],[56,0],[24,17],[-6,31],[26,52],[-1,31],[24,3],[45,-33],[36,46],[9,-30],[19,-8],[15,17],[59,36],[42,-1],[1,52],[37,13],[38,3],[32,23],[-342,71],[-5,-46],[-30,22],[-7,28],[-196,41],[164,1519],[40,365],[62,594],[-1,40],[68,644],[10,132],[17,77],[16,36],[41,-4],[-17,76],[48,17],[27,106],[27,37],[27,-5],[6,52],[-16,34],[-3,28],[14,22],[1,33],[23,88],[32,-44],[7,36],[-12,18],[-1,36],[44,41],[14,27],[24,10],[50,-45],[67,-26],[0,54],[49,10],[15,-16],[29,-1],[-8,-29],[20,-12],[16,32],[18,-15],[18,-34],[30,44],[21,5],[113,-5],[10,-37],[21,26],[-12,40],[17,16],[19,60],[49,17],[13,-3],[12,-55],[10,-13],[68,44],[28,-11],[49,175],[-24,-2],[-13,66],[7,17],[-24,29],[3,52],[-14,8],[3,49],[-49,52],[16,23],[12,123],[25,-4],[14,98],[15,150],[101,-22],[21,-54],[36,-7],[24,48],[-22,-1],[-11,25],[9,61],[27,5],[-14,41],[6,31],[26,29],[-1,42],[-49,40],[4,19],[35,21],[8,19],[-13,36],[18,35],[3,46],[-32,-19],[-8,28],[30,19],[-7,31],[-17,28],[0,81],[11,37],[-6,42],[46,29],[34,2],[23,32],[18,6],[21,38],[30,9],[5,65],[16,65],[-12,33],[-22,24],[-3,30],[185,-37],[3,23],[62,107],[18,165],[-51,-12],[7,34],[-30,108],[-7,120],[12,13],[-4,35],[26,10],[1,48],[9,25],[-27,30],[17,17],[-20,56]],[[24614,27566],[54,8],[32,-64],[33,-2],[6,19],[42,-6],[12,-32],[55,5],[36,16],[88,-23],[21,20],[14,-7],[-1,-39],[11,-19],[25,23],[16,-10],[44,5],[7,-38],[1,-60],[20,-26],[-10,-24],[33,-20],[57,30],[30,45],[48,-39],[-2,-30],[12,-25],[34,59],[31,-1],[21,28],[6,38],[-16,43],[33,37],[19,-8],[24,32],[12,46],[52,-35],[44,-3],[1,-20],[-24,-55],[6,-23],[26,-13],[12,-29],[-7,-28],[43,-53],[-11,-65],[34,-14],[-15,-56],[35,-5],[13,-43],[14,-14],[48,21],[9,16],[32,-63],[14,18],[50,28],[38,-24],[34,2],[10,34],[28,-22],[-2,-25],[399,-87],[406,-90],[38,351],[203,-16],[197,-43],[5,47],[36,-8],[-10,-95],[116,-29],[4,35],[220,-47]],[[34790,20353],[-23,-230],[-90,-834],[-29,-286],[403,-81],[-30,-279],[199,-38],[-3,-39],[-65,-640],[10,-8],[189,-73],[-43,-401],[204,-41],[-29,-281],[97,-21],[20,163],[36,-18],[12,-16],[21,12],[31,-27],[88,37],[15,20],[-16,20],[5,31],[24,27],[17,3],[17,-22],[15,18],[37,9],[16,16],[27,-4],[15,14],[28,-12],[0,40],[22,33],[22,12],[9,-42],[-1,-53],[21,-14],[1,-30],[61,1],[-20,-222],[199,-38],[403,-82],[-61,-556],[203,-42],[61,556],[403,-82],[516,-108],[-2,-24],[23,-136],[31,-48]],[[37879,16537],[19,-35],[-3,-27],[-43,-62],[-41,-42],[-41,-23],[-88,-60],[-63,-35],[-106,-39],[-32,-16],[-81,-60],[-45,-44],[-23,-57],[12,-41],[-3,-28],[-20,-52],[-5,-57],[21,-32],[-3,-17],[-55,-15],[-41,-45],[-14,-40],[-79,-9],[-75,-45],[-26,-49],[-38,-29],[-10,-69],[-83,-95],[-20,-56],[-21,-76],[-25,-17],[-26,-51],[-24,-29],[-35,-12],[-44,-37],[-36,-69],[-35,-37],[-41,-3],[-56,-37],[-46,-73],[-10,-37],[6,-51],[17,-30],[-11,-56],[-13,-18],[-66,4],[-139,-28],[-93,-28],[-41,-24],[-65,-25],[-48,-38],[-27,-8],[-92,-50],[-49,-47],[-23,-49],[-4,-53],[-13,-10],[-37,14],[-29,-16],[-47,-52],[-19,-36],[0,-32],[-11,-44],[8,-72],[17,-19],[-22,-23],[-60,-3],[-54,3],[-207,-14],[-47,-11],[-80,-35],[-57,-39],[-25,-23],[-13,-47],[-24,-28],[-13,-68],[-22,-61],[-46,-34],[-15,-35],[-11,-52],[-2,-75],[-13,-35],[-71,-52],[-28,-52],[-19,-80],[-19,-27],[-125,13],[-113,-10],[-99,3],[-79,-5],[-205,-50],[-58,-24],[-80,-55],[-24,-32],[-12,-43],[11,-37],[-13,-46],[-24,-9],[-2,-32],[-16,-30],[-44,-35],[-13,-33],[-14,3],[-54,-34],[-30,-59],[-32,-27],[-14,-25],[-109,-233],[-31,-20],[-2,-15],[-57,-97],[-38,-45],[-37,-75],[-75,-167],[-20,-80],[-11,-72],[4,-50],[50,-37],[56,-66],[-9,-66],[-19,-36],[-28,-35],[-57,-13],[-4,-61],[6,-37],[-42,-105],[-37,-19],[-33,6],[-12,-53],[-17,-42],[-43,-71],[-40,1],[-13,-20],[-23,6],[-52,-8],[-40,-78],[-28,-26],[-43,-18],[-23,-33],[-14,-38],[-24,-34],[-74,-40],[-50,-70],[-28,-59],[23,-71],[-19,-54],[5,-23],[-12,-44],[-39,-88],[8,-43],[-8,-25],[-36,-57],[-17,-76],[-35,-80],[-65,-68],[-36,-14],[-33,-52],[-26,-13],[-21,-25],[9,-84],[22,-38],[-49,-14],[-42,-38],[-24,-47],[-3,-25],[-67,-59],[-46,-21],[-36,-64],[7,-32],[-65,-84],[-6,-79],[-13,-21],[2,-54],[18,-16],[11,-31],[-52,-19],[-41,-38],[-55,-10],[-63,-40],[-27,-3],[-28,-31],[-19,-80],[-1,-58],[10,-27],[-5,-60],[-41,-40],[-85,5],[-36,-11],[-59,5],[-20,18],[-34,-26],[-44,-3],[-12,8],[-61,-39],[-16,-35],[-28,-20],[-45,11],[-31,-5],[-57,-23],[-23,-21],[-34,-5],[-51,-34],[-34,-13],[-4,-41],[-16,-15],[-19,14],[-24,-24],[-34,2],[-55,17],[-24,-35],[-38,-5],[-25,-21],[-13,-41],[-49,-59],[-23,2],[-31,-30],[-31,3],[-60,-21],[-41,-28],[-46,-13],[-21,-24],[7,-34],[-13,-21],[-39,-7],[-67,-66],[-28,10],[-31,-3],[-31,-49],[-43,-4],[-12,-17],[-55,-26],[-46,-48],[-25,-20],[-16,5],[-59,-35],[-46,-44],[-39,-59],[-44,-86],[-27,-65],[-10,-87],[8,-66],[14,-27],[20,-4],[10,-23],[46,-16],[4,-21],[-40,-32],[-82,-73],[-18,-25],[-17,-49],[-12,-136],[21,-31],[-44,-42],[-9,-29],[-57,-56],[-24,-12],[-17,-41],[-28,-7],[-24,-36],[-33,-21],[-22,2],[-32,18],[-32,-14],[-52,-2],[-46,-8],[-36,-20],[-31,8],[-15,-25],[-55,-32],[-13,-27],[-42,-61],[-15,-7],[-67,-117],[-74,-95],[5,-28],[-25,-50],[-65,-58],[-6,-34],[-19,-4],[-19,-34],[-13,-63],[-12,-22],[15,-63],[-19,-34],[-32,-79],[-30,-43],[-57,-70],[-36,-21],[-39,-46],[-28,-18],[-33,-85],[-14,-9],[-32,-80],[-26,-14],[-35,34],[-50,0],[-23,9],[-32,-28],[-20,18],[-27,-21],[-19,13],[-81,-33],[-28,9],[-35,-8],[-39,16],[-77,-48],[-39,36],[-58,66],[-10,63],[-13,2],[-13,38],[-38,37],[-34,24],[11,62],[-9,59],[-29,62],[-42,75],[-37,45],[-20,38],[-64,98],[-34,45],[-49,77],[-22,47],[-8,44],[-29,42],[-59,50],[-66,80],[-13,25],[-24,10],[-22,26],[-10,35],[-19,28],[-53,45],[-15,26],[-44,35],[-37,73],[-12,36],[-20,20],[-35,4],[-16,13],[-51,-6],[-32,21],[-15,-26],[-38,-10],[-36,12],[-21,53],[-22,-29],[-22,42],[4,48],[-52,61],[-3,15],[-84,72],[-40,52],[-24,5],[-76,83],[-40,33],[-101,44],[-33,36],[-45,24],[-53,-19],[-14,14],[-38,7],[-18,-18],[-26,3],[-17,-15],[-50,7],[-60,-5],[-52,-29],[-29,14],[-16,30],[-100,52],[-17,16],[-45,-2],[-56,27],[-52,-27],[-30,-43],[-8,-36],[-26,-2],[-28,-23],[-59,-17],[-17,-22],[-29,2],[-12,-22],[6,-35],[-24,-16],[-56,25],[-22,-21],[1,-35],[-44,22],[-30,-64],[8,-56],[-43,-3],[-13,-16],[-31,-7],[-13,-29],[-18,33],[-38,5],[-19,37],[-35,13],[-69,4],[-17,-13],[-36,15],[-23,22],[-27,72],[-20,22],[-46,6],[-8,27],[-47,-15],[-26,35],[-30,4],[-4,25],[-40,64],[-48,52],[-29,53],[-51,63],[-35,15],[3,37],[-16,24],[-45,6],[-11,10],[1,88],[-18,41],[-35,-6],[0,21],[-30,27],[-8,37],[-33,23],[-5,40],[-31,24],[-28,81],[-34,61],[-31,38],[-40,82],[-68,94],[-35,-1],[-5,36],[-34,74],[-93,124],[-31,52],[-19,15],[-22,48],[-72,88],[-31,54],[-13,37],[-32,46],[-35,25],[-85,120],[-87,71],[-19,43],[-69,62],[-22,36],[-24,-5],[-39,30],[-18,4],[-10,44],[-54,42],[-6,26],[-63,17],[-1,31],[-38,-21],[0,41],[-68,-12],[-49,12],[-67,-7],[35,55],[-23,54],[-30,32],[-52,10],[-5,14],[-38,-4],[-15,35],[-22,-31],[-13,42],[-23,6],[10,54],[-24,20],[-5,24],[-69,4],[-29,36],[-39,26],[-18,-4],[-10,44],[-70,34],[-53,14],[-56,2],[-26,-7],[-39,21],[-57,-2],[-39,21],[-43,2],[-22,-29],[-20,9],[-11,-29],[-17,11],[-20,-28],[-35,-2],[-75,12],[-66,43],[-34,-2],[-32,17],[-18,-6],[-35,29],[-53,15],[-19,-67],[-22,-22],[-35,20],[-13,19],[-26,-14],[7,-60],[-25,-15],[-32,43],[-11,34],[-28,36],[-31,-5],[-21,50],[-25,-23],[-21,36],[-36,-19],[-36,10],[-67,73],[-12,-19],[-18,64],[-33,36],[-53,-1],[-18,20],[-44,-1],[-33,-22],[-37,43],[-59,3]],[[44663,25671],[33,-63],[64,-27],[48,15],[35,-13],[-4,46],[29,4]],[[44487,28348],[111,-18],[325,-56],[234,-48]],[[46568,26220],[86,-21],[56,-18],[14,-16],[92,18],[85,57],[35,3],[39,-40],[70,-4],[18,-26],[4,-32],[25,-22],[20,-45],[19,8],[21,-43],[44,6],[49,51],[104,56],[90,156],[33,37],[112,-21],[30,-40],[21,26]],[[32638,31094],[-61,20],[-58,41],[-45,51],[-96,89],[-6,16],[-60,81],[-77,147],[-30,37],[-28,23],[-50,28],[-42,6],[-61,-4],[-40,6],[-62,24],[-29,20],[-44,12],[-72,9],[-50,-13],[-92,-88],[-69,-69],[-25,-31],[-15,-39],[-18,-153],[-30,-93],[-39,29],[-9,-31],[-28,21],[-14,-47],[-45,33],[-49,-470],[1,-2],[-30,-281],[50,-11],[-17,-171],[7,-2],[88,32],[15,0],[64,-28],[84,5],[-15,-161],[-23,-207],[72,-60],[31,13],[61,-32],[157,-100],[29,-67]],[[45559,22479],[-79,84],[-70,56],[-43,18],[-81,-79],[-55,-77],[-9,-29],[-41,27],[-44,8],[0,19],[-31,55],[-2,28],[-31,60],[-40,60],[-37,23],[-6,40],[-46,120],[-30,60],[9,56],[-8,54],[7,21],[-28,84],[-68,139],[-46,72],[-26,24],[-12,37],[-23,24],[-8,76],[76,-32],[-7,49]],[[42908,59018],[48,45],[10,34],[64,-40],[22,21],[7,57],[-13,60],[17,41],[-24,88],[10,34],[-5,45],[31,-6],[23,42],[20,-18],[21,11],[-8,42],[-4,57],[-26,45],[2,25],[20,27],[25,-11],[17,-44],[39,10],[1,24],[-22,25],[-8,30],[14,53],[32,29],[27,-22],[-27,-27],[-3,-28],[22,-50],[20,1],[-10,49],[28,6],[9,17],[4,70],[-9,102],[34,-10],[31,18],[16,-5],[45,25],[38,-35],[31,-11],[28,-35],[26,5],[29,-38],[46,7],[33,-8],[32,21],[27,-23],[13,5],[5,37],[27,6],[25,-43],[36,-10],[34,18],[31,-19],[29,-2],[34,-28],[43,-7],[39,-21],[35,-1],[15,-39],[30,0],[11,-17],[5,-64],[-15,-15],[-2,-35],[39,-47],[39,-18],[32,-60],[21,-11],[37,9],[23,58],[31,-9],[32,2],[26,21],[32,-12],[28,16],[38,38],[36,8],[29,50],[30,0],[27,19],[8,19],[10,66],[19,26],[21,49],[-11,150],[-20,32],[-1,38],[-10,67],[-12,22],[-60,27],[-45,30],[-53,63],[-9,54],[-16,44],[13,79],[-2,57],[-10,27],[-29,17],[-8,18],[-5,83],[2,63],[-21,26],[-19,-35],[-47,21],[4,35],[-41,28],[-50,48],[-12,36],[16,26],[4,51],[-7,35],[-16,30],[-34,36],[-40,20],[-23,22],[-18,42],[-28,42],[-8,57],[-18,32],[-33,21],[-25,-7],[-10,21],[6,99],[-1,43],[16,62],[8,86],[34,31],[18,69],[33,15],[32,31],[28,-16],[25,5],[30,59],[13,10],[52,-5],[74,33],[11,41],[-4,34],[-38,103],[14,114],[-26,29],[-13,44],[-14,17],[-4,35],[4,56],[10,47],[-26,54],[6,28],[5,81],[22,41],[-3,31],[14,38],[-9,33],[8,47],[26,23],[20,51],[22,27],[22,-11],[34,77],[10,45],[25,25],[0,63],[-20,49],[-8,49],[39,85],[40,44],[15,28],[20,84],[-26,54],[-33,43],[12,44],[18,26],[-10,46],[-22,15],[-7,21],[9,52],[-17,39],[29,43],[6,52],[29,-4],[22,9],[38,44],[30,-30],[16,37],[48,9],[33,-31],[10,20],[-5,33],[24,10],[6,32],[-20,27],[29,9],[44,-51],[18,27],[-2,67],[10,14],[30,-40],[12,-62],[25,-25],[31,-6],[41,-26],[19,15],[39,4],[17,13],[27,48],[16,65],[4,58],[61,-47],[68,51],[16,25],[-7,70],[9,44],[35,-37],[41,44],[27,44],[18,57],[22,10],[8,-23],[-19,-29],[-1,-32],[17,-16],[37,26],[-1,43],[41,-12],[14,-23],[19,-5],[39,27],[49,17],[30,32],[17,47],[-4,61],[28,12],[1,-83],[25,8],[-4,70],[54,-5],[14,-8],[24,13],[16,28],[37,9],[17,-12],[14,-49],[-26,-18],[-19,-30],[19,-87],[28,16],[11,59],[29,32],[17,33],[3,33],[40,-38],[17,2],[31,47],[39,41],[40,66],[18,-16],[-17,-51],[4,-31],[27,1],[27,46],[23,51],[14,-19],[-6,-40],[5,-63],[19,-49],[23,-6],[13,35],[-17,55],[3,63],[22,15],[-2,-81],[18,-50],[19,-7],[32,11],[-1,-52],[6,-46],[14,-25],[27,7],[5,74],[22,19],[34,-65],[51,-27],[23,13],[41,48],[29,4],[29,-21],[-12,-47],[-9,-85],[-19,-35],[-31,-23],[0,-30],[20,-7],[28,20],[47,-3],[22,-15],[53,9],[23,53],[22,19],[76,-58],[19,-5],[16,26],[-8,51],[13,56],[37,-3],[30,17],[22,-6],[21,-54],[23,2],[24,47],[30,-2],[22,-28],[34,-21],[29,-7],[63,42],[45,-31],[-16,-52],[3,-26],[30,-19],[46,0],[17,30],[-11,45],[-29,23],[23,27],[18,63],[17,9],[35,-22],[20,12],[41,56],[39,-64],[29,-9],[24,16],[30,44],[10,2],[72,-89],[29,-15],[57,-1],[-12,-29],[-1,-38],[40,-35],[10,-27],[-56,-84],[-15,-33],[8,-39],[30,15],[22,-31],[37,-22],[17,13],[24,103],[15,25],[23,-16],[37,-51],[20,-89],[22,0],[31,50],[15,-23],[-20,-55],[13,-34],[21,4],[20,25],[43,24],[14,-12],[-3,-68],[29,-47],[17,-3],[55,40],[62,-38],[28,11],[18,70],[22,19],[50,5],[47,67],[27,15],[8,-30],[22,-25],[64,-25],[24,-61],[38,-53],[30,-30],[34,-2],[37,42],[31,-17],[19,-89],[27,-24],[37,20],[14,31],[12,60],[61,21],[44,36],[51,-23],[41,29],[25,67],[43,40],[30,45],[55,-11],[65,20],[71,-23],[29,6],[37,34],[18,46],[-19,45],[8,93],[-13,54],[16,19],[30,-34],[32,-13],[37,8],[8,31],[-63,47],[-15,31],[46,19],[11,44],[14,9],[53,-12],[15,-31],[4,-40],[12,-28],[18,-11],[28,20],[28,69],[25,0],[26,-94],[9,-16],[27,-2],[18,28],[5,27],[35,30],[11,35],[-4,64],[24,86],[21,11],[17,-14],[12,-53],[22,-28],[38,-23],[20,2],[26,36],[-6,40],[8,35],[27,19],[23,42],[-15,71],[14,36],[28,26],[54,-19],[14,28],[30,-34],[38,-23],[23,25],[21,-1],[27,-42],[28,-6],[18,20],[3,73],[28,25],[24,-24],[25,14],[22,-9],[34,-41],[35,8],[29,-18],[5,-55],[33,-35],[62,-28],[20,8],[10,30],[-4,55],[46,36],[7,29],[-21,40],[18,43],[37,16]],[[38437,16920],[-13,-36],[-22,5],[-75,-59],[-21,-46],[-17,-19],[-40,-1],[-53,-32],[-20,-44],[-24,-1],[-33,-43],[-19,0],[-69,-18],[-85,-40],[-47,-42],[-20,-7]],[[44,21300],[13,1192]],[[21281,10631],[-24,-27],[-41,-2],[-19,33],[-10,64],[-40,26],[-19,-5],[-12,-37],[-30,13],[-17,-10],[-26,39],[-13,37],[19,41],[-26,64],[-34,24],[-13,53],[-16,15],[-26,-7],[-37,16],[-7,19],[-56,51],[-24,5],[-58,-21],[-43,20],[-29,38],[18,45],[5,38],[-63,76],[-40,8],[-13,-43],[-73,102],[-23,10],[-16,28],[-37,-2],[-41,-36],[-42,6],[-14,24],[4,46],[-20,-4],[-29,-29],[-13,48],[-27,-8],[-39,77],[-71,43],[10,44],[-29,-15],[-14,44],[-19,5],[-19,28],[-34,34],[-13,35],[-31,15],[-45,69],[-33,-5],[-39,81],[-29,34],[-14,-6],[-33,72],[-64,80],[-25,20],[-44,53],[-34,67],[-50,59],[-76,103],[-39,28],[-49,67],[-54,31],[-15,40],[-31,-3],[-38,11],[5,23],[-40,68],[-24,15],[-12,43],[-32,8],[1,39],[-21,42],[-26,9],[-28,68],[-55,42],[-34,1],[4,51],[-28,-25],[-23,51],[-19,-24],[-37,53],[-19,16],[-27,59],[-45,38],[-34,52],[-42,37],[-14,30],[-23,22],[-47,67],[-70,76],[-67,59],[-19,35],[-15,4],[-29,40],[-46,11],[-3,19],[-49,37],[-27,73],[-42,36],[-58,39],[-33,13],[-12,48],[-32,6],[-22,25],[-25,45],[-31,40],[-46,31],[-7,31],[-31,-5],[-16,38],[-51,38],[-3,28],[-41,33],[-6,17],[-41,44],[-21,5],[-47,47],[-9,34],[-30,6],[-12,24],[-40,22],[-85,82],[-44,29],[-21,26],[-20,-1],[-30,40],[-118,82],[-40,18],[-73,23],[-63,1],[-27,8],[-32,48],[-30,21],[-34,53],[-40,35],[-51,26],[-54,9],[-44,-6],[-49,-25],[-17,-25],[-14,-46],[1,-96],[-29,37],[-42,1],[-29,56],[-32,-7],[-12,32],[-44,7],[-26,34],[-23,-3],[6,41],[-23,37],[-24,9],[-23,26],[-20,52],[-24,25],[-41,18],[-38,39],[-23,52],[-104,114],[-43,31],[-21,33],[-18,12],[-84,78],[-54,38],[-23,28],[-112,80],[-46,42],[-84,47],[-42,41],[-49,23],[-27,24],[-59,-4],[-44,-9],[-52,4],[-44,-4],[-68,-24],[-46,0],[-75,-40],[-20,-44],[9,-28],[-22,-24],[-61,25],[-56,-25],[-48,-9],[-24,-22],[-45,56],[-42,15],[-44,-30],[-15,-23],[-45,-20],[-55,7],[-28,-11],[-35,-31],[-36,-50],[-44,38],[-60,9],[-87,-15],[-81,-34],[-60,-48],[-57,-61],[-36,-57],[-30,-69],[-16,-57],[-6,-48],[2,-81],[20,-52],[49,-8],[11,-20],[35,7],[3,-21],[-25,-34],[-43,-28],[-3,-19],[-30,-19],[-25,14],[7,67],[-60,-58],[-37,16],[6,21],[-23,21],[-35,-11],[-37,22],[-20,-33],[-28,19],[-31,3],[-16,-42],[-51,-1],[-18,32],[-79,-8],[-19,-15],[-46,-19],[-32,3],[-18,19],[-36,-5],[-24,12],[-28,33],[-35,15],[-27,-17],[-43,1],[-26,35],[-23,1],[-66,-33],[-12,18],[-26,-23],[-45,19],[-22,-6],[-21,18],[-16,-30],[-23,24],[-37,19],[-26,-35],[-26,95],[-38,48],[-34,59],[-39,23],[-42,-4],[-13,41],[-40,15],[-10,-16],[-47,71],[-46,25],[-31,28],[-39,-7],[-5,13],[-35,0],[3,24],[-50,46],[-30,36],[-65,48],[-62,34],[-59,49],[-91,59],[-68,72],[-54,48],[-47,51],[-21,36],[-94,107],[-41,20],[-13,29],[-59,87],[-82,96],[-42,43],[-137,164],[-47,37],[-24,30],[-66,65],[-59,52],[-73,69],[-55,42],[-77,67],[-36,24],[-52,46],[-85,58],[-105,83],[-94,66],[-132,85],[-128,73],[-90,45],[-84,35],[-82,23],[-95,57],[-53,21],[-125,25],[-62,17],[-76,11],[-60,17],[-117,24],[-67,9],[-130,10],[-88,4],[-94,19],[-79,8],[-99,26],[-147,49],[-135,26],[-56,7],[-86,3],[-164,-1],[-64,-10],[-163,-47],[-151,-58],[-44,-7],[-116,-61],[-32,-25],[-61,-35],[-73,-51],[-21,-30],[-92,-96],[-51,-12],[-35,-46],[-56,-91],[-51,-28],[-80,-82],[-36,-51],[-36,-39],[-55,-25],[-27,-27],[-157,-141],[-52,-39],[-32,-40],[-74,-124],[-17,-81],[-9,-66],[17,-61],[22,-23],[21,-56],[29,-22],[9,-39],[20,-38],[-11,-42],[13,-31],[-22,-59],[-1,-39],[130,-2],[44,13],[-15,-71],[-1,-71],[-11,-101],[50,-114],[-7,-35],[24,-45],[5,-32],[49,-99],[20,-77],[29,-40],[68,-21],[-10,-46],[-3,-48],[15,-11],[39,-102],[40,-66],[-9,-27],[-26,26],[-49,-3],[-9,9],[-89,-14],[-48,-1],[-34,-34],[-3,-42],[13,-22],[12,-47],[-7,-55],[3,-27],[-15,-32],[-26,10],[-25,39],[-51,69],[-8,39],[4,32],[-23,45],[-42,3],[-12,17],[-32,-8],[-27,24],[-18,-6],[-98,69],[-44,15],[-68,0],[-60,7],[-40,-35],[-23,0],[-27,-43],[-11,-69],[-22,-44],[-5,-69],[-21,-49],[-50,-7],[-30,-24],[-3,-65],[-11,-12],[3,-65],[-16,-69],[10,-31],[12,-82],[-21,-72],[-23,-31],[-17,1],[-11,-32],[3,-32],[-21,-24],[-21,18],[-27,-15],[-25,2],[-12,17],[-30,5],[-28,35],[-9,26],[-49,26],[-18,30],[-30,21],[-22,43],[7,39],[-6,53],[-29,35],[-13,2],[6,68],[10,18],[33,23],[16,28],[15,46],[-9,53],[-31,94],[-33,57],[-31,91],[-37,40],[-184,182],[-37,23],[-72,62],[-32,20],[-148,112],[-36,34],[-99,65],[-9,-4],[-44,24],[-20,1],[-47,23],[-51,5],[-13,-13],[-40,6],[-64,-6],[-118,-32],[-44,-19],[-86,-55],[-66,-69],[-21,-51],[6,-62],[36,-61],[10,-46],[-5,-16],[20,-123],[18,-46],[10,-76],[-19,-29],[-58,-8],[-74,35],[-9,29],[-40,53],[-36,23],[-36,33],[-32,11],[-29,-10],[-22,11],[-78,-4],[-21,27],[-19,47],[-19,10],[-27,39],[-8,39],[-20,26],[-3,48],[9,87],[20,49],[-8,52],[17,15],[12,68],[33,31],[4,35],[45,34],[34,58],[31,20],[21,38],[33,27],[43,23],[15,54],[28,25],[23,35],[18,54],[-3,48],[-16,102],[-45,204],[-19,51],[-30,102],[-20,41],[-25,67],[-73,168],[-27,47],[-43,103],[-36,62],[-18,41],[-48,85],[-46,104],[-64,83],[-41,63],[-18,44],[-50,77],[-34,41],[-15,38],[-51,87],[-69,96],[-47,77],[-101,138],[-79,124],[-28,29],[-52,87],[-135,186],[-27,31],[-94,133],[-34,53],[-95,123],[-31,44],[-124,149],[-38,54],[-121,142],[-69,78],[-21,31],[-82,80],[-55,63],[-173,183],[-22,13],[-59,66],[-90,91],[-49,22],[-32,41],[-61,60],[-55,46],[-115,115],[-91,85],[-71,61],[-121,100],[-27,24],[-74,50],[-22,21],[-26,2],[-37,39],[-33,21],[-62,62],[-60,28],[-41,27],[-105,122],[-91,73],[-71,44],[-30,26],[-65,41],[-46,35],[-107,93],[-30,10],[-26,30],[-78,66],[-112,75],[-55,28],[-84,57],[-138,69],[-37,24],[-96,47],[-65,21],[-13,-3],[-199,56]],[[11613,14325],[-11,-47],[-29,-24],[-19,-31],[-23,-7],[-22,-49],[-13,11],[-4,52],[-25,86],[-23,9],[24,30],[53,47],[58,14],[22,14],[19,-16],[31,19],[23,-14],[-9,-29],[-52,-65]],[[42378,27642],[122,-8],[-19,82],[-23,59],[-82,181],[106,-19],[20,0]],[[42709,28191],[-26,35],[31,42],[37,28],[51,22],[5,45],[-20,52],[18,58],[-7,33],[-42,6],[-67,19],[-34,-32],[-19,56],[4,51],[-15,2],[-10,44],[3,59],[13,41],[-13,9],[-22,-37],[7,-41],[-43,0],[-24,10],[-27,-31],[-42,-19],[-74,2],[-52,-21],[-25,0],[-16,88],[-15,36],[-35,6],[-17,15],[-7,34],[42,66],[-48,1],[-36,-33],[-43,40],[-34,13],[-3,-23],[-110,18],[-92,12],[-403,82],[-201,39],[-89,70],[-98,106],[0,4],[-125,135],[-13,22]],[[41606,24696],[-56,-26],[-71,-57],[-6,18],[-221,-156],[27,270],[-205,38],[7,73],[-25,15],[-59,1],[-74,12],[29,27],[-14,29],[-50,-59],[-16,14],[10,46],[-3,22],[-34,-9],[-48,23],[-15,-4],[-18,-38],[-15,4],[-16,57],[-46,70],[-30,-6],[-36,22],[-9,24],[26,28],[-17,100],[-20,19],[-31,-5],[-3,55],[-15,15],[-4,45],[10,36],[-47,46],[-36,20],[-16,22],[19,52],[-6,21],[-23,-3],[-27,42],[-28,17],[-4,40],[18,34],[-7,21],[-50,31],[-13,21],[-30,13],[-18,-21],[-31,-6],[-6,29],[11,31],[-12,62],[-23,61],[-14,-11],[-5,-39],[-18,-3],[-23,-33],[-86,19],[-27,20],[7,34],[40,3],[16,32],[-19,80],[9,76]],[[44396,30929],[172,-22],[204,-55],[198,-25],[-5,-46],[191,-37],[14,-513],[-1,-19],[-25,-271]],[[41339,22890],[-40,-47],[-31,-49],[-22,-22],[-15,-35],[-35,-33],[-20,-34],[-80,-90],[-82,-100],[-47,-66],[-25,-52],[-26,-20],[-58,4],[-56,-5],[-60,15],[-20,-10],[-27,17],[-80,15],[-118,-26],[-68,-6],[-40,-11],[-38,-26],[-75,-17],[-10,3]],[[43669,25447],[-14,-26],[21,-42],[9,-41],[-7,-29],[-32,17],[-11,-18],[11,-29],[25,-26],[34,-50],[16,-72],[-4,-34],[14,-46],[19,-9],[45,13],[20,-10],[44,-68],[-26,-37],[-65,-68],[-23,-7],[-11,-22],[-36,5],[-27,29],[-32,15],[-34,43],[-27,5],[-11,-18],[-44,2],[-14,40],[-33,10],[-38,-31],[-7,26],[-27,46],[2,36],[-16,25],[-51,33],[-44,-26],[-39,-12],[-42,-34],[-13,-19],[-25,3],[-39,-13],[-36,-47],[-17,-35],[-36,-25],[-22,-38],[-63,-1],[-22,8],[-84,3],[-62,-30],[-58,-51],[-65,-100],[-2,-32]]],"transform":{"scale":[0.00009014421897218936,0.000051783689206892283],"translate":[140.96186580000006,-39.15895353999997]},"objects":{"districts":{"type":"GeometryCollection","geometries":[{"arcs":[[0,1,2,3,4,5]],"type":"Polygon","properties":{"seat":"Albert Park","region":"Southern Metropolitan","code":"20106"}},{"arcs":[[6,7,8,9,10]],"type":"Polygon","properties":{"seat":"Ashwood","region":"Southern Metropolitan","code":"20206"}},{"arcs":[[[11]],[[12,13,14,15,16,17,18]],[[19]]],"type":"MultiPolygon","properties":{"seat":"Bass","region":"Eastern Victoria","code":"20301"}},{"arcs":[[20,21,22,23,24]],"type":"Polygon","properties":{"seat":"Bayswater","region":"North-Eastern Metropolitan","code":"20402"}},{"arcs":[[[25,26,27]],[[28]]],"type":"MultiPolygon","properties":{"seat":"Bellarine","region":"Western Victoria","code":"20508"}},{"arcs":[[29,30,31]],"type":"Polygon","properties":{"seat":"Benambra","region":"Northern Victoria","code":"20604"}},{"arcs":[[32,33,34,35,36]],"type":"Polygon","properties":{"seat":"Bendigo East","region":"Northern Victoria","code":"20704"}},{"arcs":[[37,-37,38]],"type":"Polygon","properties":{"seat":"Bendigo West","region":"Northern Victoria","code":"20804"}},{"arcs":[[39,40,41,42,43]],"type":"Polygon","properties":{"seat":"Bentleigh","region":"Southern Metropolitan","code":"20906"}},{"arcs":[[44,45,-15,46,47,48]],"type":"Polygon","properties":{"seat":"Berwick","region":"South-Eastern Metropolitan","code":"21005"}},{"arcs":[[49,50,51,-11,52,53,54]],"type":"Polygon","properties":{"seat":"Box Hill","region":"North-Eastern Metropolitan","code":"21102"}},{"arcs":[[-42,55,56,-6,57]],"type":"Polygon","properties":{"seat":"Brighton","region":"Southern Metropolitan","code":"21206"}},{"arcs":[[58,59,60,61,62,63,64]],"type":"Polygon","properties":{"seat":"Broadmeadows","region":"Northern Metropolitan","code":"21303"}},{"arcs":[[65,66,67,68,69]],"type":"Polygon","properties":{"seat":"Brunswick","region":"Northern Metropolitan","code":"21403"}},{"arcs":[[-55,70,71,72,73]],"type":"Polygon","properties":{"seat":"Bulleen","region":"North-Eastern Metropolitan","code":"21502"}},{"arcs":[[74,75,76,77,78,79]],"type":"Polygon","properties":{"seat":"Bundoora","region":"North-Eastern Metropolitan","code":"21602"}},{"arcs":[[80,81,82,83,84,85,86]],"type":"Polygon","properties":{"seat":"Carrum","region":"South-Eastern Metropolitan","code":"21705"}},{"arcs":[[87,-43,-58,88,89]],"type":"Polygon","properties":{"seat":"Caulfield","region":"Southern Metropolitan","code":"21806"}},{"arcs":[[90,91,92,-40,93,94]],"type":"Polygon","properties":{"seat":"Clarinda","region":"South-Eastern Metropolitan","code":"21905"}},{"arcs":[[-47,-14,95,-84,96]],"type":"Polygon","properties":{"seat":"Cranbourne","region":"South-Eastern Metropolitan","code":"22005"}},{"arcs":[[97,98,-23,99,100]],"type":"Polygon","properties":{"seat":"Croydon","region":"North-Eastern Metropolitan","code":"22102"}},{"arcs":[[101,-82,102,-91,103,104,105]],"type":"Polygon","properties":{"seat":"Dandenong","region":"South-Eastern Metropolitan","code":"22205"}},{"arcs":[[106,107,108,109,110,111,112,113,114]],"type":"Polygon","properties":{"seat":"Eildon","region":"Northern Victoria","code":"22304"}},{"arcs":[[115,-80,116,-110,117,-73]],"type":"Polygon","properties":{"seat":"Eltham","region":"North-Eastern Metropolitan","code":"22402"}},{"arcs":[[118,119,-62,120,-67,121]],"type":"Polygon","properties":{"seat":"Essendon","region":"Northern Metropolitan","code":"22503"}},{"arcs":[[122,123,124,125,126,127,128,129,130,131]],"type":"Polygon","properties":{"seat":"Eureka","region":"Western Victoria","code":"22608"}},{"arcs":[[132,133,134,-35,135,136,137,-112]],"type":"Polygon","properties":{"seat":"Euroa","region":"Northern Victoria","code":"22704"}},{"arcs":[[138,-98,139,-108]],"type":"Polygon","properties":{"seat":"Evelyn","region":"Eastern Victoria","code":"22801"}},{"arcs":[[-119,140,-3,141,142,143]],"type":"Polygon","properties":{"seat":"Footscray","region":"Western Metropolitan","code":"22907"}},{"arcs":[[144,145,-86,146]],"type":"Polygon","properties":{"seat":"Frankston","region":"South-Eastern Metropolitan","code":"23005"}},{"arcs":[[147,-125,148,149,-27]],"type":"Polygon","properties":{"seat":"Geelong","region":"Western Victoria","code":"23108"}},{"arcs":[[[150,151,-114,152,-30,153]],[[154]]],"type":"MultiPolygon","properties":{"seat":"Gippsland East","region":"Eastern Victoria","code":"23201"}},{"arcs":[[[155,-18,156,157,158,-151]],[[159]],[[160]],[[161]],[[162]],[[163]],[[164]],[[165]],[[166]],[[167]],[[168]],[[169]],[[170]],[[171]],[[172]],[[173]],[[174]],[[175]],[[176]],[[177]],[[178]],[[179]],[[180]],[[181]],[[182]],[[183]],[[184]],[[185]],[[186]],[[187]],[[188]],[[189]],[[190]],[[191]],[[192]],[[193]],[[194]],[[195]],[[196]],[[197]],[[198]],[[199]],[[200]],[[201]],[[202]],[[203]],[[204]],[[205]],[[206]],[[207]]],"type":"MultiPolygon","properties":{"seat":"Gippsland South","region":"Eastern Victoria","code":"23301"}},{"arcs":[[-21,208,209,210,-7,-52,211]],"type":"Polygon","properties":{"seat":"Glen Waverley","region":"North-Eastern Metropolitan","code":"23402"}},{"arcs":[[212,213,214,-65]],"type":"Polygon","properties":{"seat":"Greenvale","region":"Northern Metropolitan","code":"23503"}},{"arcs":[[[215,216,-147,-85,-96,-13,217]],[[218]],[[219]],[[220]]],"type":"MultiPolygon","properties":{"seat":"Hastings","region":"Eastern Victoria","code":"23601"}},{"arcs":[[-53,-10,221,222,223]],"type":"Polygon","properties":{"seat":"Hawthorn","region":"Southern Metropolitan","code":"23706"}},{"arcs":[[-116,-72,224,225,226,-75]],"type":"Polygon","properties":{"seat":"Ivanhoe","region":"North-Eastern Metropolitan","code":"23802"}},{"arcs":[[-214,227,228,-134,229,230]],"type":"Polygon","properties":{"seat":"Kalkallo","region":"Northern Metropolitan","code":"23903"}},{"arcs":[[-71,-54,-224,231,232,-225]],"type":"Polygon","properties":{"seat":"Kew","region":"Southern Metropolitan","code":"24006"}},{"arcs":[[233,234,235,236,237]],"type":"Polygon","properties":{"seat":"Kororoit","region":"Western Metropolitan","code":"24107"}},{"arcs":[[-124,238,239,-149]],"type":"Polygon","properties":{"seat":"Lara","region":"Western Victoria","code":"24208"}},{"arcs":[[240,241,-235,242,243,-143,244]],"type":"Polygon","properties":{"seat":"Laverton","region":"Western Metropolitan","code":"24307"}},{"arcs":[[245,246,247,248,249]],"type":"Polygon","properties":{"seat":"Lowan","region":"Western Victoria","code":"24408"}},{"arcs":[[-131,250,-39,-36,-135,-229,251,252]],"type":"Polygon","properties":{"seat":"Macedon","region":"Northern Victoria","code":"24504"}},{"arcs":[[253,-222,-9,254,-90,255]],"type":"Polygon","properties":{"seat":"Malvern","region":"Southern Metropolitan","code":"24606"}},{"arcs":[[256,-4,-141,-122,-66,257]],"type":"Polygon","properties":{"seat":"Melbourne","region":"Northern Metropolitan","code":"24703"}},{"arcs":[[258,259,-237,260,261,-132,-253]],"type":"Polygon","properties":{"seat":"Melton","region":"Western Victoria","code":"24808"}},{"arcs":[[262,263,-250,264]],"type":"Polygon","properties":{"seat":"Mildura","region":"Northern Victoria","code":"24904"}},{"arcs":[[-78,265,266]],"type":"Polygon","properties":{"seat":"Mill Park","region":"North-Eastern Metropolitan","code":"25002"}},{"arcs":[[-107,267,268,-45,269,270,-24,-99,-139]],"type":"Polygon","properties":{"seat":"Monbulk","region":"Eastern Victoria","code":"25101"}},{"arcs":[[-103,-81,271,272,-92]],"type":"Polygon","properties":{"seat":"Mordialloc","region":"South-Eastern Metropolitan","code":"25205"}},{"arcs":[[-145,-217,273,274]],"type":"Polygon","properties":{"seat":"Mornington","region":"Eastern Victoria","code":"25301"}},{"arcs":[[275,-158]],"type":"Polygon","properties":{"seat":"Morwell","region":"Eastern Victoria","code":"25401"}},{"arcs":[[276,-104,-95,277,-210]],"type":"Polygon","properties":{"seat":"Mulgrave","region":"South-Eastern Metropolitan","code":"25505"}},{"arcs":[[-34,278,-263,279,280,-136]],"type":"Polygon","properties":{"seat":"Murray Plains","region":"Northern Victoria","code":"25604"}},{"arcs":[[-152,-159,-276,-157,-17,281,-268,-115]],"type":"Polygon","properties":{"seat":"Narracan","region":"Eastern Victoria","code":"25701"}},{"arcs":[[-270,-49,282,-106,283]],"type":"Polygon","properties":{"seat":"Narre Warren North","region":"South-Eastern Metropolitan","code":"25805"}},{"arcs":[[-48,-97,-83,-102,-283]],"type":"Polygon","properties":{"seat":"Narre Warren South","region":"South-Eastern Metropolitan","code":"25905"}},{"arcs":[[-274,-216,284]],"type":"Polygon","properties":{"seat":"Nepean","region":"Eastern Victoria","code":"26001"}},{"arcs":[[-144,-244,285,286,287,-63,-120]],"type":"Polygon","properties":{"seat":"Niddrie","region":"Western Metropolitan","code":"26107"}},{"arcs":[[-226,-233,288,-69,289,290]],"type":"Polygon","properties":{"seat":"Northcote","region":"Northern Metropolitan","code":"26203"}},{"arcs":[[-211,-278,-94,-44,-88,-255,-8]],"type":"Polygon","properties":{"seat":"Oakleigh","region":"Southern Metropolitan","code":"26306"}},{"arcs":[[-113,-138,291,292,-31,-153]],"type":"Polygon","properties":{"seat":"Ovens Valley","region":"Northern Victoria","code":"26404"}},{"arcs":[[-282,-16,-46,-269]],"type":"Polygon","properties":{"seat":"Pakenham","region":"Eastern Victoria","code":"26501"}},{"arcs":[[293,-290,-68,-121,-61]],"type":"Polygon","properties":{"seat":"Pascoe Vale","region":"Northern Metropolitan","code":"26603"}},{"arcs":[[294,295,-241,296,297]],"type":"Polygon","properties":{"seat":"Point Cook","region":"Western Metropolitan","code":"26707"}},{"arcs":[[298,-247,299,-127,300,301]],"type":"Polygon","properties":{"seat":"Polwarth","region":"Western Victoria","code":"26808"}},{"arcs":[[-5,-257,302,-256,-89]],"type":"Polygon","properties":{"seat":"Prahran","region":"Southern Metropolitan","code":"26906"}},{"arcs":[[-76,-227,-291,-294,-60,303]],"type":"Polygon","properties":{"seat":"Preston","region":"Northern Metropolitan","code":"27003"}},{"arcs":[[-254,-303,-258,-70,-289,-232,-223]],"type":"Polygon","properties":{"seat":"Richmond","region":"Northern Metropolitan","code":"27103"}},{"arcs":[[304,-100,-22,-212,-51]],"type":"Polygon","properties":{"seat":"Ringwood","region":"North-Eastern Metropolitan","code":"27202"}},{"arcs":[[-300,-246,-264,-279,-33,-38,-251,-130,305,-128]],"type":"Polygon","properties":{"seat":"Ripon","region":"Western Victoria","code":"27308"}},{"arcs":[[-284,-105,-277,-209,-25,-271]],"type":"Polygon","properties":{"seat":"Rowville","region":"South-Eastern Metropolitan","code":"27405"}},{"arcs":[[-41,-93,-273,306,-56]],"type":"Polygon","properties":{"seat":"Sandringham","region":"Southern Metropolitan","code":"27506"}},{"arcs":[[-281,307,-292,-137]],"type":"Polygon","properties":{"seat":"Shepparton","region":"Northern Victoria","code":"27604"}},{"arcs":[[308,-301,-126,-148,-26]],"type":"Polygon","properties":{"seat":"South Barwon","region":"Western Victoria","code":"27708"}},{"arcs":[[[309,-248,-299,310]],[[311]]],"type":"MultiPolygon","properties":{"seat":"South-West Coast","region":"Western Victoria","code":"27808"}},{"arcs":[[-243,-234,312,-286]],"type":"Polygon","properties":{"seat":"St Albans","region":"Western Metropolitan","code":"27907"}},{"arcs":[[-252,-228,-213,-64,-288,313,-259]],"type":"Polygon","properties":{"seat":"Sunbury","region":"Western Metropolitan","code":"28007"}},{"arcs":[[-260,-314,-287,-313,-238]],"type":"Polygon","properties":{"seat":"Sydenham","region":"Western Metropolitan","code":"28107"}},{"arcs":[[-242,-296,314,-261,-236]],"type":"Polygon","properties":{"seat":"Tarneit","region":"Western Metropolitan","code":"28207"}},{"arcs":[[-266,-77,-304,-59,-215,-231,315]],"type":"Polygon","properties":{"seat":"Thomastown","region":"Northern Metropolitan","code":"28303"}},{"arcs":[[-140,-101,-305,-50,-74,-118,-109]],"type":"Polygon","properties":{"seat":"Warrandyte","region":"North-Eastern Metropolitan","code":"28402"}},{"arcs":[[-129,-306]],"type":"Polygon","properties":{"seat":"Wendouree","region":"Western Victoria","code":"28508"}},{"arcs":[[-239,-123,-262,-315,-295,316]],"type":"Polygon","properties":{"seat":"Werribee","region":"Western Metropolitan","code":"28607"}},{"arcs":[[-2,317,-297,-245,-142]],"type":"Polygon","properties":{"seat":"Williamstown","region":"Western Metropolitan","code":"28707"}},{"arcs":[[-133,-111,-117,-79,-267,-316,-230]],"type":"Polygon","properties":{"seat":"Yan Yean","region":"Northern Victoria","code":"28804"}}]}}}